kind,group,net,layer,x1,y1,x2,y2,w,d,h,conn
TRACK,BATCH_C_OK.csv|R0:Vb_1,Vb_1,Bottom Layer,23.375,14.325,23.875,14.325,0.2,,,"Vb_1|Pad RDD2-1(24mm,15mm) on L1 TOP|Pad R_DRL_VB1-1(24.175mm,14.086mm) on L6 BOTTOM"
VIA,BATCH_C_OK.csv|R0:Vb_1,Vb_1,Multi Layer,23.375,14.325,,,,0.6,0.3,"Vb_1|Pad RDD2-1(24mm,15mm) on L1 TOP|Pad R_DRL_VB1-1(24.175mm,14.086mm) on L6 BOTTOM"
TRACK,BATCH_C_OK.csv|R16:Vc_3,Vc_3,Bottom Layer,45.475,13.975,45.675,13.975,0.15,,,"Vc_3|Pad R_DRL_VC3-1(45.175mm,14.4mm) on L6 BOTTOM|Pad RDD9-1(45.588mm,18.6mm) on L1 TOP"
TRACK,BATCH_C_OK.csv|R16:Vc_3,Vc_3,Bottom Layer,45.675,13.975,46.075,13.575,0.15,,,"Vc_3|Pad R_DRL_VC3-1(45.175mm,14.4mm) on L6 BOTTOM|Pad RDD9-1(45.588mm,18.6mm) on L1 TOP"
TRACK,BATCH_C_OK.csv|R16:Vc_3,Vc_3,Bottom Layer,46.075,13.575,47.125,13.575,0.15,,,"Vc_3|Pad R_DRL_VC3-1(45.175mm,14.4mm) on L6 BOTTOM|Pad RDD9-1(45.588mm,18.6mm) on L1 TOP"
TRACK,BATCH_C_OK.csv|R16:Vc_3,Vc_3,Bottom Layer,47.125,13.575,47.575,14.025,0.15,,,"Vc_3|Pad R_DRL_VC3-1(45.175mm,14.4mm) on L6 BOTTOM|Pad RDD9-1(45.588mm,18.6mm) on L1 TOP"
TRACK,BATCH_C_OK.csv|R16:Vc_3,Vc_3,Mid Layer 2,47.575,14.025,47.575,16.275,0.15,,,"Vc_3|Pad R_DRL_VC3-1(45.175mm,14.4mm) on L6 BOTTOM|Pad RDD9-1(45.588mm,18.6mm) on L1 TOP"
TRACK,BATCH_C_OK.csv|R16:Vc_3,Vc_3,Mid Layer 2,47.575,16.275,44.725,19.125,0.15,,,"Vc_3|Pad R_DRL_VC3-1(45.175mm,14.4mm) on L6 BOTTOM|Pad RDD9-1(45.588mm,18.6mm) on L1 TOP"
TRACK,BATCH_C_OK.csv|R16:Vc_3,Vc_3,Top Layer,44.725,19.125,44.975,19.125,0.15,,,"Vc_3|Pad R_DRL_VC3-1(45.175mm,14.4mm) on L6 BOTTOM|Pad RDD9-1(45.588mm,18.6mm) on L1 TOP"
TRACK,BATCH_C_OK.csv|R16:Vc_3,Vc_3,Top Layer,44.975,19.125,45.375,18.725,0.15,,,"Vc_3|Pad R_DRL_VC3-1(45.175mm,14.4mm) on L6 BOTTOM|Pad RDD9-1(45.588mm,18.6mm) on L1 TOP"
VIA,BATCH_C_OK.csv|R16:Vc_3,Vc_3,Multi Layer,47.575,14.025,,,,0.6,0.3,"Vc_3|Pad R_DRL_VC3-1(45.175mm,14.4mm) on L6 BOTTOM|Pad RDD9-1(45.588mm,18.6mm) on L1 TOP"
VIA,BATCH_C_OK.csv|R16:Vc_3,Vc_3,Multi Layer,44.725,19.125,,,,0.6,0.3,"Vc_3|Pad R_DRL_VC3-1(45.175mm,14.4mm) on L6 BOTTOM|Pad RDD9-1(45.588mm,18.6mm) on L1 TOP"
TRACK,BATCH_C_OK.csv|R17:Vc_2,Vc_2,Bottom Layer,33.875,14.825,33.875,16.925,0.2,,,"Vc_2|Pad R_DRL_VC2-1(34.175mm,14.4mm) on L6 BOTTOM|Pad RDD6-1(34.788mm,18.6mm) on L1 TOP"
TRACK,BATCH_C_OK.csv|R17:Vc_2,Vc_2,Top Layer,33.875,16.925,33.875,17.625,0.2,,,"Vc_2|Pad R_DRL_VC2-1(34.175mm,14.4mm) on L6 BOTTOM|Pad RDD6-1(34.788mm,18.6mm) on L1 TOP"
TRACK,BATCH_C_OK.csv|R17:Vc_2,Vc_2,Top Layer,33.875,17.625,34.625,18.375,0.2,,,"Vc_2|Pad R_DRL_VC2-1(34.175mm,14.4mm) on L6 BOTTOM|Pad RDD6-1(34.788mm,18.6mm) on L1 TOP"
VIA,BATCH_C_OK.csv|R17:Vc_2,Vc_2,Multi Layer,33.875,16.925,,,,0.6,0.3,"Vc_2|Pad R_DRL_VC2-1(34.175mm,14.4mm) on L6 BOTTOM|Pad RDD6-1(34.788mm,18.6mm) on L1 TOP"
TRACK,BATCH_C_OK.csv|R18:Vc_4,Vc_4,Bottom Layer,55.475,14.825,55.475,16.925,0.2,,,"Vc_4|Pad R_DRL_VC4-1(55.775mm,14.4mm) on L6 BOTTOM|Pad RDD12-1(56.388mm,18.6mm) on L1 TOP"
TRACK,BATCH_C_OK.csv|R18:Vc_4,Vc_4,Top Layer,55.475,16.925,55.475,17.625,0.2,,,"Vc_4|Pad R_DRL_VC4-1(55.775mm,14.4mm) on L6 BOTTOM|Pad RDD12-1(56.388mm,18.6mm) on L1 TOP"
TRACK,BATCH_C_OK.csv|R18:Vc_4,Vc_4,Top Layer,55.475,17.625,56.225,18.375,0.2,,,"Vc_4|Pad R_DRL_VC4-1(55.775mm,14.4mm) on L6 BOTTOM|Pad RDD12-1(56.388mm,18.6mm) on L1 TOP"
VIA,BATCH_C_OK.csv|R18:Vc_4,Vc_4,Multi Layer,55.475,16.925,,,,0.6,0.3,"Vc_4|Pad R_DRL_VC4-1(55.775mm,14.4mm) on L6 BOTTOM|Pad RDD12-1(56.388mm,18.6mm) on L1 TOP"
TRACK,BATCH_C_OK.csv|R28:Va_2,Va_2,Bottom Layer,34.475,11.425,34.475,11.675,0.15,,,"Va_2|Pad R_DRL_VA2-1(34.175mm,11mm) on L6 BOTTOM|Pad RDD4-1(34.788mm,16.8mm) on L1 TOP"
TRACK,BATCH_C_OK.csv|R28:Va_2,Va_2,Bottom Layer,34.475,11.675,34.875,12.075,0.15,,,"Va_2|Pad R_DRL_VA2-1(34.175mm,11mm) on L6 BOTTOM|Pad RDD4-1(34.788mm,16.8mm) on L1 TOP"
TRACK,BATCH_C_OK.csv|R28:Va_2,Va_2,Bottom Layer,34.875,12.075,34.875,15.725,0.15,,,"Va_2|Pad R_DRL_VA2-1(34.175mm,11mm) on L6 BOTTOM|Pad RDD4-1(34.788mm,16.8mm) on L1 TOP"
TRACK,BATCH_C_OK.csv|R28:Va_2,Va_2,Bottom Layer,34.875,15.725,34.625,15.975,0.15,,,"Va_2|Pad R_DRL_VA2-1(34.175mm,11mm) on L6 BOTTOM|Pad RDD4-1(34.788mm,16.8mm) on L1 TOP"
TRACK,BATCH_C_OK.csv|R28:Va_2,Va_2,Top Layer,34.625,15.975,34.025,15.975,0.15,,,"Va_2|Pad R_DRL_VA2-1(34.175mm,11mm) on L6 BOTTOM|Pad RDD4-1(34.788mm,16.8mm) on L1 TOP"
VIA,BATCH_C_OK.csv|R28:Va_2,Va_2,Multi Layer,34.625,15.975,,,,0.6,0.3,"Va_2|Pad R_DRL_VA2-1(34.175mm,11mm) on L6 BOTTOM|Pad RDD4-1(34.788mm,16.8mm) on L1 TOP"
TRACK,BATCH_C_OK.csv|R30:Va_4,Va_4,Bottom Layer,56.075,11.425,56.075,11.675,0.15,,,"Va_4|Pad R_DRL_VA4-1(55.775mm,11mm) on L6 BOTTOM|Pad RDD10-1(56.388mm,16.8mm) on L1 TOP"
TRACK,BATCH_C_OK.csv|R30:Va_4,Va_4,Bottom Layer,56.075,11.675,56.475,12.075,0.15,,,"Va_4|Pad R_DRL_VA4-1(55.775mm,11mm) on L6 BOTTOM|Pad RDD10-1(56.388mm,16.8mm) on L1 TOP"
TRACK,BATCH_C_OK.csv|R30:Va_4,Va_4,Bottom Layer,56.475,12.075,56.475,15.725,0.15,,,"Va_4|Pad R_DRL_VA4-1(55.775mm,11mm) on L6 BOTTOM|Pad RDD10-1(56.388mm,16.8mm) on L1 TOP"
TRACK,BATCH_C_OK.csv|R30:Va_4,Va_4,Bottom Layer,56.475,15.725,56.225,15.975,0.15,,,"Va_4|Pad R_DRL_VA4-1(55.775mm,11mm) on L6 BOTTOM|Pad RDD10-1(56.388mm,16.8mm) on L1 TOP"
TRACK,BATCH_C_OK.csv|R30:Va_4,Va_4,Top Layer,56.225,15.975,55.625,15.975,0.15,,,"Va_4|Pad R_DRL_VA4-1(55.775mm,11mm) on L6 BOTTOM|Pad RDD10-1(56.388mm,16.8mm) on L1 TOP"
VIA,BATCH_C_OK.csv|R30:Va_4,Va_4,Multi Layer,56.225,15.975,,,,0.6,0.3,"Va_4|Pad R_DRL_VA4-1(55.775mm,11mm) on L6 BOTTOM|Pad RDD10-1(56.388mm,16.8mm) on L1 TOP"
TRACK,BATCH_C_OK.csv|R31:Va_1,Va_1,Top Layer,22.175,14.925,22.175,14.625,0.2,,,"Va_1|Pad RDD1-1(23.988mm,16.8mm) on L1 TOP|Pad R_DRL_VA1-1(24.255mm,10.855mm) on L6 BOTTOM"
TRACK,BATCH_C_OK.csv|R31:Va_1,Va_1,Mid Layer 2,22.175,14.625,22.625,14.175,0.2,,,"Va_1|Pad RDD1-1(23.988mm,16.8mm) on L1 TOP|Pad R_DRL_VA1-1(24.255mm,10.855mm) on L6 BOTTOM"
TRACK,BATCH_C_OK.csv|R31:Va_1,Va_1,Mid Layer 2,22.625,14.175,22.625,12.325,0.2,,,"Va_1|Pad RDD1-1(23.988mm,16.8mm) on L1 TOP|Pad R_DRL_VA1-1(24.255mm,10.855mm) on L6 BOTTOM"
TRACK,BATCH_C_OK.csv|R31:Va_1,Va_1,Mid Layer 2,22.625,12.325,23.425,11.525,0.2,,,"Va_1|Pad RDD1-1(23.988mm,16.8mm) on L1 TOP|Pad R_DRL_VA1-1(24.255mm,10.855mm) on L6 BOTTOM"
TRACK,BATCH_C_OK.csv|R31:Va_1,Va_1,Bottom Layer,23.425,11.525,23.825,11.125,0.2,,,"Va_1|Pad RDD1-1(23.988mm,16.8mm) on L1 TOP|Pad R_DRL_VA1-1(24.255mm,10.855mm) on L6 BOTTOM"
VIA,BATCH_C_OK.csv|R31:Va_1,Va_1,Multi Layer,22.175,14.625,,,,0.6,0.3,"Va_1|Pad RDD1-1(23.988mm,16.8mm) on L1 TOP|Pad R_DRL_VA1-1(24.255mm,10.855mm) on L6 BOTTOM"
VIA,BATCH_C_OK.csv|R31:Va_1,Va_1,Multi Layer,23.425,11.525,,,,0.6,0.3,"Va_1|Pad RDD1-1(23.988mm,16.8mm) on L1 TOP|Pad R_DRL_VA1-1(24.255mm,10.855mm) on L6 BOTTOM"
TRACK,BATCH_C_OK.csv|R39:NetJ_REF_1,NetJ_REF_1,Mid Layer 2,14.675,12.925,14.675,13.278,0.15,,,"NetJ_REF_1|Pad J_REF-2(14.47mm,12.2mm) on Multi-Layer|Pad R_DRL_SEL-2(22.142mm,13.558mm) on L6 BOTTOM"
TRACK,BATCH_C_OK.csv|R39:NetJ_REF_1,NetJ_REF_1,Mid Layer 2,14.675,13.278,14.675,13.425,0.15,,,"NetJ_REF_1|Pad J_REF-2(14.47mm,12.2mm) on Multi-Layer|Pad R_DRL_SEL-2(22.142mm,13.558mm) on L6 BOTTOM"
TRACK,BATCH_C_OK.csv|R39:NetJ_REF_1,NetJ_REF_1,Mid Layer 2,14.675,13.425,15.075,13.825,0.15,,,"NetJ_REF_1|Pad J_REF-2(14.47mm,12.2mm) on Multi-Layer|Pad R_DRL_SEL-2(22.142mm,13.558mm) on L6 BOTTOM"
TRACK,BATCH_C_OK.csv|R39:NetJ_REF_1,NetJ_REF_1,Mid Layer 2,15.075,13.825,15.1058,13.825,0.15,,,"NetJ_REF_1|Pad J_REF-2(14.47mm,12.2mm) on Multi-Layer|Pad R_DRL_SEL-2(22.142mm,13.558mm) on L6 BOTTOM"
TRACK,BATCH_C_OK.csv|R39:NetJ_REF_1,NetJ_REF_1,Mid Layer 2,15.1058,13.825,17.95,13.825,0.15,,,"NetJ_REF_1|Pad J_REF-2(14.47mm,12.2mm) on Multi-Layer|Pad R_DRL_SEL-2(22.142mm,13.558mm) on L6 BOTTOM"
TRACK,BATCH_C_OK.csv|R39:NetJ_REF_1,NetJ_REF_1,Mid Layer 2,17.95,13.825,20.525,13.825,0.15,,,"NetJ_REF_1|Pad J_REF-2(14.47mm,12.2mm) on Multi-Layer|Pad R_DRL_SEL-2(22.142mm,13.558mm) on L6 BOTTOM"
TRACK,BATCH_C_OK.csv|R39:NetJ_REF_1,NetJ_REF_1,Mid Layer 2,20.525,13.825,21.175,13.175,0.15,,,"NetJ_REF_1|Pad J_REF-2(14.47mm,12.2mm) on Multi-Layer|Pad R_DRL_SEL-2(22.142mm,13.558mm) on L6 BOTTOM"
TRACK,BATCH_C_OK.csv|R39:NetJ_REF_1,NetJ_REF_1,Mid Layer 2,21.175,13.175,21.525,13.175,0.15,,,"NetJ_REF_1|Pad J_REF-2(14.47mm,12.2mm) on Multi-Layer|Pad R_DRL_SEL-2(22.142mm,13.558mm) on L6 BOTTOM"
TRACK,BATCH_C_OK.csv|R39:NetJ_REF_1,NetJ_REF_1,Mid Layer 2,21.525,13.175,22.075,12.625,0.15,,,"NetJ_REF_1|Pad J_REF-2(14.47mm,12.2mm) on Multi-Layer|Pad R_DRL_SEL-2(22.142mm,13.558mm) on L6 BOTTOM"
TRACK,BATCH_C_OK.csv|R39:NetJ_REF_1,NetJ_REF_1,Mid Layer 2,22.075,12.625,22.075,11.825,0.15,,,"NetJ_REF_1|Pad J_REF-2(14.47mm,12.2mm) on Multi-Layer|Pad R_DRL_SEL-2(22.142mm,13.558mm) on L6 BOTTOM"
TRACK,BATCH_C_OK.csv|R39:NetJ_REF_1,NetJ_REF_1,Mid Layer 2,22.075,11.825,23.025,10.875,0.15,,,"NetJ_REF_1|Pad J_REF-2(14.47mm,12.2mm) on Multi-Layer|Pad R_DRL_SEL-2(22.142mm,13.558mm) on L6 BOTTOM"
TRACK,BATCH_C_OK.csv|R39:NetJ_REF_1,NetJ_REF_1,Mid Layer 2,23.025,10.875,23.775,10.875,0.15,,,"NetJ_REF_1|Pad J_REF-2(14.47mm,12.2mm) on Multi-Layer|Pad R_DRL_SEL-2(22.142mm,13.558mm) on L6 BOTTOM"
TRACK,BATCH_C_OK.csv|R39:NetJ_REF_1,NetJ_REF_1,Mid Layer 2,23.775,10.875,24.125,11.225,0.15,,,"NetJ_REF_1|Pad J_REF-2(14.47mm,12.2mm) on Multi-Layer|Pad R_DRL_SEL-2(22.142mm,13.558mm) on L6 BOTTOM"
TRACK,BATCH_C_OK.csv|R39:NetJ_REF_1,NetJ_REF_1,Mid Layer 2,24.125,11.225,24.125,12.325,0.15,,,"NetJ_REF_1|Pad J_REF-2(14.47mm,12.2mm) on Multi-Layer|Pad R_DRL_SEL-2(22.142mm,13.558mm) on L6 BOTTOM"
TRACK,BATCH_C_OK.csv|R39:NetJ_REF_1,NetJ_REF_1,Mid Layer 2,24.125,12.325,23.375,13.075,0.15,,,"NetJ_REF_1|Pad J_REF-2(14.47mm,12.2mm) on Multi-Layer|Pad R_DRL_SEL-2(22.142mm,13.558mm) on L6 BOTTOM"
TRACK,BATCH_C_OK.csv|R39:NetJ_REF_1,NetJ_REF_1,Bottom Layer,23.375,13.075,22.725,13.075,0.15,,,"NetJ_REF_1|Pad J_REF-2(14.47mm,12.2mm) on Multi-Layer|Pad R_DRL_SEL-2(22.142mm,13.558mm) on L6 BOTTOM"
TRACK,BATCH_C_OK.csv|R39:NetJ_REF_1,NetJ_REF_1,Bottom Layer,22.725,13.075,22.525,13.275,0.15,,,"NetJ_REF_1|Pad J_REF-2(14.47mm,12.2mm) on Multi-Layer|Pad R_DRL_SEL-2(22.142mm,13.558mm) on L6 BOTTOM"
VIA,BATCH_C_OK.csv|R39:NetJ_REF_1,NetJ_REF_1,Multi Layer,23.375,13.075,,,,0.45,0.2,"NetJ_REF_1|Pad J_REF-2(14.47mm,12.2mm) on Multi-Layer|Pad R_DRL_SEL-2(22.142mm,13.558mm) on L6 BOTTOM"
TRACK,BATCH_C_OK.csv|R57:DRL_AMP_OUT,DRL_AMP_OUT,Mid Layer 2,15.375,15.775,15.125,15.525,0.2,,,"DRL_AMP_OUT|Track (13.45mm,16.35mm)(13.675mm,16.125mm) on L6 BOTTOM|Track (13.725mm,13.425mm)(13.775mm,13.475mm) on L6 BOTTOM"
TRACK,BATCH_C_OK.csv|R57:DRL_AMP_OUT,DRL_AMP_OUT,Mid Layer 2,15.125,15.525,15.125,14.725,0.2,,,"DRL_AMP_OUT|Track (13.45mm,16.35mm)(13.675mm,16.125mm) on L6 BOTTOM|Track (13.725mm,13.425mm)(13.775mm,13.475mm) on L6 BOTTOM"
TRACK,BATCH_C_OK.csv|R57:DRL_AMP_OUT,DRL_AMP_OUT,Mid Layer 2,15.125,14.725,15.1058,14.7058,0.2,,,"DRL_AMP_OUT|Track (13.45mm,16.35mm)(13.675mm,16.125mm) on L6 BOTTOM|Track (13.725mm,13.425mm)(13.775mm,13.475mm) on L6 BOTTOM"
TRACK,BATCH_C_OK.csv|R57:DRL_AMP_OUT,DRL_AMP_OUT,Mid Layer 2,15.1058,14.7058,13.678,13.278,0.2,,,"DRL_AMP_OUT|Track (13.45mm,16.35mm)(13.675mm,16.125mm) on L6 BOTTOM|Track (13.725mm,13.425mm)(13.775mm,13.475mm) on L6 BOTTOM"
TRACK,BATCH_C_OK.csv|R57:DRL_AMP_OUT,DRL_AMP_OUT,Mid Layer 2,13.678,13.278,13.45,13.05,0.2,,,"DRL_AMP_OUT|Track (13.45mm,16.35mm)(13.675mm,16.125mm) on L6 BOTTOM|Track (13.725mm,13.425mm)(13.775mm,13.475mm) on L6 BOTTOM"
TRACK,BATCH_C_OK.csv|R57:DRL_AMP_OUT,DRL_AMP_OUT,Mid Layer 2,13.45,13.05,13.225,12.825,0.2,,,"DRL_AMP_OUT|Track (13.45mm,16.35mm)(13.675mm,16.125mm) on L6 BOTTOM|Track (13.725mm,13.425mm)(13.775mm,13.475mm) on L6 BOTTOM"
TRACK,BATCH_C_OK.csv|R57:DRL_AMP_OUT,DRL_AMP_OUT,Mid Layer 2,13.225,12.825,13.225,11.725,0.2,,,"DRL_AMP_OUT|Track (13.45mm,16.35mm)(13.675mm,16.125mm) on L6 BOTTOM|Track (13.725mm,13.425mm)(13.775mm,13.475mm) on L6 BOTTOM"
TRACK,BATCH_C_OK.csv|R67:DRL_SUM,DRL_SUM,Mid Layer 2,34.175,17.675,35.525,16.325,0.15,,,"DRL_SUM|Pad R_DRL_VB1-2(25.625mm,14.086mm) on L6 BOTTOM|Pad R_DRL_VC2-2(35.625mm,14.4mm) on L6 BOTTOM"
TRACK,BATCH_C_OK.csv|R67:DRL_SUM,DRL_SUM,Mid Layer 2,35.525,16.325,35.525,13.625,0.15,,,"DRL_SUM|Pad R_DRL_VB1-2(25.625mm,14.086mm) on L6 BOTTOM|Pad R_DRL_VC2-2(35.625mm,14.4mm) on L6 BOTTOM"
VIA,BATCH_C_OK.csv|R67:DRL_SUM,DRL_SUM,Multi Layer,35.525,13.625,,,,0.45,0.2,"DRL_SUM|Pad R_DRL_VB1-2(25.625mm,14.086mm) on L6 BOTTOM|Pad R_DRL_VC2-2(35.625mm,14.4mm) on L6 BOTTOM"
TRACK,BATCH_C_OK.csv|R68:DRL_SUM,DRL_SUM,Bottom Layer,50.775,14.625,52.725,14.625,0.2,,,"DRL_SUM|Pad R_DRL_VC3-2(46.625mm,14.4mm) on L6 BOTTOM|Pad R_DRL_VC4-2(57.225mm,14.4mm) on L6 BOTTOM"
TRACK,BATCH_C_OK.csv|R68:DRL_SUM,DRL_SUM,Bottom Layer,52.725,14.625,52.975,14.875,0.2,,,"DRL_SUM|Pad R_DRL_VC3-2(46.625mm,14.4mm) on L6 BOTTOM|Pad R_DRL_VC4-2(57.225mm,14.4mm) on L6 BOTTOM"
TRACK,BATCH_C_OK.csv|R68:DRL_SUM,DRL_SUM,Bottom Layer,52.975,14.875,53.025,14.875,0.2,,,"DRL_SUM|Pad R_DRL_VC3-2(46.625mm,14.4mm) on L6 BOTTOM|Pad R_DRL_VC4-2(57.225mm,14.4mm) on L6 BOTTOM"
TRACK,BATCH_C_OK.csv|R68:DRL_SUM,DRL_SUM,Bottom Layer,53.025,14.875,53.075,14.925,0.2,,,"DRL_SUM|Pad R_DRL_VC3-2(46.625mm,14.4mm) on L6 BOTTOM|Pad R_DRL_VC4-2(57.225mm,14.4mm) on L6 BOTTOM"
TRACK,BATCH_C_OK.csv|R68:DRL_SUM,DRL_SUM,Bottom Layer,53.075,14.925,53.175,14.925,0.2,,,"DRL_SUM|Pad R_DRL_VC3-2(46.625mm,14.4mm) on L6 BOTTOM|Pad R_DRL_VC4-2(57.225mm,14.4mm) on L6 BOTTOM"
TRACK,BATCH_C_OK.csv|R68:DRL_SUM,DRL_SUM,Bottom Layer,53.175,14.925,53.175,14.975,0.2,,,"DRL_SUM|Pad R_DRL_VC3-2(46.625mm,14.4mm) on L6 BOTTOM|Pad R_DRL_VC4-2(57.225mm,14.4mm) on L6 BOTTOM"
TRACK,BATCH_C_OK.csv|R68:DRL_SUM,DRL_SUM,Bottom Layer,53.175,14.975,53.225,14.975,0.2,,,"DRL_SUM|Pad R_DRL_VC3-2(46.625mm,14.4mm) on L6 BOTTOM|Pad R_DRL_VC4-2(57.225mm,14.4mm) on L6 BOTTOM"
TRACK,BATCH_C_OK.csv|R68:DRL_SUM,DRL_SUM,Bottom Layer,53.225,14.975,53.775,15.525,0.2,,,"DRL_SUM|Pad R_DRL_VC3-2(46.625mm,14.4mm) on L6 BOTTOM|Pad R_DRL_VC4-2(57.225mm,14.4mm) on L6 BOTTOM"
TRACK,BATCH_C_OK.csv|R68:DRL_SUM,DRL_SUM,Bottom Layer,53.775,15.525,54.025,15.525,0.2,,,"DRL_SUM|Pad R_DRL_VC3-2(46.625mm,14.4mm) on L6 BOTTOM|Pad R_DRL_VC4-2(57.225mm,14.4mm) on L6 BOTTOM"
TRACK,BATCH_C_OK.csv|R68:DRL_SUM,DRL_SUM,Bottom Layer,54.025,15.525,54.725,16.225,0.2,,,"DRL_SUM|Pad R_DRL_VC3-2(46.625mm,14.4mm) on L6 BOTTOM|Pad R_DRL_VC4-2(57.225mm,14.4mm) on L6 BOTTOM"
TRACK,BATCH_C_OK.csv|R68:DRL_SUM,DRL_SUM,Bottom Layer,54.725,16.225,54.725,17.325,0.2,,,"DRL_SUM|Pad R_DRL_VC3-2(46.625mm,14.4mm) on L6 BOTTOM|Pad R_DRL_VC4-2(57.225mm,14.4mm) on L6 BOTTOM"
TRACK,BATCH_C_OK.csv|R68:DRL_SUM,DRL_SUM,Bottom Layer,54.725,17.325,55.125,17.725,0.2,,,"DRL_SUM|Pad R_DRL_VC3-2(46.625mm,14.4mm) on L6 BOTTOM|Pad R_DRL_VC4-2(57.225mm,14.4mm) on L6 BOTTOM"
TRACK,BATCH_C_OK.csv|R68:DRL_SUM,DRL_SUM,Bottom Layer,55.125,17.725,55.775,17.725,0.2,,,"DRL_SUM|Pad R_DRL_VC3-2(46.625mm,14.4mm) on L6 BOTTOM|Pad R_DRL_VC4-2(57.225mm,14.4mm) on L6 BOTTOM"
TRACK,BATCH_C_OK.csv|R68:DRL_SUM,DRL_SUM,Bottom Layer,55.775,17.725,56.975,16.525,0.2,,,"DRL_SUM|Pad R_DRL_VC3-2(46.625mm,14.4mm) on L6 BOTTOM|Pad R_DRL_VC4-2(57.225mm,14.4mm) on L6 BOTTOM"
TRACK,BATCH_C_OK.csv|R68:DRL_SUM,DRL_SUM,Bottom Layer,56.975,16.525,56.975,14.825,0.2,,,"DRL_SUM|Pad R_DRL_VC3-2(46.625mm,14.4mm) on L6 BOTTOM|Pad R_DRL_VC4-2(57.225mm,14.4mm) on L6 BOTTOM"
TRACK,BATCH_C_OK.csv|R70:DRL_SUM,DRL_SUM,Mid Layer 2,34.225,17.725,36.475,19.975,0.15,,,"DRL_SUM|Pad R_DRL_VA2-2(35.625mm,11mm) on L6 BOTTOM|Pad R_DRL_VA3-2(46.425mm,11mm) on L6 BOTTOM"
TRACK,BATCH_C_OK.csv|R70:DRL_SUM,DRL_SUM,Mid Layer 2,36.475,19.975,36.475,22.625,0.15,,,"DRL_SUM|Pad R_DRL_VA2-2(35.625mm,11mm) on L6 BOTTOM|Pad R_DRL_VA3-2(46.425mm,11mm) on L6 BOTTOM"
TRACK,BATCH_C_OK.csv|R70:DRL_SUM,DRL_SUM,Mid Layer 2,36.475,22.625,38.525,24.675,0.15,,,"DRL_SUM|Pad R_DRL_VA2-2(35.625mm,11mm) on L6 BOTTOM|Pad R_DRL_VA3-2(46.425mm,11mm) on L6 BOTTOM"
TRACK,BATCH_C_OK.csv|R70:DRL_SUM,DRL_SUM,Top Layer,38.525,24.675,39.725,24.675,0.15,,,"DRL_SUM|Pad R_DRL_VA2-2(35.625mm,11mm) on L6 BOTTOM|Pad R_DRL_VA3-2(46.425mm,11mm) on L6 BOTTOM"
TRACK,BATCH_C_OK.csv|R70:DRL_SUM,DRL_SUM,Top Layer,39.725,24.675,39.775,24.725,0.15,,,"DRL_SUM|Pad R_DRL_VA2-2(35.625mm,11mm) on L6 BOTTOM|Pad R_DRL_VA3-2(46.425mm,11mm) on L6 BOTTOM"
TRACK,BATCH_C_OK.csv|R70:DRL_SUM,DRL_SUM,Top Layer,39.775,24.725,41.375,24.725,0.15,,,"DRL_SUM|Pad R_DRL_VA2-2(35.625mm,11mm) on L6 BOTTOM|Pad R_DRL_VA3-2(46.425mm,11mm) on L6 BOTTOM"
TRACK,BATCH_C_OK.csv|R70:DRL_SUM,DRL_SUM,Top Layer,41.375,24.725,44.575,21.525,0.15,,,"DRL_SUM|Pad R_DRL_VA2-2(35.625mm,11mm) on L6 BOTTOM|Pad R_DRL_VA3-2(46.425mm,11mm) on L6 BOTTOM"
TRACK,BATCH_C_OK.csv|R70:DRL_SUM,DRL_SUM,Mid Layer 2,44.575,21.525,45.875,20.225,0.15,,,"DRL_SUM|Pad R_DRL_VA2-2(35.625mm,11mm) on L6 BOTTOM|Pad R_DRL_VA3-2(46.425mm,11mm) on L6 BOTTOM"
TRACK,BATCH_C_OK.csv|R70:DRL_SUM,DRL_SUM,Mid Layer 2,45.875,20.225,45.975,20.225,0.15,,,"DRL_SUM|Pad R_DRL_VA2-2(35.625mm,11mm) on L6 BOTTOM|Pad R_DRL_VA3-2(46.425mm,11mm) on L6 BOTTOM"
TRACK,BATCH_C_OK.csv|R70:DRL_SUM,DRL_SUM,Mid Layer 2,45.975,20.225,48.375,17.825,0.15,,,"DRL_SUM|Pad R_DRL_VA2-2(35.625mm,11mm) on L6 BOTTOM|Pad R_DRL_VA3-2(46.425mm,11mm) on L6 BOTTOM"
TRACK,BATCH_C_OK.csv|R70:DRL_SUM,DRL_SUM,Mid Layer 2,48.375,17.825,48.375,14.975,0.15,,,"DRL_SUM|Pad R_DRL_VA2-2(35.625mm,11mm) on L6 BOTTOM|Pad R_DRL_VA3-2(46.425mm,11mm) on L6 BOTTOM"
VIA,BATCH_C_OK.csv|R70:DRL_SUM,DRL_SUM,Multi Layer,38.525,24.675,,,,0.45,0.2,"DRL_SUM|Pad R_DRL_VA2-2(35.625mm,11mm) on L6 BOTTOM|Pad R_DRL_VA3-2(46.425mm,11mm) on L6 BOTTOM"
VIA,BATCH_C_OK.csv|R70:DRL_SUM,DRL_SUM,Multi Layer,44.575,21.525,,,,0.45,0.2,"DRL_SUM|Pad R_DRL_VA2-2(35.625mm,11mm) on L6 BOTTOM|Pad R_DRL_VA3-2(46.425mm,11mm) on L6 BOTTOM"
VIA,BATCH_C_OK.csv|R70:DRL_SUM,DRL_SUM,Multi Layer,48.375,14.975,,,,0.45,0.2,"DRL_SUM|Pad R_DRL_VA2-2(35.625mm,11mm) on L6 BOTTOM|Pad R_DRL_VA3-2(46.425mm,11mm) on L6 BOTTOM"
TRACK,BATCH_C_OK.csv|R8:Vc_1,Vc_1,Top Layer,23.775,18.825,23.425,19.175,0.15,,,"Vc_1|Pad RDD3-1(23.988mm,18.6mm) on L1 TOP|Pad R_DRL_VC1-1(25.55mm,16.187mm) on L6 BOTTOM"
TRACK,BATCH_C_OK.csv|R8:Vc_1,Vc_1,Top Layer,23.425,19.175,23.425,19.375,0.15,,,"Vc_1|Pad RDD3-1(23.988mm,18.6mm) on L1 TOP|Pad R_DRL_VC1-1(25.55mm,16.187mm) on L6 BOTTOM"
TRACK,BATCH_C_OK.csv|R8:Vc_1,Vc_1,Top Layer,23.425,19.375,23.375,19.375,0.15,,,"Vc_1|Pad RDD3-1(23.988mm,18.6mm) on L1 TOP|Pad R_DRL_VC1-1(25.55mm,16.187mm) on L6 BOTTOM"
TRACK,BATCH_C_OK.csv|R8:Vc_1,Vc_1,Top Layer,23.375,19.375,23.375,19.675,0.15,,,"Vc_1|Pad RDD3-1(23.988mm,18.6mm) on L1 TOP|Pad R_DRL_VC1-1(25.55mm,16.187mm) on L6 BOTTOM"
TRACK,BATCH_C_OK.csv|R8:Vc_1,Vc_1,Top Layer,23.375,19.675,23.275,19.775,0.15,,,"Vc_1|Pad RDD3-1(23.988mm,18.6mm) on L1 TOP|Pad R_DRL_VC1-1(25.55mm,16.187mm) on L6 BOTTOM"
TRACK,BATCH_C_OK.csv|R8:Vc_1,Vc_1,Mid Layer 2,23.275,19.775,23.375,19.675,0.15,,,"Vc_1|Pad RDD3-1(23.988mm,18.6mm) on L1 TOP|Pad R_DRL_VC1-1(25.55mm,16.187mm) on L6 BOTTOM"
TRACK,BATCH_C_OK.csv|R8:Vc_1,Vc_1,Mid Layer 2,23.375,19.675,23.375,19.375,0.15,,,"Vc_1|Pad RDD3-1(23.988mm,18.6mm) on L1 TOP|Pad R_DRL_VC1-1(25.55mm,16.187mm) on L6 BOTTOM"
TRACK,BATCH_C_OK.csv|R8:Vc_1,Vc_1,Mid Layer 2,23.375,19.375,23.425,19.375,0.15,,,"Vc_1|Pad RDD3-1(23.988mm,18.6mm) on L1 TOP|Pad R_DRL_VC1-1(25.55mm,16.187mm) on L6 BOTTOM"
TRACK,BATCH_C_OK.csv|R8:Vc_1,Vc_1,Mid Layer 2,23.425,19.375,23.425,17.375,0.15,,,"Vc_1|Pad RDD3-1(23.988mm,18.6mm) on L1 TOP|Pad R_DRL_VC1-1(25.55mm,16.187mm) on L6 BOTTOM"
TRACK,BATCH_C_OK.csv|R8:Vc_1,Vc_1,Mid Layer 2,23.425,17.375,24.725,16.075,0.15,,,"Vc_1|Pad RDD3-1(23.988mm,18.6mm) on L1 TOP|Pad R_DRL_VC1-1(25.55mm,16.187mm) on L6 BOTTOM"
TRACK,BATCH_C_OK.csv|R8:Vc_1,Vc_1,Bottom Layer,24.725,16.075,25.125,16.075,0.15,,,"Vc_1|Pad RDD3-1(23.988mm,18.6mm) on L1 TOP|Pad R_DRL_VC1-1(25.55mm,16.187mm) on L6 BOTTOM"
VIA,BATCH_C_OK.csv|R8:Vc_1,Vc_1,Multi Layer,23.275,19.775,,,,0.45,0.2,"Vc_1|Pad RDD3-1(23.988mm,18.6mm) on L1 TOP|Pad R_DRL_VC1-1(25.55mm,16.187mm) on L6 BOTTOM"
VIA,BATCH_C_OK.csv|R8:Vc_1,Vc_1,Multi Layer,24.725,16.075,,,,0.45,0.2,"Vc_1|Pad RDD3-1(23.988mm,18.6mm) on L1 TOP|Pad R_DRL_VC1-1(25.55mm,16.187mm) on L6 BOTTOM"
TRACK,ROUTE_PLAN_C2R2_OK.csv|R27:VREF_A,VREF_A,Mid Layer 2,40.175,24.025,44.025,24.025,0.2,,,"VREF_A|Track (42.075mm,22.575mm)(42.075mm,23.275mm) on L1 TOP|Track (53.025mm,21.425mm)(55.675mm,21.425mm) on L1 TOP"
TRACK,ROUTE_PLAN_C2R2_OK.csv|R27:VREF_A,VREF_A,Mid Layer 2,44.025,24.025,44.225,23.825,0.2,,,"VREF_A|Track (42.075mm,22.575mm)(42.075mm,23.275mm) on L1 TOP|Track (53.025mm,21.425mm)(55.675mm,21.425mm) on L1 TOP"
TRACK,ROUTE_PLAN_C2R2_OK.csv|R27:VREF_A,VREF_A,Mid Layer 2,44.225,23.825,45.875,23.825,0.2,,,"VREF_A|Track (42.075mm,22.575mm)(42.075mm,23.275mm) on L1 TOP|Track (53.025mm,21.425mm)(55.675mm,21.425mm) on L1 TOP"
TRACK,ROUTE_PLAN_C2R2_OK.csv|R27:VREF_A,VREF_A,Mid Layer 2,45.875,23.825,46.175,23.525,0.2,,,"VREF_A|Track (42.075mm,22.575mm)(42.075mm,23.275mm) on L1 TOP|Track (53.025mm,21.425mm)(55.675mm,21.425mm) on L1 TOP"
TRACK,ROUTE_PLAN_C2R2_OK.csv|R27:VREF_A,VREF_A,Mid Layer 2,46.175,23.525,50.275,23.525,0.2,,,"VREF_A|Track (42.075mm,22.575mm)(42.075mm,23.275mm) on L1 TOP|Track (53.025mm,21.425mm)(55.675mm,21.425mm) on L1 TOP"
TRACK,ROUTE_PLAN_C2R2_OK.csv|R27:VREF_A,VREF_A,Top Layer,50.275,23.525,51.325,22.475,0.2,,,"VREF_A|Track (42.075mm,22.575mm)(42.075mm,23.275mm) on L1 TOP|Track (53.025mm,21.425mm)(55.675mm,21.425mm) on L1 TOP"
TRACK,ROUTE_PLAN_C2R2_OK.csv|R27:VREF_A,VREF_A,Top Layer,51.325,22.475,52.225,22.475,0.2,,,"VREF_A|Track (42.075mm,22.575mm)(42.075mm,23.275mm) on L1 TOP|Track (53.025mm,21.425mm)(55.675mm,21.425mm) on L1 TOP"
TRACK,ROUTE_PLAN_C2R2_OK.csv|R27:VREF_A,VREF_A,Top Layer,52.225,22.475,52.725,21.975,0.2,,,"VREF_A|Track (42.075mm,22.575mm)(42.075mm,23.275mm) on L1 TOP|Track (53.025mm,21.425mm)(55.675mm,21.425mm) on L1 TOP"
VIA,ROUTE_PLAN_C2R2_OK.csv|R27:VREF_A,VREF_A,Multi Layer,40.175,24.025,,,,0.6,0.3,"VREF_A|Track (42.075mm,22.575mm)(42.075mm,23.275mm) on L1 TOP|Track (53.025mm,21.425mm)(55.675mm,21.425mm) on L1 TOP"
VIA,ROUTE_PLAN_C2R2_OK.csv|R27:VREF_A,VREF_A,Multi Layer,50.275,23.525,,,,0.6,0.3,"VREF_A|Track (42.075mm,22.575mm)(42.075mm,23.275mm) on L1 TOP|Track (53.025mm,21.425mm)(55.675mm,21.425mm) on L1 TOP"
TRACK,ROUTE_PLAN_C2R2_OK.csv|R47:DRL_LIMIT_MID,DRL_LIMIT_MID,Bottom Layer,18.525,15.625,19.575,14.575,0.2,,,"DRL_LIMIT_MID|Pad R_DRL_OUT1-2(18.1mm,15.925mm) on L4 BOTTOM GND|Pad R_DRL_OUT2-1(19.896mm,14.274mm) on L4 BOTTOM GND"
TRACK,ROUTE_PLAN_C2TRIAL_OK.csv|R100:VOUT_3,VOUT_3,Top Layer,46.275,25.125,46.975,25.125,0.2,,,"VOUT_3|Pad Free-TP_VOUT_3(45.83mm,25.25mm) on L1 TOP|Pad R_ADC3-1(49.08mm,26.365mm) on L1 TOP"
TRACK,ROUTE_PLAN_C2TRIAL_OK.csv|R100:VOUT_3,VOUT_3,Top Layer,46.975,25.125,47.175,24.925,0.2,,,"VOUT_3|Pad Free-TP_VOUT_3(45.83mm,25.25mm) on L1 TOP|Pad R_ADC3-1(49.08mm,26.365mm) on L1 TOP"
TRACK,ROUTE_PLAN_C2TRIAL_OK.csv|R100:VOUT_3,VOUT_3,Mid Layer 2,47.175,24.925,48.375,24.925,0.2,,,"VOUT_3|Pad Free-TP_VOUT_3(45.83mm,25.25mm) on L1 TOP|Pad R_ADC3-1(49.08mm,26.365mm) on L1 TOP"
TRACK,ROUTE_PLAN_C2TRIAL_OK.csv|R100:VOUT_3,VOUT_3,Mid Layer 2,48.375,24.925,49.4745,26.0245,0.2,,,"VOUT_3|Pad Free-TP_VOUT_3(45.83mm,25.25mm) on L1 TOP|Pad R_ADC3-1(49.08mm,26.365mm) on L1 TOP"
TRACK,ROUTE_PLAN_C2TRIAL_OK.csv|R100:VOUT_3,VOUT_3,Mid Layer 2,49.4745,26.0245,49.825,26.375,0.2,,,"VOUT_3|Pad Free-TP_VOUT_3(45.83mm,25.25mm) on L1 TOP|Pad R_ADC3-1(49.08mm,26.365mm) on L1 TOP"
TRACK,ROUTE_PLAN_C2TRIAL_OK.csv|R100:VOUT_3,VOUT_3,Top Layer,49.825,26.375,49.325,26.375,0.2,,,"VOUT_3|Pad Free-TP_VOUT_3(45.83mm,25.25mm) on L1 TOP|Pad R_ADC3-1(49.08mm,26.365mm) on L1 TOP"
VIA,ROUTE_PLAN_C2TRIAL_OK.csv|R100:VOUT_3,VOUT_3,Multi Layer,47.175,24.925,,,,0.6,0.3,"VOUT_3|Pad Free-TP_VOUT_3(45.83mm,25.25mm) on L1 TOP|Pad R_ADC3-1(49.08mm,26.365mm) on L1 TOP"
VIA,ROUTE_PLAN_C2TRIAL_OK.csv|R100:VOUT_3,VOUT_3,Multi Layer,49.825,26.375,,,,0.6,0.3,"VOUT_3|Pad Free-TP_VOUT_3(45.83mm,25.25mm) on L1 TOP|Pad R_ADC3-1(49.08mm,26.365mm) on L1 TOP"
TRACK,ROUTE_PLAN_C2TRIAL_OK.csv|R103:VREF_A,VREF_A,Bottom Layer,37.525,20.075,37.175,20.075,0.2,,,"VREF_A|Pad U2-10(38.95mm,21.05mm) on L4 BOTTOM GND|Pad RL_3-2(42.2mm,22.3mm) on L1 TOP"
TRACK,ROUTE_PLAN_C2TRIAL_OK.csv|R103:VREF_A,VREF_A,Top Layer,37.175,20.075,37.175,20.325,0.2,,,"VREF_A|Pad U2-10(38.95mm,21.05mm) on L4 BOTTOM GND|Pad RL_3-2(42.2mm,22.3mm) on L1 TOP"
TRACK,ROUTE_PLAN_C2TRIAL_OK.csv|R103:VREF_A,VREF_A,Top Layer,37.175,20.325,36.275,21.225,0.2,,,"VREF_A|Pad U2-10(38.95mm,21.05mm) on L4 BOTTOM GND|Pad RL_3-2(42.2mm,22.3mm) on L1 TOP"
TRACK,ROUTE_PLAN_C2TRIAL_OK.csv|R103:VREF_A,VREF_A,Top Layer,36.275,21.225,36.275,22.475,0.2,,,"VREF_A|Pad U2-10(38.95mm,21.05mm) on L4 BOTTOM GND|Pad RL_3-2(42.2mm,22.3mm) on L1 TOP"
TRACK,ROUTE_PLAN_C2TRIAL_OK.csv|R103:VREF_A,VREF_A,Top Layer,36.275,22.475,37.825,24.025,0.2,,,"VREF_A|Pad U2-10(38.95mm,21.05mm) on L4 BOTTOM GND|Pad RL_3-2(42.2mm,22.3mm) on L1 TOP"
TRACK,ROUTE_PLAN_C2TRIAL_OK.csv|R103:VREF_A,VREF_A,Top Layer,37.825,24.025,41.325,24.025,0.2,,,"VREF_A|Pad U2-10(38.95mm,21.05mm) on L4 BOTTOM GND|Pad RL_3-2(42.2mm,22.3mm) on L1 TOP"
TRACK,ROUTE_PLAN_C2TRIAL_OK.csv|R103:VREF_A,VREF_A,Top Layer,41.325,24.025,42.075,23.275,0.2,,,"VREF_A|Pad U2-10(38.95mm,21.05mm) on L4 BOTTOM GND|Pad RL_3-2(42.2mm,22.3mm) on L1 TOP"
TRACK,ROUTE_PLAN_C2TRIAL_OK.csv|R103:VREF_A,VREF_A,Top Layer,42.075,23.275,42.075,22.575,0.2,,,"VREF_A|Pad U2-10(38.95mm,21.05mm) on L4 BOTTOM GND|Pad RL_3-2(42.2mm,22.3mm) on L1 TOP"
VIA,ROUTE_PLAN_C2TRIAL_OK.csv|R103:VREF_A,VREF_A,Multi Layer,37.175,20.075,,,,0.6,0.3,"VREF_A|Pad U2-10(38.95mm,21.05mm) on L4 BOTTOM GND|Pad RL_3-2(42.2mm,22.3mm) on L1 TOP"
TRACK,ROUTE_PLAN_C2TRIAL_OK.csv|R105:INA_OUT_2,INA_OUT_2,Top Layer,28.425,22.075,28.425,24.575,0.2,,,"INA_OUT_2|Pad RH_2-1(28.421mm,21.75mm) on L1 TOP|Pad Rservo_2-2(28.575mm,25.25mm) on L4 BOTTOM GND"
TRACK,ROUTE_PLAN_C2TRIAL_OK.csv|R105:INA_OUT_2,INA_OUT_2,Bottom Layer,28.425,24.575,28.425,25.025,0.2,,,"INA_OUT_2|Pad RH_2-1(28.421mm,21.75mm) on L1 TOP|Pad Rservo_2-2(28.575mm,25.25mm) on L4 BOTTOM GND"
VIA,ROUTE_PLAN_C2TRIAL_OK.csv|R105:INA_OUT_2,INA_OUT_2,Multi Layer,28.425,24.575,,,,0.6,0.3,"INA_OUT_2|Pad RH_2-1(28.421mm,21.75mm) on L1 TOP|Pad Rservo_2-2(28.575mm,25.25mm) on L4 BOTTOM GND"
TRACK,ROUTE_PLAN_C2TRIAL_OK.csv|R115:INA_OUT_4,INA_OUT_4,Top Layer,48.925,22.075,48.925,23.425,0.2,,,"INA_OUT_4|Pad INA4-8(50.125mm,20.55mm) on L1 TOP|Pad Rservo_4-2(50.175mm,25.25mm) on L4 BOTTOM GND"
TRACK,ROUTE_PLAN_C2TRIAL_OK.csv|R115:INA_OUT_4,INA_OUT_4,Top Layer,48.925,23.425,49.975,24.475,0.2,,,"INA_OUT_4|Pad INA4-8(50.125mm,20.55mm) on L1 TOP|Pad Rservo_4-2(50.175mm,25.25mm) on L4 BOTTOM GND"
TRACK,ROUTE_PLAN_C2TRIAL_OK.csv|R115:INA_OUT_4,INA_OUT_4,Bottom Layer,49.975,24.475,49.975,25.025,0.2,,,"INA_OUT_4|Pad INA4-8(50.125mm,20.55mm) on L1 TOP|Pad Rservo_4-2(50.175mm,25.25mm) on L4 BOTTOM GND"
VIA,ROUTE_PLAN_C2TRIAL_OK.csv|R115:INA_OUT_4,INA_OUT_4,Multi Layer,49.975,24.475,,,,0.6,0.3,"INA_OUT_4|Pad INA4-8(50.125mm,20.55mm) on L1 TOP|Pad Rservo_4-2(50.175mm,25.25mm) on L4 BOTTOM GND"
TRACK,ROUTE_PLAN_C2TRIAL_OK.csv|R13:NetINA5_7,NetINA5_7,Top Layer,62.075,22.075,62.575,22.075,0.2,,,"NetINA5_7|Pad RH_5-2(61.779mm,21.75mm) on L1 TOP|Pad RL_5-1(62.8mm,22.3mm) on L1 TOP"
TRACK,ROUTE_PLAN_C2TRIAL_OK.csv|R147:INA_OUT_1,INA_OUT_1,Top Layer,17.275,21.475,16.875,21.475,0.2,,,"INA_OUT_1|Pad RH_1-1(17.621mm,21.75mm) on L1 TOP|Pad CL_1-2(21.95mm,24.75mm) on L4 BOTTOM GND"
TRACK,ROUTE_PLAN_C2TRIAL_OK.csv|R147:INA_OUT_1,INA_OUT_1,Top Layer,16.875,21.475,16.425,21.025,0.2,,,"INA_OUT_1|Pad RH_1-1(17.621mm,21.75mm) on L1 TOP|Pad CL_1-2(21.95mm,24.75mm) on L4 BOTTOM GND"
TRACK,ROUTE_PLAN_C2TRIAL_OK.csv|R147:INA_OUT_1,INA_OUT_1,Top Layer,16.425,21.025,15.775,21.025,0.2,,,"INA_OUT_1|Pad RH_1-1(17.621mm,21.75mm) on L1 TOP|Pad CL_1-2(21.95mm,24.75mm) on L4 BOTTOM GND"
TRACK,ROUTE_PLAN_C2TRIAL_OK.csv|R147:INA_OUT_1,INA_OUT_1,Top Layer,15.775,21.025,15.325,21.475,0.2,,,"INA_OUT_1|Pad RH_1-1(17.621mm,21.75mm) on L1 TOP|Pad CL_1-2(21.95mm,24.75mm) on L4 BOTTOM GND"
TRACK,ROUTE_PLAN_C2TRIAL_OK.csv|R147:INA_OUT_1,INA_OUT_1,Top Layer,15.325,21.475,15.325,22.125,0.2,,,"INA_OUT_1|Pad RH_1-1(17.621mm,21.75mm) on L1 TOP|Pad CL_1-2(21.95mm,24.75mm) on L4 BOTTOM GND"
TRACK,ROUTE_PLAN_C2TRIAL_OK.csv|R147:INA_OUT_1,INA_OUT_1,Top Layer,15.325,22.125,18.125,24.925,0.2,,,"INA_OUT_1|Pad RH_1-1(17.621mm,21.75mm) on L1 TOP|Pad CL_1-2(21.95mm,24.75mm) on L4 BOTTOM GND"
TRACK,ROUTE_PLAN_C2TRIAL_OK.csv|R147:INA_OUT_1,INA_OUT_1,Top Layer,18.125,24.925,18.525,24.925,0.2,,,"INA_OUT_1|Pad RH_1-1(17.621mm,21.75mm) on L1 TOP|Pad CL_1-2(21.95mm,24.75mm) on L4 BOTTOM GND"
TRACK,ROUTE_PLAN_C2TRIAL_OK.csv|R147:INA_OUT_1,INA_OUT_1,Top Layer,18.525,24.925,20.375,26.775,0.2,,,"INA_OUT_1|Pad RH_1-1(17.621mm,21.75mm) on L1 TOP|Pad CL_1-2(21.95mm,24.75mm) on L4 BOTTOM GND"
TRACK,ROUTE_PLAN_C2TRIAL_OK.csv|R147:INA_OUT_1,INA_OUT_1,Top Layer,20.375,26.775,21.025,26.775,0.2,,,"INA_OUT_1|Pad RH_1-1(17.621mm,21.75mm) on L1 TOP|Pad CL_1-2(21.95mm,24.75mm) on L4 BOTTOM GND"
TRACK,ROUTE_PLAN_C2TRIAL_OK.csv|R147:INA_OUT_1,INA_OUT_1,Top Layer,21.025,26.775,21.825,25.975,0.2,,,"INA_OUT_1|Pad RH_1-1(17.621mm,21.75mm) on L1 TOP|Pad CL_1-2(21.95mm,24.75mm) on L4 BOTTOM GND"
TRACK,ROUTE_PLAN_C2TRIAL_OK.csv|R147:INA_OUT_1,INA_OUT_1,Bottom Layer,21.825,25.975,21.825,25.475,0.2,,,"INA_OUT_1|Pad RH_1-1(17.621mm,21.75mm) on L1 TOP|Pad CL_1-2(21.95mm,24.75mm) on L4 BOTTOM GND"
VIA,ROUTE_PLAN_C2TRIAL_OK.csv|R147:INA_OUT_1,INA_OUT_1,Multi Layer,21.825,25.975,,,,0.6,0.3,"INA_OUT_1|Pad RH_1-1(17.621mm,21.75mm) on L1 TOP|Pad CL_1-2(21.95mm,24.75mm) on L4 BOTTOM GND"
TRACK,ROUTE_PLAN_C2TRIAL_OK.csv|R148:VOUT_4,VOUT_4,Top Layer,44.525,26.825,44.525,26.275,0.2,,,"VOUT_4|Pad Free-TP_VOUT_4(44.33mm,27.25mm) on L1 TOP|Pad R_ADC4-1(49.445mm,25.4mm) on L1 TOP"
TRACK,ROUTE_PLAN_C2TRIAL_OK.csv|R148:VOUT_4,VOUT_4,Top Layer,44.525,26.275,44.875,25.925,0.2,,,"VOUT_4|Pad Free-TP_VOUT_4(44.33mm,27.25mm) on L1 TOP|Pad R_ADC4-1(49.445mm,25.4mm) on L1 TOP"
TRACK,ROUTE_PLAN_C2TRIAL_OK.csv|R148:VOUT_4,VOUT_4,Mid Layer 2,44.875,25.925,46.575,24.225,0.2,,,"VOUT_4|Pad Free-TP_VOUT_4(44.33mm,27.25mm) on L1 TOP|Pad R_ADC4-1(49.445mm,25.4mm) on L1 TOP"
TRACK,ROUTE_PLAN_C2TRIAL_OK.csv|R148:VOUT_4,VOUT_4,Top Layer,46.575,24.225,46.975,24.225,0.2,,,"VOUT_4|Pad Free-TP_VOUT_4(44.33mm,27.25mm) on L1 TOP|Pad R_ADC4-1(49.445mm,25.4mm) on L1 TOP"
TRACK,ROUTE_PLAN_C2TRIAL_OK.csv|R148:VOUT_4,VOUT_4,Top Layer,46.975,24.225,47.025,24.175,0.2,,,"VOUT_4|Pad Free-TP_VOUT_4(44.33mm,27.25mm) on L1 TOP|Pad R_ADC4-1(49.445mm,25.4mm) on L1 TOP"
TRACK,ROUTE_PLAN_C2TRIAL_OK.csv|R148:VOUT_4,VOUT_4,Top Layer,47.025,24.175,48.575,24.175,0.2,,,"VOUT_4|Pad Free-TP_VOUT_4(44.33mm,27.25mm) on L1 TOP|Pad R_ADC4-1(49.445mm,25.4mm) on L1 TOP"
TRACK,ROUTE_PLAN_C2TRIAL_OK.csv|R148:VOUT_4,VOUT_4,Top Layer,48.575,24.175,49.275,24.875,0.2,,,"VOUT_4|Pad Free-TP_VOUT_4(44.33mm,27.25mm) on L1 TOP|Pad R_ADC4-1(49.445mm,25.4mm) on L1 TOP"
TRACK,ROUTE_PLAN_C2TRIAL_OK.csv|R148:VOUT_4,VOUT_4,Top Layer,49.275,24.875,49.275,25.125,0.2,,,"VOUT_4|Pad Free-TP_VOUT_4(44.33mm,27.25mm) on L1 TOP|Pad R_ADC4-1(49.445mm,25.4mm) on L1 TOP"
VIA,ROUTE_PLAN_C2TRIAL_OK.csv|R148:VOUT_4,VOUT_4,Multi Layer,44.875,25.925,,,,0.6,0.3,"VOUT_4|Pad Free-TP_VOUT_4(44.33mm,27.25mm) on L1 TOP|Pad R_ADC4-1(49.445mm,25.4mm) on L1 TOP"
VIA,ROUTE_PLAN_C2TRIAL_OK.csv|R148:VOUT_4,VOUT_4,Multi Layer,46.575,24.225,,,,0.6,0.3,"VOUT_4|Pad Free-TP_VOUT_4(44.33mm,27.25mm) on L1 TOP|Pad R_ADC4-1(49.445mm,25.4mm) on L1 TOP"
TRACK,ROUTE_PLAN_C2TRIAL_OK.csv|R14:NetINA2_7,NetINA2_7,Top Layer,29.675,22.075,30.175,22.075,0.2,,,"NetINA2_7|Pad RH_2-2(29.379mm,21.75mm) on L1 TOP|Pad RL_2-1(30.4mm,22.3mm) on L1 TOP"
TRACK,ROUTE_PLAN_C2TRIAL_OK.csv|R154:Vservo_1,Vservo_1,Top Layer,18.975,18.425,21.625,18.425,0.2,,,"Vservo_1|Pad U1-7(17.45mm,18.45mm) on L4 BOTTOM GND|Pad Cservo_1-2(23.175mm,17.65mm) on L4 BOTTOM GND [Unplated]"
TRACK,ROUTE_PLAN_C2TRIAL_OK.csv|R154:Vservo_1,Vservo_1,Top Layer,21.625,18.425,22.175,17.875,0.2,,,"Vservo_1|Pad U1-7(17.45mm,18.45mm) on L4 BOTTOM GND|Pad Cservo_1-2(23.175mm,17.65mm) on L4 BOTTOM GND [Unplated]"
TRACK,ROUTE_PLAN_C2TRIAL_OK.csv|R154:Vservo_1,Vservo_1,Bottom Layer,22.175,17.875,22.675,17.875,0.2,,,"Vservo_1|Pad U1-7(17.45mm,18.45mm) on L4 BOTTOM GND|Pad Cservo_1-2(23.175mm,17.65mm) on L4 BOTTOM GND [Unplated]"
VIA,ROUTE_PLAN_C2TRIAL_OK.csv|R154:Vservo_1,Vservo_1,Multi Layer,22.175,17.875,,,,0.6,0.3,"Vservo_1|Pad U1-7(17.45mm,18.45mm) on L4 BOTTOM GND|Pad Cservo_1-2(23.175mm,17.65mm) on L4 BOTTOM GND [Unplated]"
TRACK,ROUTE_PLAN_C2TRIAL_OK.csv|R157:NetINA1_3,NetINA1_3,Top Layer,19.025,16.375,19.025,16.625,0.2,,,"NetINA1_3|Pad INA1-3(19.025mm,15.85mm) on L1 TOP|Pad RDD1-2(25.012mm,16.8mm) on L1 TOP"
TRACK,ROUTE_PLAN_C2TRIAL_OK.csv|R157:NetINA1_3,NetINA1_3,Top Layer,19.025,16.625,19.225,16.825,0.2,,,"NetINA1_3|Pad INA1-3(19.025mm,15.85mm) on L1 TOP|Pad RDD1-2(25.012mm,16.8mm) on L1 TOP"
TRACK,ROUTE_PLAN_C2TRIAL_OK.csv|R157:NetINA1_3,NetINA1_3,Top Layer,19.225,16.825,19.325,16.825,0.2,,,"NetINA1_3|Pad INA1-3(19.025mm,15.85mm) on L1 TOP|Pad RDD1-2(25.012mm,16.8mm) on L1 TOP"
TRACK,ROUTE_PLAN_C2TRIAL_OK.csv|R157:NetINA1_3,NetINA1_3,Top Layer,19.325,16.825,19.375,16.875,0.2,,,"NetINA1_3|Pad INA1-3(19.025mm,15.85mm) on L1 TOP|Pad RDD1-2(25.012mm,16.8mm) on L1 TOP"
TRACK,ROUTE_PLAN_C2TRIAL_OK.csv|R157:NetINA1_3,NetINA1_3,Top Layer,19.375,16.875,22.875,16.875,0.2,,,"NetINA1_3|Pad INA1-3(19.025mm,15.85mm) on L1 TOP|Pad RDD1-2(25.012mm,16.8mm) on L1 TOP"
TRACK,ROUTE_PLAN_C2TRIAL_OK.csv|R157:NetINA1_3,NetINA1_3,Top Layer,22.875,16.875,23.625,17.625,0.2,,,"NetINA1_3|Pad INA1-3(19.025mm,15.85mm) on L1 TOP|Pad RDD1-2(25.012mm,16.8mm) on L1 TOP"
TRACK,ROUTE_PLAN_C2TRIAL_OK.csv|R157:NetINA1_3,NetINA1_3,Top Layer,23.625,17.625,24.875,17.625,0.2,,,"NetINA1_3|Pad INA1-3(19.025mm,15.85mm) on L1 TOP|Pad RDD1-2(25.012mm,16.8mm) on L1 TOP"
TRACK,ROUTE_PLAN_C2TRIAL_OK.csv|R15:NetINA1_7,NetINA1_7,Top Layer,18.875,22.075,19.375,22.075,0.2,,,"NetINA1_7|Pad RH_1-2(18.579mm,21.75mm) on L1 TOP|Pad RL_1-1(19.6mm,22.3mm) on L1 TOP"
TRACK,ROUTE_PLAN_C2TRIAL_OK.csv|R16:NetINA3_7,NetINA3_7,Top Layer,40.475,22.075,40.975,22.075,0.2,,,"NetINA3_7|Pad RH_3-2(40.179mm,21.75mm) on L1 TOP|Pad RL_3-1(41.2mm,22.3mm) on L1 TOP"
TRACK,ROUTE_PLAN_C2TRIAL_OK.csv|R19:INA_OUT_1,INA_OUT_1,Top Layer,17.625,21.475,17.625,21.075,0.2,,,"INA_OUT_1|Pad RH_1-1(17.621mm,21.75mm) on L1 TOP|Pad INA1-8(17.725mm,20.55mm) on L1 TOP"
TRACK,ROUTE_PLAN_C2TRIAL_OK.csv|R209:DRL_AMP_OUT,DRL_AMP_OUT,Bottom Layer,16.925,14.475,17.675,14.475,0.2,,,"DRL_AMP_OUT|Pad U_DRL1-1(16.65mm,14.08mm) on L4 BOTTOM GND|Pad R_DRL_OUT1-1(18.1mm,14.475mm) on L4 BOTTOM GND"
TRACK,ROUTE_PLAN_C2TRIAL_OK.csv|R21:NetINA1_7,NetINA1_7,Top Layer,18.375,21.075,18.375,21.275,0.2,,,"NetINA1_7|Pad INA1-7(18.375mm,20.55mm) on L1 TOP|Pad RH_1-2(18.579mm,21.75mm) on L1 TOP"
TRACK,ROUTE_PLAN_C2TRIAL_OK.csv|R21:NetINA1_7,NetINA1_7,Top Layer,18.375,21.275,18.425,21.325,0.2,,,"NetINA1_7|Pad INA1-7(18.375mm,20.55mm) on L1 TOP|Pad RH_1-2(18.579mm,21.75mm) on L1 TOP"
TRACK,ROUTE_PLAN_C2TRIAL_OK.csv|R21:NetINA1_7,NetINA1_7,Top Layer,18.425,21.325,18.425,21.475,0.2,,,"NetINA1_7|Pad INA1-7(18.375mm,20.55mm) on L1 TOP|Pad RH_1-2(18.579mm,21.75mm) on L1 TOP"
TRACK,ROUTE_PLAN_C2TRIAL_OK.csv|R238:DRL_AMP_OUT,DRL_AMP_OUT,Bottom Layer,13.425,16.375,13.45,16.35,0.15,,,"DRL_AMP_OUT|Pad R_DRL_FB-2(13.17mm,16.793mm) on L4 BOTTOM GND|Pad C_DRL_FB-2(13.942mm,13.676mm) on L4 BOTTOM GND"
TRACK,ROUTE_PLAN_C2TRIAL_OK.csv|R238:DRL_AMP_OUT,DRL_AMP_OUT,Bottom Layer,13.45,16.35,13.675,16.125,0.15,,,"DRL_AMP_OUT|Pad R_DRL_FB-2(13.17mm,16.793mm) on L4 BOTTOM GND|Pad C_DRL_FB-2(13.942mm,13.676mm) on L4 BOTTOM GND"
TRACK,ROUTE_PLAN_C2TRIAL_OK.csv|R238:DRL_AMP_OUT,DRL_AMP_OUT,Bottom Layer,13.675,16.125,14.225,16.125,0.15,,,"DRL_AMP_OUT|Pad R_DRL_FB-2(13.17mm,16.793mm) on L4 BOTTOM GND|Pad C_DRL_FB-2(13.942mm,13.676mm) on L4 BOTTOM GND"
TRACK,ROUTE_PLAN_C2TRIAL_OK.csv|R238:DRL_AMP_OUT,DRL_AMP_OUT,Bottom Layer,14.225,16.125,14.275,16.075,0.15,,,"DRL_AMP_OUT|Pad R_DRL_FB-2(13.17mm,16.793mm) on L4 BOTTOM GND|Pad C_DRL_FB-2(13.942mm,13.676mm) on L4 BOTTOM GND"
TRACK,ROUTE_PLAN_C2TRIAL_OK.csv|R238:DRL_AMP_OUT,DRL_AMP_OUT,Bottom Layer,14.275,16.075,15.475,16.075,0.15,,,"DRL_AMP_OUT|Pad R_DRL_FB-2(13.17mm,16.793mm) on L4 BOTTOM GND|Pad C_DRL_FB-2(13.942mm,13.676mm) on L4 BOTTOM GND"
TRACK,ROUTE_PLAN_C2TRIAL_OK.csv|R238:DRL_AMP_OUT,DRL_AMP_OUT,Bottom Layer,15.475,16.075,15.525,16.025,0.15,,,"DRL_AMP_OUT|Pad R_DRL_FB-2(13.17mm,16.793mm) on L4 BOTTOM GND|Pad C_DRL_FB-2(13.942mm,13.676mm) on L4 BOTTOM GND"
VIA,ROUTE_PLAN_C2TRIAL_OK.csv|R238:DRL_AMP_OUT,DRL_AMP_OUT,Multi Layer,15.525,16.025,,,,0.6,0.3,"DRL_AMP_OUT|Pad R_DRL_FB-2(13.17mm,16.793mm) on L4 BOTTOM GND|Pad C_DRL_FB-2(13.942mm,13.676mm) on L4 BOTTOM GND"
TRACK,ROUTE_PLAN_C2TRIAL_OK.csv|R30:VREF_A,VREF_A,Bottom Layer,16.625,19.825,16.425,19.825,0.2,,,"VREF_A|Pad U1-5(17.45mm,19.75mm) on L4 BOTTOM GND|Pad U1-3(17.45mm,21.05mm) on L4 BOTTOM GND"
TRACK,ROUTE_PLAN_C2TRIAL_OK.csv|R30:VREF_A,VREF_A,Bottom Layer,16.425,19.825,16.125,20.125,0.2,,,"VREF_A|Pad U1-5(17.45mm,19.75mm) on L4 BOTTOM GND|Pad U1-3(17.45mm,21.05mm) on L4 BOTTOM GND"
TRACK,ROUTE_PLAN_C2TRIAL_OK.csv|R30:VREF_A,VREF_A,Bottom Layer,16.125,20.125,16.125,20.725,0.2,,,"VREF_A|Pad U1-5(17.45mm,19.75mm) on L4 BOTTOM GND|Pad U1-3(17.45mm,21.05mm) on L4 BOTTOM GND"
TRACK,ROUTE_PLAN_C2TRIAL_OK.csv|R30:VREF_A,VREF_A,Bottom Layer,16.125,20.725,16.425,21.025,0.2,,,"VREF_A|Pad U1-5(17.45mm,19.75mm) on L4 BOTTOM GND|Pad U1-3(17.45mm,21.05mm) on L4 BOTTOM GND"
TRACK,ROUTE_PLAN_C2TRIAL_OK.csv|R30:VREF_A,VREF_A,Bottom Layer,16.425,21.025,16.625,21.025,0.2,,,"VREF_A|Pad U1-5(17.45mm,19.75mm) on L4 BOTTOM GND|Pad U1-3(17.45mm,21.05mm) on L4 BOTTOM GND"
TRACK,ROUTE_PLAN_C2TRIAL_OK.csv|R33:VREF_A,VREF_A,Bottom Layer,59.725,19.825,59.525,19.825,0.2,,,"VREF_A|Pad U3-12(60.55mm,19.75mm) on L4 BOTTOM GND|Pad U3-10(60.55mm,21.05mm) on L4 BOTTOM GND"
TRACK,ROUTE_PLAN_C2TRIAL_OK.csv|R33:VREF_A,VREF_A,Bottom Layer,59.525,19.825,59.225,20.125,0.2,,,"VREF_A|Pad U3-12(60.55mm,19.75mm) on L4 BOTTOM GND|Pad U3-10(60.55mm,21.05mm) on L4 BOTTOM GND"
TRACK,ROUTE_PLAN_C2TRIAL_OK.csv|R33:VREF_A,VREF_A,Bottom Layer,59.225,20.125,59.225,20.725,0.2,,,"VREF_A|Pad U3-12(60.55mm,19.75mm) on L4 BOTTOM GND|Pad U3-10(60.55mm,21.05mm) on L4 BOTTOM GND"
TRACK,ROUTE_PLAN_C2TRIAL_OK.csv|R33:VREF_A,VREF_A,Bottom Layer,59.225,20.725,59.525,21.025,0.2,,,"VREF_A|Pad U3-12(60.55mm,19.75mm) on L4 BOTTOM GND|Pad U3-10(60.55mm,21.05mm) on L4 BOTTOM GND"
TRACK,ROUTE_PLAN_C2TRIAL_OK.csv|R33:VREF_A,VREF_A,Bottom Layer,59.525,21.025,59.725,21.025,0.2,,,"VREF_A|Pad U3-12(60.55mm,19.75mm) on L4 BOTTOM GND|Pad U3-10(60.55mm,21.05mm) on L4 BOTTOM GND"
TRACK,ROUTE_PLAN_C2TRIAL_OK.csv|R36:VOUT_2,VOUT_2,Bottom Layer,32.075,18.425,32.425,18.425,0.2,,,"VOUT_2|Pad RG_2-2(31.8mm,18.35mm) on L4 BOTTOM GND|Pad U2-1(33.25mm,18.45mm) on L4 BOTTOM GND"
TRACK,ROUTE_PLAN_C2TRIAL_OK.csv|R37:VOUT_4,VOUT_4,Bottom Layer,53.675,18.425,54.025,18.425,0.2,,,"VOUT_4|Pad RG_4-2(53.4mm,18.35mm) on L4 BOTTOM GND|Pad U3-1(54.85mm,18.45mm) on L4 BOTTOM GND"
TRACK,ROUTE_PLAN_C2TRIAL_OK.csv|R38:NetCH_2_2,NetCH_2_2,Bottom Layer,32.075,19.125,32.425,19.125,0.2,,,"NetCH_2_2|Pad RG_2-1(31.8mm,19.35mm) on L4 BOTTOM GND|Pad U2-2(33.25mm,19.1mm) on L4 BOTTOM GND"
TRACK,ROUTE_PLAN_C2TRIAL_OK.csv|R39:NetCH_4_2,NetCH_4_2,Bottom Layer,53.675,19.125,54.025,19.125,0.2,,,"NetCH_4_2|Pad RG_4-1(53.4mm,19.35mm) on L4 BOTTOM GND|Pad U3-2(54.85mm,19.1mm) on L4 BOTTOM GND"
TRACK,ROUTE_PLAN_C2TRIAL_OK.csv|R44:NetCH_1_2,NetCH_1_2,Bottom Layer,19.025,22.675,19.025,23.175,0.2,,,"NetCH_1_2|Pad RG_1-1(18.9mm,22.45mm) on L4 BOTTOM GND|Pad CH_1-2(20.1mm,21.518mm) on L4 BOTTOM GND"
TRACK,ROUTE_PLAN_C2TRIAL_OK.csv|R44:NetCH_1_2,NetCH_1_2,Top Layer,19.025,23.175,20.925,23.175,0.2,,,"NetCH_1_2|Pad RG_1-1(18.9mm,22.45mm) on L4 BOTTOM GND|Pad CH_1-2(20.1mm,21.518mm) on L4 BOTTOM GND"
TRACK,ROUTE_PLAN_C2TRIAL_OK.csv|R44:NetCH_1_2,NetCH_1_2,Top Layer,20.925,23.175,21.275,22.825,0.2,,,"NetCH_1_2|Pad RG_1-1(18.9mm,22.45mm) on L4 BOTTOM GND|Pad CH_1-2(20.1mm,21.518mm) on L4 BOTTOM GND"
TRACK,ROUTE_PLAN_C2TRIAL_OK.csv|R44:NetCH_1_2,NetCH_1_2,Top Layer,21.275,22.825,21.275,21.625,0.2,,,"NetCH_1_2|Pad RG_1-1(18.9mm,22.45mm) on L4 BOTTOM GND|Pad CH_1-2(20.1mm,21.518mm) on L4 BOTTOM GND"
TRACK,ROUTE_PLAN_C2TRIAL_OK.csv|R44:NetCH_1_2,NetCH_1_2,Top Layer,21.275,21.625,21.125,21.475,0.2,,,"NetCH_1_2|Pad RG_1-1(18.9mm,22.45mm) on L4 BOTTOM GND|Pad CH_1-2(20.1mm,21.518mm) on L4 BOTTOM GND"
TRACK,ROUTE_PLAN_C2TRIAL_OK.csv|R44:NetCH_1_2,NetCH_1_2,Bottom Layer,21.125,21.475,20.375,21.475,0.2,,,"NetCH_1_2|Pad RG_1-1(18.9mm,22.45mm) on L4 BOTTOM GND|Pad CH_1-2(20.1mm,21.518mm) on L4 BOTTOM GND"
VIA,ROUTE_PLAN_C2TRIAL_OK.csv|R44:NetCH_1_2,NetCH_1_2,Multi Layer,19.025,23.175,,,,0.6,0.3,"NetCH_1_2|Pad RG_1-1(18.9mm,22.45mm) on L4 BOTTOM GND|Pad CH_1-2(20.1mm,21.518mm) on L4 BOTTOM GND"
VIA,ROUTE_PLAN_C2TRIAL_OK.csv|R44:NetCH_1_2,NetCH_1_2,Multi Layer,21.125,21.475,,,,0.6,0.3,"NetCH_1_2|Pad RG_1-1(18.9mm,22.45mm) on L4 BOTTOM GND|Pad CH_1-2(20.1mm,21.518mm) on L4 BOTTOM GND"
TRACK,ROUTE_PLAN_C2TRIAL_OK.csv|R47:VOUT_1,VOUT_1,Bottom Layer,19.175,21.225,19.875,20.525,0.15,,,"VOUT_1|Pad RG_1-2(18.9mm,21.45mm) on L4 BOTTOM GND|Pad CH_1-1(20.1mm,22.382mm) on L4 BOTTOM GND"
TRACK,ROUTE_PLAN_C2TRIAL_OK.csv|R47:VOUT_1,VOUT_1,Bottom Layer,19.875,20.525,21.975,20.525,0.15,,,"VOUT_1|Pad RG_1-2(18.9mm,21.45mm) on L4 BOTTOM GND|Pad CH_1-1(20.1mm,22.382mm) on L4 BOTTOM GND"
TRACK,ROUTE_PLAN_C2TRIAL_OK.csv|R47:VOUT_1,VOUT_1,Bottom Layer,21.975,20.525,22.375,20.125,0.15,,,"VOUT_1|Pad RG_1-2(18.9mm,21.45mm) on L4 BOTTOM GND|Pad CH_1-1(20.1mm,22.382mm) on L4 BOTTOM GND"
TRACK,ROUTE_PLAN_C2TRIAL_OK.csv|R47:VOUT_1,VOUT_1,Top Layer,22.375,20.125,22.275,20.225,0.15,,,"VOUT_1|Pad RG_1-2(18.9mm,21.45mm) on L4 BOTTOM GND|Pad CH_1-1(20.1mm,22.382mm) on L4 BOTTOM GND"
TRACK,ROUTE_PLAN_C2TRIAL_OK.csv|R47:VOUT_1,VOUT_1,Top Layer,22.275,20.225,22.275,22.775,0.15,,,"VOUT_1|Pad RG_1-2(18.9mm,21.45mm) on L4 BOTTOM GND|Pad CH_1-1(20.1mm,22.382mm) on L4 BOTTOM GND"
TRACK,ROUTE_PLAN_C2TRIAL_OK.csv|R47:VOUT_1,VOUT_1,Top Layer,22.275,22.775,21.575,23.475,0.15,,,"VOUT_1|Pad RG_1-2(18.9mm,21.45mm) on L4 BOTTOM GND|Pad CH_1-1(20.1mm,22.382mm) on L4 BOTTOM GND"
TRACK,ROUTE_PLAN_C2TRIAL_OK.csv|R47:VOUT_1,VOUT_1,Bottom Layer,21.575,23.475,21.225,23.475,0.15,,,"VOUT_1|Pad RG_1-2(18.9mm,21.45mm) on L4 BOTTOM GND|Pad CH_1-1(20.1mm,22.382mm) on L4 BOTTOM GND"
TRACK,ROUTE_PLAN_C2TRIAL_OK.csv|R47:VOUT_1,VOUT_1,Bottom Layer,21.225,23.475,20.375,22.625,0.15,,,"VOUT_1|Pad RG_1-2(18.9mm,21.45mm) on L4 BOTTOM GND|Pad CH_1-1(20.1mm,22.382mm) on L4 BOTTOM GND"
VIA,ROUTE_PLAN_C2TRIAL_OK.csv|R47:VOUT_1,VOUT_1,Multi Layer,22.375,20.125,,,,0.45,0.2,"VOUT_1|Pad RG_1-2(18.9mm,21.45mm) on L4 BOTTOM GND|Pad CH_1-1(20.1mm,22.382mm) on L4 BOTTOM GND"
VIA,ROUTE_PLAN_C2TRIAL_OK.csv|R47:VOUT_1,VOUT_1,Multi Layer,21.575,23.475,,,,0.45,0.2,"VOUT_1|Pad RG_1-2(18.9mm,21.45mm) on L4 BOTTOM GND|Pad CH_1-1(20.1mm,22.382mm) on L4 BOTTOM GND"
TRACK,ROUTE_PLAN_C2TRIAL_OK.csv|R51:NetCH_3_2,NetCH_3_2,Bottom Layer,38.125,21.775,37.625,21.775,0.2,,,"NetCH_3_2|Pad U2-9(38.95mm,21.7mm) on L4 BOTTOM GND|Pad RG_3-1(40.4mm,22.45mm) on L4 BOTTOM GND"
TRACK,ROUTE_PLAN_C2TRIAL_OK.csv|R51:NetCH_3_2,NetCH_3_2,Top Layer,37.625,21.775,37.825,21.775,0.2,,,"NetCH_3_2|Pad U2-9(38.95mm,21.7mm) on L4 BOTTOM GND|Pad RG_3-1(40.4mm,22.45mm) on L4 BOTTOM GND"
TRACK,ROUTE_PLAN_C2TRIAL_OK.csv|R51:NetCH_3_2,NetCH_3_2,Top Layer,37.825,21.775,39.325,23.275,0.2,,,"NetCH_3_2|Pad U2-9(38.95mm,21.7mm) on L4 BOTTOM GND|Pad RG_3-1(40.4mm,22.45mm) on L4 BOTTOM GND"
TRACK,ROUTE_PLAN_C2TRIAL_OK.csv|R51:NetCH_3_2,NetCH_3_2,Top Layer,39.325,23.275,40.975,23.275,0.2,,,"NetCH_3_2|Pad U2-9(38.95mm,21.7mm) on L4 BOTTOM GND|Pad RG_3-1(40.4mm,22.45mm) on L4 BOTTOM GND"
TRACK,ROUTE_PLAN_C2TRIAL_OK.csv|R51:NetCH_3_2,NetCH_3_2,Bottom Layer,40.975,23.275,40.975,23.225,0.2,,,"NetCH_3_2|Pad U2-9(38.95mm,21.7mm) on L4 BOTTOM GND|Pad RG_3-1(40.4mm,22.45mm) on L4 BOTTOM GND"
VIA,ROUTE_PLAN_C2TRIAL_OK.csv|R51:NetCH_3_2,NetCH_3_2,Multi Layer,37.625,21.775,,,,0.6,0.3,"NetCH_3_2|Pad U2-9(38.95mm,21.7mm) on L4 BOTTOM GND|Pad RG_3-1(40.4mm,22.45mm) on L4 BOTTOM GND"
VIA,ROUTE_PLAN_C2TRIAL_OK.csv|R51:NetCH_3_2,NetCH_3_2,Multi Layer,40.975,23.275,,,,0.6,0.3,"NetCH_3_2|Pad U2-9(38.95mm,21.7mm) on L4 BOTTOM GND|Pad RG_3-1(40.4mm,22.45mm) on L4 BOTTOM GND"
TRACK,ROUTE_PLAN_C2TRIAL_OK.csv|R52:NetCH_1_2,NetCH_1_2,Bottom Layer,16.625,21.775,16.125,21.775,0.2,,,"NetCH_1_2|Pad U1-2(17.45mm,21.7mm) on L4 BOTTOM GND|Pad RG_1-1(18.9mm,22.45mm) on L4 BOTTOM GND"
TRACK,ROUTE_PLAN_C2TRIAL_OK.csv|R52:NetCH_1_2,NetCH_1_2,Top Layer,16.125,21.775,16.225,21.775,0.2,,,"NetCH_1_2|Pad U1-2(17.45mm,21.7mm) on L4 BOTTOM GND|Pad RG_1-1(18.9mm,22.45mm) on L4 BOTTOM GND"
TRACK,ROUTE_PLAN_C2TRIAL_OK.csv|R52:NetCH_1_2,NetCH_1_2,Top Layer,16.225,21.775,17.375,22.925,0.2,,,"NetCH_1_2|Pad U1-2(17.45mm,21.7mm) on L4 BOTTOM GND|Pad RG_1-1(18.9mm,22.45mm) on L4 BOTTOM GND"
TRACK,ROUTE_PLAN_C2TRIAL_OK.csv|R52:NetCH_1_2,NetCH_1_2,Top Layer,17.375,22.925,18.875,22.925,0.2,,,"NetCH_1_2|Pad U1-2(17.45mm,21.7mm) on L4 BOTTOM GND|Pad RG_1-1(18.9mm,22.45mm) on L4 BOTTOM GND"
VIA,ROUTE_PLAN_C2TRIAL_OK.csv|R52:NetCH_1_2,NetCH_1_2,Multi Layer,16.125,21.775,,,,0.6,0.3,"NetCH_1_2|Pad U1-2(17.45mm,21.7mm) on L4 BOTTOM GND|Pad RG_1-1(18.9mm,22.45mm) on L4 BOTTOM GND"
TRACK,ROUTE_PLAN_C2TRIAL_OK.csv|R53:NetCH_5_2,NetCH_5_2,Bottom Layer,59.725,21.775,59.225,21.775,0.2,,,"NetCH_5_2|Pad U3-9(60.55mm,21.7mm) on L4 BOTTOM GND|Pad RG_5-1(62mm,22.45mm) on L4 BOTTOM GND"
TRACK,ROUTE_PLAN_C2TRIAL_OK.csv|R53:NetCH_5_2,NetCH_5_2,Top Layer,59.225,21.775,59.425,21.775,0.2,,,"NetCH_5_2|Pad U3-9(60.55mm,21.7mm) on L4 BOTTOM GND|Pad RG_5-1(62mm,22.45mm) on L4 BOTTOM GND"
VIA,ROUTE_PLAN_C2TRIAL_OK.csv|R53:NetCH_5_2,NetCH_5_2,Multi Layer,59.225,21.775,,,,0.6,0.3,"NetCH_5_2|Pad U3-9(60.55mm,21.7mm) on L4 BOTTOM GND|Pad RG_5-1(62mm,22.45mm) on L4 BOTTOM GND"
TRACK,ROUTE_PLAN_C2TRIAL_OK.csv|R58:VOUT_1,VOUT_1,Bottom Layer,18.125,22.525,18.125,23.725,0.2,,,"VOUT_1|Pad U1-1(17.45mm,22.35mm) on L4 BOTTOM GND|Pad RG_1-2(18.9mm,21.45mm) on L4 BOTTOM GND"
TRACK,ROUTE_PLAN_C2TRIAL_OK.csv|R58:VOUT_1,VOUT_1,Top Layer,18.125,23.725,18.425,23.725,0.2,,,"VOUT_1|Pad U1-1(17.45mm,22.35mm) on L4 BOTTOM GND|Pad RG_1-2(18.9mm,21.45mm) on L4 BOTTOM GND"
TRACK,ROUTE_PLAN_C2TRIAL_OK.csv|R58:VOUT_1,VOUT_1,Top Layer,18.425,23.725,18.675,23.975,0.2,,,"VOUT_1|Pad U1-1(17.45mm,22.35mm) on L4 BOTTOM GND|Pad RG_1-2(18.9mm,21.45mm) on L4 BOTTOM GND"
TRACK,ROUTE_PLAN_C2TRIAL_OK.csv|R58:VOUT_1,VOUT_1,Top Layer,18.675,23.975,20.925,23.975,0.2,,,"VOUT_1|Pad U1-1(17.45mm,22.35mm) on L4 BOTTOM GND|Pad RG_1-2(18.9mm,21.45mm) on L4 BOTTOM GND"
TRACK,ROUTE_PLAN_C2TRIAL_OK.csv|R58:VOUT_1,VOUT_1,Top Layer,20.925,23.975,21.375,23.525,0.2,,,"VOUT_1|Pad U1-1(17.45mm,22.35mm) on L4 BOTTOM GND|Pad RG_1-2(18.9mm,21.45mm) on L4 BOTTOM GND"
VIA,ROUTE_PLAN_C2TRIAL_OK.csv|R58:VOUT_1,VOUT_1,Multi Layer,18.125,23.725,,,,0.6,0.3,"VOUT_1|Pad U1-1(17.45mm,22.35mm) on L4 BOTTOM GND|Pad RG_1-2(18.9mm,21.45mm) on L4 BOTTOM GND"
TRACK,ROUTE_PLAN_C2TRIAL_OK.csv|R61:NetINA4_3,NetINA4_3,Top Layer,57.375,17.025,57.375,18.375,0.2,,,"NetINA4_3|Pad RDD10-2(57.412mm,16.8mm) on L1 TOP|Pad RDD12-2(57.412mm,18.6mm) on L1 TOP"
TRACK,ROUTE_PLAN_C2TRIAL_OK.csv|R64:NetINA2_3,NetINA2_3,Top Layer,35.775,17.025,35.775,18.375,0.2,,,"NetINA2_3|Pad RDD4-2(35.812mm,16.8mm) on L1 TOP|Pad RDD6-2(35.812mm,18.6mm) on L1 TOP"
TRACK,ROUTE_PLAN_C2TRIAL_OK.csv|R66:NetCH_1_2,NetCH_1_2,Bottom Layer,21.375,21.475,21.625,21.475,0.2,,,"NetCH_1_2|Pad CH_1-2(20.1mm,21.518mm) on L4 BOTTOM GND|Pad RGN_1-2(21.9mm,21.45mm) on L4 BOTTOM GND"
TRACK,ROUTE_PLAN_C2TRIAL_OK.csv|R67:NetCH_3_2,NetCH_3_2,Bottom Layer,42.375,21.875,42.575,21.675,0.2,,,"NetCH_3_2|Pad CH_3-2(41.6mm,21.518mm) on L4 BOTTOM GND|Pad RGN_3-2(43.4mm,21.45mm) on L4 BOTTOM GND"
TRACK,ROUTE_PLAN_C2TRIAL_OK.csv|R67:NetCH_3_2,NetCH_3_2,Bottom Layer,42.575,21.675,43.125,21.675,0.2,,,"NetCH_3_2|Pad CH_3-2(41.6mm,21.518mm) on L4 BOTTOM GND|Pad RGN_3-2(43.4mm,21.45mm) on L4 BOTTOM GND"
TRACK,ROUTE_PLAN_C2TRIAL_OK.csv|R76:VREF_A,VREF_A,Top Layer,31.625,22.025,32.375,21.275,0.2,,,"VREF_A|Pad RL_2-2(31.4mm,22.3mm) on L1 TOP|Pad U2-5(33.25mm,21.05mm) on L4 BOTTOM GND"
TRACK,ROUTE_PLAN_C2TRIAL_OK.csv|R76:VREF_A,VREF_A,Top Layer,32.375,21.275,34.225,21.275,0.2,,,"VREF_A|Pad RL_2-2(31.4mm,22.3mm) on L1 TOP|Pad U2-5(33.25mm,21.05mm) on L4 BOTTOM GND"
TRACK,ROUTE_PLAN_C2TRIAL_OK.csv|R76:VREF_A,VREF_A,Top Layer,34.225,21.275,34.525,20.975,0.2,,,"VREF_A|Pad RL_2-2(31.4mm,22.3mm) on L1 TOP|Pad U2-5(33.25mm,21.05mm) on L4 BOTTOM GND"
TRACK,ROUTE_PLAN_C2TRIAL_OK.csv|R76:VREF_A,VREF_A,Bottom Layer,34.525,20.975,34.475,20.925,0.2,,,"VREF_A|Pad RL_2-2(31.4mm,22.3mm) on L1 TOP|Pad U2-5(33.25mm,21.05mm) on L4 BOTTOM GND"
VIA,ROUTE_PLAN_C2TRIAL_OK.csv|R76:VREF_A,VREF_A,Multi Layer,34.525,20.975,,,,0.6,0.3,"VREF_A|Pad RL_2-2(31.4mm,22.3mm) on L1 TOP|Pad U2-5(33.25mm,21.05mm) on L4 BOTTOM GND"
TRACK,ROUTE_PLAN_C2TRIAL_OK.csv|R77:NetCservo_1_1,NetCservo_1_1,Bottom Layer,20.725,16.875,20.725,16.075,0.2,,,"NetCservo_1_1|Pad Cservo_1-1(20.225mm,17.65mm) on L4 BOTTOM GND [Unplated]|Pad Rservo_1-1(21.275mm,15.55mm) on L4 BOTTOM GND"
TRACK,ROUTE_PLAN_C2TRIAL_OK.csv|R77:NetCservo_1_1,NetCservo_1_1,Bottom Layer,20.725,16.075,20.975,15.825,0.2,,,"NetCservo_1_1|Pad Cservo_1-1(20.225mm,17.65mm) on L4 BOTTOM GND [Unplated]|Pad Rservo_1-1(21.275mm,15.55mm) on L4 BOTTOM GND"
TRACK,ROUTE_PLAN_C2TRIAL_OK.csv|R84:Vservo_1,Vservo_1,Bottom Layer,18.275,18.525,18.725,18.525,0.2,,,"Vservo_1|Pad U1-7(17.45mm,18.45mm) on L4 BOTTOM GND|Pad INA1-6(19.025mm,20.55mm) on L1 TOP"
TRACK,ROUTE_PLAN_C2TRIAL_OK.csv|R84:Vservo_1,Vservo_1,Top Layer,18.725,18.525,18.725,19.575,0.2,,,"Vservo_1|Pad U1-7(17.45mm,18.45mm) on L4 BOTTOM GND|Pad INA1-6(19.025mm,20.55mm) on L1 TOP"
TRACK,ROUTE_PLAN_C2TRIAL_OK.csv|R84:Vservo_1,Vservo_1,Top Layer,18.725,19.575,18.975,19.825,0.2,,,"Vservo_1|Pad U1-7(17.45mm,18.45mm) on L4 BOTTOM GND|Pad INA1-6(19.025mm,20.55mm) on L1 TOP"
TRACK,ROUTE_PLAN_C2TRIAL_OK.csv|R84:Vservo_1,Vservo_1,Top Layer,18.975,19.825,18.975,20.025,0.2,,,"Vservo_1|Pad U1-7(17.45mm,18.45mm) on L4 BOTTOM GND|Pad INA1-6(19.025mm,20.55mm) on L1 TOP"
VIA,ROUTE_PLAN_C2TRIAL_OK.csv|R84:Vservo_1,Vservo_1,Multi Layer,18.725,18.525,,,,0.6,0.3,"Vservo_1|Pad U1-7(17.45mm,18.45mm) on L4 BOTTOM GND|Pad INA1-6(19.025mm,20.55mm) on L1 TOP"
TRACK,ROUTE_PLAN_C2TRIAL_OK.csv|R87:VOUT_2,VOUT_2,Top Layer,47.875,25.525,47.725,25.525,0.2,,,"VOUT_2|Pad Free-TP_VOUT_2(48.33mm,25.25mm) on L1 TOP|Pad R_ADC2-1(49.08mm,28.015mm) on L1 TOP"
TRACK,ROUTE_PLAN_C2TRIAL_OK.csv|R87:VOUT_2,VOUT_2,Top Layer,47.725,25.525,47.475,25.775,0.2,,,"VOUT_2|Pad Free-TP_VOUT_2(48.33mm,25.25mm) on L1 TOP|Pad R_ADC2-1(49.08mm,28.015mm) on L1 TOP"
TRACK,ROUTE_PLAN_C2TRIAL_OK.csv|R87:VOUT_2,VOUT_2,Mid Layer 2,47.475,25.775,47.625,25.775,0.2,,,"VOUT_2|Pad Free-TP_VOUT_2(48.33mm,25.25mm) on L1 TOP|Pad R_ADC2-1(49.08mm,28.015mm) on L1 TOP"
TRACK,ROUTE_PLAN_C2TRIAL_OK.csv|R87:VOUT_2,VOUT_2,Mid Layer 2,47.625,25.775,48.6045,26.7545,0.2,,,"VOUT_2|Pad Free-TP_VOUT_2(48.33mm,25.25mm) on L1 TOP|Pad R_ADC2-1(49.08mm,28.015mm) on L1 TOP"
TRACK,ROUTE_PLAN_C2TRIAL_OK.csv|R87:VOUT_2,VOUT_2,Mid Layer 2,48.6045,26.7545,49.825,27.975,0.2,,,"VOUT_2|Pad Free-TP_VOUT_2(48.33mm,25.25mm) on L1 TOP|Pad R_ADC2-1(49.08mm,28.015mm) on L1 TOP"
TRACK,ROUTE_PLAN_C2TRIAL_OK.csv|R87:VOUT_2,VOUT_2,Top Layer,49.825,27.975,49.325,27.975,0.2,,,"VOUT_2|Pad Free-TP_VOUT_2(48.33mm,25.25mm) on L1 TOP|Pad R_ADC2-1(49.08mm,28.015mm) on L1 TOP"
VIA,ROUTE_PLAN_C2TRIAL_OK.csv|R87:VOUT_2,VOUT_2,Multi Layer,47.475,25.775,,,,0.6,0.3,"VOUT_2|Pad Free-TP_VOUT_2(48.33mm,25.25mm) on L1 TOP|Pad R_ADC2-1(49.08mm,28.015mm) on L1 TOP"
VIA,ROUTE_PLAN_C2TRIAL_OK.csv|R87:VOUT_2,VOUT_2,Multi Layer,49.825,27.975,,,,0.6,0.3,"VOUT_2|Pad Free-TP_VOUT_2(48.33mm,25.25mm) on L1 TOP|Pad R_ADC2-1(49.08mm,28.015mm) on L1 TOP"
TRACK,ROUTE_PLAN_C2TRIAL_OK.csv|R88:NetCL_1_1,NetCL_1_1,Bottom Layer,20.725,25.475,20.725,25.975,0.2,,,"NetCL_1_1|Pad CL_1-1(20.05mm,24.75mm) on L4 BOTTOM GND|Pad RGN_1-1(21.9mm,22.45mm) on L4 BOTTOM GND"
TRACK,ROUTE_PLAN_C2TRIAL_OK.csv|R88:NetCL_1_1,NetCL_1_1,Top Layer,20.725,25.975,20.725,25.375,0.2,,,"NetCL_1_1|Pad CL_1-1(20.05mm,24.75mm) on L4 BOTTOM GND|Pad RGN_1-1(21.9mm,22.45mm) on L4 BOTTOM GND"
TRACK,ROUTE_PLAN_C2TRIAL_OK.csv|R88:NetCL_1_1,NetCL_1_1,Top Layer,20.725,25.375,22.775,23.325,0.2,,,"NetCL_1_1|Pad CL_1-1(20.05mm,24.75mm) on L4 BOTTOM GND|Pad RGN_1-1(21.9mm,22.45mm) on L4 BOTTOM GND"
TRACK,ROUTE_PLAN_C2TRIAL_OK.csv|R88:NetCL_1_1,NetCL_1_1,Bottom Layer,22.775,23.325,22.125,22.675,0.2,,,"NetCL_1_1|Pad CL_1-1(20.05mm,24.75mm) on L4 BOTTOM GND|Pad RGN_1-1(21.9mm,22.45mm) on L4 BOTTOM GND"
VIA,ROUTE_PLAN_C2TRIAL_OK.csv|R88:NetCL_1_1,NetCL_1_1,Multi Layer,20.725,25.975,,,,0.6,0.3,"NetCL_1_1|Pad CL_1-1(20.05mm,24.75mm) on L4 BOTTOM GND|Pad RGN_1-1(21.9mm,22.45mm) on L4 BOTTOM GND"
VIA,ROUTE_PLAN_C2TRIAL_OK.csv|R88:NetCL_1_1,NetCL_1_1,Multi Layer,22.775,23.325,,,,0.6,0.3,"NetCL_1_1|Pad CL_1-1(20.05mm,24.75mm) on L4 BOTTOM GND|Pad RGN_1-1(21.9mm,22.45mm) on L4 BOTTOM GND"
TRACK,ROUTE_PLAN_C2TRIAL_OK.csv|R89:NetCL_3_1,NetCL_3_1,Bottom Layer,42.225,24.025,42.275,23.975,0.2,,,"NetCL_3_1|Pad CL_3-1(41.55mm,24.75mm) on L4 BOTTOM GND|Pad RGN_3-1(43.4mm,22.45mm) on L4 BOTTOM GND"
TRACK,ROUTE_PLAN_C2TRIAL_OK.csv|R89:NetCL_3_1,NetCL_3_1,Bottom Layer,42.275,23.975,42.275,23.725,0.2,,,"NetCL_3_1|Pad CL_3-1(41.55mm,24.75mm) on L4 BOTTOM GND|Pad RGN_3-1(43.4mm,22.45mm) on L4 BOTTOM GND"
TRACK,ROUTE_PLAN_C2TRIAL_OK.csv|R89:NetCL_3_1,NetCL_3_1,Bottom Layer,42.275,23.725,43.125,22.875,0.2,,,"NetCL_3_1|Pad CL_3-1(41.55mm,24.75mm) on L4 BOTTOM GND|Pad RGN_3-1(43.4mm,22.45mm) on L4 BOTTOM GND"
TRACK,ROUTE_PLAN_C2TRIAL_OK.csv|R89:NetCL_3_1,NetCL_3_1,Bottom Layer,43.125,22.875,43.125,22.675,0.2,,,"NetCL_3_1|Pad CL_3-1(41.55mm,24.75mm) on L4 BOTTOM GND|Pad RGN_3-1(43.4mm,22.45mm) on L4 BOTTOM GND"
TRACK,ROUTE_PLAN_C2TRIAL_OK.csv|R90:NetCL_5_1,NetCL_5_1,Bottom Layer,63.825,24.025,63.875,23.975,0.2,,,"NetCL_5_1|Pad CL_5-1(63.15mm,24.75mm) on L4 BOTTOM GND|Pad RGN_5-1(65mm,22.45mm) on L4 BOTTOM GND"
TRACK,ROUTE_PLAN_C2TRIAL_OK.csv|R90:NetCL_5_1,NetCL_5_1,Bottom Layer,63.875,23.975,63.875,23.725,0.2,,,"NetCL_5_1|Pad CL_5-1(63.15mm,24.75mm) on L4 BOTTOM GND|Pad RGN_5-1(65mm,22.45mm) on L4 BOTTOM GND"
TRACK,ROUTE_PLAN_C2TRIAL_OK.csv|R90:NetCL_5_1,NetCL_5_1,Bottom Layer,63.875,23.725,64.725,22.875,0.2,,,"NetCL_5_1|Pad CL_5-1(63.15mm,24.75mm) on L4 BOTTOM GND|Pad RGN_5-1(65mm,22.45mm) on L4 BOTTOM GND"
TRACK,ROUTE_PLAN_C2TRIAL_OK.csv|R90:NetCL_5_1,NetCL_5_1,Bottom Layer,64.725,22.875,64.725,22.675,0.2,,,"NetCL_5_1|Pad CL_5-1(63.15mm,24.75mm) on L4 BOTTOM GND|Pad RGN_5-1(65mm,22.45mm) on L4 BOTTOM GND"
TRACK,ROUTE_PLAN_C2TRIAL_OK.csv|R93:NetCservo_2_1,NetCservo_2_1,Bottom Layer,30.975,22.375,31.625,22.375,0.2,,,"NetCservo_2_1|Pad Cservo_2-1(30.475mm,23.15mm) on L4 BOTTOM GND [Unplated]|Pad U2-6(33.25mm,21.7mm) on L4 BOTTOM GND"
TRACK,ROUTE_PLAN_C2TRIAL_OK.csv|R93:NetCservo_2_1,NetCservo_2_1,Bottom Layer,31.625,22.375,32.225,21.775,0.2,,,"NetCservo_2_1|Pad Cservo_2-1(30.475mm,23.15mm) on L4 BOTTOM GND [Unplated]|Pad U2-6(33.25mm,21.7mm) on L4 BOTTOM GND"
TRACK,ROUTE_PLAN_C2TRIAL_OK.csv|R93:NetCservo_2_1,NetCservo_2_1,Bottom Layer,32.225,21.775,32.425,21.775,0.2,,,"NetCservo_2_1|Pad Cservo_2-1(30.475mm,23.15mm) on L4 BOTTOM GND [Unplated]|Pad U2-6(33.25mm,21.7mm) on L4 BOTTOM GND"
TRACK,ROUTE_PLAN_C2TRIAL_OK.csv|R96:NetCservo_1_1,NetCservo_1_1,Bottom Layer,16.625,19.075,16.125,19.075,0.2,,,"NetCservo_1_1|Pad U1-6(17.45mm,19.1mm) on L4 BOTTOM GND|Pad Cservo_1-1(20.225mm,17.65mm) on L4 BOTTOM GND [Unplated]"
TRACK,ROUTE_PLAN_C2TRIAL_OK.csv|R96:NetCservo_1_1,NetCservo_1_1,Top Layer,16.125,19.075,17.075,19.075,0.2,,,"NetCservo_1_1|Pad U1-6(17.45mm,19.1mm) on L4 BOTTOM GND|Pad Cservo_1-1(20.225mm,17.65mm) on L4 BOTTOM GND [Unplated]"
TRACK,ROUTE_PLAN_C2TRIAL_OK.csv|R96:NetCservo_1_1,NetCservo_1_1,Top Layer,17.075,19.075,17.72,18.43,0.2,,,"NetCservo_1_1|Pad U1-6(17.45mm,19.1mm) on L4 BOTTOM GND|Pad Cservo_1-1(20.225mm,17.65mm) on L4 BOTTOM GND [Unplated]"
TRACK,ROUTE_PLAN_C2TRIAL_OK.csv|R96:NetCservo_1_1,NetCservo_1_1,Top Layer,17.72,18.43,17.95,18.2,0.2,,,"NetCservo_1_1|Pad U1-6(17.45mm,19.1mm) on L4 BOTTOM GND|Pad Cservo_1-1(20.225mm,17.65mm) on L4 BOTTOM GND [Unplated]"
TRACK,ROUTE_PLAN_C2TRIAL_OK.csv|R96:NetCservo_1_1,NetCservo_1_1,Top Layer,17.95,18.2,18.575,17.575,0.2,,,"NetCservo_1_1|Pad U1-6(17.45mm,19.1mm) on L4 BOTTOM GND|Pad Cservo_1-1(20.225mm,17.65mm) on L4 BOTTOM GND [Unplated]"
TRACK,ROUTE_PLAN_C2TRIAL_OK.csv|R96:NetCservo_1_1,NetCservo_1_1,Top Layer,18.575,17.575,19.225,17.575,0.2,,,"NetCservo_1_1|Pad U1-6(17.45mm,19.1mm) on L4 BOTTOM GND|Pad Cservo_1-1(20.225mm,17.65mm) on L4 BOTTOM GND [Unplated]"
TRACK,ROUTE_PLAN_C2TRIAL_OK.csv|R96:NetCservo_1_1,NetCservo_1_1,Bottom Layer,19.225,17.575,19.725,17.575,0.2,,,"NetCservo_1_1|Pad U1-6(17.45mm,19.1mm) on L4 BOTTOM GND|Pad Cservo_1-1(20.225mm,17.65mm) on L4 BOTTOM GND [Unplated]"
VIA,ROUTE_PLAN_C2TRIAL_OK.csv|R96:NetCservo_1_1,NetCservo_1_1,Multi Layer,16.125,19.075,,,,0.6,0.3,"NetCservo_1_1|Pad U1-6(17.45mm,19.1mm) on L4 BOTTOM GND|Pad Cservo_1-1(20.225mm,17.65mm) on L4 BOTTOM GND [Unplated]"
VIA,ROUTE_PLAN_C2TRIAL_OK.csv|R96:NetCservo_1_1,NetCservo_1_1,Multi Layer,19.225,17.575,,,,0.6,0.3,"NetCservo_1_1|Pad U1-6(17.45mm,19.1mm) on L4 BOTTOM GND|Pad Cservo_1-1(20.225mm,17.65mm) on L4 BOTTOM GND [Unplated]"
TRACK,ROUTE_PLAN_C2_6L1_OK.csv|R13:NetJ_FPC1_8,NetJ_FPC1_8,Top Layer,21.625,11.125,21.625,11.925,0.2,,,"NetJ_FPC1_8|Via (21.5mm,10.85mm) from L1 TOP to L6 BOTTOM|Pad R_VREF1-2(22.6mm,12.912mm) on L1 TOP"
TRACK,ROUTE_PLAN_C2_6L1_OK.csv|R13:NetJ_FPC1_8,NetJ_FPC1_8,Top Layer,21.625,11.925,21.875,12.175,0.2,,,"NetJ_FPC1_8|Via (21.5mm,10.85mm) from L1 TOP to L6 BOTTOM|Pad R_VREF1-2(22.6mm,12.912mm) on L1 TOP"
TRACK,ROUTE_PLAN_C2_6L1_OK.csv|R13:NetJ_FPC1_8,NetJ_FPC1_8,Top Layer,21.875,12.175,21.875,12.325,0.2,,,"NetJ_FPC1_8|Via (21.5mm,10.85mm) from L1 TOP to L6 BOTTOM|Pad R_VREF1-2(22.6mm,12.912mm) on L1 TOP"
TRACK,ROUTE_PLAN_C2_6L1_OK.csv|R13:NetJ_FPC1_8,NetJ_FPC1_8,Top Layer,21.875,12.325,21.925,12.375,0.2,,,"NetJ_FPC1_8|Via (21.5mm,10.85mm) from L1 TOP to L6 BOTTOM|Pad R_VREF1-2(22.6mm,12.912mm) on L1 TOP"
TRACK,ROUTE_PLAN_C2_6L1_OK.csv|R13:NetJ_FPC1_8,NetJ_FPC1_8,Top Layer,21.925,12.375,21.925,12.425,0.2,,,"NetJ_FPC1_8|Via (21.5mm,10.85mm) from L1 TOP to L6 BOTTOM|Pad R_VREF1-2(22.6mm,12.912mm) on L1 TOP"
TRACK,ROUTE_PLAN_C2_6L1_OK.csv|R13:NetJ_FPC1_8,NetJ_FPC1_8,Top Layer,21.925,12.425,22.375,12.875,0.2,,,"NetJ_FPC1_8|Via (21.5mm,10.85mm) from L1 TOP to L6 BOTTOM|Pad R_VREF1-2(22.6mm,12.912mm) on L1 TOP"
TRACK,ROUTE_PLAN_C2_6L1_OK.csv|R90:INA_OUT_3,INA_OUT_3,Bottom Layer,44.125,24.025,44.325,24.025,0.2,,,"INA_OUT_3|Pad CL_3-2(43.45mm,24.75mm) on L6 BOTTOM|Pad Rservo_3-2(43.625mm,15.55mm) on L6 BOTTOM"
TRACK,ROUTE_PLAN_C2_6L1_OK.csv|R90:INA_OUT_3,INA_OUT_3,Bottom Layer,44.325,24.025,45.275,23.075,0.2,,,"INA_OUT_3|Pad CL_3-2(43.45mm,24.75mm) on L6 BOTTOM|Pad Rservo_3-2(43.625mm,15.55mm) on L6 BOTTOM"
TRACK,ROUTE_PLAN_C2_6L1_OK.csv|R90:INA_OUT_3,INA_OUT_3,Top Layer,45.275,23.075,45.275,19.875,0.2,,,"INA_OUT_3|Pad CL_3-2(43.45mm,24.75mm) on L6 BOTTOM|Pad Rservo_3-2(43.625mm,15.55mm) on L6 BOTTOM"
TRACK,ROUTE_PLAN_C2_6L1_OK.csv|R90:INA_OUT_3,INA_OUT_3,Top Layer,45.275,19.875,45.625,19.525,0.2,,,"INA_OUT_3|Pad CL_3-2(43.45mm,24.75mm) on L6 BOTTOM|Pad Rservo_3-2(43.625mm,15.55mm) on L6 BOTTOM"
TRACK,ROUTE_PLAN_C2_6L1_OK.csv|R90:INA_OUT_3,INA_OUT_3,Bottom Layer,45.625,19.525,45.625,16.675,0.2,,,"INA_OUT_3|Pad CL_3-2(43.45mm,24.75mm) on L6 BOTTOM|Pad Rservo_3-2(43.625mm,15.55mm) on L6 BOTTOM"
TRACK,ROUTE_PLAN_C2_6L1_OK.csv|R90:INA_OUT_3,INA_OUT_3,Bottom Layer,45.625,16.675,45.525,16.575,0.2,,,"INA_OUT_3|Pad CL_3-2(43.45mm,24.75mm) on L6 BOTTOM|Pad Rservo_3-2(43.625mm,15.55mm) on L6 BOTTOM"
TRACK,ROUTE_PLAN_C2_6L1_OK.csv|R90:INA_OUT_3,INA_OUT_3,Bottom Layer,45.525,16.575,45.475,16.575,0.2,,,"INA_OUT_3|Pad CL_3-2(43.45mm,24.75mm) on L6 BOTTOM|Pad Rservo_3-2(43.625mm,15.55mm) on L6 BOTTOM"
TRACK,ROUTE_PLAN_C2_6L1_OK.csv|R90:INA_OUT_3,INA_OUT_3,Bottom Layer,45.475,16.575,45.475,16.525,0.2,,,"INA_OUT_3|Pad CL_3-2(43.45mm,24.75mm) on L6 BOTTOM|Pad Rservo_3-2(43.625mm,15.55mm) on L6 BOTTOM"
TRACK,ROUTE_PLAN_C2_6L1_OK.csv|R90:INA_OUT_3,INA_OUT_3,Bottom Layer,45.475,16.525,45.425,16.525,0.2,,,"INA_OUT_3|Pad CL_3-2(43.45mm,24.75mm) on L6 BOTTOM|Pad Rservo_3-2(43.625mm,15.55mm) on L6 BOTTOM"
TRACK,ROUTE_PLAN_C2_6L1_OK.csv|R90:INA_OUT_3,INA_OUT_3,Bottom Layer,45.425,16.525,45.425,16.475,0.2,,,"INA_OUT_3|Pad CL_3-2(43.45mm,24.75mm) on L6 BOTTOM|Pad Rservo_3-2(43.625mm,15.55mm) on L6 BOTTOM"
TRACK,ROUTE_PLAN_C2_6L1_OK.csv|R90:INA_OUT_3,INA_OUT_3,Bottom Layer,45.425,16.475,45.325,16.475,0.2,,,"INA_OUT_3|Pad CL_3-2(43.45mm,24.75mm) on L6 BOTTOM|Pad Rservo_3-2(43.625mm,15.55mm) on L6 BOTTOM"
TRACK,ROUTE_PLAN_C2_6L1_OK.csv|R90:INA_OUT_3,INA_OUT_3,Bottom Layer,45.325,16.475,44.675,15.825,0.2,,,"INA_OUT_3|Pad CL_3-2(43.45mm,24.75mm) on L6 BOTTOM|Pad Rservo_3-2(43.625mm,15.55mm) on L6 BOTTOM"
TRACK,ROUTE_PLAN_C2_6L1_OK.csv|R90:INA_OUT_3,INA_OUT_3,Bottom Layer,44.675,15.825,43.875,15.825,0.2,,,"INA_OUT_3|Pad CL_3-2(43.45mm,24.75mm) on L6 BOTTOM|Pad Rservo_3-2(43.625mm,15.55mm) on L6 BOTTOM"
VIA,ROUTE_PLAN_C2_6L1_OK.csv|R90:INA_OUT_3,INA_OUT_3,Multi Layer,45.275,23.075,,,,0.6,0.3,"INA_OUT_3|Pad CL_3-2(43.45mm,24.75mm) on L6 BOTTOM|Pad Rservo_3-2(43.625mm,15.55mm) on L6 BOTTOM"
VIA,ROUTE_PLAN_C2_6L1_OK.csv|R90:INA_OUT_3,INA_OUT_3,Multi Layer,45.625,19.525,,,,0.6,0.3,"INA_OUT_3|Pad CL_3-2(43.45mm,24.75mm) on L6 BOTTOM|Pad Rservo_3-2(43.625mm,15.55mm) on L6 BOTTOM"
TRACK,ROUTE_PLAN_C2_6L3_OK.csv|R11:3V0_ANA,3V0_ANA,Top Layer,20.525,19.275,20.675,19.425,0.4,,,"3V0_ANA|Via (20.344mm,19.136mm) from L1 TOP to L6 BOTTOM|Pad CCU2-2(20.85mm,19.55mm) on L1 TOP"
TRACK,ROUTE_PLAN_C2_6L3_OK.csv|R15:3V0_ANA,3V0_ANA,Bottom Layer,19.875,19.675,19.975,19.675,0.4,,,"3V0_ANA|Pad CU_11-2(19.679mm,19.85mm) on L6 BOTTOM|Track (20.344mm,19.136mm)(20.65mm,19.85mm) on L6 BOTTOM"
TRACK,ROUTE_PLAN_C2_6L3_OK.csv|R15:3V0_ANA,3V0_ANA,Bottom Layer,19.975,19.675,20.275,19.375,0.4,,,"3V0_ANA|Pad CU_11-2(19.679mm,19.85mm) on L6 BOTTOM|Track (20.344mm,19.136mm)(20.65mm,19.85mm) on L6 BOTTOM"
TRACK,ROUTE_PLAN_C2_6L3_OK.csv|R16:3V0_ANA,3V0_ANA,Top Layer,20.775,19.775,20.775,20.375,0.15,,,"3V0_ANA|Pad CCU2-2(20.85mm,19.55mm) on L1 TOP|Pad CCU1-1(20.871mm,20.55mm) on L1 TOP"
TRACK,ROUTE_PLAN_C2_6L3_OK.csv|R26:3V0_ANA,3V0_ANA,Mid Layer 4,16.175,16.725,17.175,16.725,0.15,,,"3V0_ANA|Via (15.938mm,16.855mm) from L1 TOP to L6 BOTTOM|Via (15.95mm,12.55mm) from L1 TOP to L6 BOTTOM"
TRACK,ROUTE_PLAN_C2_6L3_OK.csv|R26:3V0_ANA,3V0_ANA,Mid Layer 4,17.175,16.725,17.825,16.075,0.15,,,"3V0_ANA|Via (15.938mm,16.855mm) from L1 TOP to L6 BOTTOM|Via (15.95mm,12.55mm) from L1 TOP to L6 BOTTOM"
TRACK,ROUTE_PLAN_C2_6L3_OK.csv|R26:3V0_ANA,3V0_ANA,Mid Layer 4,17.825,16.075,17.825,14.675,0.15,,,"3V0_ANA|Via (15.938mm,16.855mm) from L1 TOP to L6 BOTTOM|Via (15.95mm,12.55mm) from L1 TOP to L6 BOTTOM"
TRACK,ROUTE_PLAN_C2_6L3_OK.csv|R26:3V0_ANA,3V0_ANA,Mid Layer 4,17.825,14.675,16.125,12.975,0.15,,,"3V0_ANA|Via (15.938mm,16.855mm) from L1 TOP to L6 BOTTOM|Via (15.95mm,12.55mm) from L1 TOP to L6 BOTTOM"
TRACK,ROUTE_PLAN_C2_6L3_OK.csv|R26:3V0_ANA,3V0_ANA,Mid Layer 4,16.125,12.975,16.125,12.775,0.15,,,"3V0_ANA|Via (15.938mm,16.855mm) from L1 TOP to L6 BOTTOM|Via (15.95mm,12.55mm) from L1 TOP to L6 BOTTOM"
TRACK,ROUTE_PLAN_C2_6L3_OK.csv|R64:NetPWR_BTN_N_A,NetPWR_BTN_N_A,Top Layer,18.175,29.325,23.825,29.325,0.15,,,"NetPWR_BTN_N_A|Track (12.175mm,29.525mm)(17.225mm,29.525mm) on L1 TOP|Pad U_EN1-2(63.8mm,37.975mm) on L6 BOTTOM"
TRACK,ROUTE_PLAN_C2_6L3_OK.csv|R64:NetPWR_BTN_N_A,NetPWR_BTN_N_A,Mid Layer 2,23.825,29.325,23.975,29.325,0.15,,,"NetPWR_BTN_N_A|Track (12.175mm,29.525mm)(17.225mm,29.525mm) on L1 TOP|Pad U_EN1-2(63.8mm,37.975mm) on L6 BOTTOM"
TRACK,ROUTE_PLAN_C2_6L3_OK.csv|R64:NetPWR_BTN_N_A,NetPWR_BTN_N_A,Mid Layer 2,23.975,29.325,28.025,25.275,0.15,,,"NetPWR_BTN_N_A|Track (12.175mm,29.525mm)(17.225mm,29.525mm) on L1 TOP|Pad U_EN1-2(63.8mm,37.975mm) on L6 BOTTOM"
TRACK,ROUTE_PLAN_C2_6L3_OK.csv|R64:NetPWR_BTN_N_A,NetPWR_BTN_N_A,Mid Layer 2,28.025,25.275,37.475,25.275,0.15,,,"NetPWR_BTN_N_A|Track (12.175mm,29.525mm)(17.225mm,29.525mm) on L1 TOP|Pad U_EN1-2(63.8mm,37.975mm) on L6 BOTTOM"
TRACK,ROUTE_PLAN_C2_6L3_OK.csv|R64:NetPWR_BTN_N_A,NetPWR_BTN_N_A,Mid Layer 2,37.475,25.275,37.575,25.175,0.15,,,"NetPWR_BTN_N_A|Track (12.175mm,29.525mm)(17.225mm,29.525mm) on L1 TOP|Pad U_EN1-2(63.8mm,37.975mm) on L6 BOTTOM"
TRACK,ROUTE_PLAN_C2_6L3_OK.csv|R64:NetPWR_BTN_N_A,NetPWR_BTN_N_A,Mid Layer 2,37.575,25.175,38.125,25.175,0.15,,,"NetPWR_BTN_N_A|Track (12.175mm,29.525mm)(17.225mm,29.525mm) on L1 TOP|Pad U_EN1-2(63.8mm,37.975mm) on L6 BOTTOM"
TRACK,ROUTE_PLAN_C2_6L3_OK.csv|R64:NetPWR_BTN_N_A,NetPWR_BTN_N_A,Mid Layer 2,38.125,25.175,38.225,25.275,0.15,,,"NetPWR_BTN_N_A|Track (12.175mm,29.525mm)(17.225mm,29.525mm) on L1 TOP|Pad U_EN1-2(63.8mm,37.975mm) on L6 BOTTOM"
TRACK,ROUTE_PLAN_C2_6L3_OK.csv|R64:NetPWR_BTN_N_A,NetPWR_BTN_N_A,Mid Layer 2,38.225,25.275,44.175,25.275,0.15,,,"NetPWR_BTN_N_A|Track (12.175mm,29.525mm)(17.225mm,29.525mm) on L1 TOP|Pad U_EN1-2(63.8mm,37.975mm) on L6 BOTTOM"
TRACK,ROUTE_PLAN_C2_6L3_OK.csv|R64:NetPWR_BTN_N_A,NetPWR_BTN_N_A,Mid Layer 2,44.175,25.275,44.775,24.675,0.15,,,"NetPWR_BTN_N_A|Track (12.175mm,29.525mm)(17.225mm,29.525mm) on L1 TOP|Pad U_EN1-2(63.8mm,37.975mm) on L6 BOTTOM"
TRACK,ROUTE_PLAN_C2_6L3_OK.csv|R64:NetPWR_BTN_N_A,NetPWR_BTN_N_A,Bottom Layer,44.775,24.675,46.575,22.875,0.15,,,"NetPWR_BTN_N_A|Track (12.175mm,29.525mm)(17.225mm,29.525mm) on L1 TOP|Pad U_EN1-2(63.8mm,37.975mm) on L6 BOTTOM"
TRACK,ROUTE_PLAN_C2_6L3_OK.csv|R64:NetPWR_BTN_N_A,NetPWR_BTN_N_A,Mid Layer 2,46.575,22.875,49.975,22.875,0.15,,,"NetPWR_BTN_N_A|Track (12.175mm,29.525mm)(17.225mm,29.525mm) on L1 TOP|Pad U_EN1-2(63.8mm,37.975mm) on L6 BOTTOM"
TRACK,ROUTE_PLAN_C2_6L3_OK.csv|R64:NetPWR_BTN_N_A,NetPWR_BTN_N_A,Mid Layer 2,49.975,22.875,50.025,22.825,0.15,,,"NetPWR_BTN_N_A|Track (12.175mm,29.525mm)(17.225mm,29.525mm) on L1 TOP|Pad U_EN1-2(63.8mm,37.975mm) on L6 BOTTOM"
TRACK,ROUTE_PLAN_C2_6L3_OK.csv|R64:NetPWR_BTN_N_A,NetPWR_BTN_N_A,Mid Layer 2,50.025,22.825,58.275,22.825,0.15,,,"NetPWR_BTN_N_A|Track (12.175mm,29.525mm)(17.225mm,29.525mm) on L1 TOP|Pad U_EN1-2(63.8mm,37.975mm) on L6 BOTTOM"
TRACK,ROUTE_PLAN_C2_6L3_OK.csv|R64:NetPWR_BTN_N_A,NetPWR_BTN_N_A,Mid Layer 2,58.275,22.825,60.225,24.775,0.15,,,"NetPWR_BTN_N_A|Track (12.175mm,29.525mm)(17.225mm,29.525mm) on L1 TOP|Pad U_EN1-2(63.8mm,37.975mm) on L6 BOTTOM"
TRACK,ROUTE_PLAN_C2_6L3_OK.csv|R64:NetPWR_BTN_N_A,NetPWR_BTN_N_A,Mid Layer 2,60.225,24.775,60.375,24.775,0.15,,,"NetPWR_BTN_N_A|Track (12.175mm,29.525mm)(17.225mm,29.525mm) on L1 TOP|Pad U_EN1-2(63.8mm,37.975mm) on L6 BOTTOM"
TRACK,ROUTE_PLAN_C2_6L3_OK.csv|R64:NetPWR_BTN_N_A,NetPWR_BTN_N_A,Mid Layer 2,60.375,24.775,61.6245,26.0245,0.15,,,"NetPWR_BTN_N_A|Track (12.175mm,29.525mm)(17.225mm,29.525mm) on L1 TOP|Pad U_EN1-2(63.8mm,37.975mm) on L6 BOTTOM"
TRACK,ROUTE_PLAN_C2_6L3_OK.csv|R64:NetPWR_BTN_N_A,NetPWR_BTN_N_A,Mid Layer 2,61.6245,26.0245,62.025,26.425,0.15,,,"NetPWR_BTN_N_A|Track (12.175mm,29.525mm)(17.225mm,29.525mm) on L1 TOP|Pad U_EN1-2(63.8mm,37.975mm) on L6 BOTTOM"
TRACK,ROUTE_PLAN_C2_6L3_OK.csv|R64:NetPWR_BTN_N_A,NetPWR_BTN_N_A,Mid Layer 2,62.025,26.425,62.025,37.675,0.15,,,"NetPWR_BTN_N_A|Track (12.175mm,29.525mm)(17.225mm,29.525mm) on L1 TOP|Pad U_EN1-2(63.8mm,37.975mm) on L6 BOTTOM"
TRACK,ROUTE_PLAN_C2_6L3_OK.csv|R64:NetPWR_BTN_N_A,NetPWR_BTN_N_A,Mid Layer 2,62.025,37.675,62.475,38.125,0.15,,,"NetPWR_BTN_N_A|Track (12.175mm,29.525mm)(17.225mm,29.525mm) on L1 TOP|Pad U_EN1-2(63.8mm,37.975mm) on L6 BOTTOM"
TRACK,ROUTE_PLAN_C2_6L3_OK.csv|R64:NetPWR_BTN_N_A,NetPWR_BTN_N_A,Mid Layer 2,62.475,38.125,62.775,38.125,0.15,,,"NetPWR_BTN_N_A|Track (12.175mm,29.525mm)(17.225mm,29.525mm) on L1 TOP|Pad U_EN1-2(63.8mm,37.975mm) on L6 BOTTOM"
TRACK,ROUTE_PLAN_C2_6L3_OK.csv|R64:NetPWR_BTN_N_A,NetPWR_BTN_N_A,Bottom Layer,62.775,38.125,62.825,38.075,0.15,,,"NetPWR_BTN_N_A|Track (12.175mm,29.525mm)(17.225mm,29.525mm) on L1 TOP|Pad U_EN1-2(63.8mm,37.975mm) on L6 BOTTOM"
TRACK,ROUTE_PLAN_C2_6L3_OK.csv|R64:NetPWR_BTN_N_A,NetPWR_BTN_N_A,Bottom Layer,62.825,38.075,63.225,38.075,0.15,,,"NetPWR_BTN_N_A|Track (12.175mm,29.525mm)(17.225mm,29.525mm) on L1 TOP|Pad U_EN1-2(63.8mm,37.975mm) on L6 BOTTOM"
VIA,ROUTE_PLAN_C2_6L3_OK.csv|R64:NetPWR_BTN_N_A,NetPWR_BTN_N_A,Multi Layer,23.825,29.325,,,,0.45,0.2,"NetPWR_BTN_N_A|Track (12.175mm,29.525mm)(17.225mm,29.525mm) on L1 TOP|Pad U_EN1-2(63.8mm,37.975mm) on L6 BOTTOM"
VIA,ROUTE_PLAN_C2_6L3_OK.csv|R64:NetPWR_BTN_N_A,NetPWR_BTN_N_A,Multi Layer,44.775,24.675,,,,0.45,0.2,"NetPWR_BTN_N_A|Track (12.175mm,29.525mm)(17.225mm,29.525mm) on L1 TOP|Pad U_EN1-2(63.8mm,37.975mm) on L6 BOTTOM"
VIA,ROUTE_PLAN_C2_6L3_OK.csv|R64:NetPWR_BTN_N_A,NetPWR_BTN_N_A,Multi Layer,46.575,22.875,,,,0.45,0.2,"NetPWR_BTN_N_A|Track (12.175mm,29.525mm)(17.225mm,29.525mm) on L1 TOP|Pad U_EN1-2(63.8mm,37.975mm) on L6 BOTTOM"
VIA,ROUTE_PLAN_C2_6L3_OK.csv|R64:NetPWR_BTN_N_A,NetPWR_BTN_N_A,Multi Layer,62.775,38.125,,,,0.45,0.2,"NetPWR_BTN_N_A|Track (12.175mm,29.525mm)(17.225mm,29.525mm) on L1 TOP|Pad U_EN1-2(63.8mm,37.975mm) on L6 BOTTOM"
TRACK,ROUTE_PLAN_C2_6L3_OK.csv|R77:GND,GND,Top Layer,32.475,20.375,32.475,19.775,0.3,,,"GND|Pad CCU4-2(32.429mm,20.55mm) on L1 TOP|Pad CCU3-1(32.45mm,19.55mm) on L1 TOP"
TRACK,ROUTE_PLAN_C2_6L5_OK.csv|R103:INA_OUT_1,INA_OUT_1,Top Layer,21.925,25.725,21.925,25.275,0.2,,,"INA_OUT_1|Via (21.825mm,25.975mm) from L1 TOP to L6 BOTTOM|Pad Rservo_1-2(22.125mm,15.55mm) on L6 BOTTOM"
TRACK,ROUTE_PLAN_C2_6L5_OK.csv|R103:INA_OUT_1,INA_OUT_1,Top Layer,21.925,25.275,23.775,23.425,0.2,,,"INA_OUT_1|Via (21.825mm,25.975mm) from L1 TOP to L6 BOTTOM|Pad Rservo_1-2(22.125mm,15.55mm) on L6 BOTTOM"
TRACK,ROUTE_PLAN_C2_6L5_OK.csv|R103:INA_OUT_1,INA_OUT_1,Top Layer,23.775,23.425,23.775,20.275,0.2,,,"INA_OUT_1|Via (21.825mm,25.975mm) from L1 TOP to L6 BOTTOM|Pad Rservo_1-2(22.125mm,15.55mm) on L6 BOTTOM"
TRACK,ROUTE_PLAN_C2_6L5_OK.csv|R103:INA_OUT_1,INA_OUT_1,Top Layer,23.775,20.275,24.125,19.925,0.2,,,"INA_OUT_1|Via (21.825mm,25.975mm) from L1 TOP to L6 BOTTOM|Pad Rservo_1-2(22.125mm,15.55mm) on L6 BOTTOM"
TRACK,ROUTE_PLAN_C2_6L5_OK.csv|R103:INA_OUT_1,INA_OUT_1,Top Layer,24.125,19.925,24.125,19.525,0.2,,,"INA_OUT_1|Via (21.825mm,25.975mm) from L1 TOP to L6 BOTTOM|Pad Rservo_1-2(22.125mm,15.55mm) on L6 BOTTOM"
TRACK,ROUTE_PLAN_C2_6L5_OK.csv|R103:INA_OUT_1,INA_OUT_1,Bottom Layer,24.125,19.525,24.125,16.675,0.2,,,"INA_OUT_1|Via (21.825mm,25.975mm) from L1 TOP to L6 BOTTOM|Pad Rservo_1-2(22.125mm,15.55mm) on L6 BOTTOM"
TRACK,ROUTE_PLAN_C2_6L5_OK.csv|R103:INA_OUT_1,INA_OUT_1,Bottom Layer,24.125,16.675,23.275,15.825,0.2,,,"INA_OUT_1|Via (21.825mm,25.975mm) from L1 TOP to L6 BOTTOM|Pad Rservo_1-2(22.125mm,15.55mm) on L6 BOTTOM"
TRACK,ROUTE_PLAN_C2_6L5_OK.csv|R103:INA_OUT_1,INA_OUT_1,Bottom Layer,23.275,15.825,22.375,15.825,0.2,,,"INA_OUT_1|Via (21.825mm,25.975mm) from L1 TOP to L6 BOTTOM|Pad Rservo_1-2(22.125mm,15.55mm) on L6 BOTTOM"
VIA,ROUTE_PLAN_C2_6L5_OK.csv|R103:INA_OUT_1,INA_OUT_1,Multi Layer,24.125,19.525,,,,0.6,0.3,"INA_OUT_1|Via (21.825mm,25.975mm) from L1 TOP to L6 BOTTOM|Pad Rservo_1-2(22.125mm,15.55mm) on L6 BOTTOM"
TRACK,ROUTE_PLAN_C2_6L5_OK.csv|R10:3V0_ANA,3V0_ANA,Top Layer,19.825,20.025,20.375,19.475,0.4,,,"3V0_ANA|Pad INA1-5(19.675mm,20.55mm) on L1 TOP|Track (20.775mm,19.775mm)(20.775mm,20.375mm) on L1 TOP"
TRACK,ROUTE_PLAN_C2_6L5_OK.csv|R10:3V0_ANA,3V0_ANA,Top Layer,20.375,19.475,20.425,19.475,0.4,,,"3V0_ANA|Pad INA1-5(19.675mm,20.55mm) on L1 TOP|Track (20.775mm,19.775mm)(20.775mm,20.375mm) on L1 TOP"
TRACK,ROUTE_PLAN_C2_6L5_OK.csv|R111:DRL_AMP_OUT,DRL_AMP_OUT,Bottom Layer,15.625,15.775,16.375,15.025,0.2,,,"DRL_AMP_OUT|Via (15.525mm,16.025mm) from L1 TOP to L6 BOTTOM|Track (16.925mm,14.475mm)(17.675mm,14.475mm) on L6 BOTTOM"
TRACK,ROUTE_PLAN_C2_6L5_OK.csv|R111:DRL_AMP_OUT,DRL_AMP_OUT,Bottom Layer,16.375,15.025,16.375,14.625,0.2,,,"DRL_AMP_OUT|Via (15.525mm,16.025mm) from L1 TOP to L6 BOTTOM|Track (16.925mm,14.475mm)(17.675mm,14.475mm) on L6 BOTTOM"
TRACK,ROUTE_PLAN_C2_6L5_OK.csv|R14:3V0_ANA,3V0_ANA,Bottom Layer,12.925,14.525,12.425,14.525,0.4,,,"3V0_ANA|Pad C_DRL_DEC-1(13.106mm,14.528mm) on L6 BOTTOM|Via (15.95mm,12.55mm) from L1 TOP to L6 BOTTOM"
TRACK,ROUTE_PLAN_C2_6L5_OK.csv|R14:3V0_ANA,3V0_ANA,Bottom Layer,12.425,14.525,12.375,14.475,0.4,,,"3V0_ANA|Pad C_DRL_DEC-1(13.106mm,14.528mm) on L6 BOTTOM|Via (15.95mm,12.55mm) from L1 TOP to L6 BOTTOM"
TRACK,ROUTE_PLAN_C2_6L5_OK.csv|R14:3V0_ANA,3V0_ANA,Mid Layer 4,12.375,14.475,13.45,14.475,0.4,,,"3V0_ANA|Pad C_DRL_DEC-1(13.106mm,14.528mm) on L6 BOTTOM|Via (15.95mm,12.55mm) from L1 TOP to L6 BOTTOM"
TRACK,ROUTE_PLAN_C2_6L5_OK.csv|R14:3V0_ANA,3V0_ANA,Mid Layer 4,13.45,14.475,15.1058,14.475,0.4,,,"3V0_ANA|Pad C_DRL_DEC-1(13.106mm,14.528mm) on L6 BOTTOM|Via (15.95mm,12.55mm) from L1 TOP to L6 BOTTOM"
TRACK,ROUTE_PLAN_C2_6L5_OK.csv|R14:3V0_ANA,3V0_ANA,Mid Layer 4,15.1058,14.475,16.125,14.475,0.4,,,"3V0_ANA|Pad C_DRL_DEC-1(13.106mm,14.528mm) on L6 BOTTOM|Via (15.95mm,12.55mm) from L1 TOP to L6 BOTTOM"
TRACK,ROUTE_PLAN_C2_6L5_OK.csv|R14:3V0_ANA,3V0_ANA,Mid Layer 4,16.125,14.475,16.825,13.775,0.4,,,"3V0_ANA|Pad C_DRL_DEC-1(13.106mm,14.528mm) on L6 BOTTOM|Via (15.95mm,12.55mm) from L1 TOP to L6 BOTTOM"
VIA,ROUTE_PLAN_C2_6L5_OK.csv|R14:3V0_ANA,3V0_ANA,Multi Layer,12.375,14.475,,,,0.6,0.3,"3V0_ANA|Pad C_DRL_DEC-1(13.106mm,14.528mm) on L6 BOTTOM|Via (15.95mm,12.55mm) from L1 TOP to L6 BOTTOM"
TRACK,ROUTE_PLAN_C2_6L5_OK.csv|R66:GND,GND,Top Layer,64.825,19.775,64.825,22.675,0.3,,,"GND|Track (64.825mm,19.775mm)(64.825mm,20.375mm) on L1 TOP|Track (65.08mm,25.521mm)(66.049mm,25.984mm) on L1 TOP"
TRACK,ROUTE_PLAN_C2_6L5_OK.csv|R66:GND,GND,Top Layer,64.825,22.675,64.325,23.175,0.3,,,"GND|Track (64.825mm,19.775mm)(64.825mm,20.375mm) on L1 TOP|Track (65.08mm,25.521mm)(66.049mm,25.984mm) on L1 TOP"
TRACK,ROUTE_PLAN_C2_6L5_OK.csv|R66:GND,GND,Top Layer,64.325,23.175,64.325,24.625,0.3,,,"GND|Track (64.825mm,19.775mm)(64.825mm,20.375mm) on L1 TOP|Track (65.08mm,25.521mm)(66.049mm,25.984mm) on L1 TOP"
TRACK,ROUTE_PLAN_C2_6L5_OK.csv|R66:GND,GND,Top Layer,64.325,24.625,65.025,25.325,0.3,,,"GND|Track (64.825mm,19.775mm)(64.825mm,20.375mm) on L1 TOP|Track (65.08mm,25.521mm)(66.049mm,25.984mm) on L1 TOP"
TRACK,ROUTE_PLAN_C2_6L5_OK.csv|R69:NetCH_3_2,NetCH_3_2,Bottom Layer,40.675,22.675,40.875,22.875,0.2,,,"NetCH_3_2|Pad RG_3-1(40.4mm,22.45mm) on L4 BOTTOM GND|Pad CH_3-2(41.6mm,21.518mm) on L4 BOTTOM GND"
TRACK,ROUTE_PLAN_C2_6L5_OK.csv|R69:NetCH_3_2,NetCH_3_2,Bottom Layer,40.875,22.875,40.875,22.925,0.2,,,"NetCH_3_2|Pad RG_3-1(40.4mm,22.45mm) on L4 BOTTOM GND|Pad CH_3-2(41.6mm,21.518mm) on L4 BOTTOM GND"
TRACK,ROUTE_PLAN_C2_6L5_OK.csv|R69:NetCH_3_2,NetCH_3_2,Bottom Layer,40.875,22.925,41.075,23.125,0.2,,,"NetCH_3_2|Pad RG_3-1(40.4mm,22.45mm) on L4 BOTTOM GND|Pad CH_3-2(41.6mm,21.518mm) on L4 BOTTOM GND"
TRACK,ROUTE_PLAN_C2_6L5_OK.csv|R69:NetCH_3_2,NetCH_3_2,Bottom Layer,41.075,23.125,42.075,23.125,0.2,,,"NetCH_3_2|Pad RG_3-1(40.4mm,22.45mm) on L4 BOTTOM GND|Pad CH_3-2(41.6mm,21.518mm) on L4 BOTTOM GND"
TRACK,ROUTE_PLAN_C2_6L5_OK.csv|R69:NetCH_3_2,NetCH_3_2,Bottom Layer,42.075,23.125,42.325,22.875,0.2,,,"NetCH_3_2|Pad RG_3-1(40.4mm,22.45mm) on L4 BOTTOM GND|Pad CH_3-2(41.6mm,21.518mm) on L4 BOTTOM GND"
TRACK,ROUTE_PLAN_C2_6L5_OK.csv|R69:NetCH_3_2,NetCH_3_2,Bottom Layer,42.325,22.875,42.325,21.925,0.2,,,"NetCH_3_2|Pad RG_3-1(40.4mm,22.45mm) on L4 BOTTOM GND|Pad CH_3-2(41.6mm,21.518mm) on L4 BOTTOM GND"
TRACK,ROUTE_PLAN_C2_6L5_OK.csv|R69:NetCH_3_2,NetCH_3_2,Bottom Layer,42.325,21.925,42.075,21.675,0.2,,,"NetCH_3_2|Pad RG_3-1(40.4mm,22.45mm) on L4 BOTTOM GND|Pad CH_3-2(41.6mm,21.518mm) on L4 BOTTOM GND"
TRACK,ROUTE_PLAN_C2_6L5_OK.csv|R69:NetCH_3_2,NetCH_3_2,Bottom Layer,42.075,21.675,41.875,21.675,0.2,,,"NetCH_3_2|Pad RG_3-1(40.4mm,22.45mm) on L4 BOTTOM GND|Pad CH_3-2(41.6mm,21.518mm) on L4 BOTTOM GND"
TRACK,ROUTE_PLAN_C2_6L5_OK.csv|R95:Vservo_3,Vservo_3,Bottom Layer,38.125,18.375,37.825,18.075,0.15,,,"Vservo_3|Pad U2-14(38.95mm,18.45mm) on L4 BOTTOM GND|Pad Cservo_3-2(44.675mm,17.65mm) on L4 BOTTOM GND [Unplated]"
TRACK,ROUTE_PLAN_C2_6L5_OK.csv|R95:Vservo_3,Vservo_3,Top Layer,37.825,18.075,38.275,18.525,0.15,,,"Vservo_3|Pad U2-14(38.95mm,18.45mm) on L4 BOTTOM GND|Pad Cservo_3-2(44.675mm,17.65mm) on L4 BOTTOM GND [Unplated]"
TRACK,ROUTE_PLAN_C2_6L5_OK.csv|R95:Vservo_3,Vservo_3,Top Layer,38.275,18.525,38.275,20.075,0.15,,,"Vservo_3|Pad U2-14(38.95mm,18.45mm) on L4 BOTTOM GND|Pad Cservo_3-2(44.675mm,17.65mm) on L4 BOTTOM GND [Unplated]"
TRACK,ROUTE_PLAN_C2_6L5_OK.csv|R95:Vservo_3,Vservo_3,Top Layer,38.275,20.075,36.925,21.425,0.15,,,"Vservo_3|Pad U2-14(38.95mm,18.45mm) on L4 BOTTOM GND|Pad Cservo_3-2(44.675mm,17.65mm) on L4 BOTTOM GND [Unplated]"
TRACK,ROUTE_PLAN_C2_6L5_OK.csv|R95:Vservo_3,Vservo_3,Top Layer,36.925,21.425,36.925,22.175,0.15,,,"Vservo_3|Pad U2-14(38.95mm,18.45mm) on L4 BOTTOM GND|Pad Cservo_3-2(44.675mm,17.65mm) on L4 BOTTOM GND [Unplated]"
TRACK,ROUTE_PLAN_C2_6L5_OK.csv|R95:Vservo_3,Vservo_3,Top Layer,36.925,22.175,38.125,23.375,0.15,,,"Vservo_3|Pad U2-14(38.95mm,18.45mm) on L4 BOTTOM GND|Pad Cservo_3-2(44.675mm,17.65mm) on L4 BOTTOM GND [Unplated]"
TRACK,ROUTE_PLAN_C2_6L5_OK.csv|R95:Vservo_3,Vservo_3,Bottom Layer,38.125,23.375,40.425,25.675,0.15,,,"Vservo_3|Pad U2-14(38.95mm,18.45mm) on L4 BOTTOM GND|Pad Cservo_3-2(44.675mm,17.65mm) on L4 BOTTOM GND [Unplated]"
TRACK,ROUTE_PLAN_C2_6L5_OK.csv|R95:Vservo_3,Vservo_3,Bottom Layer,40.425,25.675,40.425,25.725,0.15,,,"Vservo_3|Pad U2-14(38.95mm,18.45mm) on L4 BOTTOM GND|Pad Cservo_3-2(44.675mm,17.65mm) on L4 BOTTOM GND [Unplated]"
TRACK,ROUTE_PLAN_C2_6L5_OK.csv|R95:Vservo_3,Vservo_3,Bottom Layer,40.425,25.725,41.675,26.975,0.15,,,"Vservo_3|Pad U2-14(38.95mm,18.45mm) on L4 BOTTOM GND|Pad Cservo_3-2(44.675mm,17.65mm) on L4 BOTTOM GND [Unplated]"
TRACK,ROUTE_PLAN_C2_6L5_OK.csv|R95:Vservo_3,Vservo_3,Bottom Layer,41.675,26.975,46.475,26.975,0.15,,,"Vservo_3|Pad U2-14(38.95mm,18.45mm) on L4 BOTTOM GND|Pad Cservo_3-2(44.675mm,17.65mm) on L4 BOTTOM GND [Unplated]"
TRACK,ROUTE_PLAN_C2_6L5_OK.csv|R95:Vservo_3,Vservo_3,Bottom Layer,46.475,26.975,46.975,26.475,0.15,,,"Vservo_3|Pad U2-14(38.95mm,18.45mm) on L4 BOTTOM GND|Pad Cservo_3-2(44.675mm,17.65mm) on L4 BOTTOM GND [Unplated]"
TRACK,ROUTE_PLAN_C2_6L5_OK.csv|R95:Vservo_3,Vservo_3,Bottom Layer,46.975,26.475,47.825,26.475,0.15,,,"Vservo_3|Pad U2-14(38.95mm,18.45mm) on L4 BOTTOM GND|Pad Cservo_3-2(44.675mm,17.65mm) on L4 BOTTOM GND [Unplated]"
TRACK,ROUTE_PLAN_C2_6L5_OK.csv|R95:Vservo_3,Vservo_3,Bottom Layer,47.825,26.475,48.125,26.175,0.15,,,"Vservo_3|Pad U2-14(38.95mm,18.45mm) on L4 BOTTOM GND|Pad Cservo_3-2(44.675mm,17.65mm) on L4 BOTTOM GND [Unplated]"
TRACK,ROUTE_PLAN_C2_6L5_OK.csv|R95:Vservo_3,Vservo_3,Bottom Layer,48.125,26.175,48.125,23.075,0.15,,,"Vservo_3|Pad U2-14(38.95mm,18.45mm) on L4 BOTTOM GND|Pad Cservo_3-2(44.675mm,17.65mm) on L4 BOTTOM GND [Unplated]"
TRACK,ROUTE_PLAN_C2_6L5_OK.csv|R95:Vservo_3,Vservo_3,Bottom Layer,48.125,23.075,47.325,22.275,0.15,,,"Vservo_3|Pad U2-14(38.95mm,18.45mm) on L4 BOTTOM GND|Pad Cservo_3-2(44.675mm,17.65mm) on L4 BOTTOM GND [Unplated]"
TRACK,ROUTE_PLAN_C2_6L5_OK.csv|R95:Vservo_3,Vservo_3,Top Layer,47.325,22.275,47.225,22.175,0.15,,,"Vservo_3|Pad U2-14(38.95mm,18.45mm) on L4 BOTTOM GND|Pad Cservo_3-2(44.675mm,17.65mm) on L4 BOTTOM GND [Unplated]"
TRACK,ROUTE_PLAN_C2_6L5_OK.csv|R95:Vservo_3,Vservo_3,Top Layer,47.225,22.175,47.225,16.375,0.15,,,"Vservo_3|Pad U2-14(38.95mm,18.45mm) on L4 BOTTOM GND|Pad Cservo_3-2(44.675mm,17.65mm) on L4 BOTTOM GND [Unplated]"
TRACK,ROUTE_PLAN_C2_6L5_OK.csv|R95:Vservo_3,Vservo_3,Top Layer,47.225,16.375,46.875,16.025,0.15,,,"Vservo_3|Pad U2-14(38.95mm,18.45mm) on L4 BOTTOM GND|Pad Cservo_3-2(44.675mm,17.65mm) on L4 BOTTOM GND [Unplated]"
TRACK,ROUTE_PLAN_C2_6L5_OK.csv|R95:Vservo_3,Vservo_3,Mid Layer 2,46.875,16.025,46.875,16.075,0.15,,,"Vservo_3|Pad U2-14(38.95mm,18.45mm) on L4 BOTTOM GND|Pad Cservo_3-2(44.675mm,17.65mm) on L4 BOTTOM GND [Unplated]"
TRACK,ROUTE_PLAN_C2_6L5_OK.csv|R95:Vservo_3,Vservo_3,Mid Layer 2,46.875,16.075,45.375,17.575,0.15,,,"Vservo_3|Pad U2-14(38.95mm,18.45mm) on L4 BOTTOM GND|Pad Cservo_3-2(44.675mm,17.65mm) on L4 BOTTOM GND [Unplated]"
TRACK,ROUTE_PLAN_C2_6L5_OK.csv|R95:Vservo_3,Vservo_3,Mid Layer 2,45.375,17.575,43.725,17.575,0.15,,,"Vservo_3|Pad U2-14(38.95mm,18.45mm) on L4 BOTTOM GND|Pad Cservo_3-2(44.675mm,17.65mm) on L4 BOTTOM GND [Unplated]"
TRACK,ROUTE_PLAN_C2_6L5_OK.csv|R95:Vservo_3,Vservo_3,Bottom Layer,43.725,17.575,44.175,17.575,0.15,,,"Vservo_3|Pad U2-14(38.95mm,18.45mm) on L4 BOTTOM GND|Pad Cservo_3-2(44.675mm,17.65mm) on L4 BOTTOM GND [Unplated]"
VIA,ROUTE_PLAN_C2_6L5_OK.csv|R95:Vservo_3,Vservo_3,Multi Layer,37.825,18.075,,,,0.45,0.2,"Vservo_3|Pad U2-14(38.95mm,18.45mm) on L4 BOTTOM GND|Pad Cservo_3-2(44.675mm,17.65mm) on L4 BOTTOM GND [Unplated]"
VIA,ROUTE_PLAN_C2_6L5_OK.csv|R95:Vservo_3,Vservo_3,Multi Layer,38.125,23.375,,,,0.45,0.2,"Vservo_3|Pad U2-14(38.95mm,18.45mm) on L4 BOTTOM GND|Pad Cservo_3-2(44.675mm,17.65mm) on L4 BOTTOM GND [Unplated]"
VIA,ROUTE_PLAN_C2_6L5_OK.csv|R95:Vservo_3,Vservo_3,Multi Layer,47.325,22.275,,,,0.45,0.2,"Vservo_3|Pad U2-14(38.95mm,18.45mm) on L4 BOTTOM GND|Pad Cservo_3-2(44.675mm,17.65mm) on L4 BOTTOM GND [Unplated]"
VIA,ROUTE_PLAN_C2_6L5_OK.csv|R95:Vservo_3,Vservo_3,Multi Layer,46.875,16.025,,,,0.45,0.2,"Vservo_3|Pad U2-14(38.95mm,18.45mm) on L4 BOTTOM GND|Pad Cservo_3-2(44.675mm,17.65mm) on L4 BOTTOM GND [Unplated]"
VIA,ROUTE_PLAN_C2_6L5_OK.csv|R95:Vservo_3,Vservo_3,Multi Layer,43.725,17.575,,,,0.45,0.2,"Vservo_3|Pad U2-14(38.95mm,18.45mm) on L4 BOTTOM GND|Pad Cservo_3-2(44.675mm,17.65mm) on L4 BOTTOM GND [Unplated]"
TRACK,ROUTE_PLAN_C2_6L5_OK.csv|R99:NetINA1_2,NetINA1_2,Top Layer,18.325,16.375,18.325,16.825,0.2,,,"NetINA1_2|Pad INA1-2(18.375mm,15.85mm) on L1 TOP|Pad RDD2-2(25mm,15mm) on L1 TOP"
TRACK,ROUTE_PLAN_C2_6L5_OK.csv|R99:NetINA1_2,NetINA1_2,Top Layer,18.325,16.825,18.225,16.925,0.2,,,"NetINA1_2|Pad INA1-2(18.375mm,15.85mm) on L1 TOP|Pad RDD2-2(25mm,15mm) on L1 TOP"
TRACK,ROUTE_PLAN_C2_6L5_OK.csv|R99:NetINA1_2,NetINA1_2,Mid Layer 2,18.225,16.925,18.925,16.925,0.2,,,"NetINA1_2|Pad INA1-2(18.375mm,15.85mm) on L1 TOP|Pad RDD2-2(25mm,15mm) on L1 TOP"
TRACK,ROUTE_PLAN_C2_6L5_OK.csv|R99:NetINA1_2,NetINA1_2,Mid Layer 2,18.925,16.925,20.475,15.375,0.2,,,"NetINA1_2|Pad INA1-2(18.375mm,15.85mm) on L1 TOP|Pad RDD2-2(25mm,15mm) on L1 TOP"
TRACK,ROUTE_PLAN_C2_6L5_OK.csv|R99:NetINA1_2,NetINA1_2,Mid Layer 2,20.475,15.375,25.575,15.375,0.2,,,"NetINA1_2|Pad INA1-2(18.375mm,15.85mm) on L1 TOP|Pad RDD2-2(25mm,15mm) on L1 TOP"
TRACK,ROUTE_PLAN_C2_6L5_OK.csv|R99:NetINA1_2,NetINA1_2,Mid Layer 2,25.575,15.375,25.725,15.225,0.2,,,"NetINA1_2|Pad INA1-2(18.375mm,15.85mm) on L1 TOP|Pad RDD2-2(25mm,15mm) on L1 TOP"
TRACK,ROUTE_PLAN_C2_6L5_OK.csv|R99:NetINA1_2,NetINA1_2,Top Layer,25.725,15.225,25.225,15.225,0.2,,,"NetINA1_2|Pad INA1-2(18.375mm,15.85mm) on L1 TOP|Pad RDD2-2(25mm,15mm) on L1 TOP"
VIA,ROUTE_PLAN_C2_6L5_OK.csv|R99:NetINA1_2,NetINA1_2,Multi Layer,18.225,16.925,,,,0.6,0.3,"NetINA1_2|Pad INA1-2(18.375mm,15.85mm) on L1 TOP|Pad RDD2-2(25mm,15mm) on L1 TOP"
VIA,ROUTE_PLAN_C2_6L5_OK.csv|R99:NetINA1_2,NetINA1_2,Multi Layer,25.725,15.225,,,,0.6,0.3,"NetINA1_2|Pad INA1-2(18.375mm,15.85mm) on L1 TOP|Pad RDD2-2(25mm,15mm) on L1 TOP"
TRACK,ROUTE_PLAN_C2_6L6A_OK.csv|R11:VREF_A,VREF_A,Mid Layer 2,13.275,19.225,14.125,20.075,0.2,,,"VREF_A|Via (13.025mm,19.075mm) from L1 TOP to L6 BOTTOM|Track (16.425mm,19.825mm)(16.625mm,19.825mm) on L6 BOTTOM"
TRACK,ROUTE_PLAN_C2_6L6A_OK.csv|R11:VREF_A,VREF_A,Mid Layer 2,14.125,20.075,15.975,20.075,0.2,,,"VREF_A|Via (13.025mm,19.075mm) from L1 TOP to L6 BOTTOM|Track (16.425mm,19.825mm)(16.625mm,19.825mm) on L6 BOTTOM"
TRACK,ROUTE_PLAN_C2_6L6A_OK.csv|R11:VREF_A,VREF_A,Bottom Layer,15.975,20.075,16.025,20.075,0.2,,,"VREF_A|Via (13.025mm,19.075mm) from L1 TOP to L6 BOTTOM|Track (16.425mm,19.825mm)(16.625mm,19.825mm) on L6 BOTTOM"
VIA,ROUTE_PLAN_C2_6L6A_OK.csv|R11:VREF_A,VREF_A,Multi Layer,15.975,20.075,,,,0.6,0.3,"VREF_A|Via (13.025mm,19.075mm) from L1 TOP to L6 BOTTOM|Track (16.425mm,19.825mm)(16.625mm,19.825mm) on L6 BOTTOM"
TRACK,ROUTE_PLAN_C2_6L6A_OK.csv|R34:VREF_B_SRC,VREF_B_SRC,Mid Layer 2,13.275,21.875,15.125,21.875,0.15,,,"VREF_B_SRC|Via (14.325mm,15.325mm) from L1 TOP to L6 BOTTOM|Pad R_VREF1-1(22.6mm,11.888mm) on L1 TOP"
TRACK,ROUTE_PLAN_C2_6L6A_OK.csv|R34:VREF_B_SRC,VREF_B_SRC,Mid Layer 2,15.125,21.875,15.725,22.475,0.15,,,"VREF_B_SRC|Via (14.325mm,15.325mm) from L1 TOP to L6 BOTTOM|Pad R_VREF1-1(22.6mm,11.888mm) on L1 TOP"
TRACK,ROUTE_PLAN_C2_6L6A_OK.csv|R34:VREF_B_SRC,VREF_B_SRC,Mid Layer 2,15.725,22.475,24.425,22.475,0.15,,,"VREF_B_SRC|Via (14.325mm,15.325mm) from L1 TOP to L6 BOTTOM|Pad R_VREF1-1(22.6mm,11.888mm) on L1 TOP"
TRACK,ROUTE_PLAN_C2_6L6A_OK.csv|R34:VREF_B_SRC,VREF_B_SRC,Top Layer,24.425,22.475,25.225,22.475,0.15,,,"VREF_B_SRC|Via (14.325mm,15.325mm) from L1 TOP to L6 BOTTOM|Pad R_VREF1-1(22.6mm,11.888mm) on L1 TOP"
TRACK,ROUTE_PLAN_C2_6L6A_OK.csv|R34:VREF_B_SRC,VREF_B_SRC,Top Layer,25.225,22.475,28.025,25.275,0.15,,,"VREF_B_SRC|Via (14.325mm,15.325mm) from L1 TOP to L6 BOTTOM|Pad R_VREF1-1(22.6mm,11.888mm) on L1 TOP"
TRACK,ROUTE_PLAN_C2_6L6A_OK.csv|R34:VREF_B_SRC,VREF_B_SRC,Top Layer,28.025,25.275,32.125,25.275,0.15,,,"VREF_B_SRC|Via (14.325mm,15.325mm) from L1 TOP to L6 BOTTOM|Pad R_VREF1-1(22.6mm,11.888mm) on L1 TOP"
TRACK,ROUTE_PLAN_C2_6L6A_OK.csv|R34:VREF_B_SRC,VREF_B_SRC,Top Layer,32.125,25.275,34.975,22.425,0.15,,,"VREF_B_SRC|Via (14.325mm,15.325mm) from L1 TOP to L6 BOTTOM|Pad R_VREF1-1(22.6mm,11.888mm) on L1 TOP"
TRACK,ROUTE_PLAN_C2_6L6A_OK.csv|R34:VREF_B_SRC,VREF_B_SRC,Bottom Layer,34.975,22.425,35.775,22.425,0.15,,,"VREF_B_SRC|Via (14.325mm,15.325mm) from L1 TOP to L6 BOTTOM|Pad R_VREF1-1(22.6mm,11.888mm) on L1 TOP"
TRACK,ROUTE_PLAN_C2_6L6A_OK.csv|R34:VREF_B_SRC,VREF_B_SRC,Bottom Layer,35.775,22.425,36.475,21.725,0.15,,,"VREF_B_SRC|Via (14.325mm,15.325mm) from L1 TOP to L6 BOTTOM|Pad R_VREF1-1(22.6mm,11.888mm) on L1 TOP"
TRACK,ROUTE_PLAN_C2_6L6A_OK.csv|R34:VREF_B_SRC,VREF_B_SRC,Bottom Layer,36.475,21.725,36.475,18.375,0.15,,,"VREF_B_SRC|Via (14.325mm,15.325mm) from L1 TOP to L6 BOTTOM|Pad R_VREF1-1(22.6mm,11.888mm) on L1 TOP"
TRACK,ROUTE_PLAN_C2_6L6A_OK.csv|R34:VREF_B_SRC,VREF_B_SRC,Bottom Layer,36.475,18.375,37.125,17.725,0.15,,,"VREF_B_SRC|Via (14.325mm,15.325mm) from L1 TOP to L6 BOTTOM|Pad R_VREF1-1(22.6mm,11.888mm) on L1 TOP"
TRACK,ROUTE_PLAN_C2_6L6A_OK.csv|R34:VREF_B_SRC,VREF_B_SRC,Top Layer,37.125,17.725,36.975,17.575,0.15,,,"VREF_B_SRC|Via (14.325mm,15.325mm) from L1 TOP to L6 BOTTOM|Pad R_VREF1-1(22.6mm,11.888mm) on L1 TOP"
TRACK,ROUTE_PLAN_C2_6L6A_OK.csv|R34:VREF_B_SRC,VREF_B_SRC,Top Layer,36.975,17.575,36.975,14.225,0.15,,,"VREF_B_SRC|Via (14.325mm,15.325mm) from L1 TOP to L6 BOTTOM|Pad R_VREF1-1(22.6mm,11.888mm) on L1 TOP"
TRACK,ROUTE_PLAN_C2_6L6A_OK.csv|R34:VREF_B_SRC,VREF_B_SRC,Top Layer,36.975,14.225,36.325,13.575,0.15,,,"VREF_B_SRC|Via (14.325mm,15.325mm) from L1 TOP to L6 BOTTOM|Pad R_VREF1-1(22.6mm,11.888mm) on L1 TOP"
TRACK,ROUTE_PLAN_C2_6L6A_OK.csv|R34:VREF_B_SRC,VREF_B_SRC,Mid Layer 2,36.325,13.575,36.325,13.525,0.15,,,"VREF_B_SRC|Via (14.325mm,15.325mm) from L1 TOP to L6 BOTTOM|Pad R_VREF1-1(22.6mm,11.888mm) on L1 TOP"
TRACK,ROUTE_PLAN_C2_6L6A_OK.csv|R34:VREF_B_SRC,VREF_B_SRC,Mid Layer 2,36.325,13.525,35.775,12.975,0.15,,,"VREF_B_SRC|Via (14.325mm,15.325mm) from L1 TOP to L6 BOTTOM|Pad R_VREF1-1(22.6mm,11.888mm) on L1 TOP"
TRACK,ROUTE_PLAN_C2_6L6A_OK.csv|R34:VREF_B_SRC,VREF_B_SRC,Mid Layer 2,35.775,12.975,32.525,12.975,0.15,,,"VREF_B_SRC|Via (14.325mm,15.325mm) from L1 TOP to L6 BOTTOM|Pad R_VREF1-1(22.6mm,11.888mm) on L1 TOP"
TRACK,ROUTE_PLAN_C2_6L6A_OK.csv|R34:VREF_B_SRC,VREF_B_SRC,Bottom Layer,32.525,12.975,32.025,12.975,0.15,,,"VREF_B_SRC|Via (14.325mm,15.325mm) from L1 TOP to L6 BOTTOM|Pad R_VREF1-1(22.6mm,11.888mm) on L1 TOP"
TRACK,ROUTE_PLAN_C2_6L6A_OK.csv|R34:VREF_B_SRC,VREF_B_SRC,Bottom Layer,32.025,12.975,31.575,13.425,0.15,,,"VREF_B_SRC|Via (14.325mm,15.325mm) from L1 TOP to L6 BOTTOM|Pad R_VREF1-1(22.6mm,11.888mm) on L1 TOP"
TRACK,ROUTE_PLAN_C2_6L6A_OK.csv|R34:VREF_B_SRC,VREF_B_SRC,Bottom Layer,31.575,13.425,26.275,13.425,0.15,,,"VREF_B_SRC|Via (14.325mm,15.325mm) from L1 TOP to L6 BOTTOM|Pad R_VREF1-1(22.6mm,11.888mm) on L1 TOP"
TRACK,ROUTE_PLAN_C2_6L6A_OK.csv|R34:VREF_B_SRC,VREF_B_SRC,Bottom Layer,26.275,13.425,25.975,13.125,0.15,,,"VREF_B_SRC|Via (14.325mm,15.325mm) from L1 TOP to L6 BOTTOM|Pad R_VREF1-1(22.6mm,11.888mm) on L1 TOP"
TRACK,ROUTE_PLAN_C2_6L6A_OK.csv|R34:VREF_B_SRC,VREF_B_SRC,Bottom Layer,25.975,13.125,25.325,13.125,0.15,,,"VREF_B_SRC|Via (14.325mm,15.325mm) from L1 TOP to L6 BOTTOM|Pad R_VREF1-1(22.6mm,11.888mm) on L1 TOP"
TRACK,ROUTE_PLAN_C2_6L6A_OK.csv|R34:VREF_B_SRC,VREF_B_SRC,Top Layer,25.325,13.125,24.325,13.125,0.15,,,"VREF_B_SRC|Via (14.325mm,15.325mm) from L1 TOP to L6 BOTTOM|Pad R_VREF1-1(22.6mm,11.888mm) on L1 TOP"
TRACK,ROUTE_PLAN_C2_6L6A_OK.csv|R34:VREF_B_SRC,VREF_B_SRC,Top Layer,24.325,13.125,23.475,12.275,0.15,,,"VREF_B_SRC|Via (14.325mm,15.325mm) from L1 TOP to L6 BOTTOM|Pad R_VREF1-1(22.6mm,11.888mm) on L1 TOP"
TRACK,ROUTE_PLAN_C2_6L6A_OK.csv|R34:VREF_B_SRC,VREF_B_SRC,Top Layer,23.475,12.275,23.075,12.275,0.15,,,"VREF_B_SRC|Via (14.325mm,15.325mm) from L1 TOP to L6 BOTTOM|Pad R_VREF1-1(22.6mm,11.888mm) on L1 TOP"
TRACK,ROUTE_PLAN_C2_6L6A_OK.csv|R34:VREF_B_SRC,VREF_B_SRC,Top Layer,23.075,12.275,22.825,12.025,0.15,,,"VREF_B_SRC|Via (14.325mm,15.325mm) from L1 TOP to L6 BOTTOM|Pad R_VREF1-1(22.6mm,11.888mm) on L1 TOP"
VIA,ROUTE_PLAN_C2_6L6A_OK.csv|R34:VREF_B_SRC,VREF_B_SRC,Multi Layer,24.425,22.475,,,,0.45,0.2,"VREF_B_SRC|Via (14.325mm,15.325mm) from L1 TOP to L6 BOTTOM|Pad R_VREF1-1(22.6mm,11.888mm) on L1 TOP"
VIA,ROUTE_PLAN_C2_6L6A_OK.csv|R34:VREF_B_SRC,VREF_B_SRC,Multi Layer,34.975,22.425,,,,0.45,0.2,"VREF_B_SRC|Via (14.325mm,15.325mm) from L1 TOP to L6 BOTTOM|Pad R_VREF1-1(22.6mm,11.888mm) on L1 TOP"
VIA,ROUTE_PLAN_C2_6L6A_OK.csv|R34:VREF_B_SRC,VREF_B_SRC,Multi Layer,37.125,17.725,,,,0.45,0.2,"VREF_B_SRC|Via (14.325mm,15.325mm) from L1 TOP to L6 BOTTOM|Pad R_VREF1-1(22.6mm,11.888mm) on L1 TOP"
VIA,ROUTE_PLAN_C2_6L6A_OK.csv|R34:VREF_B_SRC,VREF_B_SRC,Multi Layer,36.325,13.575,,,,0.45,0.2,"VREF_B_SRC|Via (14.325mm,15.325mm) from L1 TOP to L6 BOTTOM|Pad R_VREF1-1(22.6mm,11.888mm) on L1 TOP"
VIA,ROUTE_PLAN_C2_6L6A_OK.csv|R34:VREF_B_SRC,VREF_B_SRC,Multi Layer,32.525,12.975,,,,0.45,0.2,"VREF_B_SRC|Via (14.325mm,15.325mm) from L1 TOP to L6 BOTTOM|Pad R_VREF1-1(22.6mm,11.888mm) on L1 TOP"
VIA,ROUTE_PLAN_C2_6L6A_OK.csv|R34:VREF_B_SRC,VREF_B_SRC,Multi Layer,25.325,13.125,,,,0.45,0.2,"VREF_B_SRC|Via (14.325mm,15.325mm) from L1 TOP to L6 BOTTOM|Pad R_VREF1-1(22.6mm,11.888mm) on L1 TOP"
TRACK,ROUTE_PLAN_C2_6L6A_OK.csv|R51:DRL_SUM,DRL_SUM,Bottom Layer,15.025,17.425,15.375,17.775,0.2,,,"DRL_SUM|Track (14.225mm,17.675mm)(14.475mm,17.425mm) on L6 BOTTOM|Pad R_DRL_VC1-2(25.55mm,17.637mm) on L6 BOTTOM"
TRACK,ROUTE_PLAN_C2_6L6A_OK.csv|R51:DRL_SUM,DRL_SUM,Mid Layer 2,15.375,17.775,15.925,18.325,0.2,,,"DRL_SUM|Track (14.225mm,17.675mm)(14.475mm,17.425mm) on L6 BOTTOM|Pad R_DRL_VC1-2(25.55mm,17.637mm) on L6 BOTTOM"
TRACK,ROUTE_PLAN_C2_6L6A_OK.csv|R51:DRL_SUM,DRL_SUM,Mid Layer 2,15.925,18.325,17.375,18.325,0.2,,,"DRL_SUM|Track (14.225mm,17.675mm)(14.475mm,17.425mm) on L6 BOTTOM|Pad R_DRL_VC1-2(25.55mm,17.637mm) on L6 BOTTOM"
TRACK,ROUTE_PLAN_C2_6L6A_OK.csv|R51:DRL_SUM,DRL_SUM,Mid Layer 2,17.375,18.325,17.48,18.43,0.2,,,"DRL_SUM|Track (14.225mm,17.675mm)(14.475mm,17.425mm) on L6 BOTTOM|Pad R_DRL_VC1-2(25.55mm,17.637mm) on L6 BOTTOM"
TRACK,ROUTE_PLAN_C2_6L6A_OK.csv|R51:DRL_SUM,DRL_SUM,Mid Layer 2,17.48,18.43,19.825,20.775,0.2,,,"DRL_SUM|Track (14.225mm,17.675mm)(14.475mm,17.425mm) on L6 BOTTOM|Pad R_DRL_VC1-2(25.55mm,17.637mm) on L6 BOTTOM"
TRACK,ROUTE_PLAN_C2_6L6A_OK.csv|R51:DRL_SUM,DRL_SUM,Mid Layer 2,19.825,20.775,22.125,20.775,0.2,,,"DRL_SUM|Track (14.225mm,17.675mm)(14.475mm,17.425mm) on L6 BOTTOM|Pad R_DRL_VC1-2(25.55mm,17.637mm) on L6 BOTTOM"
TRACK,ROUTE_PLAN_C2_6L6A_OK.csv|R51:DRL_SUM,DRL_SUM,Mid Layer 2,22.125,20.775,22.175,20.825,0.2,,,"DRL_SUM|Track (14.225mm,17.675mm)(14.475mm,17.425mm) on L6 BOTTOM|Pad R_DRL_VC1-2(25.55mm,17.637mm) on L6 BOTTOM"
TRACK,ROUTE_PLAN_C2_6L6A_OK.csv|R51:DRL_SUM,DRL_SUM,Mid Layer 2,22.175,20.825,23.925,20.825,0.2,,,"DRL_SUM|Track (14.225mm,17.675mm)(14.475mm,17.425mm) on L6 BOTTOM|Pad R_DRL_VC1-2(25.55mm,17.637mm) on L6 BOTTOM"
TRACK,ROUTE_PLAN_C2_6L6A_OK.csv|R51:DRL_SUM,DRL_SUM,Mid Layer 2,23.925,20.825,25.475,19.275,0.2,,,"DRL_SUM|Track (14.225mm,17.675mm)(14.475mm,17.425mm) on L6 BOTTOM|Pad R_DRL_VC1-2(25.55mm,17.637mm) on L6 BOTTOM"
TRACK,ROUTE_PLAN_C2_6L6A_OK.csv|R51:DRL_SUM,DRL_SUM,Mid Layer 2,25.475,19.275,25.475,17.775,0.2,,,"DRL_SUM|Track (14.225mm,17.675mm)(14.475mm,17.425mm) on L6 BOTTOM|Pad R_DRL_VC1-2(25.55mm,17.637mm) on L6 BOTTOM"
VIA,ROUTE_PLAN_C2_6L6A_OK.csv|R51:DRL_SUM,DRL_SUM,Multi Layer,15.375,17.775,,,,0.6,0.3,"DRL_SUM|Track (14.225mm,17.675mm)(14.475mm,17.425mm) on L6 BOTTOM|Pad R_DRL_VC1-2(25.55mm,17.637mm) on L6 BOTTOM"
TRACK,ROUTE_PLAN_C2_6L6A_OK.csv|R7:VREF_A,VREF_A,Mid Layer 2,57.875,19.275,57.875,19.175,0.2,,,"VREF_A|Via (56.125mm,20.975mm) from L1 TOP to L6 BOTTOM|Track (59.525mm,21.025mm)(59.725mm,21.025mm) on L6 BOTTOM"
TRACK,ROUTE_PLAN_C2_6L6A_OK.csv|R7:VREF_A,VREF_A,Mid Layer 2,57.875,19.175,58.225,18.825,0.2,,,"VREF_A|Via (56.125mm,20.975mm) from L1 TOP to L6 BOTTOM|Track (59.525mm,21.025mm)(59.725mm,21.025mm) on L6 BOTTOM"
TRACK,ROUTE_PLAN_C2_6L6A_OK.csv|R7:VREF_A,VREF_A,Mid Layer 2,58.225,18.825,59.075,18.825,0.2,,,"VREF_A|Via (56.125mm,20.975mm) from L1 TOP to L6 BOTTOM|Track (59.525mm,21.025mm)(59.725mm,21.025mm) on L6 BOTTOM"
TRACK,ROUTE_PLAN_C2_6L6A_OK.csv|R7:VREF_A,VREF_A,Bottom Layer,59.075,18.825,59.075,19.025,0.2,,,"VREF_A|Via (56.125mm,20.975mm) from L1 TOP to L6 BOTTOM|Track (59.525mm,21.025mm)(59.725mm,21.025mm) on L6 BOTTOM"
TRACK,ROUTE_PLAN_C2_6L6A_OK.csv|R7:VREF_A,VREF_A,Bottom Layer,59.075,19.025,59.225,19.175,0.2,,,"VREF_A|Via (56.125mm,20.975mm) from L1 TOP to L6 BOTTOM|Track (59.525mm,21.025mm)(59.725mm,21.025mm) on L6 BOTTOM"
TRACK,ROUTE_PLAN_C2_6L6A_OK.csv|R7:VREF_A,VREF_A,Bottom Layer,59.225,19.175,59.225,19.325,0.2,,,"VREF_A|Via (56.125mm,20.975mm) from L1 TOP to L6 BOTTOM|Track (59.525mm,21.025mm)(59.725mm,21.025mm) on L6 BOTTOM"
TRACK,ROUTE_PLAN_C2_6L6A_OK.csv|R7:VREF_A,VREF_A,Bottom Layer,59.225,19.325,59.275,19.325,0.2,,,"VREF_A|Via (56.125mm,20.975mm) from L1 TOP to L6 BOTTOM|Track (59.525mm,21.025mm)(59.725mm,21.025mm) on L6 BOTTOM"
TRACK,ROUTE_PLAN_C2_6L6A_OK.csv|R7:VREF_A,VREF_A,Bottom Layer,59.275,19.325,59.275,19.475,0.2,,,"VREF_A|Via (56.125mm,20.975mm) from L1 TOP to L6 BOTTOM|Track (59.525mm,21.025mm)(59.725mm,21.025mm) on L6 BOTTOM"
TRACK,ROUTE_PLAN_C2_6L6A_OK.csv|R7:VREF_A,VREF_A,Bottom Layer,59.275,19.475,59.325,19.475,0.2,,,"VREF_A|Via (56.125mm,20.975mm) from L1 TOP to L6 BOTTOM|Track (59.525mm,21.025mm)(59.725mm,21.025mm) on L6 BOTTOM"
TRACK,ROUTE_PLAN_C2_6L6A_OK.csv|R7:VREF_A,VREF_A,Bottom Layer,59.325,19.475,59.325,19.675,0.2,,,"VREF_A|Via (56.125mm,20.975mm) from L1 TOP to L6 BOTTOM|Track (59.525mm,21.025mm)(59.725mm,21.025mm) on L6 BOTTOM"
TRACK,ROUTE_PLAN_C2_6L6A_OK.csv|R7:VREF_A,VREF_A,Bottom Layer,59.325,19.675,59.425,19.775,0.2,,,"VREF_A|Via (56.125mm,20.975mm) from L1 TOP to L6 BOTTOM|Track (59.525mm,21.025mm)(59.725mm,21.025mm) on L6 BOTTOM"
VIA,ROUTE_PLAN_C2_6L6A_OK.csv|R7:VREF_A,VREF_A,Multi Layer,59.075,18.825,,,,0.6,0.3,"VREF_A|Via (56.125mm,20.975mm) from L1 TOP to L6 BOTTOM|Track (59.525mm,21.025mm)(59.725mm,21.025mm) on L6 BOTTOM"
TRACK,ROUTE_PLAN_C2_6L6A_OK.csv|R8:VOUT_5,VOUT_5,Top Layer,57.775,24.075,57.775,23.725,0.2,,,"VOUT_5|Track (56.725mm,24.525mm)(57.125mm,24.525mm) on L1 TOP|Track (59.525mm,22.475mm)(59.725mm,22.475mm) on L6 BOTTOM"
TRACK,ROUTE_PLAN_C2_6L6A_OK.csv|R8:VOUT_5,VOUT_5,Top Layer,57.775,23.725,57.925,23.575,0.2,,,"VOUT_5|Track (56.725mm,24.525mm)(57.125mm,24.525mm) on L1 TOP|Track (59.525mm,22.475mm)(59.725mm,22.475mm) on L6 BOTTOM"
VIA,ROUTE_PLAN_C2_6L6A_OK.csv|R8:VOUT_5,VOUT_5,Multi Layer,57.925,23.575,,,,0.6,0.3,"VOUT_5|Track (56.725mm,24.525mm)(57.125mm,24.525mm) on L1 TOP|Track (59.525mm,22.475mm)(59.725mm,22.475mm) on L6 BOTTOM"
TRACK,ROUTE_PLAN_C2_6L7B_OK.csv|R0:Vservo_2 VIP,Vservo_2,Top Layer,27.575,22.625,27.575,20.125,0.2,,,"Vservo_2|Pad Cservo_2-2(27.525mm,23.15mm) on L6 BOTTOM [Unplated]|Pad INA2-6(29.825mm,20.55mm) on L1 TOP"
TRACK,ROUTE_PLAN_C2_6L7B_OK.csv|R0:Vservo_2 VIP,Vservo_2,Top Layer,27.575,20.125,28.125,19.575,0.2,,,"Vservo_2|Pad Cservo_2-2(27.525mm,23.15mm) on L6 BOTTOM [Unplated]|Pad INA2-6(29.825mm,20.55mm) on L1 TOP"
TRACK,ROUTE_PLAN_C2_6L7B_OK.csv|R0:Vservo_2 VIP,Vservo_2,Top Layer,28.125,19.575,29.525,19.575,0.2,,,"Vservo_2|Pad Cservo_2-2(27.525mm,23.15mm) on L6 BOTTOM [Unplated]|Pad INA2-6(29.825mm,20.55mm) on L1 TOP"
TRACK,ROUTE_PLAN_C2_6L7B_OK.csv|R0:Vservo_2 VIP,Vservo_2,Top Layer,29.525,19.575,29.775,19.825,0.2,,,"Vservo_2|Pad Cservo_2-2(27.525mm,23.15mm) on L6 BOTTOM [Unplated]|Pad INA2-6(29.825mm,20.55mm) on L1 TOP"
TRACK,ROUTE_PLAN_C2_6L7B_OK.csv|R0:Vservo_2 VIP,Vservo_2,Top Layer,29.775,19.825,29.775,20.025,0.2,,,"Vservo_2|Pad Cservo_2-2(27.525mm,23.15mm) on L6 BOTTOM [Unplated]|Pad INA2-6(29.825mm,20.55mm) on L1 TOP"
VIA,ROUTE_PLAN_C2_6L7B_OK.csv|R0:Vservo_2 VIP,Vservo_2,Multi Layer,27.575,22.625,,,,0.6,0.3,"Vservo_2|Pad Cservo_2-2(27.525mm,23.15mm) on L6 BOTTOM [Unplated]|Pad INA2-6(29.825mm,20.55mm) on L1 TOP"
TRACK,ROUTE_PLAN_C2_6L7B_OK.csv|R102:DRL_SUM,DRL_SUM,Bottom Layer,56.225,17.425,56.425,17.625,0.15,,,"DRL_SUM|Track (57.225mm,13.125mm)(57.225mm,13.975mm) on L6 BOTTOM|Via (68.225mm,13.375mm) from L1 TOP to L6 BOTTOM"
TRACK,ROUTE_PLAN_C2_6L7B_OK.csv|R102:DRL_SUM,DRL_SUM,Mid Layer 2,56.425,17.625,57.325,18.525,0.15,,,"DRL_SUM|Track (57.225mm,13.125mm)(57.225mm,13.975mm) on L6 BOTTOM|Via (68.225mm,13.375mm) from L1 TOP to L6 BOTTOM"
TRACK,ROUTE_PLAN_C2_6L7B_OK.csv|R102:DRL_SUM,DRL_SUM,Mid Layer 2,57.325,18.525,57.325,20.975,0.15,,,"DRL_SUM|Track (57.225mm,13.125mm)(57.225mm,13.975mm) on L6 BOTTOM|Via (68.225mm,13.375mm) from L1 TOP to L6 BOTTOM"
TRACK,ROUTE_PLAN_C2_6L7B_OK.csv|R102:DRL_SUM,DRL_SUM,Mid Layer 2,57.325,20.975,60.325,23.975,0.15,,,"DRL_SUM|Track (57.225mm,13.125mm)(57.225mm,13.975mm) on L6 BOTTOM|Via (68.225mm,13.375mm) from L1 TOP to L6 BOTTOM"
TRACK,ROUTE_PLAN_C2_6L7B_OK.csv|R102:DRL_SUM,DRL_SUM,Mid Layer 2,60.325,23.975,61.225,23.975,0.15,,,"DRL_SUM|Track (57.225mm,13.125mm)(57.225mm,13.975mm) on L6 BOTTOM|Via (68.225mm,13.375mm) from L1 TOP to L6 BOTTOM"
TRACK,ROUTE_PLAN_C2_6L7B_OK.csv|R102:DRL_SUM,DRL_SUM,Mid Layer 2,61.225,23.975,63.725,21.475,0.15,,,"DRL_SUM|Track (57.225mm,13.125mm)(57.225mm,13.975mm) on L6 BOTTOM|Via (68.225mm,13.375mm) from L1 TOP to L6 BOTTOM"
TRACK,ROUTE_PLAN_C2_6L7B_OK.csv|R102:DRL_SUM,DRL_SUM,Mid Layer 2,63.725,21.475,66.725,21.475,0.15,,,"DRL_SUM|Track (57.225mm,13.125mm)(57.225mm,13.975mm) on L6 BOTTOM|Via (68.225mm,13.375mm) from L1 TOP to L6 BOTTOM"
TRACK,ROUTE_PLAN_C2_6L7B_OK.csv|R102:DRL_SUM,DRL_SUM,Mid Layer 2,66.725,21.475,67.375,20.825,0.15,,,"DRL_SUM|Track (57.225mm,13.125mm)(57.225mm,13.975mm) on L6 BOTTOM|Via (68.225mm,13.375mm) from L1 TOP to L6 BOTTOM"
VIA,ROUTE_PLAN_C2_6L7B_OK.csv|R102:DRL_SUM,DRL_SUM,Multi Layer,56.425,17.625,,,,0.45,0.2,"DRL_SUM|Track (57.225mm,13.125mm)(57.225mm,13.975mm) on L6 BOTTOM|Via (68.225mm,13.375mm) from L1 TOP to L6 BOTTOM"
TRACK,ROUTE_PLAN_C2_6L7B_OK.csv|R103:DRL_SUM,DRL_SUM,Top Layer,25.975,17.725,27.625,17.725,0.15,,,"DRL_SUM|Via (26.425mm,14.475mm) from L1 TOP to L6 BOTTOM|Via (35.525mm,13.625mm) from L1 TOP to L6 BOTTOM"
TRACK,ROUTE_PLAN_C2_6L7B_OK.csv|R103:DRL_SUM,DRL_SUM,Top Layer,27.625,17.725,27.925,18.025,0.15,,,"DRL_SUM|Via (26.425mm,14.475mm) from L1 TOP to L6 BOTTOM|Via (35.525mm,13.625mm) from L1 TOP to L6 BOTTOM"
TRACK,ROUTE_PLAN_C2_6L7B_OK.csv|R103:DRL_SUM,DRL_SUM,Top Layer,27.925,18.025,28.675,18.025,0.15,,,"DRL_SUM|Via (26.425mm,14.475mm) from L1 TOP to L6 BOTTOM|Via (35.525mm,13.625mm) from L1 TOP to L6 BOTTOM"
TRACK,ROUTE_PLAN_C2_6L7B_OK.csv|R103:DRL_SUM,DRL_SUM,Top Layer,28.675,18.025,29.125,17.575,0.15,,,"DRL_SUM|Via (26.425mm,14.475mm) from L1 TOP to L6 BOTTOM|Via (35.525mm,13.625mm) from L1 TOP to L6 BOTTOM"
TRACK,ROUTE_PLAN_C2_6L7B_OK.csv|R103:DRL_SUM,DRL_SUM,Mid Layer 2,29.125,17.575,33.475,17.575,0.15,,,"DRL_SUM|Via (26.425mm,14.475mm) from L1 TOP to L6 BOTTOM|Via (35.525mm,13.625mm) from L1 TOP to L6 BOTTOM"
TRACK,ROUTE_PLAN_C2_6L7B_OK.csv|R103:DRL_SUM,DRL_SUM,Mid Layer 2,33.475,17.575,33.575,17.675,0.15,,,"DRL_SUM|Via (26.425mm,14.475mm) from L1 TOP to L6 BOTTOM|Via (35.525mm,13.625mm) from L1 TOP to L6 BOTTOM"
TRACK,ROUTE_PLAN_C2_6L7B_OK.csv|R103:DRL_SUM,DRL_SUM,Mid Layer 2,33.575,17.675,34.125,17.675,0.15,,,"DRL_SUM|Via (26.425mm,14.475mm) from L1 TOP to L6 BOTTOM|Via (35.525mm,13.625mm) from L1 TOP to L6 BOTTOM"
VIA,ROUTE_PLAN_C2_6L7B_OK.csv|R103:DRL_SUM,DRL_SUM,Multi Layer,29.125,17.575,,,,0.45,0.2,"DRL_SUM|Via (26.425mm,14.475mm) from L1 TOP to L6 BOTTOM|Via (35.525mm,13.625mm) from L1 TOP to L6 BOTTOM"
TRACK,ROUTE_PLAN_C2_6L7B_OK.csv|R13:INA_OUT_5,INA_OUT_5,Top Layer,60.925,22.075,60.925,22.325,0.2,,,"INA_OUT_5|Pad RH_5-1(60.821mm,21.75mm) on L1 TOP|Pad CL_5-2(65.05mm,24.75mm) on L6 BOTTOM"
TRACK,ROUTE_PLAN_C2_6L7B_OK.csv|R13:INA_OUT_5,INA_OUT_5,Top Layer,60.925,22.325,61.925,23.325,0.2,,,"INA_OUT_5|Pad RH_5-1(60.821mm,21.75mm) on L1 TOP|Pad CL_5-2(65.05mm,24.75mm) on L6 BOTTOM"
TRACK,ROUTE_PLAN_C2_6L7B_OK.csv|R13:INA_OUT_5,INA_OUT_5,Top Layer,61.925,23.325,63.275,23.325,0.2,,,"INA_OUT_5|Pad RH_5-1(60.821mm,21.75mm) on L1 TOP|Pad CL_5-2(65.05mm,24.75mm) on L6 BOTTOM"
TRACK,ROUTE_PLAN_C2_6L7B_OK.csv|R13:INA_OUT_5,INA_OUT_5,Mid Layer 2,63.275,23.325,64.025,24.075,0.2,,,"INA_OUT_5|Pad RH_5-1(60.821mm,21.75mm) on L1 TOP|Pad CL_5-2(65.05mm,24.75mm) on L6 BOTTOM"
TRACK,ROUTE_PLAN_C2_6L7B_OK.csv|R13:INA_OUT_5,INA_OUT_5,Mid Layer 2,64.025,24.075,65.275,24.075,0.2,,,"INA_OUT_5|Pad RH_5-1(60.821mm,21.75mm) on L1 TOP|Pad CL_5-2(65.05mm,24.75mm) on L6 BOTTOM"
VIA,ROUTE_PLAN_C2_6L7B_OK.csv|R13:INA_OUT_5,INA_OUT_5,Multi Layer,63.275,23.325,,,,0.6,0.3,"INA_OUT_5|Pad RH_5-1(60.821mm,21.75mm) on L1 TOP|Pad CL_5-2(65.05mm,24.75mm) on L6 BOTTOM"
TRACK,ROUTE_PLAN_C2_6L7B_OK.csv|R15:INA_OUT_5,INA_OUT_5,Top Layer,60.825,21.475,60.825,21.075,0.2,,,"INA_OUT_5|Pad RH_5-1(60.821mm,21.75mm) on L1 TOP|Pad INA5-8(60.925mm,20.55mm) on L1 TOP"
TRACK,ROUTE_PLAN_C2_6L7B_OK.csv|R17:NetINA4_2,NetINA4_2,Top Layer,50.775,16.375,50.775,16.625,0.2,,,"NetINA4_2|Pad INA4-2(50.775mm,15.85mm) on L1 TOP|Pad RDD11-2(57.4mm,15mm) on L1 TOP"
TRACK,ROUTE_PLAN_C2_6L7B_OK.csv|R17:NetINA4_2,NetINA4_2,Top Layer,50.775,16.625,51.025,16.875,0.2,,,"NetINA4_2|Pad INA4-2(50.775mm,15.85mm) on L1 TOP|Pad RDD11-2(57.4mm,15mm) on L1 TOP"
TRACK,ROUTE_PLAN_C2_6L7B_OK.csv|R17:NetINA4_2,NetINA4_2,Top Layer,51.025,16.875,53.975,16.875,0.2,,,"NetINA4_2|Pad INA4-2(50.775mm,15.85mm) on L1 TOP|Pad RDD11-2(57.4mm,15mm) on L1 TOP"
TRACK,ROUTE_PLAN_C2_6L7B_OK.csv|R17:NetINA4_2,NetINA4_2,Mid Layer 2,53.975,16.875,55.625,15.225,0.2,,,"NetINA4_2|Pad INA4-2(50.775mm,15.85mm) on L1 TOP|Pad RDD11-2(57.4mm,15mm) on L1 TOP"
TRACK,ROUTE_PLAN_C2_6L7B_OK.csv|R17:NetINA4_2,NetINA4_2,Mid Layer 2,55.625,15.225,57.175,15.225,0.2,,,"NetINA4_2|Pad INA4-2(50.775mm,15.85mm) on L1 TOP|Pad RDD11-2(57.4mm,15mm) on L1 TOP"
TRACK,ROUTE_PLAN_C2_6L7B_OK.csv|R17:NetINA4_2,NetINA4_2,Mid Layer 2,57.175,15.225,57.725,15.775,0.2,,,"NetINA4_2|Pad INA4-2(50.775mm,15.85mm) on L1 TOP|Pad RDD11-2(57.4mm,15mm) on L1 TOP"
TRACK,ROUTE_PLAN_C2_6L7B_OK.csv|R17:NetINA4_2,NetINA4_2,Top Layer,57.725,15.775,57.725,15.475,0.2,,,"NetINA4_2|Pad INA4-2(50.775mm,15.85mm) on L1 TOP|Pad RDD11-2(57.4mm,15mm) on L1 TOP"
TRACK,ROUTE_PLAN_C2_6L7B_OK.csv|R17:NetINA4_2,NetINA4_2,Top Layer,57.725,15.475,57.525,15.275,0.2,,,"NetINA4_2|Pad INA4-2(50.775mm,15.85mm) on L1 TOP|Pad RDD11-2(57.4mm,15mm) on L1 TOP"
VIA,ROUTE_PLAN_C2_6L7B_OK.csv|R17:NetINA4_2,NetINA4_2,Multi Layer,53.975,16.875,,,,0.6,0.3,"NetINA4_2|Pad INA4-2(50.775mm,15.85mm) on L1 TOP|Pad RDD11-2(57.4mm,15mm) on L1 TOP"
VIA,ROUTE_PLAN_C2_6L7B_OK.csv|R17:NetINA4_2,NetINA4_2,Multi Layer,57.725,15.775,,,,0.6,0.3,"NetINA4_2|Pad INA4-2(50.775mm,15.85mm) on L1 TOP|Pad RDD11-2(57.4mm,15mm) on L1 TOP"
TRACK,ROUTE_PLAN_C2_6L7B_OK.csv|R18:NetINA5_7,NetINA5_7,Top Layer,61.575,21.075,61.575,21.275,0.2,,,"NetINA5_7|Pad INA5-7(61.575mm,20.55mm) on L1 TOP|Track (62.075mm,22.075mm)(62.575mm,22.075mm) on L1 TOP"
TRACK,ROUTE_PLAN_C2_6L7B_OK.csv|R18:NetINA5_7,NetINA5_7,Top Layer,61.575,21.275,61.625,21.325,0.2,,,"NetINA5_7|Pad INA5-7(61.575mm,20.55mm) on L1 TOP|Track (62.075mm,22.075mm)(62.575mm,22.075mm) on L1 TOP"
TRACK,ROUTE_PLAN_C2_6L7B_OK.csv|R18:NetINA5_7,NetINA5_7,Top Layer,61.625,21.325,61.625,21.475,0.2,,,"NetINA5_7|Pad INA5-7(61.575mm,20.55mm) on L1 TOP|Track (62.075mm,22.075mm)(62.575mm,22.075mm) on L1 TOP"
TRACK,ROUTE_PLAN_C2_6L7B_OK.csv|R19:NetINA2_7,NetINA2_7,Top Layer,29.175,21.075,29.175,21.275,0.2,,,"NetINA2_7|Pad INA2-7(29.175mm,20.55mm) on L1 TOP|Track (29.675mm,22.075mm)(30.175mm,22.075mm) on L1 TOP"
TRACK,ROUTE_PLAN_C2_6L7B_OK.csv|R19:NetINA2_7,NetINA2_7,Top Layer,29.175,21.275,29.225,21.325,0.2,,,"NetINA2_7|Pad INA2-7(29.175mm,20.55mm) on L1 TOP|Track (29.675mm,22.075mm)(30.175mm,22.075mm) on L1 TOP"
TRACK,ROUTE_PLAN_C2_6L7B_OK.csv|R19:NetINA2_7,NetINA2_7,Top Layer,29.225,21.325,29.225,21.475,0.2,,,"NetINA2_7|Pad INA2-7(29.175mm,20.55mm) on L1 TOP|Track (29.675mm,22.075mm)(30.175mm,22.075mm) on L1 TOP"
TRACK,ROUTE_PLAN_C2_6L7B_OK.csv|R20:NetINA4_7,NetINA4_7,Top Layer,50.775,21.075,50.775,21.325,0.2,,,"NetINA4_7|Pad INA4-7(50.775mm,20.55mm) on L1 TOP|Pad RL_4-1(51.8mm,21.7mm) on L1 TOP"
TRACK,ROUTE_PLAN_C2_6L7B_OK.csv|R20:NetINA4_7,NetINA4_7,Top Layer,50.775,21.325,51.025,21.575,0.2,,,"NetINA4_7|Pad INA4-7(50.775mm,20.55mm) on L1 TOP|Pad RL_4-1(51.8mm,21.7mm) on L1 TOP"
TRACK,ROUTE_PLAN_C2_6L7B_OK.csv|R20:NetINA4_7,NetINA4_7,Top Layer,51.025,21.575,51.575,21.575,0.2,,,"NetINA4_7|Pad INA4-7(50.775mm,20.55mm) on L1 TOP|Pad RL_4-1(51.8mm,21.7mm) on L1 TOP"
TRACK,ROUTE_PLAN_C2_6L7B_OK.csv|R21:NetINA2_2,NetINA2_2,Top Layer,29.175,16.375,29.175,16.625,0.2,,,"NetINA2_2|Pad INA2-2(29.175mm,15.85mm) on L1 TOP|Pad RDD5-2(35.8mm,15mm) on L1 TOP"
TRACK,ROUTE_PLAN_C2_6L7B_OK.csv|R21:NetINA2_2,NetINA2_2,Top Layer,29.175,16.625,31.425,18.875,0.2,,,"NetINA2_2|Pad INA2-2(29.175mm,15.85mm) on L1 TOP|Pad RDD5-2(35.8mm,15mm) on L1 TOP"
TRACK,ROUTE_PLAN_C2_6L7B_OK.csv|R21:NetINA2_2,NetINA2_2,Top Layer,31.425,18.875,33.875,18.875,0.2,,,"NetINA2_2|Pad INA2-2(29.175mm,15.85mm) on L1 TOP|Pad RDD5-2(35.8mm,15mm) on L1 TOP"
TRACK,ROUTE_PLAN_C2_6L7B_OK.csv|R21:NetINA2_2,NetINA2_2,Top Layer,33.875,18.875,34.325,19.325,0.2,,,"NetINA2_2|Pad INA2-2(29.175mm,15.85mm) on L1 TOP|Pad RDD5-2(35.8mm,15mm) on L1 TOP"
TRACK,ROUTE_PLAN_C2_6L7B_OK.csv|R21:NetINA2_2,NetINA2_2,Top Layer,34.325,19.325,36.575,19.325,0.2,,,"NetINA2_2|Pad INA2-2(29.175mm,15.85mm) on L1 TOP|Pad RDD5-2(35.8mm,15mm) on L1 TOP"
TRACK,ROUTE_PLAN_C2_6L7B_OK.csv|R21:NetINA2_2,NetINA2_2,Top Layer,36.575,19.325,37.175,18.725,0.2,,,"NetINA2_2|Pad INA2-2(29.175mm,15.85mm) on L1 TOP|Pad RDD5-2(35.8mm,15mm) on L1 TOP"
TRACK,ROUTE_PLAN_C2_6L7B_OK.csv|R21:NetINA2_2,NetINA2_2,Mid Layer 2,37.175,18.725,37.075,18.725,0.2,,,"NetINA2_2|Pad INA2-2(29.175mm,15.85mm) on L1 TOP|Pad RDD5-2(35.8mm,15mm) on L1 TOP"
TRACK,ROUTE_PLAN_C2_6L7B_OK.csv|R21:NetINA2_2,NetINA2_2,Mid Layer 2,37.075,18.725,36.225,17.875,0.2,,,"NetINA2_2|Pad INA2-2(29.175mm,15.85mm) on L1 TOP|Pad RDD5-2(35.8mm,15mm) on L1 TOP"
TRACK,ROUTE_PLAN_C2_6L7B_OK.csv|R21:NetINA2_2,NetINA2_2,Mid Layer 2,36.225,17.875,36.225,15.975,0.2,,,"NetINA2_2|Pad INA2-2(29.175mm,15.85mm) on L1 TOP|Pad RDD5-2(35.8mm,15mm) on L1 TOP"
TRACK,ROUTE_PLAN_C2_6L7B_OK.csv|R21:NetINA2_2,NetINA2_2,Top Layer,36.225,15.975,36.225,15.575,0.2,,,"NetINA2_2|Pad INA2-2(29.175mm,15.85mm) on L1 TOP|Pad RDD5-2(35.8mm,15mm) on L1 TOP"
TRACK,ROUTE_PLAN_C2_6L7B_OK.csv|R21:NetINA2_2,NetINA2_2,Top Layer,36.225,15.575,35.925,15.275,0.2,,,"NetINA2_2|Pad INA2-2(29.175mm,15.85mm) on L1 TOP|Pad RDD5-2(35.8mm,15mm) on L1 TOP"
VIA,ROUTE_PLAN_C2_6L7B_OK.csv|R21:NetINA2_2,NetINA2_2,Multi Layer,37.175,18.725,,,,0.6,0.3,"NetINA2_2|Pad INA2-2(29.175mm,15.85mm) on L1 TOP|Pad RDD5-2(35.8mm,15mm) on L1 TOP"
VIA,ROUTE_PLAN_C2_6L7B_OK.csv|R21:NetINA2_2,NetINA2_2,Multi Layer,36.225,15.975,,,,0.6,0.3,"NetINA2_2|Pad INA2-2(29.175mm,15.85mm) on L1 TOP|Pad RDD5-2(35.8mm,15mm) on L1 TOP"
TRACK,ROUTE_PLAN_C2_6L7B_OK.csv|R24:NetINA4_7,NetINA4_7,Top Layer,50.075,21.575,50.475,21.575,0.2,,,"NetINA4_7|Pad RH_4-2(49.779mm,21.75mm) on L1 TOP|Pad RL_4-1(51.8mm,21.7mm) on L1 TOP"
TRACK,ROUTE_PLAN_C2_6L7B_OK.csv|R24:NetINA4_7,NetINA4_7,Top Layer,50.475,21.575,50.675,21.375,0.2,,,"NetINA4_7|Pad RH_4-2(49.779mm,21.75mm) on L1 TOP|Pad RL_4-1(51.8mm,21.7mm) on L1 TOP"
TRACK,ROUTE_PLAN_C2_6L7B_OK.csv|R27:NetINA3_7,NetINA3_7,Top Layer,39.975,21.075,39.975,21.275,0.2,,,"NetINA3_7|Pad INA3-7(39.975mm,20.55mm) on L1 TOP|Track (40.475mm,22.075mm)(40.975mm,22.075mm) on L1 TOP"
TRACK,ROUTE_PLAN_C2_6L7B_OK.csv|R27:NetINA3_7,NetINA3_7,Top Layer,39.975,21.275,40.025,21.325,0.2,,,"NetINA3_7|Pad INA3-7(39.975mm,20.55mm) on L1 TOP|Track (40.475mm,22.075mm)(40.975mm,22.075mm) on L1 TOP"
TRACK,ROUTE_PLAN_C2_6L7B_OK.csv|R27:NetINA3_7,NetINA3_7,Top Layer,40.025,21.325,40.025,21.475,0.2,,,"NetINA3_7|Pad INA3-7(39.975mm,20.55mm) on L1 TOP|Track (40.475mm,22.075mm)(40.975mm,22.075mm) on L1 TOP"
TRACK,ROUTE_PLAN_C2_6L7B_OK.csv|R2:Vservo_4,Vservo_4,Bottom Layer,49.275,22.375,49.275,20.775,0.2,,,"Vservo_4|Pad Cservo_4-2(49.125mm,23.15mm) on L6 BOTTOM [Unplated]|Pad INA4-6(51.425mm,20.55mm) on L1 TOP"
TRACK,ROUTE_PLAN_C2_6L7B_OK.csv|R2:Vservo_4,Vservo_4,Top Layer,49.275,20.775,49.475,20.575,0.2,,,"Vservo_4|Pad Cservo_4-2(49.125mm,23.15mm) on L6 BOTTOM [Unplated]|Pad INA4-6(51.425mm,20.55mm) on L1 TOP"
TRACK,ROUTE_PLAN_C2_6L7B_OK.csv|R2:Vservo_4,Vservo_4,Top Layer,49.475,20.575,49.475,19.825,0.2,,,"Vservo_4|Pad Cservo_4-2(49.125mm,23.15mm) on L6 BOTTOM [Unplated]|Pad INA4-6(51.425mm,20.55mm) on L1 TOP"
TRACK,ROUTE_PLAN_C2_6L7B_OK.csv|R2:Vservo_4,Vservo_4,Top Layer,49.475,19.825,49.725,19.575,0.2,,,"Vservo_4|Pad Cservo_4-2(49.125mm,23.15mm) on L6 BOTTOM [Unplated]|Pad INA4-6(51.425mm,20.55mm) on L1 TOP"
TRACK,ROUTE_PLAN_C2_6L7B_OK.csv|R2:Vservo_4,Vservo_4,Top Layer,49.725,19.575,51.125,19.575,0.2,,,"Vservo_4|Pad Cservo_4-2(49.125mm,23.15mm) on L6 BOTTOM [Unplated]|Pad INA4-6(51.425mm,20.55mm) on L1 TOP"
TRACK,ROUTE_PLAN_C2_6L7B_OK.csv|R2:Vservo_4,Vservo_4,Top Layer,51.125,19.575,51.375,19.825,0.2,,,"Vservo_4|Pad Cservo_4-2(49.125mm,23.15mm) on L6 BOTTOM [Unplated]|Pad INA4-6(51.425mm,20.55mm) on L1 TOP"
TRACK,ROUTE_PLAN_C2_6L7B_OK.csv|R2:Vservo_4,Vservo_4,Top Layer,51.375,19.825,51.375,20.025,0.2,,,"Vservo_4|Pad Cservo_4-2(49.125mm,23.15mm) on L6 BOTTOM [Unplated]|Pad INA4-6(51.425mm,20.55mm) on L1 TOP"
VIA,ROUTE_PLAN_C2_6L7B_OK.csv|R2:Vservo_4,Vservo_4,Multi Layer,49.275,20.775,,,,0.6,0.3,"Vservo_4|Pad Cservo_4-2(49.125mm,23.15mm) on L6 BOTTOM [Unplated]|Pad INA4-6(51.425mm,20.55mm) on L1 TOP"
TRACK,ROUTE_PLAN_C2_6L7B_OK.csv|R32:NetCservo_3_1,NetCservo_3_1,Bottom Layer,39.775,19.075,40.575,19.075,0.2,,,"NetCservo_3_1|Pad U2-13(38.95mm,19.1mm) on L6 BOTTOM|Pad Cservo_3-1(41.725mm,17.65mm) on L6 BOTTOM [Unplated]"
TRACK,ROUTE_PLAN_C2_6L7B_OK.csv|R32:NetCservo_3_1,NetCservo_3_1,Bottom Layer,40.575,19.075,41.225,18.425,0.2,,,"NetCservo_3_1|Pad U2-13(38.95mm,19.1mm) on L6 BOTTOM|Pad Cservo_3-1(41.725mm,17.65mm) on L6 BOTTOM [Unplated]"
TRACK,ROUTE_PLAN_C2_6L7B_OK.csv|R33:NetCL_2_1,NetCL_2_1,Bottom Layer,29.075,19.125,29.225,19.125,0.2,,,"NetCL_2_1|Pad RGN_2-1(28.8mm,19.35mm) on L6 BOTTOM|Pad CL_2-1(30.65mm,16.05mm) on L6 BOTTOM"
TRACK,ROUTE_PLAN_C2_6L7B_OK.csv|R33:NetCL_2_1,NetCL_2_1,Bottom Layer,29.225,19.125,29.825,18.525,0.2,,,"NetCL_2_1|Pad RGN_2-1(28.8mm,19.35mm) on L6 BOTTOM|Pad CL_2-1(30.65mm,16.05mm) on L6 BOTTOM"
TRACK,ROUTE_PLAN_C2_6L7B_OK.csv|R33:NetCL_2_1,NetCL_2_1,Bottom Layer,29.825,18.525,29.825,16.975,0.2,,,"NetCL_2_1|Pad RGN_2-1(28.8mm,19.35mm) on L6 BOTTOM|Pad CL_2-1(30.65mm,16.05mm) on L6 BOTTOM"
TRACK,ROUTE_PLAN_C2_6L7B_OK.csv|R33:NetCL_2_1,NetCL_2_1,Bottom Layer,29.825,16.975,30.025,16.775,0.2,,,"NetCL_2_1|Pad RGN_2-1(28.8mm,19.35mm) on L6 BOTTOM|Pad CL_2-1(30.65mm,16.05mm) on L6 BOTTOM"
TRACK,ROUTE_PLAN_C2_6L7B_OK.csv|R34:NetCL_4_1,NetCL_4_1,Bottom Layer,50.675,19.125,50.825,19.125,0.2,,,"NetCL_4_1|Pad RGN_4-1(50.4mm,19.35mm) on L6 BOTTOM|Pad CL_4-1(52.25mm,16.05mm) on L6 BOTTOM"
TRACK,ROUTE_PLAN_C2_6L7B_OK.csv|R34:NetCL_4_1,NetCL_4_1,Bottom Layer,50.825,19.125,51.425,18.525,0.2,,,"NetCL_4_1|Pad RGN_4-1(50.4mm,19.35mm) on L6 BOTTOM|Pad CL_4-1(52.25mm,16.05mm) on L6 BOTTOM"
TRACK,ROUTE_PLAN_C2_6L7B_OK.csv|R34:NetCL_4_1,NetCL_4_1,Bottom Layer,51.425,18.525,51.425,16.975,0.2,,,"NetCL_4_1|Pad RGN_4-1(50.4mm,19.35mm) on L6 BOTTOM|Pad CL_4-1(52.25mm,16.05mm) on L6 BOTTOM"
TRACK,ROUTE_PLAN_C2_6L7B_OK.csv|R34:NetCL_4_1,NetCL_4_1,Bottom Layer,51.425,16.975,51.625,16.775,0.2,,,"NetCL_4_1|Pad RGN_4-1(50.4mm,19.35mm) on L6 BOTTOM|Pad CL_4-1(52.25mm,16.05mm) on L6 BOTTOM"
TRACK,ROUTE_PLAN_C2_6L7B_OK.csv|R35:NetCH_5_2,NetCH_5_2,Bottom Layer,63.475,21.475,64.725,21.475,0.2,,,"NetCH_5_2|Pad CH_5-2(63.2mm,21.518mm) on L6 BOTTOM|Pad RGN_5-2(65mm,21.45mm) on L6 BOTTOM"
TRACK,ROUTE_PLAN_C2_6L7B_OK.csv|R36:NetCH_2_2,NetCH_2_2,Bottom Layer,30.875,18.175,30.875,18.075,0.2,,,"NetCH_2_2|Pad CH_2-2(30.6mm,18.418mm) on L6 BOTTOM|Track (32.075mm,19.125mm)(32.425mm,19.125mm) on L6 BOTTOM"
TRACK,ROUTE_PLAN_C2_6L7B_OK.csv|R36:NetCH_2_2,NetCH_2_2,Bottom Layer,30.875,18.075,31.275,17.675,0.2,,,"NetCH_2_2|Pad CH_2-2(30.6mm,18.418mm) on L6 BOTTOM|Track (32.075mm,19.125mm)(32.425mm,19.125mm) on L6 BOTTOM"
TRACK,ROUTE_PLAN_C2_6L7B_OK.csv|R36:NetCH_2_2,NetCH_2_2,Bottom Layer,31.275,17.675,33.725,17.675,0.2,,,"NetCH_2_2|Pad CH_2-2(30.6mm,18.418mm) on L6 BOTTOM|Track (32.075mm,19.125mm)(32.425mm,19.125mm) on L6 BOTTOM"
TRACK,ROUTE_PLAN_C2_6L7B_OK.csv|R36:NetCH_2_2,NetCH_2_2,Bottom Layer,33.725,17.675,33.925,17.875,0.2,,,"NetCH_2_2|Pad CH_2-2(30.6mm,18.418mm) on L6 BOTTOM|Track (32.075mm,19.125mm)(32.425mm,19.125mm) on L6 BOTTOM"
TRACK,ROUTE_PLAN_C2_6L7B_OK.csv|R36:NetCH_2_2,NetCH_2_2,Bottom Layer,33.925,17.875,34.225,17.875,0.2,,,"NetCH_2_2|Pad CH_2-2(30.6mm,18.418mm) on L6 BOTTOM|Track (32.075mm,19.125mm)(32.425mm,19.125mm) on L6 BOTTOM"
TRACK,ROUTE_PLAN_C2_6L7B_OK.csv|R36:NetCH_2_2,NetCH_2_2,Bottom Layer,34.225,17.875,34.525,18.175,0.2,,,"NetCH_2_2|Pad CH_2-2(30.6mm,18.418mm) on L6 BOTTOM|Track (32.075mm,19.125mm)(32.425mm,19.125mm) on L6 BOTTOM"
TRACK,ROUTE_PLAN_C2_6L7B_OK.csv|R36:NetCH_2_2,NetCH_2_2,Bottom Layer,34.525,18.175,34.525,18.775,0.2,,,"NetCH_2_2|Pad CH_2-2(30.6mm,18.418mm) on L6 BOTTOM|Track (32.075mm,19.125mm)(32.425mm,19.125mm) on L6 BOTTOM"
TRACK,ROUTE_PLAN_C2_6L7B_OK.csv|R36:NetCH_2_2,NetCH_2_2,Bottom Layer,34.525,18.775,34.225,19.075,0.2,,,"NetCH_2_2|Pad CH_2-2(30.6mm,18.418mm) on L6 BOTTOM|Track (32.075mm,19.125mm)(32.425mm,19.125mm) on L6 BOTTOM"
TRACK,ROUTE_PLAN_C2_6L7B_OK.csv|R36:NetCH_2_2,NetCH_2_2,Bottom Layer,34.225,19.075,34.075,19.075,0.2,,,"NetCH_2_2|Pad CH_2-2(30.6mm,18.418mm) on L6 BOTTOM|Track (32.075mm,19.125mm)(32.425mm,19.125mm) on L6 BOTTOM"
TRACK,ROUTE_PLAN_C2_6L7B_OK.csv|R37:NetCH_5_2,NetCH_5_2,Top Layer,59.425,21.975,60.675,23.225,0.2,,,"NetCH_5_2|Track (59.225mm,21.775mm)(59.725mm,21.775mm) on L6 BOTTOM|Pad RG_5-1(62mm,22.45mm) on L6 BOTTOM"
TRACK,ROUTE_PLAN_C2_6L7B_OK.csv|R37:NetCH_5_2,NetCH_5_2,Bottom Layer,60.675,23.225,61.275,23.225,0.2,,,"NetCH_5_2|Track (59.225mm,21.775mm)(59.725mm,21.775mm) on L6 BOTTOM|Pad RG_5-1(62mm,22.45mm) on L6 BOTTOM"
TRACK,ROUTE_PLAN_C2_6L7B_OK.csv|R37:NetCH_5_2,NetCH_5_2,Bottom Layer,61.275,23.225,61.825,22.675,0.2,,,"NetCH_5_2|Track (59.225mm,21.775mm)(59.725mm,21.775mm) on L6 BOTTOM|Pad RG_5-1(62mm,22.45mm) on L6 BOTTOM"
VIA,ROUTE_PLAN_C2_6L7B_OK.csv|R37:NetCH_5_2,NetCH_5_2,Multi Layer,60.675,23.225,,,,0.6,0.3,"NetCH_5_2|Track (59.225mm,21.775mm)(59.725mm,21.775mm) on L6 BOTTOM|Pad RG_5-1(62mm,22.45mm) on L6 BOTTOM"
TRACK,ROUTE_PLAN_C2_6L7B_OK.csv|R38:NetCH_4_2 VIP,NetCH_4_2,Top Layer,50.425,18.375,51.425,18.375,0.2,,,"NetCH_4_2|Pad RGN_4-2(50.4mm,18.35mm) on L6 BOTTOM|Pad CH_4-2(52.2mm,18.418mm) on L6 BOTTOM"
TRACK,ROUTE_PLAN_C2_6L7B_OK.csv|R38:NetCH_4_2 VIP,NetCH_4_2,Top Layer,51.425,18.375,52.125,17.675,0.2,,,"NetCH_4_2|Pad RGN_4-2(50.4mm,18.35mm) on L6 BOTTOM|Pad CH_4-2(52.2mm,18.418mm) on L6 BOTTOM"
TRACK,ROUTE_PLAN_C2_6L7B_OK.csv|R38:NetCH_4_2 VIP,NetCH_4_2,Bottom Layer,52.125,17.675,52.125,18.175,0.2,,,"NetCH_4_2|Pad RGN_4-2(50.4mm,18.35mm) on L6 BOTTOM|Pad CH_4-2(52.2mm,18.418mm) on L6 BOTTOM"
VIA,ROUTE_PLAN_C2_6L7B_OK.csv|R38:NetCH_4_2 VIP,NetCH_4_2,Multi Layer,50.425,18.375,,,,0.6,0.3,"NetCH_4_2|Pad RGN_4-2(50.4mm,18.35mm) on L6 BOTTOM|Pad CH_4-2(52.2mm,18.418mm) on L6 BOTTOM"
VIA,ROUTE_PLAN_C2_6L7B_OK.csv|R38:NetCH_4_2 VIP,NetCH_4_2,Multi Layer,52.125,17.675,,,,0.6,0.3,"NetCH_4_2|Pad RGN_4-2(50.4mm,18.35mm) on L6 BOTTOM|Pad CH_4-2(52.2mm,18.418mm) on L6 BOTTOM"
TRACK,ROUTE_PLAN_C2_6L7B_OK.csv|R39:NetCH_4_2,NetCH_4_2,Top Layer,52.375,17.825,53.425,18.875,0.2,,,"NetCH_4_2|Pad CH_4-2(52.2mm,18.418mm) on L6 BOTTOM|Track (53.675mm,19.125mm)(54.025mm,19.125mm) on L6 BOTTOM"
TRACK,ROUTE_PLAN_C2_6L7B_OK.csv|R39:NetCH_4_2,NetCH_4_2,Top Layer,53.425,18.875,55.475,18.875,0.2,,,"NetCH_4_2|Pad CH_4-2(52.2mm,18.418mm) on L6 BOTTOM|Track (53.675mm,19.125mm)(54.025mm,19.125mm) on L6 BOTTOM"
TRACK,ROUTE_PLAN_C2_6L7B_OK.csv|R39:NetCH_4_2,NetCH_4_2,Top Layer,55.475,18.875,56.125,19.525,0.2,,,"NetCH_4_2|Pad CH_4-2(52.2mm,18.418mm) on L6 BOTTOM|Track (53.675mm,19.125mm)(54.025mm,19.125mm) on L6 BOTTOM"
TRACK,ROUTE_PLAN_C2_6L7B_OK.csv|R39:NetCH_4_2,NetCH_4_2,Top Layer,56.125,19.525,56.525,19.525,0.2,,,"NetCH_4_2|Pad CH_4-2(52.2mm,18.418mm) on L6 BOTTOM|Track (53.675mm,19.125mm)(54.025mm,19.125mm) on L6 BOTTOM"
TRACK,ROUTE_PLAN_C2_6L7B_OK.csv|R39:NetCH_4_2,NetCH_4_2,Bottom Layer,56.525,19.525,56.275,19.525,0.2,,,"NetCH_4_2|Pad CH_4-2(52.2mm,18.418mm) on L6 BOTTOM|Track (53.675mm,19.125mm)(54.025mm,19.125mm) on L6 BOTTOM"
TRACK,ROUTE_PLAN_C2_6L7B_OK.csv|R39:NetCH_4_2,NetCH_4_2,Bottom Layer,56.275,19.525,55.925,19.175,0.2,,,"NetCH_4_2|Pad CH_4-2(52.2mm,18.418mm) on L6 BOTTOM|Track (53.675mm,19.125mm)(54.025mm,19.125mm) on L6 BOTTOM"
TRACK,ROUTE_PLAN_C2_6L7B_OK.csv|R39:NetCH_4_2,NetCH_4_2,Bottom Layer,55.925,19.175,55.675,19.175,0.2,,,"NetCH_4_2|Pad CH_4-2(52.2mm,18.418mm) on L6 BOTTOM|Track (53.675mm,19.125mm)(54.025mm,19.125mm) on L6 BOTTOM"
VIA,ROUTE_PLAN_C2_6L7B_OK.csv|R39:NetCH_4_2,NetCH_4_2,Multi Layer,56.525,19.525,,,,0.6,0.3,"NetCH_4_2|Pad CH_4-2(52.2mm,18.418mm) on L6 BOTTOM|Track (53.675mm,19.125mm)(54.025mm,19.125mm) on L6 BOTTOM"
TRACK,ROUTE_PLAN_C2_6L7B_OK.csv|R3:Vservo_2,Vservo_2,Mid Layer 2,27.825,22.775,32.025,22.775,0.2,,,"Vservo_2|Pad INA2-6(29.825mm,20.55mm) on L1 TOP|Pad U2-7(33.25mm,22.35mm) on L6 BOTTOM"
TRACK,ROUTE_PLAN_C2_6L7B_OK.csv|R3:Vservo_2,Vservo_2,Mid Layer 2,32.025,22.775,32.175,22.925,0.2,,,"Vservo_2|Pad INA2-6(29.825mm,20.55mm) on L1 TOP|Pad U2-7(33.25mm,22.35mm) on L6 BOTTOM"
TRACK,ROUTE_PLAN_C2_6L7B_OK.csv|R3:Vservo_2,Vservo_2,Bottom Layer,32.175,22.925,32.575,22.525,0.2,,,"Vservo_2|Pad INA2-6(29.825mm,20.55mm) on L1 TOP|Pad U2-7(33.25mm,22.35mm) on L6 BOTTOM"
VIA,ROUTE_PLAN_C2_6L7B_OK.csv|R3:Vservo_2,Vservo_2,Multi Layer,32.175,22.925,,,,0.6,0.3,"Vservo_2|Pad INA2-6(29.825mm,20.55mm) on L1 TOP|Pad U2-7(33.25mm,22.35mm) on L6 BOTTOM"
TRACK,ROUTE_PLAN_C2_6L7B_OK.csv|R40:NetCH_2_2,NetCH_2_2,Bottom Layer,28.525,18.575,28.375,18.575,0.2,,,"NetCH_2_2|Pad RGN_2-2(28.8mm,18.35mm) on L6 BOTTOM|Pad CH_2-2(30.6mm,18.418mm) on L6 BOTTOM"
TRACK,ROUTE_PLAN_C2_6L7B_OK.csv|R40:NetCH_2_2,NetCH_2_2,Bottom Layer,28.375,18.575,28.025,18.925,0.2,,,"NetCH_2_2|Pad RGN_2-2(28.8mm,18.35mm) on L6 BOTTOM|Pad CH_2-2(30.6mm,18.418mm) on L6 BOTTOM"
TRACK,ROUTE_PLAN_C2_6L7B_OK.csv|R40:NetCH_2_2,NetCH_2_2,Bottom Layer,28.025,18.925,28.025,19.825,0.2,,,"NetCH_2_2|Pad RGN_2-2(28.8mm,18.35mm) on L6 BOTTOM|Pad CH_2-2(30.6mm,18.418mm) on L6 BOTTOM"
TRACK,ROUTE_PLAN_C2_6L7B_OK.csv|R40:NetCH_2_2,NetCH_2_2,Bottom Layer,28.025,19.825,28.275,20.075,0.2,,,"NetCH_2_2|Pad RGN_2-2(28.8mm,18.35mm) on L6 BOTTOM|Pad CH_2-2(30.6mm,18.418mm) on L6 BOTTOM"
TRACK,ROUTE_PLAN_C2_6L7B_OK.csv|R40:NetCH_2_2,NetCH_2_2,Bottom Layer,28.275,20.075,31.025,20.075,0.2,,,"NetCH_2_2|Pad RGN_2-2(28.8mm,18.35mm) on L6 BOTTOM|Pad CH_2-2(30.6mm,18.418mm) on L6 BOTTOM"
TRACK,ROUTE_PLAN_C2_6L7B_OK.csv|R40:NetCH_2_2,NetCH_2_2,Bottom Layer,31.025,20.075,31.525,19.575,0.2,,,"NetCH_2_2|Pad RGN_2-2(28.8mm,18.35mm) on L6 BOTTOM|Pad CH_2-2(30.6mm,18.418mm) on L6 BOTTOM"
TRACK,ROUTE_PLAN_C2_6L7B_OK.csv|R41:NetCH_5_2,NetCH_5_2,Mid Layer 2,60.775,22.975,63.175,20.575,0.2,,,"NetCH_5_2|Pad RG_5-1(62mm,22.45mm) on L6 BOTTOM|Pad CH_5-2(63.2mm,21.518mm) on L6 BOTTOM"
TRACK,ROUTE_PLAN_C2_6L7B_OK.csv|R41:NetCH_5_2,NetCH_5_2,Mid Layer 2,63.175,20.575,63.175,19.425,0.2,,,"NetCH_5_2|Pad RG_5-1(62mm,22.45mm) on L6 BOTTOM|Pad CH_5-2(63.2mm,21.518mm) on L6 BOTTOM"
TRACK,ROUTE_PLAN_C2_6L7B_OK.csv|R41:NetCH_5_2,NetCH_5_2,Bottom Layer,63.175,19.425,63.175,21.275,0.2,,,"NetCH_5_2|Pad RG_5-1(62mm,22.45mm) on L6 BOTTOM|Pad CH_5-2(63.2mm,21.518mm) on L6 BOTTOM"
VIA,ROUTE_PLAN_C2_6L7B_OK.csv|R41:NetCH_5_2,NetCH_5_2,Multi Layer,63.175,19.425,,,,0.6,0.3,"NetCH_5_2|Pad RG_5-1(62mm,22.45mm) on L6 BOTTOM|Pad CH_5-2(63.2mm,21.518mm) on L6 BOTTOM"
TRACK,ROUTE_PLAN_C2_6L7B_OK.csv|R43:VOUT_4,VOUT_4,Top Layer,47.975,24.125,47.975,20.775,0.2,,,"VOUT_4|Track (49.275mm,24.875mm)(49.275mm,25.125mm) on L1 TOP|Pad CH_4-1(52.2mm,19.282mm) on L6 BOTTOM"
TRACK,ROUTE_PLAN_C2_6L7B_OK.csv|R43:VOUT_4,VOUT_4,Top Layer,47.975,20.775,48.725,20.025,0.2,,,"VOUT_4|Track (49.275mm,24.875mm)(49.275mm,25.125mm) on L1 TOP|Pad CH_4-1(52.2mm,19.282mm) on L6 BOTTOM"
TRACK,ROUTE_PLAN_C2_6L7B_OK.csv|R43:VOUT_4,VOUT_4,Bottom Layer,48.725,20.025,49.925,20.025,0.2,,,"VOUT_4|Track (49.275mm,24.875mm)(49.275mm,25.125mm) on L1 TOP|Pad CH_4-1(52.2mm,19.282mm) on L6 BOTTOM"
TRACK,ROUTE_PLAN_C2_6L7B_OK.csv|R43:VOUT_4,VOUT_4,Bottom Layer,49.925,20.025,49.975,20.075,0.2,,,"VOUT_4|Track (49.275mm,24.875mm)(49.275mm,25.125mm) on L1 TOP|Pad CH_4-1(52.2mm,19.282mm) on L6 BOTTOM"
TRACK,ROUTE_PLAN_C2_6L7B_OK.csv|R43:VOUT_4,VOUT_4,Bottom Layer,49.975,20.075,51.375,20.075,0.2,,,"VOUT_4|Track (49.275mm,24.875mm)(49.275mm,25.125mm) on L1 TOP|Pad CH_4-1(52.2mm,19.282mm) on L6 BOTTOM"
TRACK,ROUTE_PLAN_C2_6L7B_OK.csv|R43:VOUT_4,VOUT_4,Bottom Layer,51.375,20.075,51.925,19.525,0.2,,,"VOUT_4|Track (49.275mm,24.875mm)(49.275mm,25.125mm) on L1 TOP|Pad CH_4-1(52.2mm,19.282mm) on L6 BOTTOM"
VIA,ROUTE_PLAN_C2_6L7B_OK.csv|R43:VOUT_4,VOUT_4,Multi Layer,48.725,20.025,,,,0.6,0.3,"VOUT_4|Track (49.275mm,24.875mm)(49.275mm,25.125mm) on L1 TOP|Pad CH_4-1(52.2mm,19.282mm) on L6 BOTTOM"
TRACK,ROUTE_PLAN_C2_6L7B_OK.csv|R44:VOUT_3,VOUT_3,Bottom Layer,38.125,22.475,37.875,22.475,0.2,,,"VOUT_3|Pad U2-8(38.95mm,22.35mm) on L6 BOTTOM|Pad RG_3-2(40.4mm,21.45mm) on L6 BOTTOM"
TRACK,ROUTE_PLAN_C2_6L7B_OK.csv|R44:VOUT_3,VOUT_3,Bottom Layer,37.875,22.475,37.025,23.325,0.2,,,"VOUT_3|Pad U2-8(38.95mm,22.35mm) on L6 BOTTOM|Pad RG_3-2(40.4mm,21.45mm) on L6 BOTTOM"
TRACK,ROUTE_PLAN_C2_6L7B_OK.csv|R44:VOUT_3,VOUT_3,Bottom Layer,37.025,23.325,35.175,23.325,0.2,,,"VOUT_3|Pad U2-8(38.95mm,22.35mm) on L6 BOTTOM|Pad RG_3-2(40.4mm,21.45mm) on L6 BOTTOM"
TRACK,ROUTE_PLAN_C2_6L7B_OK.csv|R44:VOUT_3,VOUT_3,Mid Layer 2,35.175,23.325,34.825,23.325,0.2,,,"VOUT_3|Pad U2-8(38.95mm,22.35mm) on L6 BOTTOM|Pad RG_3-2(40.4mm,21.45mm) on L6 BOTTOM"
TRACK,ROUTE_PLAN_C2_6L7B_OK.csv|R44:VOUT_3,VOUT_3,Mid Layer 2,34.825,23.325,33.775,22.275,0.2,,,"VOUT_3|Pad U2-8(38.95mm,22.35mm) on L6 BOTTOM|Pad RG_3-2(40.4mm,21.45mm) on L6 BOTTOM"
TRACK,ROUTE_PLAN_C2_6L7B_OK.csv|R44:VOUT_3,VOUT_3,Mid Layer 2,33.775,22.275,33.775,20.625,0.2,,,"VOUT_3|Pad U2-8(38.95mm,22.35mm) on L6 BOTTOM|Pad RG_3-2(40.4mm,21.45mm) on L6 BOTTOM"
TRACK,ROUTE_PLAN_C2_6L7B_OK.csv|R44:VOUT_3,VOUT_3,Mid Layer 2,33.775,20.625,34.325,20.075,0.2,,,"VOUT_3|Pad U2-8(38.95mm,22.35mm) on L6 BOTTOM|Pad RG_3-2(40.4mm,21.45mm) on L6 BOTTOM"
TRACK,ROUTE_PLAN_C2_6L7B_OK.csv|R44:VOUT_3,VOUT_3,Mid Layer 2,34.325,20.075,35.275,20.075,0.2,,,"VOUT_3|Pad U2-8(38.95mm,22.35mm) on L6 BOTTOM|Pad RG_3-2(40.4mm,21.45mm) on L6 BOTTOM"
TRACK,ROUTE_PLAN_C2_6L7B_OK.csv|R44:VOUT_3,VOUT_3,Bottom Layer,35.275,20.075,35.275,18.575,0.2,,,"VOUT_3|Pad U2-8(38.95mm,22.35mm) on L6 BOTTOM|Pad RG_3-2(40.4mm,21.45mm) on L6 BOTTOM"
TRACK,ROUTE_PLAN_C2_6L7B_OK.csv|R44:VOUT_3,VOUT_3,Bottom Layer,35.275,18.575,36.775,17.075,0.2,,,"VOUT_3|Pad U2-8(38.95mm,22.35mm) on L6 BOTTOM|Pad RG_3-2(40.4mm,21.45mm) on L6 BOTTOM"
TRACK,ROUTE_PLAN_C2_6L7B_OK.csv|R44:VOUT_3,VOUT_3,Bottom Layer,36.775,17.075,37.675,17.075,0.2,,,"VOUT_3|Pad U2-8(38.95mm,22.35mm) on L6 BOTTOM|Pad RG_3-2(40.4mm,21.45mm) on L6 BOTTOM"
TRACK,ROUTE_PLAN_C2_6L7B_OK.csv|R44:VOUT_3,VOUT_3,Top Layer,37.675,17.075,38.075,17.475,0.2,,,"VOUT_3|Pad U2-8(38.95mm,22.35mm) on L6 BOTTOM|Pad RG_3-2(40.4mm,21.45mm) on L6 BOTTOM"
TRACK,ROUTE_PLAN_C2_6L7B_OK.csv|R44:VOUT_3,VOUT_3,Top Layer,38.075,17.475,39.325,17.475,0.2,,,"VOUT_3|Pad U2-8(38.95mm,22.35mm) on L6 BOTTOM|Pad RG_3-2(40.4mm,21.45mm) on L6 BOTTOM"
TRACK,ROUTE_PLAN_C2_6L7B_OK.csv|R44:VOUT_3,VOUT_3,Top Layer,39.325,17.475,41.225,19.375,0.2,,,"VOUT_3|Pad U2-8(38.95mm,22.35mm) on L6 BOTTOM|Pad RG_3-2(40.4mm,21.45mm) on L6 BOTTOM"
TRACK,ROUTE_PLAN_C2_6L7B_OK.csv|R44:VOUT_3,VOUT_3,Top Layer,41.225,19.375,41.325,19.375,0.2,,,"VOUT_3|Pad U2-8(38.95mm,22.35mm) on L6 BOTTOM|Pad RG_3-2(40.4mm,21.45mm) on L6 BOTTOM"
TRACK,ROUTE_PLAN_C2_6L7B_OK.csv|R44:VOUT_3,VOUT_3,Bottom Layer,41.325,19.375,41.325,20.575,0.2,,,"VOUT_3|Pad U2-8(38.95mm,22.35mm) on L6 BOTTOM|Pad RG_3-2(40.4mm,21.45mm) on L6 BOTTOM"
TRACK,ROUTE_PLAN_C2_6L7B_OK.csv|R44:VOUT_3,VOUT_3,Bottom Layer,41.325,20.575,40.675,21.225,0.2,,,"VOUT_3|Pad U2-8(38.95mm,22.35mm) on L6 BOTTOM|Pad RG_3-2(40.4mm,21.45mm) on L6 BOTTOM"
VIA,ROUTE_PLAN_C2_6L7B_OK.csv|R44:VOUT_3,VOUT_3,Multi Layer,35.175,23.325,,,,0.6,0.3,"VOUT_3|Pad U2-8(38.95mm,22.35mm) on L6 BOTTOM|Pad RG_3-2(40.4mm,21.45mm) on L6 BOTTOM"
VIA,ROUTE_PLAN_C2_6L7B_OK.csv|R44:VOUT_3,VOUT_3,Multi Layer,35.275,20.075,,,,0.6,0.3,"VOUT_3|Pad U2-8(38.95mm,22.35mm) on L6 BOTTOM|Pad RG_3-2(40.4mm,21.45mm) on L6 BOTTOM"
VIA,ROUTE_PLAN_C2_6L7B_OK.csv|R44:VOUT_3,VOUT_3,Multi Layer,37.675,17.075,,,,0.6,0.3,"VOUT_3|Pad U2-8(38.95mm,22.35mm) on L6 BOTTOM|Pad RG_3-2(40.4mm,21.45mm) on L6 BOTTOM"
VIA,ROUTE_PLAN_C2_6L7B_OK.csv|R44:VOUT_3,VOUT_3,Multi Layer,41.325,19.375,,,,0.6,0.3,"VOUT_3|Pad U2-8(38.95mm,22.35mm) on L6 BOTTOM|Pad RG_3-2(40.4mm,21.45mm) on L6 BOTTOM"
TRACK,ROUTE_PLAN_C2_6L7B_OK.csv|R46:VOUT_5,VOUT_5,Bottom Layer,58.175,23.475,58.725,23.475,0.2,,,"VOUT_5|Via (57.925mm,23.575mm) from L1 TOP to L6 BOTTOM|Pad U3-8(60.55mm,22.35mm) on L6 BOTTOM"
TRACK,ROUTE_PLAN_C2_6L7B_OK.csv|R46:VOUT_5,VOUT_5,Bottom Layer,58.725,23.475,59.725,22.475,0.2,,,"VOUT_5|Via (57.925mm,23.575mm) from L1 TOP to L6 BOTTOM|Pad U3-8(60.55mm,22.35mm) on L6 BOTTOM"
TRACK,ROUTE_PLAN_C2_6L7B_OK.csv|R48:VOUT_4 VIP,VOUT_4,Mid Layer 2,52.225,19.275,53.675,17.825,0.15,,,"VOUT_4|Pad CH_4-1(52.2mm,19.282mm) on L6 BOTTOM|Track (53.675mm,18.425mm)(54.025mm,18.425mm) on L6 BOTTOM"
TRACK,ROUTE_PLAN_C2_6L7B_OK.csv|R48:VOUT_4 VIP,VOUT_4,Mid Layer 2,53.675,17.825,53.675,17.725,0.15,,,"VOUT_4|Pad CH_4-1(52.2mm,19.282mm) on L6 BOTTOM|Track (53.675mm,18.425mm)(54.025mm,18.425mm) on L6 BOTTOM"
TRACK,ROUTE_PLAN_C2_6L7B_OK.csv|R48:VOUT_4 VIP,VOUT_4,Bottom Layer,53.675,17.725,53.675,18.125,0.15,,,"VOUT_4|Pad CH_4-1(52.2mm,19.282mm) on L6 BOTTOM|Track (53.675mm,18.425mm)(54.025mm,18.425mm) on L6 BOTTOM"
VIA,ROUTE_PLAN_C2_6L7B_OK.csv|R48:VOUT_4 VIP,VOUT_4,Multi Layer,52.225,19.275,,,,0.45,0.2,"VOUT_4|Pad CH_4-1(52.2mm,19.282mm) on L6 BOTTOM|Track (53.675mm,18.425mm)(54.025mm,18.425mm) on L6 BOTTOM"
VIA,ROUTE_PLAN_C2_6L7B_OK.csv|R48:VOUT_4 VIP,VOUT_4,Multi Layer,53.675,17.725,,,,0.45,0.2,"VOUT_4|Pad CH_4-1(52.2mm,19.282mm) on L6 BOTTOM|Track (53.675mm,18.425mm)(54.025mm,18.425mm) on L6 BOTTOM"
TRACK,ROUTE_PLAN_C2_6L7B_OK.csv|R50:VOUT_2 VIP,VOUT_2,Mid Layer 2,30.625,19.325,33.225,21.925,0.15,,,"VOUT_2|Pad CH_2-1(30.6mm,19.282mm) on L6 BOTTOM|Via (35.475mm,21.675mm) from L1 TOP to L6 BOTTOM"
TRACK,ROUTE_PLAN_C2_6L7B_OK.csv|R50:VOUT_2 VIP,VOUT_2,Mid Layer 2,33.225,21.925,33.225,22.925,0.15,,,"VOUT_2|Pad CH_2-1(30.6mm,19.282mm) on L6 BOTTOM|Via (35.475mm,21.675mm) from L1 TOP to L6 BOTTOM"
TRACK,ROUTE_PLAN_C2_6L7B_OK.csv|R50:VOUT_2 VIP,VOUT_2,Mid Layer 2,33.225,22.925,33.375,23.075,0.15,,,"VOUT_2|Pad CH_2-1(30.6mm,19.282mm) on L6 BOTTOM|Via (35.475mm,21.675mm) from L1 TOP to L6 BOTTOM"
TRACK,ROUTE_PLAN_C2_6L7B_OK.csv|R50:VOUT_2 VIP,VOUT_2,Top Layer,33.375,23.075,34.625,21.825,0.15,,,"VOUT_2|Pad CH_2-1(30.6mm,19.282mm) on L6 BOTTOM|Via (35.475mm,21.675mm) from L1 TOP to L6 BOTTOM"
TRACK,ROUTE_PLAN_C2_6L7B_OK.csv|R50:VOUT_2 VIP,VOUT_2,Top Layer,34.625,21.825,35.175,21.825,0.15,,,"VOUT_2|Pad CH_2-1(30.6mm,19.282mm) on L6 BOTTOM|Via (35.475mm,21.675mm) from L1 TOP to L6 BOTTOM"
VIA,ROUTE_PLAN_C2_6L7B_OK.csv|R50:VOUT_2 VIP,VOUT_2,Multi Layer,30.625,19.325,,,,0.45,0.2,"VOUT_2|Pad CH_2-1(30.6mm,19.282mm) on L6 BOTTOM|Via (35.475mm,21.675mm) from L1 TOP to L6 BOTTOM"
VIA,ROUTE_PLAN_C2_6L7B_OK.csv|R50:VOUT_2 VIP,VOUT_2,Multi Layer,33.375,23.075,,,,0.45,0.2,"VOUT_2|Pad CH_2-1(30.6mm,19.282mm) on L6 BOTTOM|Via (35.475mm,21.675mm) from L1 TOP to L6 BOTTOM"
TRACK,ROUTE_PLAN_C2_6L7B_OK.csv|R54:3V0_ANA,3V0_ANA,Top Layer,42.275,19.775,42.275,20.375,0.4,,,"3V0_ANA|Pad CCU5-2(42.45mm,19.55mm) on L1 TOP|Pad CCU6-1(42.471mm,20.55mm) on L1 TOP"
TRACK,ROUTE_PLAN_C2_6L7B_OK.csv|R55:3V0_ANA,3V0_ANA,Bottom Layer,30.225,20.975,30.775,20.975,0.4,,,"3V0_ANA|Pad CU_22-1(30.05mm,20.95mm) on L6 BOTTOM|Pad CU_12-2(31.021mm,20.95mm) on L6 BOTTOM"
TRACK,ROUTE_PLAN_C2_6L7B_OK.csv|R56:3V0_ANA,3V0_ANA,Mid Layer 4,48.475,12.825,48.475,14.175,0.15,,,"3V0_ANA|Track (48.98mm,13.23mm)(49.665mm,13.23mm) on L1 TOP|Pad INA4-5(52.075mm,20.55mm) on L1 TOP"
TRACK,ROUTE_PLAN_C2_6L7B_OK.csv|R56:3V0_ANA,3V0_ANA,Mid Layer 4,48.475,14.175,51.425,17.125,0.15,,,"3V0_ANA|Track (48.98mm,13.23mm)(49.665mm,13.23mm) on L1 TOP|Pad INA4-5(52.075mm,20.55mm) on L1 TOP"
TRACK,ROUTE_PLAN_C2_6L7B_OK.csv|R56:3V0_ANA,3V0_ANA,Mid Layer 4,51.425,17.125,51.425,19.475,0.15,,,"3V0_ANA|Track (48.98mm,13.23mm)(49.665mm,13.23mm) on L1 TOP|Pad INA4-5(52.075mm,20.55mm) on L1 TOP"
TRACK,ROUTE_PLAN_C2_6L7B_OK.csv|R56:3V0_ANA,3V0_ANA,Mid Layer 4,51.425,19.475,52.075,20.125,0.15,,,"3V0_ANA|Track (48.98mm,13.23mm)(49.665mm,13.23mm) on L1 TOP|Pad INA4-5(52.075mm,20.55mm) on L1 TOP"
TRACK,ROUTE_PLAN_C2_6L7B_OK.csv|R56:3V0_ANA,3V0_ANA,Mid Layer 4,52.075,20.125,52.625,20.125,0.15,,,"3V0_ANA|Track (48.98mm,13.23mm)(49.665mm,13.23mm) on L1 TOP|Pad INA4-5(52.075mm,20.55mm) on L1 TOP"
TRACK,ROUTE_PLAN_C2_6L7B_OK.csv|R56:3V0_ANA,3V0_ANA,Top Layer,52.625,20.125,52.225,20.525,0.15,,,"3V0_ANA|Track (48.98mm,13.23mm)(49.665mm,13.23mm) on L1 TOP|Pad INA4-5(52.075mm,20.55mm) on L1 TOP"
VIA,ROUTE_PLAN_C2_6L7B_OK.csv|R56:3V0_ANA,3V0_ANA,Multi Layer,52.625,20.125,,,,0.45,0.2,"3V0_ANA|Track (48.98mm,13.23mm)(49.665mm,13.23mm) on L1 TOP|Pad INA4-5(52.075mm,20.55mm) on L1 TOP"
TRACK,ROUTE_PLAN_C2_6L7B_OK.csv|R5:Vservo_3,Vservo_3,Top Layer,38.325,19.575,40.325,19.575,0.2,,,"Vservo_3|Via (38.125mm,23.375mm) from L1 TOP to L6 BOTTOM|Pad INA3-6(40.625mm,20.55mm) on L1 TOP"
TRACK,ROUTE_PLAN_C2_6L7B_OK.csv|R5:Vservo_3,Vservo_3,Top Layer,40.325,19.575,40.575,19.825,0.2,,,"Vservo_3|Via (38.125mm,23.375mm) from L1 TOP to L6 BOTTOM|Pad INA3-6(40.625mm,20.55mm) on L1 TOP"
TRACK,ROUTE_PLAN_C2_6L7B_OK.csv|R5:Vservo_3,Vservo_3,Top Layer,40.575,19.825,40.575,20.025,0.2,,,"Vservo_3|Via (38.125mm,23.375mm) from L1 TOP to L6 BOTTOM|Pad INA3-6(40.625mm,20.55mm) on L1 TOP"
TRACK,ROUTE_PLAN_C2_6L7B_OK.csv|R61:3V0_ANA,3V0_ANA,Top Layer,63.025,20.575,63.825,20.575,0.4,,,"3V0_ANA|Pad INA5-5(62.875mm,20.55mm) on L1 TOP|Pad CCU10-1(64.071mm,20.55mm) on L1 TOP"
TRACK,ROUTE_PLAN_C2_6L7B_OK.csv|R63:3V0_ANA,3V0_ANA,Top Layer,30.625,20.575,31.425,20.575,0.4,,,"3V0_ANA|Pad INA2-5(30.475mm,20.55mm) on L1 TOP|Pad CCU4-1(31.671mm,20.55mm) on L1 TOP"
TRACK,ROUTE_PLAN_C2_6L7B_OK.csv|R66:3V0_ANA,3V0_ANA,Top Layer,41.425,20.225,42.075,20.225,0.4,,,"3V0_ANA|Pad INA3-5(41.275mm,20.55mm) on L1 TOP|Pad CCU6-1(42.471mm,20.55mm) on L1 TOP"
TRACK,ROUTE_PLAN_C2_6L7B_OK.csv|R67:3V0_ANA,3V0_ANA,Top Layer,63.925,19.775,63.925,20.375,0.4,,,"3V0_ANA|Pad CCU9-2(64.05mm,19.55mm) on L1 TOP|Pad CCU10-1(64.071mm,20.55mm) on L1 TOP"
TRACK,ROUTE_PLAN_C2_6L7B_OK.csv|R69:3V0_ANA,3V0_ANA,Top Layer,31.475,19.775,31.475,20.375,0.4,,,"3V0_ANA|Pad CCU3-2(31.65mm,19.55mm) on L1 TOP|Pad CCU4-1(31.671mm,20.55mm) on L1 TOP"
TRACK,ROUTE_PLAN_C2_6L7B_OK.csv|R6:Vservo_4,Vservo_4,Bottom Layer,49.075,23.925,49.075,26.0245,0.2,,,"Vservo_4|Pad INA4-6(51.425mm,20.55mm) on L1 TOP|Pad U3-7(54.85mm,22.35mm) on L6 BOTTOM"
TRACK,ROUTE_PLAN_C2_6L7B_OK.csv|R6:Vservo_4,Vservo_4,Bottom Layer,49.075,26.0245,49.075,26.775,0.2,,,"Vservo_4|Pad INA4-6(51.425mm,20.55mm) on L1 TOP|Pad U3-7(54.85mm,22.35mm) on L6 BOTTOM"
TRACK,ROUTE_PLAN_C2_6L7B_OK.csv|R6:Vservo_4,Vservo_4,Bottom Layer,49.075,26.775,49.475,27.175,0.2,,,"Vservo_4|Pad INA4-6(51.425mm,20.55mm) on L1 TOP|Pad U3-7(54.85mm,22.35mm) on L6 BOTTOM"
TRACK,ROUTE_PLAN_C2_6L7B_OK.csv|R6:Vservo_4,Vservo_4,Bottom Layer,49.475,27.175,50.175,27.175,0.2,,,"Vservo_4|Pad INA4-6(51.425mm,20.55mm) on L1 TOP|Pad U3-7(54.85mm,22.35mm) on L6 BOTTOM"
TRACK,ROUTE_PLAN_C2_6L7B_OK.csv|R6:Vservo_4,Vservo_4,Bottom Layer,50.175,27.175,50.675,26.675,0.2,,,"Vservo_4|Pad INA4-6(51.425mm,20.55mm) on L1 TOP|Pad U3-7(54.85mm,22.35mm) on L6 BOTTOM"
TRACK,ROUTE_PLAN_C2_6L7B_OK.csv|R6:Vservo_4,Vservo_4,Mid Layer 2,50.675,26.675,50.675,26.0245,0.2,,,"Vservo_4|Pad INA4-6(51.425mm,20.55mm) on L1 TOP|Pad U3-7(54.85mm,22.35mm) on L6 BOTTOM"
TRACK,ROUTE_PLAN_C2_6L7B_OK.csv|R6:Vservo_4,Vservo_4,Mid Layer 2,50.675,26.0245,50.675,25.925,0.2,,,"Vservo_4|Pad INA4-6(51.425mm,20.55mm) on L1 TOP|Pad U3-7(54.85mm,22.35mm) on L6 BOTTOM"
TRACK,ROUTE_PLAN_C2_6L7B_OK.csv|R6:Vservo_4,Vservo_4,Mid Layer 2,50.675,25.925,53.025,23.575,0.2,,,"Vservo_4|Pad INA4-6(51.425mm,20.55mm) on L1 TOP|Pad U3-7(54.85mm,22.35mm) on L6 BOTTOM"
TRACK,ROUTE_PLAN_C2_6L7B_OK.csv|R6:Vservo_4,Vservo_4,Mid Layer 2,53.025,23.575,53.425,23.575,0.2,,,"Vservo_4|Pad INA4-6(51.425mm,20.55mm) on L1 TOP|Pad U3-7(54.85mm,22.35mm) on L6 BOTTOM"
TRACK,ROUTE_PLAN_C2_6L7B_OK.csv|R6:Vservo_4,Vservo_4,Bottom Layer,53.425,23.575,54.475,22.525,0.2,,,"Vservo_4|Pad INA4-6(51.425mm,20.55mm) on L1 TOP|Pad U3-7(54.85mm,22.35mm) on L6 BOTTOM"
VIA,ROUTE_PLAN_C2_6L7B_OK.csv|R6:Vservo_4,Vservo_4,Multi Layer,50.675,26.675,,,,0.6,0.3,"Vservo_4|Pad INA4-6(51.425mm,20.55mm) on L1 TOP|Pad U3-7(54.85mm,22.35mm) on L6 BOTTOM"
VIA,ROUTE_PLAN_C2_6L7B_OK.csv|R6:Vservo_4,Vservo_4,Multi Layer,53.425,23.575,,,,0.6,0.3,"Vservo_4|Pad INA4-6(51.425mm,20.55mm) on L1 TOP|Pad U3-7(54.85mm,22.35mm) on L6 BOTTOM"
TRACK,ROUTE_PLAN_C2_6L7B_OK.csv|R75:GND,GND,Top Layer,28.375,15.325,28.375,15.025,0.3,,,"GND|Pad INA2-1(28.525mm,15.85mm) on L1 TOP|Pad INA2-4(30.475mm,15.85mm) on L1 TOP"
TRACK,ROUTE_PLAN_C2_6L7B_OK.csv|R75:GND,GND,Top Layer,28.375,15.025,28.025,14.675,0.3,,,"GND|Pad INA2-1(28.525mm,15.85mm) on L1 TOP|Pad INA2-4(30.475mm,15.85mm) on L1 TOP"
TRACK,ROUTE_PLAN_C2_6L7B_OK.csv|R75:GND,GND,Mid Layer 2,28.025,14.675,29.025,15.675,0.3,,,"GND|Pad INA2-1(28.525mm,15.85mm) on L1 TOP|Pad INA2-4(30.475mm,15.85mm) on L1 TOP"
TRACK,ROUTE_PLAN_C2_6L7B_OK.csv|R75:GND,GND,Mid Layer 2,29.025,15.675,31.975,15.675,0.3,,,"GND|Pad INA2-1(28.525mm,15.85mm) on L1 TOP|Pad INA2-4(30.475mm,15.85mm) on L1 TOP"
TRACK,ROUTE_PLAN_C2_6L7B_OK.csv|R75:GND,GND,Top Layer,31.975,15.675,30.875,15.675,0.3,,,"GND|Pad INA2-1(28.525mm,15.85mm) on L1 TOP|Pad INA2-4(30.475mm,15.85mm) on L1 TOP"
TRACK,ROUTE_PLAN_C2_6L7B_OK.csv|R75:GND,GND,Top Layer,30.875,15.675,30.625,15.925,0.3,,,"GND|Pad INA2-1(28.525mm,15.85mm) on L1 TOP|Pad INA2-4(30.475mm,15.85mm) on L1 TOP"
VIA,ROUTE_PLAN_C2_6L7B_OK.csv|R75:GND,GND,Multi Layer,28.025,14.675,,,,0.6,0.3,"GND|Pad INA2-1(28.525mm,15.85mm) on L1 TOP|Pad INA2-4(30.475mm,15.85mm) on L1 TOP"
VIA,ROUTE_PLAN_C2_6L7B_OK.csv|R75:GND,GND,Multi Layer,31.975,15.675,,,,0.6,0.3,"GND|Pad INA2-1(28.525mm,15.85mm) on L1 TOP|Pad INA2-4(30.475mm,15.85mm) on L1 TOP"
TRACK,ROUTE_PLAN_C2_6L7B_OK.csv|R7:INA_OUT_3,INA_OUT_3,Top Layer,39.225,21.475,39.225,21.075,0.2,,,"INA_OUT_3|Pad RH_3-1(39.221mm,21.75mm) on L1 TOP|Pad INA3-8(39.325mm,20.55mm) on L1 TOP"
TRACK,ROUTE_PLAN_C2_6L7B_OK.csv|R80:GND,GND,Top Layer,50.025,14.475,50.025,15.325,0.3,,,"GND|Via (50.1mm,14.2mm) from L1 TOP to L6 BOTTOM|Pad INA4-1(50.125mm,15.85mm) on L1 TOP"
TRACK,ROUTE_PLAN_C2_6L7B_OK.csv|R86:GND,GND,Top Layer,50.175,16.375,50.175,17.025,0.15,,,"GND|Pad INA4-1(50.125mm,15.85mm) on L1 TOP|Pad INA4-4(52.075mm,15.85mm) on L1 TOP"
TRACK,ROUTE_PLAN_C2_6L7B_OK.csv|R86:GND,GND,Top Layer,50.175,17.025,50.525,17.375,0.15,,,"GND|Pad INA4-1(50.125mm,15.85mm) on L1 TOP|Pad INA4-4(52.075mm,15.85mm) on L1 TOP"
TRACK,ROUTE_PLAN_C2_6L7B_OK.csv|R86:GND,GND,Mid Layer 2,50.525,17.375,51.725,16.175,0.15,,,"GND|Pad INA4-1(50.125mm,15.85mm) on L1 TOP|Pad INA4-4(52.075mm,15.85mm) on L1 TOP"
TRACK,ROUTE_PLAN_C2_6L7B_OK.csv|R86:GND,GND,Mid Layer 2,51.725,16.175,53.475,16.175,0.15,,,"GND|Pad INA4-1(50.125mm,15.85mm) on L1 TOP|Pad INA4-4(52.075mm,15.85mm) on L1 TOP"
TRACK,ROUTE_PLAN_C2_6L7B_OK.csv|R86:GND,GND,Top Layer,53.475,16.175,52.425,16.175,0.15,,,"GND|Pad INA4-1(50.125mm,15.85mm) on L1 TOP|Pad INA4-4(52.075mm,15.85mm) on L1 TOP"
TRACK,ROUTE_PLAN_C2_6L7B_OK.csv|R86:GND,GND,Top Layer,52.425,16.175,52.225,15.975,0.15,,,"GND|Pad INA4-1(50.125mm,15.85mm) on L1 TOP|Pad INA4-4(52.075mm,15.85mm) on L1 TOP"
VIA,ROUTE_PLAN_C2_6L7B_OK.csv|R86:GND,GND,Multi Layer,50.525,17.375,,,,0.45,0.2,"GND|Pad INA4-1(50.125mm,15.85mm) on L1 TOP|Pad INA4-4(52.075mm,15.85mm) on L1 TOP"
VIA,ROUTE_PLAN_C2_6L7B_OK.csv|R86:GND,GND,Multi Layer,53.475,16.175,,,,0.45,0.2,"GND|Pad INA4-1(50.125mm,15.85mm) on L1 TOP|Pad INA4-4(52.075mm,15.85mm) on L1 TOP"
TRACK,ROUTE_PLAN_C2_6L7B_OK.csv|R8:INA_OUT_2,INA_OUT_2,Top Layer,28.425,21.475,28.425,21.075,0.2,,,"INA_OUT_2|Pad RH_2-1(28.421mm,21.75mm) on L1 TOP|Pad INA2-8(28.525mm,20.55mm) on L1 TOP"
TRACK,ROUTE_PLAN_C2_6L7B_OK.csv|R97:Vc_4,Vc_4,Top Layer,48.125,11.475,48.125,11.675,0.2,,,"Vc_4|Via (48.3mm,11.2mm) from L1 TOP to L6 BOTTOM|Via (55.475mm,16.925mm) from L1 TOP to L6 BOTTOM"
TRACK,ROUTE_PLAN_C2_6L7B_OK.csv|R97:Vc_4,Vc_4,Top Layer,48.125,11.675,47.575,12.225,0.2,,,"Vc_4|Via (48.3mm,11.2mm) from L1 TOP to L6 BOTTOM|Via (55.475mm,16.925mm) from L1 TOP to L6 BOTTOM"
TRACK,ROUTE_PLAN_C2_6L7B_OK.csv|R97:Vc_4,Vc_4,Top Layer,47.575,12.225,47.575,12.975,0.2,,,"Vc_4|Via (48.3mm,11.2mm) from L1 TOP to L6 BOTTOM|Via (55.475mm,16.925mm) from L1 TOP to L6 BOTTOM"
TRACK,ROUTE_PLAN_C2_6L7B_OK.csv|R97:Vc_4,Vc_4,Top Layer,47.575,12.975,49.425,14.825,0.2,,,"Vc_4|Via (48.3mm,11.2mm) from L1 TOP to L6 BOTTOM|Via (55.475mm,16.925mm) from L1 TOP to L6 BOTTOM"
TRACK,ROUTE_PLAN_C2_6L7B_OK.csv|R97:Vc_4,Vc_4,Top Layer,49.425,14.825,49.425,17.825,0.2,,,"Vc_4|Via (48.3mm,11.2mm) from L1 TOP to L6 BOTTOM|Via (55.475mm,16.925mm) from L1 TOP to L6 BOTTOM"
TRACK,ROUTE_PLAN_C2_6L7B_OK.csv|R97:Vc_4,Vc_4,Mid Layer 2,49.425,17.825,49.675,18.075,0.2,,,"Vc_4|Via (48.3mm,11.2mm) from L1 TOP to L6 BOTTOM|Via (55.475mm,16.925mm) from L1 TOP to L6 BOTTOM"
TRACK,ROUTE_PLAN_C2_6L7B_OK.csv|R97:Vc_4,Vc_4,Mid Layer 2,49.675,18.075,49.675,18.775,0.2,,,"Vc_4|Via (48.3mm,11.2mm) from L1 TOP to L6 BOTTOM|Via (55.475mm,16.925mm) from L1 TOP to L6 BOTTOM"
TRACK,ROUTE_PLAN_C2_6L7B_OK.csv|R97:Vc_4,Vc_4,Mid Layer 2,49.675,18.775,51.725,20.825,0.2,,,"Vc_4|Via (48.3mm,11.2mm) from L1 TOP to L6 BOTTOM|Via (55.475mm,16.925mm) from L1 TOP to L6 BOTTOM"
TRACK,ROUTE_PLAN_C2_6L7B_OK.csv|R97:Vc_4,Vc_4,Mid Layer 2,51.725,20.825,52.925,20.825,0.2,,,"Vc_4|Via (48.3mm,11.2mm) from L1 TOP to L6 BOTTOM|Via (55.475mm,16.925mm) from L1 TOP to L6 BOTTOM"
TRACK,ROUTE_PLAN_C2_6L7B_OK.csv|R97:Vc_4,Vc_4,Mid Layer 2,52.925,20.825,55.325,18.425,0.2,,,"Vc_4|Via (48.3mm,11.2mm) from L1 TOP to L6 BOTTOM|Via (55.475mm,16.925mm) from L1 TOP to L6 BOTTOM"
TRACK,ROUTE_PLAN_C2_6L7B_OK.csv|R97:Vc_4,Vc_4,Mid Layer 2,55.325,18.425,55.325,17.225,0.2,,,"Vc_4|Via (48.3mm,11.2mm) from L1 TOP to L6 BOTTOM|Via (55.475mm,16.925mm) from L1 TOP to L6 BOTTOM"
VIA,ROUTE_PLAN_C2_6L7B_OK.csv|R97:Vc_4,Vc_4,Multi Layer,49.425,17.825,,,,0.6,0.3,"Vc_4|Via (48.3mm,11.2mm) from L1 TOP to L6 BOTTOM|Via (55.475mm,16.925mm) from L1 TOP to L6 BOTTOM"
TRACK,ROUTE_PLAN_C2_6L7B_OK.csv|R98:Vc_3,Vc_3,Top Layer,37.325,11.475,37.325,11.675,0.2,,,"Vc_3|Via (37.5mm,11.2mm) from L1 TOP to L6 BOTTOM|Via (44.725mm,19.125mm) from L1 TOP to L6 BOTTOM"
TRACK,ROUTE_PLAN_C2_6L7B_OK.csv|R98:Vc_3,Vc_3,Top Layer,37.325,11.675,36.775,12.225,0.2,,,"Vc_3|Via (37.5mm,11.2mm) from L1 TOP to L6 BOTTOM|Via (44.725mm,19.125mm) from L1 TOP to L6 BOTTOM"
TRACK,ROUTE_PLAN_C2_6L7B_OK.csv|R98:Vc_3,Vc_3,Top Layer,36.775,12.225,36.775,13.075,0.2,,,"Vc_3|Via (37.5mm,11.2mm) from L1 TOP to L6 BOTTOM|Via (44.725mm,19.125mm) from L1 TOP to L6 BOTTOM"
TRACK,ROUTE_PLAN_C2_6L7B_OK.csv|R98:Vc_3,Vc_3,Top Layer,36.775,13.075,37.975,14.275,0.2,,,"Vc_3|Via (37.5mm,11.2mm) from L1 TOP to L6 BOTTOM|Via (44.725mm,19.125mm) from L1 TOP to L6 BOTTOM"
TRACK,ROUTE_PLAN_C2_6L7B_OK.csv|R98:Vc_3,Vc_3,Mid Layer 2,37.975,14.275,37.975,16.125,0.2,,,"Vc_3|Via (37.5mm,11.2mm) from L1 TOP to L6 BOTTOM|Via (44.725mm,19.125mm) from L1 TOP to L6 BOTTOM"
TRACK,ROUTE_PLAN_C2_6L7B_OK.csv|R98:Vc_3,Vc_3,Mid Layer 2,37.975,16.125,40.475,18.625,0.2,,,"Vc_3|Via (37.5mm,11.2mm) from L1 TOP to L6 BOTTOM|Via (44.725mm,19.125mm) from L1 TOP to L6 BOTTOM"
TRACK,ROUTE_PLAN_C2_6L7B_OK.csv|R98:Vc_3,Vc_3,Mid Layer 2,40.475,18.625,44.325,18.625,0.2,,,"Vc_3|Via (37.5mm,11.2mm) from L1 TOP to L6 BOTTOM|Via (44.725mm,19.125mm) from L1 TOP to L6 BOTTOM"
TRACK,ROUTE_PLAN_C2_6L7B_OK.csv|R98:Vc_3,Vc_3,Mid Layer 2,44.325,18.625,44.575,18.875,0.2,,,"Vc_3|Via (37.5mm,11.2mm) from L1 TOP to L6 BOTTOM|Via (44.725mm,19.125mm) from L1 TOP to L6 BOTTOM"
VIA,ROUTE_PLAN_C2_6L7B_OK.csv|R98:Vc_3,Vc_3,Multi Layer,37.975,14.275,,,,0.6,0.3,"Vc_3|Via (37.5mm,11.2mm) from L1 TOP to L6 BOTTOM|Via (44.725mm,19.125mm) from L1 TOP to L6 BOTTOM"
TRACK,ROUTE_PLAN_C2_6L7B_OK.csv|R99:Vc_2,Vc_2,Mid Layer 2,26.525,11.475,26.525,11.675,0.2,,,"Vc_2|Via (26.7mm,11.2mm) from L1 TOP to L6 BOTTOM|Via (33.875mm,16.925mm) from L1 TOP to L6 BOTTOM"
TRACK,ROUTE_PLAN_C2_6L7B_OK.csv|R99:Vc_2,Vc_2,Mid Layer 2,26.525,11.675,25.975,12.225,0.2,,,"Vc_2|Via (26.7mm,11.2mm) from L1 TOP to L6 BOTTOM|Via (33.875mm,16.925mm) from L1 TOP to L6 BOTTOM"
TRACK,ROUTE_PLAN_C2_6L7B_OK.csv|R99:Vc_2,Vc_2,Mid Layer 2,25.975,12.225,25.975,12.975,0.2,,,"Vc_2|Via (26.7mm,11.2mm) from L1 TOP to L6 BOTTOM|Via (33.875mm,16.925mm) from L1 TOP to L6 BOTTOM"
TRACK,ROUTE_PLAN_C2_6L7B_OK.csv|R99:Vc_2,Vc_2,Mid Layer 2,25.975,12.975,27.225,14.225,0.2,,,"Vc_2|Via (26.7mm,11.2mm) from L1 TOP to L6 BOTTOM|Via (33.875mm,16.925mm) from L1 TOP to L6 BOTTOM"
TRACK,ROUTE_PLAN_C2_6L7B_OK.csv|R99:Vc_2,Vc_2,Mid Layer 2,27.225,14.225,27.225,15.025,0.2,,,"Vc_2|Via (26.7mm,11.2mm) from L1 TOP to L6 BOTTOM|Via (33.875mm,16.925mm) from L1 TOP to L6 BOTTOM"
TRACK,ROUTE_PLAN_C2_6L7B_OK.csv|R99:Vc_2,Vc_2,Mid Layer 2,27.225,15.025,28.875,16.675,0.2,,,"Vc_2|Via (26.7mm,11.2mm) from L1 TOP to L6 BOTTOM|Via (33.875mm,16.925mm) from L1 TOP to L6 BOTTOM"
TRACK,ROUTE_PLAN_C2_6L7B_OK.csv|R99:Vc_2,Vc_2,Mid Layer 2,28.875,16.675,33.725,16.675,0.2,,,"Vc_2|Via (26.7mm,11.2mm) from L1 TOP to L6 BOTTOM|Via (33.875mm,16.925mm) from L1 TOP to L6 BOTTOM"
TRACK,ROUTE_PLAN_C2_6L7B_OK.csv|R9:INA_OUT_2 VIP,INA_OUT_2,Mid Layer 2,28.325,21.675,28.325,17.325,0.2,,,"INA_OUT_2|Pad INA2-8(28.525mm,20.55mm) on L1 TOP|Pad CL_2-2(28.75mm,16.05mm) on L6 BOTTOM"
TRACK,ROUTE_PLAN_C2_6L7B_OK.csv|R9:INA_OUT_2 VIP,INA_OUT_2,Bottom Layer,28.325,17.325,28.325,16.775,0.2,,,"INA_OUT_2|Pad INA2-8(28.525mm,20.55mm) on L1 TOP|Pad CL_2-2(28.75mm,16.05mm) on L6 BOTTOM"
VIA,ROUTE_PLAN_C2_6L7B_OK.csv|R9:INA_OUT_2 VIP,INA_OUT_2,Multi Layer,28.325,21.675,,,,0.6,0.3,"INA_OUT_2|Pad INA2-8(28.525mm,20.55mm) on L1 TOP|Pad CL_2-2(28.75mm,16.05mm) on L6 BOTTOM"
VIA,ROUTE_PLAN_C2_6L7B_OK.csv|R9:INA_OUT_2 VIP,INA_OUT_2,Multi Layer,28.325,17.325,,,,0.6,0.3,"INA_OUT_2|Pad INA2-8(28.525mm,20.55mm) on L1 TOP|Pad CL_2-2(28.75mm,16.05mm) on L6 BOTTOM"
