kind,group,net,layer,x1,y1,x2,y2,w,d,h,conn
TRACK,BATCH_C_OK.csv|R0:Vb_1,Vb_1,Bottom Layer,23.375,14.325,23.875,14.325,0.2,,,"Vb_1|Pad RDD2-1(24mm,15mm) on L1 TOP|Pad R_DRL_VB1-1(24.175mm,14.086mm) on L6 BOTTOM"
VIA,BATCH_C_OK.csv|R0:Vb_1,Vb_1,Multi Layer,23.375,14.325,,,,0.6,0.3,"Vb_1|Pad RDD2-1(24mm,15mm) on L1 TOP|Pad R_DRL_VB1-1(24.175mm,14.086mm) on L6 BOTTOM"
TRACK,BATCH_C_OK.csv|R16:Vc_3,Vc_3,Bottom Layer,45.475,13.975,45.675,13.975,0.15,,,"Vc_3|Pad R_DRL_VC3-1(45.175mm,14.4mm) on L6 BOTTOM|Pad RDD9-1(45.588mm,18.6mm) on L1 TOP"
TRACK,BATCH_C_OK.csv|R16:Vc_3,Vc_3,Bottom Layer,45.675,13.975,46.075,13.575,0.15,,,"Vc_3|Pad R_DRL_VC3-1(45.175mm,14.4mm) on L6 BOTTOM|Pad RDD9-1(45.588mm,18.6mm) on L1 TOP"
TRACK,BATCH_C_OK.csv|R16:Vc_3,Vc_3,Bottom Layer,46.075,13.575,47.125,13.575,0.15,,,"Vc_3|Pad R_DRL_VC3-1(45.175mm,14.4mm) on L6 BOTTOM|Pad RDD9-1(45.588mm,18.6mm) on L1 TOP"
TRACK,BATCH_C_OK.csv|R16:Vc_3,Vc_3,Bottom Layer,47.125,13.575,47.575,14.025,0.15,,,"Vc_3|Pad R_DRL_VC3-1(45.175mm,14.4mm) on L6 BOTTOM|Pad RDD9-1(45.588mm,18.6mm) on L1 TOP"
TRACK,BATCH_C_OK.csv|R16:Vc_3,Vc_3,Mid Layer 2,47.575,14.025,47.575,16.275,0.15,,,"Vc_3|Pad R_DRL_VC3-1(45.175mm,14.4mm) on L6 BOTTOM|Pad RDD9-1(45.588mm,18.6mm) on L1 TOP"
TRACK,BATCH_C_OK.csv|R16:Vc_3,Vc_3,Mid Layer 2,47.575,16.275,44.725,19.125,0.15,,,"Vc_3|Pad R_DRL_VC3-1(45.175mm,14.4mm) on L6 BOTTOM|Pad RDD9-1(45.588mm,18.6mm) on L1 TOP"
TRACK,BATCH_C_OK.csv|R16:Vc_3,Vc_3,Top Layer,44.725,19.125,44.975,19.125,0.15,,,"Vc_3|Pad R_DRL_VC3-1(45.175mm,14.4mm) on L6 BOTTOM|Pad RDD9-1(45.588mm,18.6mm) on L1 TOP"
TRACK,BATCH_C_OK.csv|R16:Vc_3,Vc_3,Top Layer,44.975,19.125,45.375,18.725,0.15,,,"Vc_3|Pad R_DRL_VC3-1(45.175mm,14.4mm) on L6 BOTTOM|Pad RDD9-1(45.588mm,18.6mm) on L1 TOP"
VIA,BATCH_C_OK.csv|R16:Vc_3,Vc_3,Multi Layer,47.575,14.025,,,,0.6,0.3,"Vc_3|Pad R_DRL_VC3-1(45.175mm,14.4mm) on L6 BOTTOM|Pad RDD9-1(45.588mm,18.6mm) on L1 TOP"
VIA,BATCH_C_OK.csv|R16:Vc_3,Vc_3,Multi Layer,44.725,19.125,,,,0.6,0.3,"Vc_3|Pad R_DRL_VC3-1(45.175mm,14.4mm) on L6 BOTTOM|Pad RDD9-1(45.588mm,18.6mm) on L1 TOP"
TRACK,BATCH_C_OK.csv|R17:Vc_2,Vc_2,Bottom Layer,33.875,14.825,33.875,16.925,0.2,,,"Vc_2|Pad R_DRL_VC2-1(34.175mm,14.4mm) on L6 BOTTOM|Pad RDD6-1(34.788mm,18.6mm) on L1 TOP"
TRACK,BATCH_C_OK.csv|R17:Vc_2,Vc_2,Top Layer,33.875,16.925,33.875,17.625,0.2,,,"Vc_2|Pad R_DRL_VC2-1(34.175mm,14.4mm) on L6 BOTTOM|Pad RDD6-1(34.788mm,18.6mm) on L1 TOP"
TRACK,BATCH_C_OK.csv|R17:Vc_2,Vc_2,Top Layer,33.875,17.625,34.625,18.375,0.2,,,"Vc_2|Pad R_DRL_VC2-1(34.175mm,14.4mm) on L6 BOTTOM|Pad RDD6-1(34.788mm,18.6mm) on L1 TOP"
VIA,BATCH_C_OK.csv|R17:Vc_2,Vc_2,Multi Layer,33.875,16.925,,,,0.6,0.3,"Vc_2|Pad R_DRL_VC2-1(34.175mm,14.4mm) on L6 BOTTOM|Pad RDD6-1(34.788mm,18.6mm) on L1 TOP"
TRACK,BATCH_C_OK.csv|R18:Vc_4,Vc_4,Bottom Layer,55.475,14.825,55.475,16.925,0.2,,,"Vc_4|Pad R_DRL_VC4-1(55.775mm,14.4mm) on L6 BOTTOM|Pad RDD12-1(56.388mm,18.6mm) on L1 TOP"
TRACK,BATCH_C_OK.csv|R18:Vc_4,Vc_4,Top Layer,55.475,16.925,55.475,17.625,0.2,,,"Vc_4|Pad R_DRL_VC4-1(55.775mm,14.4mm) on L6 BOTTOM|Pad RDD12-1(56.388mm,18.6mm) on L1 TOP"
TRACK,BATCH_C_OK.csv|R18:Vc_4,Vc_4,Top Layer,55.475,17.625,56.225,18.375,0.2,,,"Vc_4|Pad R_DRL_VC4-1(55.775mm,14.4mm) on L6 BOTTOM|Pad RDD12-1(56.388mm,18.6mm) on L1 TOP"
VIA,BATCH_C_OK.csv|R18:Vc_4,Vc_4,Multi Layer,55.475,16.925,,,,0.6,0.3,"Vc_4|Pad R_DRL_VC4-1(55.775mm,14.4mm) on L6 BOTTOM|Pad RDD12-1(56.388mm,18.6mm) on L1 TOP"
TRACK,BATCH_C_OK.csv|R1:Vb_2,Vb_2,Bottom Layer,33.875,13.125,33.225,13.775,0.2,,,"Vb_2|Pad R_DRL_VB2-1(34.175mm,12.7mm) on L6 BOTTOM|Track (33.4mm,13.6mm)(34.8mm,15mm) on L1 TOP"
TRACK,BATCH_C_OK.csv|R1:Vb_2,Vb_2,Bottom Layer,33.225,13.775,33.225,13.825,0.2,,,"Vb_2|Pad R_DRL_VB2-1(34.175mm,12.7mm) on L6 BOTTOM|Track (33.4mm,13.6mm)(34.8mm,15mm) on L1 TOP"
TRACK,BATCH_C_OK.csv|R1:Vb_2,Vb_2,Top Layer,33.225,13.825,33.475,13.825,0.2,,,"Vb_2|Pad R_DRL_VB2-1(34.175mm,12.7mm) on L6 BOTTOM|Track (33.4mm,13.6mm)(34.8mm,15mm) on L1 TOP"
VIA,BATCH_C_OK.csv|R1:Vb_2,Vb_2,Multi Layer,33.225,13.825,,,,0.6,0.3,"Vb_2|Pad R_DRL_VB2-1(34.175mm,12.7mm) on L6 BOTTOM|Track (33.4mm,13.6mm)(34.8mm,15mm) on L1 TOP"
TRACK,BATCH_C_OK.csv|R27:Va_5,Va_5,Top Layer,64.975,14.925,65.325,14.575,0.2,,,"Va_5|Track (61.55mm,13.23mm)(61.55mm,14.95mm) on L1 TOP|Pad R_DRL_VA5-1(66.446mm,11.483mm) on L6 BOTTOM"
TRACK,BATCH_C_OK.csv|R27:Va_5,Va_5,Bottom Layer,65.325,14.575,65.325,12.725,0.2,,,"Va_5|Track (61.55mm,13.23mm)(61.55mm,14.95mm) on L1 TOP|Pad R_DRL_VA5-1(66.446mm,11.483mm) on L6 BOTTOM"
TRACK,BATCH_C_OK.csv|R27:Va_5,Va_5,Bottom Layer,65.325,12.725,66.125,11.925,0.2,,,"Va_5|Track (61.55mm,13.23mm)(61.55mm,14.95mm) on L1 TOP|Pad R_DRL_VA5-1(66.446mm,11.483mm) on L6 BOTTOM"
VIA,BATCH_C_OK.csv|R27:Va_5,Va_5,Multi Layer,65.325,14.575,,,,0.6,0.3,"Va_5|Track (61.55mm,13.23mm)(61.55mm,14.95mm) on L1 TOP|Pad R_DRL_VA5-1(66.446mm,11.483mm) on L6 BOTTOM"
TRACK,BATCH_C_OK.csv|R28:Va_2,Va_2,Bottom Layer,34.475,11.425,34.475,11.675,0.15,,,"Va_2|Pad R_DRL_VA2-1(34.175mm,11mm) on L6 BOTTOM|Pad RDD4-1(34.788mm,16.8mm) on L1 TOP"
TRACK,BATCH_C_OK.csv|R28:Va_2,Va_2,Bottom Layer,34.475,11.675,34.875,12.075,0.15,,,"Va_2|Pad R_DRL_VA2-1(34.175mm,11mm) on L6 BOTTOM|Pad RDD4-1(34.788mm,16.8mm) on L1 TOP"
TRACK,BATCH_C_OK.csv|R28:Va_2,Va_2,Bottom Layer,34.875,12.075,34.875,15.725,0.15,,,"Va_2|Pad R_DRL_VA2-1(34.175mm,11mm) on L6 BOTTOM|Pad RDD4-1(34.788mm,16.8mm) on L1 TOP"
TRACK,BATCH_C_OK.csv|R28:Va_2,Va_2,Bottom Layer,34.875,15.725,34.625,15.975,0.15,,,"Va_2|Pad R_DRL_VA2-1(34.175mm,11mm) on L6 BOTTOM|Pad RDD4-1(34.788mm,16.8mm) on L1 TOP"
TRACK,BATCH_C_OK.csv|R28:Va_2,Va_2,Top Layer,34.625,15.975,34.025,15.975,0.15,,,"Va_2|Pad R_DRL_VA2-1(34.175mm,11mm) on L6 BOTTOM|Pad RDD4-1(34.788mm,16.8mm) on L1 TOP"
VIA,BATCH_C_OK.csv|R28:Va_2,Va_2,Multi Layer,34.625,15.975,,,,0.6,0.3,"Va_2|Pad R_DRL_VA2-1(34.175mm,11mm) on L6 BOTTOM|Pad RDD4-1(34.788mm,16.8mm) on L1 TOP"
TRACK,BATCH_C_OK.csv|R29:Va_3,Va_3,Bottom Layer,44.675,11.425,44.675,11.575,0.2,,,"Va_3|Pad R_DRL_VA3-1(44.975mm,11mm) on L6 BOTTOM|Pad RDD7-1(45.588mm,16.8mm) on L1 TOP"
TRACK,BATCH_C_OK.csv|R29:Va_3,Va_3,Bottom Layer,44.675,11.575,43.475,12.775,0.2,,,"Va_3|Pad R_DRL_VA3-1(44.975mm,11mm) on L6 BOTTOM|Pad RDD7-1(45.588mm,16.8mm) on L1 TOP"
TRACK,BATCH_C_OK.csv|R29:Va_3,Va_3,Bottom Layer,43.475,12.775,43.475,14.475,0.2,,,"Va_3|Pad R_DRL_VA3-1(44.975mm,11mm) on L6 BOTTOM|Pad RDD7-1(45.588mm,16.8mm) on L1 TOP"
TRACK,BATCH_C_OK.csv|R29:Va_3,Va_3,Bottom Layer,43.475,14.475,43.575,14.575,0.2,,,"Va_3|Pad R_DRL_VA3-1(44.975mm,11mm) on L6 BOTTOM|Pad RDD7-1(45.588mm,16.8mm) on L1 TOP"
TRACK,BATCH_C_OK.csv|R29:Va_3,Va_3,Top Layer,43.575,14.575,43.575,14.925,0.2,,,"Va_3|Pad R_DRL_VA3-1(44.975mm,11mm) on L6 BOTTOM|Pad RDD7-1(45.588mm,16.8mm) on L1 TOP"
VIA,BATCH_C_OK.csv|R29:Va_3,Va_3,Multi Layer,43.575,14.575,,,,0.6,0.3,"Va_3|Pad R_DRL_VA3-1(44.975mm,11mm) on L6 BOTTOM|Pad RDD7-1(45.588mm,16.8mm) on L1 TOP"
TRACK,BATCH_C_OK.csv|R2:Vb_4,Vb_4,Bottom Layer,55.475,13.125,54.825,13.775,0.2,,,"Vb_4|Pad R_DRL_VB4-1(55.775mm,12.7mm) on L6 BOTTOM|Track (55mm,13.6mm)(56.4mm,15mm) on L1 TOP"
TRACK,BATCH_C_OK.csv|R2:Vb_4,Vb_4,Bottom Layer,54.825,13.775,54.825,13.825,0.2,,,"Vb_4|Pad R_DRL_VB4-1(55.775mm,12.7mm) on L6 BOTTOM|Track (55mm,13.6mm)(56.4mm,15mm) on L1 TOP"
TRACK,BATCH_C_OK.csv|R2:Vb_4,Vb_4,Top Layer,54.825,13.825,55.075,13.825,0.2,,,"Vb_4|Pad R_DRL_VB4-1(55.775mm,12.7mm) on L6 BOTTOM|Track (55mm,13.6mm)(56.4mm,15mm) on L1 TOP"
VIA,BATCH_C_OK.csv|R2:Vb_4,Vb_4,Multi Layer,54.825,13.825,,,,0.6,0.3,"Vb_4|Pad R_DRL_VB4-1(55.775mm,12.7mm) on L6 BOTTOM|Track (55mm,13.6mm)(56.4mm,15mm) on L1 TOP"
TRACK,BATCH_C_OK.csv|R30:Va_4,Va_4,Bottom Layer,56.075,11.425,56.075,11.675,0.15,,,"Va_4|Pad R_DRL_VA4-1(55.775mm,11mm) on L6 BOTTOM|Pad RDD10-1(56.388mm,16.8mm) on L1 TOP"
TRACK,BATCH_C_OK.csv|R30:Va_4,Va_4,Bottom Layer,56.075,11.675,56.475,12.075,0.15,,,"Va_4|Pad R_DRL_VA4-1(55.775mm,11mm) on L6 BOTTOM|Pad RDD10-1(56.388mm,16.8mm) on L1 TOP"
TRACK,BATCH_C_OK.csv|R30:Va_4,Va_4,Bottom Layer,56.475,12.075,56.475,15.725,0.15,,,"Va_4|Pad R_DRL_VA4-1(55.775mm,11mm) on L6 BOTTOM|Pad RDD10-1(56.388mm,16.8mm) on L1 TOP"
TRACK,BATCH_C_OK.csv|R30:Va_4,Va_4,Bottom Layer,56.475,15.725,56.225,15.975,0.15,,,"Va_4|Pad R_DRL_VA4-1(55.775mm,11mm) on L6 BOTTOM|Pad RDD10-1(56.388mm,16.8mm) on L1 TOP"
TRACK,BATCH_C_OK.csv|R30:Va_4,Va_4,Top Layer,56.225,15.975,55.625,15.975,0.15,,,"Va_4|Pad R_DRL_VA4-1(55.775mm,11mm) on L6 BOTTOM|Pad RDD10-1(56.388mm,16.8mm) on L1 TOP"
VIA,BATCH_C_OK.csv|R30:Va_4,Va_4,Multi Layer,56.225,15.975,,,,0.6,0.3,"Va_4|Pad R_DRL_VA4-1(55.775mm,11mm) on L6 BOTTOM|Pad RDD10-1(56.388mm,16.8mm) on L1 TOP"
TRACK,BATCH_C_OK.csv|R31:Va_1,Va_1,Top Layer,22.175,14.925,22.175,14.625,0.2,,,"Va_1|Pad RDD1-1(23.988mm,16.8mm) on L1 TOP|Pad R_DRL_VA1-1(24.255mm,10.855mm) on L6 BOTTOM"
TRACK,BATCH_C_OK.csv|R31:Va_1,Va_1,Mid Layer 2,22.175,14.625,22.625,14.175,0.2,,,"Va_1|Pad RDD1-1(23.988mm,16.8mm) on L1 TOP|Pad R_DRL_VA1-1(24.255mm,10.855mm) on L6 BOTTOM"
TRACK,BATCH_C_OK.csv|R31:Va_1,Va_1,Mid Layer 2,22.625,14.175,22.625,12.325,0.2,,,"Va_1|Pad RDD1-1(23.988mm,16.8mm) on L1 TOP|Pad R_DRL_VA1-1(24.255mm,10.855mm) on L6 BOTTOM"
TRACK,BATCH_C_OK.csv|R31:Va_1,Va_1,Mid Layer 2,22.625,12.325,23.425,11.525,0.2,,,"Va_1|Pad RDD1-1(23.988mm,16.8mm) on L1 TOP|Pad R_DRL_VA1-1(24.255mm,10.855mm) on L6 BOTTOM"
TRACK,BATCH_C_OK.csv|R31:Va_1,Va_1,Bottom Layer,23.425,11.525,23.825,11.125,0.2,,,"Va_1|Pad RDD1-1(23.988mm,16.8mm) on L1 TOP|Pad R_DRL_VA1-1(24.255mm,10.855mm) on L6 BOTTOM"
VIA,BATCH_C_OK.csv|R31:Va_1,Va_1,Multi Layer,22.175,14.625,,,,0.6,0.3,"Va_1|Pad RDD1-1(23.988mm,16.8mm) on L1 TOP|Pad R_DRL_VA1-1(24.255mm,10.855mm) on L6 BOTTOM"
VIA,BATCH_C_OK.csv|R31:Va_1,Va_1,Multi Layer,23.425,11.525,,,,0.6,0.3,"Va_1|Pad RDD1-1(23.988mm,16.8mm) on L1 TOP|Pad R_DRL_VA1-1(24.255mm,10.855mm) on L6 BOTTOM"
TRACK,BATCH_C_OK.csv|R39:NetJ_REF_1,NetJ_REF_1,Mid Layer 2,14.675,12.925,14.675,13.278,0.15,,,"NetJ_REF_1|Pad J_REF-2(14.47mm,12.2mm) on Multi-Layer|Pad R_DRL_SEL-2(22.142mm,13.558mm) on L6 BOTTOM"
TRACK,BATCH_C_OK.csv|R39:NetJ_REF_1,NetJ_REF_1,Mid Layer 2,14.675,13.278,14.675,13.425,0.15,,,"NetJ_REF_1|Pad J_REF-2(14.47mm,12.2mm) on Multi-Layer|Pad R_DRL_SEL-2(22.142mm,13.558mm) on L6 BOTTOM"
TRACK,BATCH_C_OK.csv|R39:NetJ_REF_1,NetJ_REF_1,Mid Layer 2,14.675,13.425,15.075,13.825,0.15,,,"NetJ_REF_1|Pad J_REF-2(14.47mm,12.2mm) on Multi-Layer|Pad R_DRL_SEL-2(22.142mm,13.558mm) on L6 BOTTOM"
TRACK,BATCH_C_OK.csv|R39:NetJ_REF_1,NetJ_REF_1,Mid Layer 2,15.075,13.825,15.1058,13.825,0.15,,,"NetJ_REF_1|Pad J_REF-2(14.47mm,12.2mm) on Multi-Layer|Pad R_DRL_SEL-2(22.142mm,13.558mm) on L6 BOTTOM"
TRACK,BATCH_C_OK.csv|R39:NetJ_REF_1,NetJ_REF_1,Mid Layer 2,15.1058,13.825,17.95,13.825,0.15,,,"NetJ_REF_1|Pad J_REF-2(14.47mm,12.2mm) on Multi-Layer|Pad R_DRL_SEL-2(22.142mm,13.558mm) on L6 BOTTOM"
TRACK,BATCH_C_OK.csv|R39:NetJ_REF_1,NetJ_REF_1,Mid Layer 2,17.95,13.825,20.525,13.825,0.15,,,"NetJ_REF_1|Pad J_REF-2(14.47mm,12.2mm) on Multi-Layer|Pad R_DRL_SEL-2(22.142mm,13.558mm) on L6 BOTTOM"
TRACK,BATCH_C_OK.csv|R39:NetJ_REF_1,NetJ_REF_1,Mid Layer 2,20.525,13.825,21.175,13.175,0.15,,,"NetJ_REF_1|Pad J_REF-2(14.47mm,12.2mm) on Multi-Layer|Pad R_DRL_SEL-2(22.142mm,13.558mm) on L6 BOTTOM"
TRACK,BATCH_C_OK.csv|R39:NetJ_REF_1,NetJ_REF_1,Mid Layer 2,21.175,13.175,21.525,13.175,0.15,,,"NetJ_REF_1|Pad J_REF-2(14.47mm,12.2mm) on Multi-Layer|Pad R_DRL_SEL-2(22.142mm,13.558mm) on L6 BOTTOM"
TRACK,BATCH_C_OK.csv|R39:NetJ_REF_1,NetJ_REF_1,Mid Layer 2,21.525,13.175,22.075,12.625,0.15,,,"NetJ_REF_1|Pad J_REF-2(14.47mm,12.2mm) on Multi-Layer|Pad R_DRL_SEL-2(22.142mm,13.558mm) on L6 BOTTOM"
TRACK,BATCH_C_OK.csv|R39:NetJ_REF_1,NetJ_REF_1,Mid Layer 2,22.075,12.625,22.075,11.825,0.15,,,"NetJ_REF_1|Pad J_REF-2(14.47mm,12.2mm) on Multi-Layer|Pad R_DRL_SEL-2(22.142mm,13.558mm) on L6 BOTTOM"
TRACK,BATCH_C_OK.csv|R39:NetJ_REF_1,NetJ_REF_1,Mid Layer 2,22.075,11.825,23.025,10.875,0.15,,,"NetJ_REF_1|Pad J_REF-2(14.47mm,12.2mm) on Multi-Layer|Pad R_DRL_SEL-2(22.142mm,13.558mm) on L6 BOTTOM"
TRACK,BATCH_C_OK.csv|R39:NetJ_REF_1,NetJ_REF_1,Mid Layer 2,23.025,10.875,23.775,10.875,0.15,,,"NetJ_REF_1|Pad J_REF-2(14.47mm,12.2mm) on Multi-Layer|Pad R_DRL_SEL-2(22.142mm,13.558mm) on L6 BOTTOM"
TRACK,BATCH_C_OK.csv|R39:NetJ_REF_1,NetJ_REF_1,Mid Layer 2,23.775,10.875,24.125,11.225,0.15,,,"NetJ_REF_1|Pad J_REF-2(14.47mm,12.2mm) on Multi-Layer|Pad R_DRL_SEL-2(22.142mm,13.558mm) on L6 BOTTOM"
TRACK,BATCH_C_OK.csv|R39:NetJ_REF_1,NetJ_REF_1,Mid Layer 2,24.125,11.225,24.125,12.325,0.15,,,"NetJ_REF_1|Pad J_REF-2(14.47mm,12.2mm) on Multi-Layer|Pad R_DRL_SEL-2(22.142mm,13.558mm) on L6 BOTTOM"
TRACK,BATCH_C_OK.csv|R39:NetJ_REF_1,NetJ_REF_1,Mid Layer 2,24.125,12.325,23.375,13.075,0.15,,,"NetJ_REF_1|Pad J_REF-2(14.47mm,12.2mm) on Multi-Layer|Pad R_DRL_SEL-2(22.142mm,13.558mm) on L6 BOTTOM"
TRACK,BATCH_C_OK.csv|R39:NetJ_REF_1,NetJ_REF_1,Bottom Layer,23.375,13.075,22.725,13.075,0.15,,,"NetJ_REF_1|Pad J_REF-2(14.47mm,12.2mm) on Multi-Layer|Pad R_DRL_SEL-2(22.142mm,13.558mm) on L6 BOTTOM"
TRACK,BATCH_C_OK.csv|R39:NetJ_REF_1,NetJ_REF_1,Bottom Layer,22.725,13.075,22.525,13.275,0.15,,,"NetJ_REF_1|Pad J_REF-2(14.47mm,12.2mm) on Multi-Layer|Pad R_DRL_SEL-2(22.142mm,13.558mm) on L6 BOTTOM"
VIA,BATCH_C_OK.csv|R39:NetJ_REF_1,NetJ_REF_1,Multi Layer,23.375,13.075,,,,0.45,0.2,"NetJ_REF_1|Pad J_REF-2(14.47mm,12.2mm) on Multi-Layer|Pad R_DRL_SEL-2(22.142mm,13.558mm) on L6 BOTTOM"
TRACK,BATCH_C_OK.csv|R3:Vb_5,Vb_5,Bottom Layer,66.375,13.625,66.375,14.125,0.2,,,"Vb_5|Pad R_DRL_VB5-1(66.704mm,13.183mm) on L6 BOTTOM|Pad RDD14-1(66.8mm,15mm) on L1 TOP"
TRACK,BATCH_C_OK.csv|R3:Vb_5,Vb_5,Top Layer,66.375,14.125,66.175,14.325,0.2,,,"Vb_5|Pad R_DRL_VB5-1(66.704mm,13.183mm) on L6 BOTTOM|Pad RDD14-1(66.8mm,15mm) on L1 TOP"
VIA,BATCH_C_OK.csv|R3:Vb_5,Vb_5,Multi Layer,66.375,14.125,,,,0.6,0.3,"Vb_5|Pad R_DRL_VB5-1(66.704mm,13.183mm) on L6 BOTTOM|Pad RDD14-1(66.8mm,15mm) on L1 TOP"
TRACK,BATCH_C_OK.csv|R45:DRL_SUM,DRL_SUM,Bottom Layer,35.625,11.425,35.625,12.275,0.2,,,"DRL_SUM|Pad R_DRL_VA2-2(35.625mm,11mm) on L6 BOTTOM|Pad R_DRL_VB2-2(35.625mm,12.7mm) on L6 BOTTOM"
TRACK,BATCH_C_OK.csv|R46:DRL_SUM,DRL_SUM,Bottom Layer,46.425,11.425,46.425,12.275,0.2,,,"DRL_SUM|Pad R_DRL_VA3-2(46.425mm,11mm) on L6 BOTTOM|Pad R_DRL_VB3-2(46.425mm,12.7mm) on L6 BOTTOM"
TRACK,BATCH_C_OK.csv|R47:DRL_SUM,DRL_SUM,Bottom Layer,57.225,11.425,57.225,12.275,0.2,,,"DRL_SUM|Pad R_DRL_VA4-2(57.225mm,11mm) on L6 BOTTOM|Pad R_DRL_VB4-2(57.225mm,12.7mm) on L6 BOTTOM"
TRACK,BATCH_C_OK.csv|R48:DRL_SUM,DRL_SUM,Bottom Layer,35.625,13.125,35.625,13.975,0.2,,,"DRL_SUM|Pad R_DRL_VB2-2(35.625mm,12.7mm) on L6 BOTTOM|Pad R_DRL_VC2-2(35.625mm,14.4mm) on L6 BOTTOM"
TRACK,BATCH_C_OK.csv|R49:DRL_SUM,DRL_SUM,Bottom Layer,57.225,13.125,57.225,13.975,0.2,,,"DRL_SUM|Pad R_DRL_VB4-2(57.225mm,12.7mm) on L6 BOTTOM|Pad R_DRL_VC4-2(57.225mm,14.4mm) on L6 BOTTOM"
TRACK,BATCH_C_OK.csv|R50:DRL_SUM,DRL_SUM,Bottom Layer,46.725,13.125,47.825,13.125,0.15,,,"DRL_SUM|Pad R_DRL_VB3-2(46.425mm,12.7mm) on L6 BOTTOM|Pad R_DRL_VC3-2(46.625mm,14.4mm) on L6 BOTTOM"
TRACK,BATCH_C_OK.csv|R50:DRL_SUM,DRL_SUM,Bottom Layer,47.825,13.125,48.175,13.475,0.15,,,"DRL_SUM|Pad R_DRL_VB3-2(46.425mm,12.7mm) on L6 BOTTOM|Pad R_DRL_VC3-2(46.625mm,14.4mm) on L6 BOTTOM"
TRACK,BATCH_C_OK.csv|R50:DRL_SUM,DRL_SUM,Bottom Layer,48.175,13.475,50.325,13.475,0.15,,,"DRL_SUM|Pad R_DRL_VB3-2(46.425mm,12.7mm) on L6 BOTTOM|Pad R_DRL_VC3-2(46.625mm,14.4mm) on L6 BOTTOM"
TRACK,BATCH_C_OK.csv|R50:DRL_SUM,DRL_SUM,Bottom Layer,50.325,13.475,50.725,13.875,0.15,,,"DRL_SUM|Pad R_DRL_VB3-2(46.425mm,12.7mm) on L6 BOTTOM|Pad R_DRL_VC3-2(46.625mm,14.4mm) on L6 BOTTOM"
TRACK,BATCH_C_OK.csv|R50:DRL_SUM,DRL_SUM,Bottom Layer,50.725,13.875,50.725,14.575,0.15,,,"DRL_SUM|Pad R_DRL_VB3-2(46.425mm,12.7mm) on L6 BOTTOM|Pad R_DRL_VC3-2(46.625mm,14.4mm) on L6 BOTTOM"
TRACK,BATCH_C_OK.csv|R50:DRL_SUM,DRL_SUM,Bottom Layer,50.725,14.575,50.375,14.925,0.15,,,"DRL_SUM|Pad R_DRL_VB3-2(46.425mm,12.7mm) on L6 BOTTOM|Pad R_DRL_VC3-2(46.625mm,14.4mm) on L6 BOTTOM"
TRACK,BATCH_C_OK.csv|R50:DRL_SUM,DRL_SUM,Bottom Layer,50.375,14.925,47.025,14.925,0.15,,,"DRL_SUM|Pad R_DRL_VB3-2(46.425mm,12.7mm) on L6 BOTTOM|Pad R_DRL_VC3-2(46.625mm,14.4mm) on L6 BOTTOM"
TRACK,BATCH_C_OK.csv|R50:DRL_SUM,DRL_SUM,Bottom Layer,47.025,14.925,46.925,14.825,0.15,,,"DRL_SUM|Pad R_DRL_VB3-2(46.425mm,12.7mm) on L6 BOTTOM|Pad R_DRL_VC3-2(46.625mm,14.4mm) on L6 BOTTOM"
TRACK,BATCH_C_OK.csv|R51:DRL_SUM,DRL_SUM,Bottom Layer,68.125,11.925,68.125,12.775,0.2,,,"DRL_SUM|Pad R_DRL_VA5-2(67.896mm,11.483mm) on L6 BOTTOM|Pad R_DRL_VB5-2(68.154mm,13.183mm) on L6 BOTTOM"
TRACK,BATCH_C_OK.csv|R57:DRL_AMP_OUT,DRL_AMP_OUT,Mid Layer 2,15.375,15.775,15.125,15.525,0.2,,,"DRL_AMP_OUT|Track (13.45mm,16.35mm)(13.675mm,16.125mm) on L6 BOTTOM|Track (13.725mm,13.425mm)(13.775mm,13.475mm) on L6 BOTTOM"
TRACK,BATCH_C_OK.csv|R57:DRL_AMP_OUT,DRL_AMP_OUT,Mid Layer 2,15.125,15.525,15.125,14.725,0.2,,,"DRL_AMP_OUT|Track (13.45mm,16.35mm)(13.675mm,16.125mm) on L6 BOTTOM|Track (13.725mm,13.425mm)(13.775mm,13.475mm) on L6 BOTTOM"
TRACK,BATCH_C_OK.csv|R57:DRL_AMP_OUT,DRL_AMP_OUT,Mid Layer 2,15.125,14.725,15.1058,14.7058,0.2,,,"DRL_AMP_OUT|Track (13.45mm,16.35mm)(13.675mm,16.125mm) on L6 BOTTOM|Track (13.725mm,13.425mm)(13.775mm,13.475mm) on L6 BOTTOM"
TRACK,BATCH_C_OK.csv|R57:DRL_AMP_OUT,DRL_AMP_OUT,Mid Layer 2,15.1058,14.7058,13.678,13.278,0.2,,,"DRL_AMP_OUT|Track (13.45mm,16.35mm)(13.675mm,16.125mm) on L6 BOTTOM|Track (13.725mm,13.425mm)(13.775mm,13.475mm) on L6 BOTTOM"
TRACK,BATCH_C_OK.csv|R57:DRL_AMP_OUT,DRL_AMP_OUT,Mid Layer 2,13.678,13.278,13.45,13.05,0.2,,,"DRL_AMP_OUT|Track (13.45mm,16.35mm)(13.675mm,16.125mm) on L6 BOTTOM|Track (13.725mm,13.425mm)(13.775mm,13.475mm) on L6 BOTTOM"
TRACK,BATCH_C_OK.csv|R57:DRL_AMP_OUT,DRL_AMP_OUT,Mid Layer 2,13.45,13.05,13.225,12.825,0.2,,,"DRL_AMP_OUT|Track (13.45mm,16.35mm)(13.675mm,16.125mm) on L6 BOTTOM|Track (13.725mm,13.425mm)(13.775mm,13.475mm) on L6 BOTTOM"
TRACK,BATCH_C_OK.csv|R57:DRL_AMP_OUT,DRL_AMP_OUT,Mid Layer 2,13.225,12.825,13.225,11.725,0.2,,,"DRL_AMP_OUT|Track (13.45mm,16.35mm)(13.675mm,16.125mm) on L6 BOTTOM|Track (13.725mm,13.425mm)(13.775mm,13.475mm) on L6 BOTTOM"
TRACK,BATCH_C_OK.csv|R67:DRL_SUM,DRL_SUM,Mid Layer 2,34.175,17.675,35.525,16.325,0.15,,,"DRL_SUM|Pad R_DRL_VB1-2(25.625mm,14.086mm) on L6 BOTTOM|Pad R_DRL_VC2-2(35.625mm,14.4mm) on L6 BOTTOM"
TRACK,BATCH_C_OK.csv|R67:DRL_SUM,DRL_SUM,Mid Layer 2,35.525,16.325,35.525,13.625,0.15,,,"DRL_SUM|Pad R_DRL_VB1-2(25.625mm,14.086mm) on L6 BOTTOM|Pad R_DRL_VC2-2(35.625mm,14.4mm) on L6 BOTTOM"
VIA,BATCH_C_OK.csv|R67:DRL_SUM,DRL_SUM,Multi Layer,35.525,13.625,,,,0.45,0.2,"DRL_SUM|Pad R_DRL_VB1-2(25.625mm,14.086mm) on L6 BOTTOM|Pad R_DRL_VC2-2(35.625mm,14.4mm) on L6 BOTTOM"
TRACK,BATCH_C_OK.csv|R68:DRL_SUM,DRL_SUM,Bottom Layer,50.775,14.625,52.725,14.625,0.2,,,"DRL_SUM|Pad R_DRL_VC3-2(46.625mm,14.4mm) on L6 BOTTOM|Pad R_DRL_VC4-2(57.225mm,14.4mm) on L6 BOTTOM"
TRACK,BATCH_C_OK.csv|R68:DRL_SUM,DRL_SUM,Bottom Layer,52.725,14.625,52.975,14.875,0.2,,,"DRL_SUM|Pad R_DRL_VC3-2(46.625mm,14.4mm) on L6 BOTTOM|Pad R_DRL_VC4-2(57.225mm,14.4mm) on L6 BOTTOM"
TRACK,BATCH_C_OK.csv|R68:DRL_SUM,DRL_SUM,Bottom Layer,52.975,14.875,53.025,14.875,0.2,,,"DRL_SUM|Pad R_DRL_VC3-2(46.625mm,14.4mm) on L6 BOTTOM|Pad R_DRL_VC4-2(57.225mm,14.4mm) on L6 BOTTOM"
TRACK,BATCH_C_OK.csv|R68:DRL_SUM,DRL_SUM,Bottom Layer,53.025,14.875,53.075,14.925,0.2,,,"DRL_SUM|Pad R_DRL_VC3-2(46.625mm,14.4mm) on L6 BOTTOM|Pad R_DRL_VC4-2(57.225mm,14.4mm) on L6 BOTTOM"
TRACK,BATCH_C_OK.csv|R68:DRL_SUM,DRL_SUM,Bottom Layer,53.075,14.925,53.175,14.925,0.2,,,"DRL_SUM|Pad R_DRL_VC3-2(46.625mm,14.4mm) on L6 BOTTOM|Pad R_DRL_VC4-2(57.225mm,14.4mm) on L6 BOTTOM"
TRACK,BATCH_C_OK.csv|R68:DRL_SUM,DRL_SUM,Bottom Layer,53.175,14.925,53.175,14.975,0.2,,,"DRL_SUM|Pad R_DRL_VC3-2(46.625mm,14.4mm) on L6 BOTTOM|Pad R_DRL_VC4-2(57.225mm,14.4mm) on L6 BOTTOM"
TRACK,BATCH_C_OK.csv|R68:DRL_SUM,DRL_SUM,Bottom Layer,53.175,14.975,53.225,14.975,0.2,,,"DRL_SUM|Pad R_DRL_VC3-2(46.625mm,14.4mm) on L6 BOTTOM|Pad R_DRL_VC4-2(57.225mm,14.4mm) on L6 BOTTOM"
TRACK,BATCH_C_OK.csv|R68:DRL_SUM,DRL_SUM,Bottom Layer,53.225,14.975,53.775,15.525,0.2,,,"DRL_SUM|Pad R_DRL_VC3-2(46.625mm,14.4mm) on L6 BOTTOM|Pad R_DRL_VC4-2(57.225mm,14.4mm) on L6 BOTTOM"
TRACK,BATCH_C_OK.csv|R68:DRL_SUM,DRL_SUM,Bottom Layer,53.775,15.525,54.025,15.525,0.2,,,"DRL_SUM|Pad R_DRL_VC3-2(46.625mm,14.4mm) on L6 BOTTOM|Pad R_DRL_VC4-2(57.225mm,14.4mm) on L6 BOTTOM"
TRACK,BATCH_C_OK.csv|R68:DRL_SUM,DRL_SUM,Bottom Layer,54.025,15.525,54.725,16.225,0.2,,,"DRL_SUM|Pad R_DRL_VC3-2(46.625mm,14.4mm) on L6 BOTTOM|Pad R_DRL_VC4-2(57.225mm,14.4mm) on L6 BOTTOM"
TRACK,BATCH_C_OK.csv|R68:DRL_SUM,DRL_SUM,Bottom Layer,54.725,16.225,54.725,17.325,0.2,,,"DRL_SUM|Pad R_DRL_VC3-2(46.625mm,14.4mm) on L6 BOTTOM|Pad R_DRL_VC4-2(57.225mm,14.4mm) on L6 BOTTOM"
TRACK,BATCH_C_OK.csv|R68:DRL_SUM,DRL_SUM,Bottom Layer,54.725,17.325,55.125,17.725,0.2,,,"DRL_SUM|Pad R_DRL_VC3-2(46.625mm,14.4mm) on L6 BOTTOM|Pad R_DRL_VC4-2(57.225mm,14.4mm) on L6 BOTTOM"
TRACK,BATCH_C_OK.csv|R68:DRL_SUM,DRL_SUM,Bottom Layer,55.125,17.725,55.775,17.725,0.2,,,"DRL_SUM|Pad R_DRL_VC3-2(46.625mm,14.4mm) on L6 BOTTOM|Pad R_DRL_VC4-2(57.225mm,14.4mm) on L6 BOTTOM"
TRACK,BATCH_C_OK.csv|R68:DRL_SUM,DRL_SUM,Bottom Layer,55.775,17.725,56.975,16.525,0.2,,,"DRL_SUM|Pad R_DRL_VC3-2(46.625mm,14.4mm) on L6 BOTTOM|Pad R_DRL_VC4-2(57.225mm,14.4mm) on L6 BOTTOM"
TRACK,BATCH_C_OK.csv|R68:DRL_SUM,DRL_SUM,Bottom Layer,56.975,16.525,56.975,14.825,0.2,,,"DRL_SUM|Pad R_DRL_VC3-2(46.625mm,14.4mm) on L6 BOTTOM|Pad R_DRL_VC4-2(57.225mm,14.4mm) on L6 BOTTOM"
TRACK,BATCH_C_OK.csv|R70:DRL_SUM,DRL_SUM,Mid Layer 2,34.225,17.725,36.475,19.975,0.15,,,"DRL_SUM|Pad R_DRL_VA2-2(35.625mm,11mm) on L6 BOTTOM|Pad R_DRL_VA3-2(46.425mm,11mm) on L6 BOTTOM"
TRACK,BATCH_C_OK.csv|R70:DRL_SUM,DRL_SUM,Mid Layer 2,36.475,19.975,36.475,22.625,0.15,,,"DRL_SUM|Pad R_DRL_VA2-2(35.625mm,11mm) on L6 BOTTOM|Pad R_DRL_VA3-2(46.425mm,11mm) on L6 BOTTOM"
TRACK,BATCH_C_OK.csv|R70:DRL_SUM,DRL_SUM,Mid Layer 2,36.475,22.625,38.525,24.675,0.15,,,"DRL_SUM|Pad R_DRL_VA2-2(35.625mm,11mm) on L6 BOTTOM|Pad R_DRL_VA3-2(46.425mm,11mm) on L6 BOTTOM"
TRACK,BATCH_C_OK.csv|R70:DRL_SUM,DRL_SUM,Top Layer,38.525,24.675,39.725,24.675,0.15,,,"DRL_SUM|Pad R_DRL_VA2-2(35.625mm,11mm) on L6 BOTTOM|Pad R_DRL_VA3-2(46.425mm,11mm) on L6 BOTTOM"
TRACK,BATCH_C_OK.csv|R70:DRL_SUM,DRL_SUM,Top Layer,39.725,24.675,39.775,24.725,0.15,,,"DRL_SUM|Pad R_DRL_VA2-2(35.625mm,11mm) on L6 BOTTOM|Pad R_DRL_VA3-2(46.425mm,11mm) on L6 BOTTOM"
TRACK,BATCH_C_OK.csv|R70:DRL_SUM,DRL_SUM,Top Layer,39.775,24.725,41.375,24.725,0.15,,,"DRL_SUM|Pad R_DRL_VA2-2(35.625mm,11mm) on L6 BOTTOM|Pad R_DRL_VA3-2(46.425mm,11mm) on L6 BOTTOM"
TRACK,BATCH_C_OK.csv|R70:DRL_SUM,DRL_SUM,Top Layer,41.375,24.725,44.575,21.525,0.15,,,"DRL_SUM|Pad R_DRL_VA2-2(35.625mm,11mm) on L6 BOTTOM|Pad R_DRL_VA3-2(46.425mm,11mm) on L6 BOTTOM"
TRACK,BATCH_C_OK.csv|R70:DRL_SUM,DRL_SUM,Mid Layer 2,44.575,21.525,45.875,20.225,0.15,,,"DRL_SUM|Pad R_DRL_VA2-2(35.625mm,11mm) on L6 BOTTOM|Pad R_DRL_VA3-2(46.425mm,11mm) on L6 BOTTOM"
TRACK,BATCH_C_OK.csv|R70:DRL_SUM,DRL_SUM,Mid Layer 2,45.875,20.225,45.975,20.225,0.15,,,"DRL_SUM|Pad R_DRL_VA2-2(35.625mm,11mm) on L6 BOTTOM|Pad R_DRL_VA3-2(46.425mm,11mm) on L6 BOTTOM"
TRACK,BATCH_C_OK.csv|R70:DRL_SUM,DRL_SUM,Mid Layer 2,45.975,20.225,48.375,17.825,0.15,,,"DRL_SUM|Pad R_DRL_VA2-2(35.625mm,11mm) on L6 BOTTOM|Pad R_DRL_VA3-2(46.425mm,11mm) on L6 BOTTOM"
TRACK,BATCH_C_OK.csv|R70:DRL_SUM,DRL_SUM,Mid Layer 2,48.375,17.825,48.375,14.975,0.15,,,"DRL_SUM|Pad R_DRL_VA2-2(35.625mm,11mm) on L6 BOTTOM|Pad R_DRL_VA3-2(46.425mm,11mm) on L6 BOTTOM"
VIA,BATCH_C_OK.csv|R70:DRL_SUM,DRL_SUM,Multi Layer,38.525,24.675,,,,0.45,0.2,"DRL_SUM|Pad R_DRL_VA2-2(35.625mm,11mm) on L6 BOTTOM|Pad R_DRL_VA3-2(46.425mm,11mm) on L6 BOTTOM"
VIA,BATCH_C_OK.csv|R70:DRL_SUM,DRL_SUM,Multi Layer,44.575,21.525,,,,0.45,0.2,"DRL_SUM|Pad R_DRL_VA2-2(35.625mm,11mm) on L6 BOTTOM|Pad R_DRL_VA3-2(46.425mm,11mm) on L6 BOTTOM"
VIA,BATCH_C_OK.csv|R70:DRL_SUM,DRL_SUM,Multi Layer,48.375,14.975,,,,0.45,0.2,"DRL_SUM|Pad R_DRL_VA2-2(35.625mm,11mm) on L6 BOTTOM|Pad R_DRL_VA3-2(46.425mm,11mm) on L6 BOTTOM"
TRACK,BATCH_C_OK.csv|R7:Vb_3,Vb_3,Bottom Layer,44.675,13.125,44.675,13.375,0.2,,,"Vb_3|Pad R_DRL_VB3-1(44.975mm,12.7mm) on L6 BOTTOM|Pad RDD8-1(45.6mm,15mm) on L1 TOP"
TRACK,BATCH_C_OK.csv|R7:Vb_3,Vb_3,Bottom Layer,44.675,13.375,44.225,13.825,0.2,,,"Vb_3|Pad R_DRL_VB3-1(44.975mm,12.7mm) on L6 BOTTOM|Pad RDD8-1(45.6mm,15mm) on L1 TOP"
TRACK,BATCH_C_OK.csv|R7:Vb_3,Vb_3,Top Layer,44.225,13.825,44.275,13.825,0.2,,,"Vb_3|Pad R_DRL_VB3-1(44.975mm,12.7mm) on L6 BOTTOM|Pad RDD8-1(45.6mm,15mm) on L1 TOP"
VIA,BATCH_C_OK.csv|R7:Vb_3,Vb_3,Multi Layer,44.225,13.825,,,,0.6,0.3,"Vb_3|Pad R_DRL_VB3-1(44.975mm,12.7mm) on L6 BOTTOM|Pad RDD8-1(45.6mm,15mm) on L1 TOP"
TRACK,BATCH_C_OK.csv|R8:Vc_1,Vc_1,Top Layer,23.775,18.825,23.425,19.175,0.15,,,"Vc_1|Pad RDD3-1(23.988mm,18.6mm) on L1 TOP|Pad R_DRL_VC1-1(25.55mm,16.187mm) on L6 BOTTOM"
TRACK,BATCH_C_OK.csv|R8:Vc_1,Vc_1,Top Layer,23.425,19.175,23.425,19.375,0.15,,,"Vc_1|Pad RDD3-1(23.988mm,18.6mm) on L1 TOP|Pad R_DRL_VC1-1(25.55mm,16.187mm) on L6 BOTTOM"
TRACK,BATCH_C_OK.csv|R8:Vc_1,Vc_1,Top Layer,23.425,19.375,23.375,19.375,0.15,,,"Vc_1|Pad RDD3-1(23.988mm,18.6mm) on L1 TOP|Pad R_DRL_VC1-1(25.55mm,16.187mm) on L6 BOTTOM"
TRACK,BATCH_C_OK.csv|R8:Vc_1,Vc_1,Top Layer,23.375,19.375,23.375,19.675,0.15,,,"Vc_1|Pad RDD3-1(23.988mm,18.6mm) on L1 TOP|Pad R_DRL_VC1-1(25.55mm,16.187mm) on L6 BOTTOM"
TRACK,BATCH_C_OK.csv|R8:Vc_1,Vc_1,Top Layer,23.375,19.675,23.275,19.775,0.15,,,"Vc_1|Pad RDD3-1(23.988mm,18.6mm) on L1 TOP|Pad R_DRL_VC1-1(25.55mm,16.187mm) on L6 BOTTOM"
TRACK,BATCH_C_OK.csv|R8:Vc_1,Vc_1,Mid Layer 2,23.275,19.775,23.375,19.675,0.15,,,"Vc_1|Pad RDD3-1(23.988mm,18.6mm) on L1 TOP|Pad R_DRL_VC1-1(25.55mm,16.187mm) on L6 BOTTOM"
TRACK,BATCH_C_OK.csv|R8:Vc_1,Vc_1,Mid Layer 2,23.375,19.675,23.375,19.375,0.15,,,"Vc_1|Pad RDD3-1(23.988mm,18.6mm) on L1 TOP|Pad R_DRL_VC1-1(25.55mm,16.187mm) on L6 BOTTOM"
TRACK,BATCH_C_OK.csv|R8:Vc_1,Vc_1,Mid Layer 2,23.375,19.375,23.425,19.375,0.15,,,"Vc_1|Pad RDD3-1(23.988mm,18.6mm) on L1 TOP|Pad R_DRL_VC1-1(25.55mm,16.187mm) on L6 BOTTOM"
TRACK,BATCH_C_OK.csv|R8:Vc_1,Vc_1,Mid Layer 2,23.425,19.375,23.425,17.375,0.15,,,"Vc_1|Pad RDD3-1(23.988mm,18.6mm) on L1 TOP|Pad R_DRL_VC1-1(25.55mm,16.187mm) on L6 BOTTOM"
TRACK,BATCH_C_OK.csv|R8:Vc_1,Vc_1,Mid Layer 2,23.425,17.375,24.725,16.075,0.15,,,"Vc_1|Pad RDD3-1(23.988mm,18.6mm) on L1 TOP|Pad R_DRL_VC1-1(25.55mm,16.187mm) on L6 BOTTOM"
TRACK,BATCH_C_OK.csv|R8:Vc_1,Vc_1,Bottom Layer,24.725,16.075,25.125,16.075,0.15,,,"Vc_1|Pad RDD3-1(23.988mm,18.6mm) on L1 TOP|Pad R_DRL_VC1-1(25.55mm,16.187mm) on L6 BOTTOM"
VIA,BATCH_C_OK.csv|R8:Vc_1,Vc_1,Multi Layer,23.275,19.775,,,,0.45,0.2,"Vc_1|Pad RDD3-1(23.988mm,18.6mm) on L1 TOP|Pad R_DRL_VC1-1(25.55mm,16.187mm) on L6 BOTTOM"
VIA,BATCH_C_OK.csv|R8:Vc_1,Vc_1,Multi Layer,24.725,16.075,,,,0.45,0.2,"Vc_1|Pad RDD3-1(23.988mm,18.6mm) on L1 TOP|Pad R_DRL_VC1-1(25.55mm,16.187mm) on L6 BOTTOM"
TRACK,ROUTE_PLAN_C2R2_OK.csv|R12:VSYS,VSYS,Bottom Layer,64.425,41.275,64.625,41.075,0.4,,,"VSYS|Pad CUP4_1-1(53.412mm,41.384mm) on L4 BOTTOM GND|Pad R_EN1_1-1(64.969mm,40.25mm) on L4 BOTTOM GND"
TRACK,ROUTE_PLAN_C2R2_OK.csv|R12:VSYS,VSYS,Bottom Layer,64.625,41.075,64.675,41.075,0.4,,,"VSYS|Pad CUP4_1-1(53.412mm,41.384mm) on L4 BOTTOM GND|Pad R_EN1_1-1(64.969mm,40.25mm) on L4 BOTTOM GND"
TRACK,ROUTE_PLAN_C2R2_OK.csv|R12:VSYS,VSYS,Bottom Layer,64.675,41.075,64.875,40.875,0.4,,,"VSYS|Pad CUP4_1-1(53.412mm,41.384mm) on L4 BOTTOM GND|Pad R_EN1_1-1(64.969mm,40.25mm) on L4 BOTTOM GND"
TRACK,ROUTE_PLAN_C2R2_OK.csv|R12:VSYS,VSYS,Bottom Layer,64.875,40.875,64.875,40.575,0.4,,,"VSYS|Pad CUP4_1-1(53.412mm,41.384mm) on L4 BOTTOM GND|Pad R_EN1_1-1(64.969mm,40.25mm) on L4 BOTTOM GND"
TRACK,ROUTE_PLAN_C2R2_OK.csv|R13:VSYS,VSYS,Mid Layer 2,19.175,39.475,23.875,39.475,0.15,,,"VSYS|Via (18.925mm,39.575mm) from L1 TOP to L4 BOTTOM GND|Track (42.975mm,38.725mm)(42.975mm,39.825mm) on L4 BOTTOM GND"
TRACK,ROUTE_PLAN_C2R2_OK.csv|R13:VSYS,VSYS,Mid Layer 2,23.875,39.475,23.925,39.425,0.15,,,"VSYS|Via (18.925mm,39.575mm) from L1 TOP to L4 BOTTOM GND|Track (42.975mm,38.725mm)(42.975mm,39.825mm) on L4 BOTTOM GND"
TRACK,ROUTE_PLAN_C2R2_OK.csv|R27:VREF_A,VREF_A,Mid Layer 2,40.175,24.025,44.025,24.025,0.2,,,"VREF_A|Track (42.075mm,22.575mm)(42.075mm,23.275mm) on L1 TOP|Track (53.025mm,21.425mm)(55.675mm,21.425mm) on L1 TOP"
TRACK,ROUTE_PLAN_C2R2_OK.csv|R27:VREF_A,VREF_A,Mid Layer 2,44.025,24.025,44.225,23.825,0.2,,,"VREF_A|Track (42.075mm,22.575mm)(42.075mm,23.275mm) on L1 TOP|Track (53.025mm,21.425mm)(55.675mm,21.425mm) on L1 TOP"
TRACK,ROUTE_PLAN_C2R2_OK.csv|R27:VREF_A,VREF_A,Mid Layer 2,44.225,23.825,45.875,23.825,0.2,,,"VREF_A|Track (42.075mm,22.575mm)(42.075mm,23.275mm) on L1 TOP|Track (53.025mm,21.425mm)(55.675mm,21.425mm) on L1 TOP"
TRACK,ROUTE_PLAN_C2R2_OK.csv|R27:VREF_A,VREF_A,Mid Layer 2,45.875,23.825,46.175,23.525,0.2,,,"VREF_A|Track (42.075mm,22.575mm)(42.075mm,23.275mm) on L1 TOP|Track (53.025mm,21.425mm)(55.675mm,21.425mm) on L1 TOP"
TRACK,ROUTE_PLAN_C2R2_OK.csv|R27:VREF_A,VREF_A,Mid Layer 2,46.175,23.525,50.275,23.525,0.2,,,"VREF_A|Track (42.075mm,22.575mm)(42.075mm,23.275mm) on L1 TOP|Track (53.025mm,21.425mm)(55.675mm,21.425mm) on L1 TOP"
TRACK,ROUTE_PLAN_C2R2_OK.csv|R27:VREF_A,VREF_A,Top Layer,50.275,23.525,51.325,22.475,0.2,,,"VREF_A|Track (42.075mm,22.575mm)(42.075mm,23.275mm) on L1 TOP|Track (53.025mm,21.425mm)(55.675mm,21.425mm) on L1 TOP"
TRACK,ROUTE_PLAN_C2R2_OK.csv|R27:VREF_A,VREF_A,Top Layer,51.325,22.475,52.225,22.475,0.2,,,"VREF_A|Track (42.075mm,22.575mm)(42.075mm,23.275mm) on L1 TOP|Track (53.025mm,21.425mm)(55.675mm,21.425mm) on L1 TOP"
TRACK,ROUTE_PLAN_C2R2_OK.csv|R27:VREF_A,VREF_A,Top Layer,52.225,22.475,52.725,21.975,0.2,,,"VREF_A|Track (42.075mm,22.575mm)(42.075mm,23.275mm) on L1 TOP|Track (53.025mm,21.425mm)(55.675mm,21.425mm) on L1 TOP"
VIA,ROUTE_PLAN_C2R2_OK.csv|R27:VREF_A,VREF_A,Multi Layer,40.175,24.025,,,,0.6,0.3,"VREF_A|Track (42.075mm,22.575mm)(42.075mm,23.275mm) on L1 TOP|Track (53.025mm,21.425mm)(55.675mm,21.425mm) on L1 TOP"
VIA,ROUTE_PLAN_C2R2_OK.csv|R27:VREF_A,VREF_A,Multi Layer,50.275,23.525,,,,0.6,0.3,"VREF_A|Track (42.075mm,22.575mm)(42.075mm,23.275mm) on L1 TOP|Track (53.025mm,21.425mm)(55.675mm,21.425mm) on L1 TOP"
TRACK,ROUTE_PLAN_C2R2_OK.csv|R32:WIFI_CHIP_EN,WIFI_CHIP_EN,Top Layer,43.975,34.675,43.975,34.175,0.2,,,"WIFI_CHIP_EN|Pad C_WIFI_EN-1(43.901mm,34.855mm) on L1 TOP|Pad TP_WIFI_CHIP_EN-TP(44.926mm,33.655mm) on L4 BOTTOM GND"
TRACK,ROUTE_PLAN_C2R2_OK.csv|R32:WIFI_CHIP_EN,WIFI_CHIP_EN,Bottom Layer,43.975,34.175,44.325,33.825,0.2,,,"WIFI_CHIP_EN|Pad C_WIFI_EN-1(43.901mm,34.855mm) on L1 TOP|Pad TP_WIFI_CHIP_EN-TP(44.926mm,33.655mm) on L4 BOTTOM GND"
VIA,ROUTE_PLAN_C2R2_OK.csv|R32:WIFI_CHIP_EN,WIFI_CHIP_EN,Multi Layer,43.975,34.175,,,,0.6,0.3,"WIFI_CHIP_EN|Pad C_WIFI_EN-1(43.901mm,34.855mm) on L1 TOP|Pad TP_WIFI_CHIP_EN-TP(44.926mm,33.655mm) on L4 BOTTOM GND"
TRACK,ROUTE_PLAN_C2R2_OK.csv|R43:WIFI_CHIP_EN,WIFI_CHIP_EN,Top Layer,42.525,34.475,43.825,34.475,0.2,,,"WIFI_CHIP_EN|Pad U_WIFI1-17(42.126mm,34.855mm) on L1 TOP [Unplated]|Pad C_WIFI_EN-1(43.901mm,34.855mm) on L1 TOP"
TRACK,ROUTE_PLAN_C2R2_OK.csv|R47:DRL_LIMIT_MID,DRL_LIMIT_MID,Bottom Layer,18.525,15.625,19.575,14.575,0.2,,,"DRL_LIMIT_MID|Pad R_DRL_OUT1-2(18.1mm,15.925mm) on L4 BOTTOM GND|Pad R_DRL_OUT2-1(19.896mm,14.274mm) on L4 BOTTOM GND"
TRACK,ROUTE_PLAN_C2R2_OK.csv|R49:WIFI_CHIP_EN,WIFI_CHIP_EN,Top Layer,43.975,35.075,43.975,35.475,0.2,,,"WIFI_CHIP_EN|Pad C_WIFI_EN-1(43.901mm,34.855mm) on L1 TOP|Pad R_WIFI_EN_PD-1(45.78mm,37.4mm) on L1 TOP"
TRACK,ROUTE_PLAN_C2R2_OK.csv|R49:WIFI_CHIP_EN,WIFI_CHIP_EN,Top Layer,43.975,35.475,45.675,37.175,0.2,,,"WIFI_CHIP_EN|Pad C_WIFI_EN-1(43.901mm,34.855mm) on L1 TOP|Pad R_WIFI_EN_PD-1(45.78mm,37.4mm) on L1 TOP"
TRACK,ROUTE_PLAN_C2R2_OK.csv|R66:MCU_WIFI_UART_RX,MCU_WIFI_UART_RX,Bottom Layer,44.825,43.525,44.825,44.225,0.2,,,"MCU_WIFI_UART_RX|Pad R_WIFI_UART_RX_LINK-2(45.011mm,43.309mm) on L4 BOTTOM GND|Pad U_MCU1-69(65.818mm,38.5mm) on L1 TOP [Unplated]"
TRACK,ROUTE_PLAN_C2R2_OK.csv|R66:MCU_WIFI_UART_RX,MCU_WIFI_UART_RX,Bottom Layer,44.825,44.225,44.725,44.325,0.2,,,"MCU_WIFI_UART_RX|Pad R_WIFI_UART_RX_LINK-2(45.011mm,43.309mm) on L4 BOTTOM GND|Pad U_MCU1-69(65.818mm,38.5mm) on L1 TOP [Unplated]"
TRACK,ROUTE_PLAN_C2R2_OK.csv|R66:MCU_WIFI_UART_RX,MCU_WIFI_UART_RX,Bottom Layer,44.725,44.325,44.725,44.975,0.2,,,"MCU_WIFI_UART_RX|Pad R_WIFI_UART_RX_LINK-2(45.011mm,43.309mm) on L4 BOTTOM GND|Pad U_MCU1-69(65.818mm,38.5mm) on L1 TOP [Unplated]"
TRACK,ROUTE_PLAN_C2R2_OK.csv|R66:MCU_WIFI_UART_RX,MCU_WIFI_UART_RX,Bottom Layer,44.725,44.975,45.025,45.275,0.2,,,"MCU_WIFI_UART_RX|Pad R_WIFI_UART_RX_LINK-2(45.011mm,43.309mm) on L4 BOTTOM GND|Pad U_MCU1-69(65.818mm,38.5mm) on L1 TOP [Unplated]"
TRACK,ROUTE_PLAN_C2R2_OK.csv|R66:MCU_WIFI_UART_RX,MCU_WIFI_UART_RX,Bottom Layer,45.025,45.275,46.525,45.275,0.2,,,"MCU_WIFI_UART_RX|Pad R_WIFI_UART_RX_LINK-2(45.011mm,43.309mm) on L4 BOTTOM GND|Pad U_MCU1-69(65.818mm,38.5mm) on L1 TOP [Unplated]"
TRACK,ROUTE_PLAN_C2R2_OK.csv|R66:MCU_WIFI_UART_RX,MCU_WIFI_UART_RX,Bottom Layer,46.525,45.275,46.675,45.125,0.2,,,"MCU_WIFI_UART_RX|Pad R_WIFI_UART_RX_LINK-2(45.011mm,43.309mm) on L4 BOTTOM GND|Pad U_MCU1-69(65.818mm,38.5mm) on L1 TOP [Unplated]"
TRACK,ROUTE_PLAN_C2R2_OK.csv|R66:MCU_WIFI_UART_RX,MCU_WIFI_UART_RX,Top Layer,46.675,45.125,50.425,45.125,0.2,,,"MCU_WIFI_UART_RX|Pad R_WIFI_UART_RX_LINK-2(45.011mm,43.309mm) on L4 BOTTOM GND|Pad U_MCU1-69(65.818mm,38.5mm) on L1 TOP [Unplated]"
TRACK,ROUTE_PLAN_C2R2_OK.csv|R66:MCU_WIFI_UART_RX,MCU_WIFI_UART_RX,Top Layer,50.425,45.125,50.5745,44.9755,0.2,,,"MCU_WIFI_UART_RX|Pad R_WIFI_UART_RX_LINK-2(45.011mm,43.309mm) on L4 BOTTOM GND|Pad U_MCU1-69(65.818mm,38.5mm) on L1 TOP [Unplated]"
TRACK,ROUTE_PLAN_C2R2_OK.csv|R66:MCU_WIFI_UART_RX,MCU_WIFI_UART_RX,Top Layer,50.5745,44.9755,50.775,44.775,0.2,,,"MCU_WIFI_UART_RX|Pad R_WIFI_UART_RX_LINK-2(45.011mm,43.309mm) on L4 BOTTOM GND|Pad U_MCU1-69(65.818mm,38.5mm) on L1 TOP [Unplated]"
TRACK,ROUTE_PLAN_C2R2_OK.csv|R66:MCU_WIFI_UART_RX,MCU_WIFI_UART_RX,Bottom Layer,50.775,44.775,52.575,44.775,0.2,,,"MCU_WIFI_UART_RX|Pad R_WIFI_UART_RX_LINK-2(45.011mm,43.309mm) on L4 BOTTOM GND|Pad U_MCU1-69(65.818mm,38.5mm) on L1 TOP [Unplated]"
TRACK,ROUTE_PLAN_C2R2_OK.csv|R66:MCU_WIFI_UART_RX,MCU_WIFI_UART_RX,Bottom Layer,52.575,44.775,55.075,42.275,0.2,,,"MCU_WIFI_UART_RX|Pad R_WIFI_UART_RX_LINK-2(45.011mm,43.309mm) on L4 BOTTOM GND|Pad U_MCU1-69(65.818mm,38.5mm) on L1 TOP [Unplated]"
TRACK,ROUTE_PLAN_C2R2_OK.csv|R66:MCU_WIFI_UART_RX,MCU_WIFI_UART_RX,Bottom Layer,55.075,42.275,55.725,42.275,0.2,,,"MCU_WIFI_UART_RX|Pad R_WIFI_UART_RX_LINK-2(45.011mm,43.309mm) on L4 BOTTOM GND|Pad U_MCU1-69(65.818mm,38.5mm) on L1 TOP [Unplated]"
TRACK,ROUTE_PLAN_C2R2_OK.csv|R66:MCU_WIFI_UART_RX,MCU_WIFI_UART_RX,Bottom Layer,55.725,42.275,56.525,41.475,0.2,,,"MCU_WIFI_UART_RX|Pad R_WIFI_UART_RX_LINK-2(45.011mm,43.309mm) on L4 BOTTOM GND|Pad U_MCU1-69(65.818mm,38.5mm) on L1 TOP [Unplated]"
TRACK,ROUTE_PLAN_C2R2_OK.csv|R66:MCU_WIFI_UART_RX,MCU_WIFI_UART_RX,Bottom Layer,56.525,41.475,56.525,40.425,0.2,,,"MCU_WIFI_UART_RX|Pad R_WIFI_UART_RX_LINK-2(45.011mm,43.309mm) on L4 BOTTOM GND|Pad U_MCU1-69(65.818mm,38.5mm) on L1 TOP [Unplated]"
TRACK,ROUTE_PLAN_C2R2_OK.csv|R66:MCU_WIFI_UART_RX,MCU_WIFI_UART_RX,Top Layer,56.525,40.425,63.025,40.425,0.2,,,"MCU_WIFI_UART_RX|Pad R_WIFI_UART_RX_LINK-2(45.011mm,43.309mm) on L4 BOTTOM GND|Pad U_MCU1-69(65.818mm,38.5mm) on L1 TOP [Unplated]"
TRACK,ROUTE_PLAN_C2R2_OK.csv|R66:MCU_WIFI_UART_RX,MCU_WIFI_UART_RX,Top Layer,63.025,40.425,64.925,38.525,0.2,,,"MCU_WIFI_UART_RX|Pad R_WIFI_UART_RX_LINK-2(45.011mm,43.309mm) on L4 BOTTOM GND|Pad U_MCU1-69(65.818mm,38.5mm) on L1 TOP [Unplated]"
TRACK,ROUTE_PLAN_C2R2_OK.csv|R66:MCU_WIFI_UART_RX,MCU_WIFI_UART_RX,Top Layer,64.925,38.525,65.125,38.525,0.2,,,"MCU_WIFI_UART_RX|Pad R_WIFI_UART_RX_LINK-2(45.011mm,43.309mm) on L4 BOTTOM GND|Pad U_MCU1-69(65.818mm,38.5mm) on L1 TOP [Unplated]"
VIA,ROUTE_PLAN_C2R2_OK.csv|R66:MCU_WIFI_UART_RX,MCU_WIFI_UART_RX,Multi Layer,46.675,45.125,,,,0.6,0.3,"MCU_WIFI_UART_RX|Pad R_WIFI_UART_RX_LINK-2(45.011mm,43.309mm) on L4 BOTTOM GND|Pad U_MCU1-69(65.818mm,38.5mm) on L1 TOP [Unplated]"
VIA,ROUTE_PLAN_C2R2_OK.csv|R66:MCU_WIFI_UART_RX,MCU_WIFI_UART_RX,Multi Layer,50.775,44.775,,,,0.6,0.3,"MCU_WIFI_UART_RX|Pad R_WIFI_UART_RX_LINK-2(45.011mm,43.309mm) on L4 BOTTOM GND|Pad U_MCU1-69(65.818mm,38.5mm) on L1 TOP [Unplated]"
VIA,ROUTE_PLAN_C2R2_OK.csv|R66:MCU_WIFI_UART_RX,MCU_WIFI_UART_RX,Multi Layer,56.525,40.425,,,,0.6,0.3,"MCU_WIFI_UART_RX|Pad R_WIFI_UART_RX_LINK-2(45.011mm,43.309mm) on L4 BOTTOM GND|Pad U_MCU1-69(65.818mm,38.5mm) on L1 TOP [Unplated]"
TRACK,ROUTE_PLAN_C2R2_OK.csv|R72:MCU_SWCLK,MCU_SWCLK,Top Layer,25.075,29.175,25.375,29.475,0.15,,,"MCU_SWCLK|Pad J_SWD-4(24.793mm,28.9mm) on L1 TOP|Pad U_MCU1-76(64.08mm,43.238mm) on L1 TOP [Unplated]"
TRACK,ROUTE_PLAN_C2R2_OK.csv|R72:MCU_SWCLK,MCU_SWCLK,Top Layer,25.375,29.475,25.375,29.525,0.15,,,"MCU_SWCLK|Pad J_SWD-4(24.793mm,28.9mm) on L1 TOP|Pad U_MCU1-76(64.08mm,43.238mm) on L1 TOP [Unplated]"
TRACK,ROUTE_PLAN_C2R2_OK.csv|R72:MCU_SWCLK,MCU_SWCLK,Mid Layer 2,25.375,29.525,32.925,29.525,0.15,,,"MCU_SWCLK|Pad J_SWD-4(24.793mm,28.9mm) on L1 TOP|Pad U_MCU1-76(64.08mm,43.238mm) on L1 TOP [Unplated]"
TRACK,ROUTE_PLAN_C2R2_OK.csv|R72:MCU_SWCLK,MCU_SWCLK,Mid Layer 2,32.925,29.525,38.625,35.225,0.15,,,"MCU_SWCLK|Pad J_SWD-4(24.793mm,28.9mm) on L1 TOP|Pad U_MCU1-76(64.08mm,43.238mm) on L1 TOP [Unplated]"
TRACK,ROUTE_PLAN_C2R2_OK.csv|R72:MCU_SWCLK,MCU_SWCLK,Mid Layer 2,38.625,35.225,43.025,35.225,0.15,,,"MCU_SWCLK|Pad J_SWD-4(24.793mm,28.9mm) on L1 TOP|Pad U_MCU1-76(64.08mm,43.238mm) on L1 TOP [Unplated]"
TRACK,ROUTE_PLAN_C2R2_OK.csv|R72:MCU_SWCLK,MCU_SWCLK,Top Layer,43.025,35.225,43.575,35.775,0.15,,,"MCU_SWCLK|Pad J_SWD-4(24.793mm,28.9mm) on L1 TOP|Pad U_MCU1-76(64.08mm,43.238mm) on L1 TOP [Unplated]"
TRACK,ROUTE_PLAN_C2R2_OK.csv|R72:MCU_SWCLK,MCU_SWCLK,Top Layer,43.575,35.775,43.575,35.975,0.15,,,"MCU_SWCLK|Pad J_SWD-4(24.793mm,28.9mm) on L1 TOP|Pad U_MCU1-76(64.08mm,43.238mm) on L1 TOP [Unplated]"
TRACK,ROUTE_PLAN_C2R2_OK.csv|R72:MCU_SWCLK,MCU_SWCLK,Top Layer,43.575,35.975,44.225,36.625,0.15,,,"MCU_SWCLK|Pad J_SWD-4(24.793mm,28.9mm) on L1 TOP|Pad U_MCU1-76(64.08mm,43.238mm) on L1 TOP [Unplated]"
TRACK,ROUTE_PLAN_C2R2_OK.csv|R72:MCU_SWCLK,MCU_SWCLK,Mid Layer 2,44.225,36.625,44.625,36.625,0.15,,,"MCU_SWCLK|Pad J_SWD-4(24.793mm,28.9mm) on L1 TOP|Pad U_MCU1-76(64.08mm,43.238mm) on L1 TOP [Unplated]"
TRACK,ROUTE_PLAN_C2R2_OK.csv|R72:MCU_SWCLK,MCU_SWCLK,Mid Layer 2,44.625,36.625,48.425,32.825,0.15,,,"MCU_SWCLK|Pad J_SWD-4(24.793mm,28.9mm) on L1 TOP|Pad U_MCU1-76(64.08mm,43.238mm) on L1 TOP [Unplated]"
TRACK,ROUTE_PLAN_C2R2_OK.csv|R72:MCU_SWCLK,MCU_SWCLK,Mid Layer 2,48.425,32.825,48.6045,32.825,0.15,,,"MCU_SWCLK|Pad J_SWD-4(24.793mm,28.9mm) on L1 TOP|Pad U_MCU1-76(64.08mm,43.238mm) on L1 TOP [Unplated]"
TRACK,ROUTE_PLAN_C2R2_OK.csv|R72:MCU_SWCLK,MCU_SWCLK,Mid Layer 2,48.6045,32.825,52.425,32.825,0.15,,,"MCU_SWCLK|Pad J_SWD-4(24.793mm,28.9mm) on L1 TOP|Pad U_MCU1-76(64.08mm,43.238mm) on L1 TOP [Unplated]"
TRACK,ROUTE_PLAN_C2R2_OK.csv|R72:MCU_SWCLK,MCU_SWCLK,Top Layer,52.425,32.825,59.425,39.825,0.15,,,"MCU_SWCLK|Pad J_SWD-4(24.793mm,28.9mm) on L1 TOP|Pad U_MCU1-76(64.08mm,43.238mm) on L1 TOP [Unplated]"
TRACK,ROUTE_PLAN_C2R2_OK.csv|R72:MCU_SWCLK,MCU_SWCLK,Top Layer,59.425,39.825,61.775,39.825,0.15,,,"MCU_SWCLK|Pad J_SWD-4(24.793mm,28.9mm) on L1 TOP|Pad U_MCU1-76(64.08mm,43.238mm) on L1 TOP [Unplated]"
TRACK,ROUTE_PLAN_C2R2_OK.csv|R72:MCU_SWCLK,MCU_SWCLK,Mid Layer 2,61.775,39.825,64.025,42.075,0.15,,,"MCU_SWCLK|Pad J_SWD-4(24.793mm,28.9mm) on L1 TOP|Pad U_MCU1-76(64.08mm,43.238mm) on L1 TOP [Unplated]"
TRACK,ROUTE_PLAN_C2R2_OK.csv|R72:MCU_SWCLK,MCU_SWCLK,Top Layer,64.025,42.075,64.025,42.525,0.15,,,"MCU_SWCLK|Pad J_SWD-4(24.793mm,28.9mm) on L1 TOP|Pad U_MCU1-76(64.08mm,43.238mm) on L1 TOP [Unplated]"
VIA,ROUTE_PLAN_C2R2_OK.csv|R72:MCU_SWCLK,MCU_SWCLK,Multi Layer,25.375,29.525,,,,0.45,0.2,"MCU_SWCLK|Pad J_SWD-4(24.793mm,28.9mm) on L1 TOP|Pad U_MCU1-76(64.08mm,43.238mm) on L1 TOP [Unplated]"
VIA,ROUTE_PLAN_C2R2_OK.csv|R72:MCU_SWCLK,MCU_SWCLK,Multi Layer,43.025,35.225,,,,0.45,0.2,"MCU_SWCLK|Pad J_SWD-4(24.793mm,28.9mm) on L1 TOP|Pad U_MCU1-76(64.08mm,43.238mm) on L1 TOP [Unplated]"
VIA,ROUTE_PLAN_C2R2_OK.csv|R72:MCU_SWCLK,MCU_SWCLK,Multi Layer,44.225,36.625,,,,0.45,0.2,"MCU_SWCLK|Pad J_SWD-4(24.793mm,28.9mm) on L1 TOP|Pad U_MCU1-76(64.08mm,43.238mm) on L1 TOP [Unplated]"
VIA,ROUTE_PLAN_C2R2_OK.csv|R72:MCU_SWCLK,MCU_SWCLK,Multi Layer,52.425,32.825,,,,0.45,0.2,"MCU_SWCLK|Pad J_SWD-4(24.793mm,28.9mm) on L1 TOP|Pad U_MCU1-76(64.08mm,43.238mm) on L1 TOP [Unplated]"
VIA,ROUTE_PLAN_C2R2_OK.csv|R72:MCU_SWCLK,MCU_SWCLK,Multi Layer,61.775,39.825,,,,0.45,0.2,"MCU_SWCLK|Pad J_SWD-4(24.793mm,28.9mm) on L1 TOP|Pad U_MCU1-76(64.08mm,43.238mm) on L1 TOP [Unplated]"
VIA,ROUTE_PLAN_C2R2_OK.csv|R72:MCU_SWCLK,MCU_SWCLK,Multi Layer,64.025,42.075,,,,0.45,0.2,"MCU_SWCLK|Pad J_SWD-4(24.793mm,28.9mm) on L1 TOP|Pad U_MCU1-76(64.08mm,43.238mm) on L1 TOP [Unplated]"
TRACK,ROUTE_PLAN_C2TRIAL_OK.csv|R0:WIFI_X32_RAW_IN,WIFI_X32_RAW_IN,Top Layer,38.275,33.225,38.275,32.825,0.2,,,"WIFI_X32_RAW_IN|Pad U_WIFI1-14(38.315mm,33.584mm) on L1 TOP [Unplated]|Pad R_WIFI_X32_IN-2(38.315mm,32.6mm) on L1 TOP"
TRACK,ROUTE_PLAN_C2TRIAL_OK.csv|R100:VOUT_3,VOUT_3,Top Layer,46.275,25.125,46.975,25.125,0.2,,,"VOUT_3|Pad Free-TP_VOUT_3(45.83mm,25.25mm) on L1 TOP|Pad R_ADC3-1(49.08mm,26.365mm) on L1 TOP"
TRACK,ROUTE_PLAN_C2TRIAL_OK.csv|R100:VOUT_3,VOUT_3,Top Layer,46.975,25.125,47.175,24.925,0.2,,,"VOUT_3|Pad Free-TP_VOUT_3(45.83mm,25.25mm) on L1 TOP|Pad R_ADC3-1(49.08mm,26.365mm) on L1 TOP"
TRACK,ROUTE_PLAN_C2TRIAL_OK.csv|R100:VOUT_3,VOUT_3,Mid Layer 2,47.175,24.925,48.375,24.925,0.2,,,"VOUT_3|Pad Free-TP_VOUT_3(45.83mm,25.25mm) on L1 TOP|Pad R_ADC3-1(49.08mm,26.365mm) on L1 TOP"
TRACK,ROUTE_PLAN_C2TRIAL_OK.csv|R100:VOUT_3,VOUT_3,Mid Layer 2,48.375,24.925,49.4745,26.0245,0.2,,,"VOUT_3|Pad Free-TP_VOUT_3(45.83mm,25.25mm) on L1 TOP|Pad R_ADC3-1(49.08mm,26.365mm) on L1 TOP"
TRACK,ROUTE_PLAN_C2TRIAL_OK.csv|R100:VOUT_3,VOUT_3,Mid Layer 2,49.4745,26.0245,49.825,26.375,0.2,,,"VOUT_3|Pad Free-TP_VOUT_3(45.83mm,25.25mm) on L1 TOP|Pad R_ADC3-1(49.08mm,26.365mm) on L1 TOP"
TRACK,ROUTE_PLAN_C2TRIAL_OK.csv|R100:VOUT_3,VOUT_3,Top Layer,49.825,26.375,49.325,26.375,0.2,,,"VOUT_3|Pad Free-TP_VOUT_3(45.83mm,25.25mm) on L1 TOP|Pad R_ADC3-1(49.08mm,26.365mm) on L1 TOP"
VIA,ROUTE_PLAN_C2TRIAL_OK.csv|R100:VOUT_3,VOUT_3,Multi Layer,47.175,24.925,,,,0.6,0.3,"VOUT_3|Pad Free-TP_VOUT_3(45.83mm,25.25mm) on L1 TOP|Pad R_ADC3-1(49.08mm,26.365mm) on L1 TOP"
VIA,ROUTE_PLAN_C2TRIAL_OK.csv|R100:VOUT_3,VOUT_3,Multi Layer,49.825,26.375,,,,0.6,0.3,"VOUT_3|Pad Free-TP_VOUT_3(45.83mm,25.25mm) on L1 TOP|Pad R_ADC3-1(49.08mm,26.365mm) on L1 TOP"
TRACK,ROUTE_PLAN_C2TRIAL_OK.csv|R103:VREF_A,VREF_A,Bottom Layer,37.525,20.075,37.175,20.075,0.2,,,"VREF_A|Pad U2-10(38.95mm,21.05mm) on L4 BOTTOM GND|Pad RL_3-2(42.2mm,22.3mm) on L1 TOP"
TRACK,ROUTE_PLAN_C2TRIAL_OK.csv|R103:VREF_A,VREF_A,Top Layer,37.175,20.075,37.175,20.325,0.2,,,"VREF_A|Pad U2-10(38.95mm,21.05mm) on L4 BOTTOM GND|Pad RL_3-2(42.2mm,22.3mm) on L1 TOP"
TRACK,ROUTE_PLAN_C2TRIAL_OK.csv|R103:VREF_A,VREF_A,Top Layer,37.175,20.325,36.275,21.225,0.2,,,"VREF_A|Pad U2-10(38.95mm,21.05mm) on L4 BOTTOM GND|Pad RL_3-2(42.2mm,22.3mm) on L1 TOP"
TRACK,ROUTE_PLAN_C2TRIAL_OK.csv|R103:VREF_A,VREF_A,Top Layer,36.275,21.225,36.275,22.475,0.2,,,"VREF_A|Pad U2-10(38.95mm,21.05mm) on L4 BOTTOM GND|Pad RL_3-2(42.2mm,22.3mm) on L1 TOP"
TRACK,ROUTE_PLAN_C2TRIAL_OK.csv|R103:VREF_A,VREF_A,Top Layer,36.275,22.475,37.825,24.025,0.2,,,"VREF_A|Pad U2-10(38.95mm,21.05mm) on L4 BOTTOM GND|Pad RL_3-2(42.2mm,22.3mm) on L1 TOP"
TRACK,ROUTE_PLAN_C2TRIAL_OK.csv|R103:VREF_A,VREF_A,Top Layer,37.825,24.025,41.325,24.025,0.2,,,"VREF_A|Pad U2-10(38.95mm,21.05mm) on L4 BOTTOM GND|Pad RL_3-2(42.2mm,22.3mm) on L1 TOP"
TRACK,ROUTE_PLAN_C2TRIAL_OK.csv|R103:VREF_A,VREF_A,Top Layer,41.325,24.025,42.075,23.275,0.2,,,"VREF_A|Pad U2-10(38.95mm,21.05mm) on L4 BOTTOM GND|Pad RL_3-2(42.2mm,22.3mm) on L1 TOP"
TRACK,ROUTE_PLAN_C2TRIAL_OK.csv|R103:VREF_A,VREF_A,Top Layer,42.075,23.275,42.075,22.575,0.2,,,"VREF_A|Pad U2-10(38.95mm,21.05mm) on L4 BOTTOM GND|Pad RL_3-2(42.2mm,22.3mm) on L1 TOP"
VIA,ROUTE_PLAN_C2TRIAL_OK.csv|R103:VREF_A,VREF_A,Multi Layer,37.175,20.075,,,,0.6,0.3,"VREF_A|Pad U2-10(38.95mm,21.05mm) on L4 BOTTOM GND|Pad RL_3-2(42.2mm,22.3mm) on L1 TOP"
TRACK,ROUTE_PLAN_C2TRIAL_OK.csv|R105:INA_OUT_2,INA_OUT_2,Top Layer,28.425,22.075,28.425,24.575,0.2,,,"INA_OUT_2|Pad RH_2-1(28.421mm,21.75mm) on L1 TOP|Pad Rservo_2-2(28.575mm,25.25mm) on L4 BOTTOM GND"
TRACK,ROUTE_PLAN_C2TRIAL_OK.csv|R105:INA_OUT_2,INA_OUT_2,Bottom Layer,28.425,24.575,28.425,25.025,0.2,,,"INA_OUT_2|Pad RH_2-1(28.421mm,21.75mm) on L1 TOP|Pad Rservo_2-2(28.575mm,25.25mm) on L4 BOTTOM GND"
VIA,ROUTE_PLAN_C2TRIAL_OK.csv|R105:INA_OUT_2,INA_OUT_2,Multi Layer,28.425,24.575,,,,0.6,0.3,"INA_OUT_2|Pad RH_2-1(28.421mm,21.75mm) on L1 TOP|Pad Rservo_2-2(28.575mm,25.25mm) on L4 BOTTOM GND"
TRACK,ROUTE_PLAN_C2TRIAL_OK.csv|R107:VOUT_1,VOUT_1,Top Layer,45.775,29.625,46.025,29.625,0.15,,,"VOUT_1|Pad Free-TP_VOUT_1(45.33mm,29.75mm) on L1 TOP|Pad R_ADC1-1(49.08mm,29.665mm) on L1 TOP"
TRACK,ROUTE_PLAN_C2TRIAL_OK.csv|R107:VOUT_1,VOUT_1,Top Layer,46.025,29.625,46.275,29.375,0.15,,,"VOUT_1|Pad Free-TP_VOUT_1(45.33mm,29.75mm) on L1 TOP|Pad R_ADC1-1(49.08mm,29.665mm) on L1 TOP"
TRACK,ROUTE_PLAN_C2TRIAL_OK.csv|R107:VOUT_1,VOUT_1,Top Layer,46.275,29.375,48.425,29.375,0.15,,,"VOUT_1|Pad Free-TP_VOUT_1(45.33mm,29.75mm) on L1 TOP|Pad R_ADC1-1(49.08mm,29.665mm) on L1 TOP"
TRACK,ROUTE_PLAN_C2TRIAL_OK.csv|R107:VOUT_1,VOUT_1,Top Layer,48.425,29.375,48.6045,29.5545,0.15,,,"VOUT_1|Pad Free-TP_VOUT_1(45.33mm,29.75mm) on L1 TOP|Pad R_ADC1-1(49.08mm,29.665mm) on L1 TOP"
TRACK,ROUTE_PLAN_C2TRIAL_OK.csv|R107:VOUT_1,VOUT_1,Top Layer,48.6045,29.5545,48.825,29.775,0.15,,,"VOUT_1|Pad Free-TP_VOUT_1(45.33mm,29.75mm) on L1 TOP|Pad R_ADC1-1(49.08mm,29.665mm) on L1 TOP"
TRACK,ROUTE_PLAN_C2TRIAL_OK.csv|R108:VDiv,VDiv,Top Layer,12.825,24.025,12.825,23.025,0.2,,,"VDiv|Pad RV1-1(11.5mm,24.8mm) on L4 BOTTOM GND|Pad U1-12(11.75mm,21.05mm) on L4 BOTTOM GND"
TRACK,ROUTE_PLAN_C2TRIAL_OK.csv|R108:VDiv,VDiv,Top Layer,12.825,23.025,13.775,22.075,0.2,,,"VDiv|Pad RV1-1(11.5mm,24.8mm) on L4 BOTTOM GND|Pad U1-12(11.75mm,21.05mm) on L4 BOTTOM GND"
TRACK,ROUTE_PLAN_C2TRIAL_OK.csv|R108:VDiv,VDiv,Top Layer,13.775,22.075,13.775,20.775,0.2,,,"VDiv|Pad RV1-1(11.5mm,24.8mm) on L4 BOTTOM GND|Pad U1-12(11.75mm,21.05mm) on L4 BOTTOM GND"
TRACK,ROUTE_PLAN_C2TRIAL_OK.csv|R108:VDiv,VDiv,Top Layer,13.775,20.775,13.575,20.575,0.2,,,"VDiv|Pad RV1-1(11.5mm,24.8mm) on L4 BOTTOM GND|Pad U1-12(11.75mm,21.05mm) on L4 BOTTOM GND"
TRACK,ROUTE_PLAN_C2TRIAL_OK.csv|R108:VDiv,VDiv,Bottom Layer,13.575,20.575,13.075,20.575,0.2,,,"VDiv|Pad RV1-1(11.5mm,24.8mm) on L4 BOTTOM GND|Pad U1-12(11.75mm,21.05mm) on L4 BOTTOM GND"
VIA,ROUTE_PLAN_C2TRIAL_OK.csv|R108:VDiv,VDiv,Multi Layer,13.575,20.575,,,,0.6,0.3,"VDiv|Pad RV1-1(11.5mm,24.8mm) on L4 BOTTOM GND|Pad U1-12(11.75mm,21.05mm) on L4 BOTTOM GND"
TRACK,ROUTE_PLAN_C2TRIAL_OK.csv|R10:VREF_A,VREF_A,Bottom Layer,12.575,19.075,13.025,19.075,0.2,,,"VREF_A|Pad U1-8(11.75mm,18.45mm) on L4 BOTTOM GND|Pad Free-TP_VREF_A(12.5mm,18.2mm) on L1 TOP"
TRACK,ROUTE_PLAN_C2TRIAL_OK.csv|R10:VREF_A,VREF_A,Top Layer,13.025,19.075,12.625,18.675,0.2,,,"VREF_A|Pad U1-8(11.75mm,18.45mm) on L4 BOTTOM GND|Pad Free-TP_VREF_A(12.5mm,18.2mm) on L1 TOP"
VIA,ROUTE_PLAN_C2TRIAL_OK.csv|R10:VREF_A,VREF_A,Multi Layer,13.025,19.075,,,,0.6,0.3,"VREF_A|Pad U1-8(11.75mm,18.45mm) on L4 BOTTOM GND|Pad Free-TP_VREF_A(12.5mm,18.2mm) on L1 TOP"
TRACK,ROUTE_PLAN_C2TRIAL_OK.csv|R115:INA_OUT_4,INA_OUT_4,Top Layer,48.925,22.075,48.925,23.425,0.2,,,"INA_OUT_4|Pad INA4-8(50.125mm,20.55mm) on L1 TOP|Pad Rservo_4-2(50.175mm,25.25mm) on L4 BOTTOM GND"
TRACK,ROUTE_PLAN_C2TRIAL_OK.csv|R115:INA_OUT_4,INA_OUT_4,Top Layer,48.925,23.425,49.975,24.475,0.2,,,"INA_OUT_4|Pad INA4-8(50.125mm,20.55mm) on L1 TOP|Pad Rservo_4-2(50.175mm,25.25mm) on L4 BOTTOM GND"
TRACK,ROUTE_PLAN_C2TRIAL_OK.csv|R115:INA_OUT_4,INA_OUT_4,Bottom Layer,49.975,24.475,49.975,25.025,0.2,,,"INA_OUT_4|Pad INA4-8(50.125mm,20.55mm) on L1 TOP|Pad Rservo_4-2(50.175mm,25.25mm) on L4 BOTTOM GND"
VIA,ROUTE_PLAN_C2TRIAL_OK.csv|R115:INA_OUT_4,INA_OUT_4,Multi Layer,49.975,24.475,,,,0.6,0.3,"INA_OUT_4|Pad INA4-8(50.125mm,20.55mm) on L1 TOP|Pad Rservo_4-2(50.175mm,25.25mm) on L4 BOTTOM GND"
TRACK,ROUTE_PLAN_C2TRIAL_OK.csv|R117:VSYS,VSYS,Bottom Layer,15.075,39.275,15.075,39.575,0.4,,,"VSYS|Pad UP1-11(15mm,39.15mm) on L4 BOTTOM GND|Pad UP1-10(15mm,39.65mm) on L4 BOTTOM GND"
TRACK,ROUTE_PLAN_C2TRIAL_OK.csv|R119:VBAT_CELL,VBAT_CELL,Bottom Layer,20.825,32.125,20.825,32.425,0.4,,,"VBAT_CELL|Pad UP4-3(20.745mm,32.025mm) on L4 BOTTOM GND|Pad UP4-2(20.745mm,32.525mm) on L4 BOTTOM GND"
TRACK,ROUTE_PLAN_C2TRIAL_OK.csv|R11:VOUT_5,VOUT_5,Top Layer,56.725,24.525,57.125,24.525,0.2,,,"VOUT_5|Pad R_ADC5-1(56.515mm,24.5mm) on L1 TOP|Pad Free-TP_VOUT_5(57.58mm,24.5mm) on L1 TOP"
TRACK,ROUTE_PLAN_C2TRIAL_OK.csv|R120:VSYS,VSYS,Bottom Layer,43.875,42.025,43.875,42.525,0.4,,,"VSYS|Pad U_UV1-6(43.973mm,41.792mm) on L4 BOTTOM GND|Pad U_UV1-5(43.973mm,42.742mm) on L4 BOTTOM GND"
TRACK,ROUTE_PLAN_C2TRIAL_OK.csv|R121:VBAT_CELL,VBAT_CELL,Bottom Layer,21.075,32.125,21.525,32.125,0.4,,,"VBAT_CELL|Pad UP4-3(20.745mm,32.025mm) on L4 BOTTOM GND|Pad CU6_1-2(21.781mm,31.975mm) on L4 BOTTOM GND"
TRACK,ROUTE_PLAN_C2TRIAL_OK.csv|R122:VSYS,VSYS,Bottom Layer,44.325,41.675,44.775,41.675,0.4,,,"VSYS|Pad U_UV1-6(43.973mm,41.792mm) on L4 BOTTOM GND|Pad C_UV_BYPASS-1(45.02mm,41.642mm) on L4 BOTTOM GND"
TRACK,ROUTE_PLAN_C2TRIAL_OK.csv|R123:VSYS,VSYS,Bottom Layer,18.475,39.575,18.925,39.575,0.4,,,"VSYS|Pad R_CHG_LED-1(18.2mm,39.65mm) on L4 BOTTOM GND|Pad Free-TP_VSYS(18.617mm,38.659mm) on L1 TOP"
TRACK,ROUTE_PLAN_C2TRIAL_OK.csv|R123:VSYS,VSYS,Top Layer,18.925,39.575,18.925,39.025,0.4,,,"VSYS|Pad R_CHG_LED-1(18.2mm,39.65mm) on L4 BOTTOM GND|Pad Free-TP_VSYS(18.617mm,38.659mm) on L1 TOP"
VIA,ROUTE_PLAN_C2TRIAL_OK.csv|R123:VSYS,VSYS,Multi Layer,18.925,39.575,,,,0.6,0.3,"VSYS|Pad R_CHG_LED-1(18.2mm,39.65mm) on L4 BOTTOM GND|Pad Free-TP_VSYS(18.617mm,38.659mm) on L1 TOP"
TRACK,ROUTE_PLAN_C2TRIAL_OK.csv|R125:VSYS,VSYS,Bottom Layer,15.275,39.225,15.775,39.225,0.4,,,"VSYS|Pad UP1-11(15mm,39.15mm) on L4 BOTTOM GND|Pad C_OUT_-1(16.6mm,38.7mm) on L4 BOTTOM GND"
TRACK,ROUTE_PLAN_C2TRIAL_OK.csv|R125:VSYS,VSYS,Bottom Layer,15.775,39.225,15.975,39.025,0.4,,,"VSYS|Pad UP1-11(15mm,39.15mm) on L4 BOTTOM GND|Pad C_OUT_-1(16.6mm,38.7mm) on L4 BOTTOM GND"
TRACK,ROUTE_PLAN_C2TRIAL_OK.csv|R126:VSYS,VSYS,Bottom Layer,17.225,39.025,17.525,39.025,0.4,,,"VSYS|Pad C_OUT_-1(16.6mm,38.7mm) on L4 BOTTOM GND|Pad R_CHG_LED-1(18.2mm,39.65mm) on L4 BOTTOM GND"
TRACK,ROUTE_PLAN_C2TRIAL_OK.csv|R126:VSYS,VSYS,Bottom Layer,17.525,39.025,17.925,39.425,0.4,,,"VSYS|Pad C_OUT_-1(16.6mm,38.7mm) on L4 BOTTOM GND|Pad R_CHG_LED-1(18.2mm,39.65mm) on L4 BOTTOM GND"
TRACK,ROUTE_PLAN_C2TRIAL_OK.csv|R129:VBAT_CELL,VBAT_CELL,Top Layer,25.075,40.725,25.875,40.725,0.4,,,"VBAT_CELL|Pad J_Li-Po-3(24.369mm,40.534mm) on Multi-Layer|Pad Free-TP_VBAT_CELL(26.353mm,40.785mm) on L1 TOP"
TRACK,ROUTE_PLAN_C2TRIAL_OK.csv|R12:ADC_EMG5,ADC_EMG5,Top Layer,54.925,24.575,55.375,24.575,0.2,,,"ADC_EMG5|Pad C_ADC5-1(54.58mm,24.923mm) on L1 TOP|Pad R_ADC5-2(55.645mm,24.5mm) on L1 TOP"
TRACK,ROUTE_PLAN_C2TRIAL_OK.csv|R132:VSYS,VSYS,Bottom Layer,41.775,43.575,42.575,43.575,0.4,,,"VSYS|Pad U_UV1-3(41.423mm,43.692mm) on L4 BOTTOM GND|Pad U_UV1-5(43.973mm,42.742mm) on L4 BOTTOM GND"
TRACK,ROUTE_PLAN_C2TRIAL_OK.csv|R132:VSYS,VSYS,Bottom Layer,42.575,43.575,43.275,42.875,0.4,,,"VSYS|Pad U_UV1-3(41.423mm,43.692mm) on L4 BOTTOM GND|Pad U_UV1-5(43.973mm,42.742mm) on L4 BOTTOM GND"
TRACK,ROUTE_PLAN_C2TRIAL_OK.csv|R132:VSYS,VSYS,Bottom Layer,43.275,42.875,43.575,42.875,0.4,,,"VSYS|Pad U_UV1-3(41.423mm,43.692mm) on L4 BOTTOM GND|Pad U_UV1-5(43.973mm,42.742mm) on L4 BOTTOM GND"
TRACK,ROUTE_PLAN_C2TRIAL_OK.csv|R133:VBUS,VBUS,Top Layer,18.775,37.425,19.025,37.175,0.4,,,"VBUS|Pad C_IN_-1(13.95mm,36.4mm) on L4 BOTTOM GND|Pad J_USB_C-B4_A9(17.155mm,37mm) on L1 TOP"
TRACK,ROUTE_PLAN_C2TRIAL_OK.csv|R133:VBUS,VBUS,Top Layer,19.025,37.175,19.025,36.925,0.4,,,"VBUS|Pad C_IN_-1(13.95mm,36.4mm) on L4 BOTTOM GND|Pad J_USB_C-B4_A9(17.155mm,37mm) on L1 TOP"
VIA,ROUTE_PLAN_C2TRIAL_OK.csv|R133:VBUS,VBUS,Multi Layer,18.775,37.425,,,,0.6,0.3,"VBUS|Pad C_IN_-1(13.95mm,36.4mm) on L4 BOTTOM GND|Pad J_USB_C-B4_A9(17.155mm,37mm) on L1 TOP"
TRACK,ROUTE_PLAN_C2TRIAL_OK.csv|R134:VBUS,VBUS,Top Layer,18.775,33.575,18.775,34.16,0.4,,,"VBUS|Pad D_VBUS-1(18.5mm,33.3mm) on L1 TOP|Pad C_VBUS-2(19.1mm,36.6mm) on L1 TOP"
TRACK,ROUTE_PLAN_C2TRIAL_OK.csv|R134:VBUS,VBUS,Top Layer,18.775,34.16,18.775,34.425,0.4,,,"VBUS|Pad D_VBUS-1(18.5mm,33.3mm) on L1 TOP|Pad C_VBUS-2(19.1mm,36.6mm) on L1 TOP"
TRACK,ROUTE_PLAN_C2TRIAL_OK.csv|R134:VBUS,VBUS,Top Layer,18.775,34.425,19.325,34.975,0.4,,,"VBUS|Pad D_VBUS-1(18.5mm,33.3mm) on L1 TOP|Pad C_VBUS-2(19.1mm,36.6mm) on L1 TOP"
TRACK,ROUTE_PLAN_C2TRIAL_OK.csv|R134:VBUS,VBUS,Top Layer,19.325,34.975,19.325,36.075,0.4,,,"VBUS|Pad D_VBUS-1(18.5mm,33.3mm) on L1 TOP|Pad C_VBUS-2(19.1mm,36.6mm) on L1 TOP"
TRACK,ROUTE_PLAN_C2TRIAL_OK.csv|R134:VBUS,VBUS,Top Layer,19.325,36.075,19.025,36.375,0.4,,,"VBUS|Pad D_VBUS-1(18.5mm,33.3mm) on L1 TOP|Pad C_VBUS-2(19.1mm,36.6mm) on L1 TOP"
TRACK,ROUTE_PLAN_C2TRIAL_OK.csv|R136:VSYS,VSYS,Bottom Layer,13.925,43.375,13.925,42.975,0.4,,,"VSYS|Pad R_EN1_BIAS-1(14.231mm,43.719mm) on L4 BOTTOM GND|Pad UP1-10(15mm,39.65mm) on L4 BOTTOM GND"
TRACK,ROUTE_PLAN_C2TRIAL_OK.csv|R136:VSYS,VSYS,Bottom Layer,13.925,42.975,13.875,42.925,0.4,,,"VSYS|Pad R_EN1_BIAS-1(14.231mm,43.719mm) on L4 BOTTOM GND|Pad UP1-10(15mm,39.65mm) on L4 BOTTOM GND"
TRACK,ROUTE_PLAN_C2TRIAL_OK.csv|R136:VSYS,VSYS,Top Layer,13.875,42.925,13.875,42.1,0.4,,,"VSYS|Pad R_EN1_BIAS-1(14.231mm,43.719mm) on L4 BOTTOM GND|Pad UP1-10(15mm,39.65mm) on L4 BOTTOM GND"
TRACK,ROUTE_PLAN_C2TRIAL_OK.csv|R136:VSYS,VSYS,Top Layer,13.875,42.1,13.875,41.425,0.4,,,"VSYS|Pad R_EN1_BIAS-1(14.231mm,43.719mm) on L4 BOTTOM GND|Pad UP1-10(15mm,39.65mm) on L4 BOTTOM GND"
TRACK,ROUTE_PLAN_C2TRIAL_OK.csv|R136:VSYS,VSYS,Top Layer,13.875,41.425,15.825,39.475,0.4,,,"VSYS|Pad R_EN1_BIAS-1(14.231mm,43.719mm) on L4 BOTTOM GND|Pad UP1-10(15mm,39.65mm) on L4 BOTTOM GND"
TRACK,ROUTE_PLAN_C2TRIAL_OK.csv|R136:VSYS,VSYS,Bottom Layer,15.825,39.475,15.825,39.425,0.4,,,"VSYS|Pad R_EN1_BIAS-1(14.231mm,43.719mm) on L4 BOTTOM GND|Pad UP1-10(15mm,39.65mm) on L4 BOTTOM GND"
VIA,ROUTE_PLAN_C2TRIAL_OK.csv|R136:VSYS,VSYS,Multi Layer,13.875,42.925,,,,0.6,0.3,"VSYS|Pad R_EN1_BIAS-1(14.231mm,43.719mm) on L4 BOTTOM GND|Pad UP1-10(15mm,39.65mm) on L4 BOTTOM GND"
VIA,ROUTE_PLAN_C2TRIAL_OK.csv|R136:VSYS,VSYS,Multi Layer,15.825,39.475,,,,0.6,0.3,"VSYS|Pad R_EN1_BIAS-1(14.231mm,43.719mm) on L4 BOTTOM GND|Pad UP1-10(15mm,39.65mm) on L4 BOTTOM GND"
TRACK,ROUTE_PLAN_C2TRIAL_OK.csv|R138:VBUS,VBUS,Top Layer,18.925,37.675,19.625,38.375,0.15,,,"VBUS|Pad J_USB_C-B4_A9(17.155mm,37mm) on L1 TOP|Pad J_USB_C-A4_B9(17.155mm,41.8mm) on L1 TOP"
TRACK,ROUTE_PLAN_C2TRIAL_OK.csv|R138:VBUS,VBUS,Top Layer,19.625,38.375,19.625,41.375,0.15,,,"VBUS|Pad J_USB_C-B4_A9(17.155mm,37mm) on L1 TOP|Pad J_USB_C-A4_B9(17.155mm,41.8mm) on L1 TOP"
TRACK,ROUTE_PLAN_C2TRIAL_OK.csv|R138:VBUS,VBUS,Top Layer,19.625,41.375,19.275,41.725,0.15,,,"VBUS|Pad J_USB_C-B4_A9(17.155mm,37mm) on L1 TOP|Pad J_USB_C-A4_B9(17.155mm,41.8mm) on L1 TOP"
TRACK,ROUTE_PLAN_C2TRIAL_OK.csv|R138:VBUS,VBUS,Top Layer,19.275,41.725,17.675,41.725,0.15,,,"VBUS|Pad J_USB_C-B4_A9(17.155mm,37mm) on L1 TOP|Pad J_USB_C-A4_B9(17.155mm,41.8mm) on L1 TOP"
TRACK,ROUTE_PLAN_C2TRIAL_OK.csv|R13:NetINA5_7,NetINA5_7,Top Layer,62.075,22.075,62.575,22.075,0.2,,,"NetINA5_7|Pad RH_5-2(61.779mm,21.75mm) on L1 TOP|Pad RL_5-1(62.8mm,22.3mm) on L1 TOP"
TRACK,ROUTE_PLAN_C2TRIAL_OK.csv|R140:VBAT_CELL,VBAT_CELL,Bottom Layer,21.575,32.325,21.575,32.575,0.4,,,"VBAT_CELL|Pad CU6_1-2(21.781mm,31.975mm) on L4 BOTTOM GND|Pad J_Li-Po-3(24.369mm,40.534mm) on Multi-Layer"
TRACK,ROUTE_PLAN_C2TRIAL_OK.csv|R140:VBAT_CELL,VBAT_CELL,Bottom Layer,21.575,32.575,21.675,32.675,0.4,,,"VBAT_CELL|Pad CU6_1-2(21.781mm,31.975mm) on L4 BOTTOM GND|Pad J_Li-Po-3(24.369mm,40.534mm) on Multi-Layer"
TRACK,ROUTE_PLAN_C2TRIAL_OK.csv|R140:VBAT_CELL,VBAT_CELL,Top Layer,21.675,32.675,21.675,34.16,0.4,,,"VBAT_CELL|Pad CU6_1-2(21.781mm,31.975mm) on L4 BOTTOM GND|Pad J_Li-Po-3(24.369mm,40.534mm) on Multi-Layer"
TRACK,ROUTE_PLAN_C2TRIAL_OK.csv|R140:VBAT_CELL,VBAT_CELL,Top Layer,21.675,34.16,21.675,34.875,0.4,,,"VBAT_CELL|Pad CU6_1-2(21.781mm,31.975mm) on L4 BOTTOM GND|Pad J_Li-Po-3(24.369mm,40.534mm) on Multi-Layer"
TRACK,ROUTE_PLAN_C2TRIAL_OK.csv|R140:VBAT_CELL,VBAT_CELL,Top Layer,21.675,34.875,21.325,35.225,0.4,,,"VBAT_CELL|Pad CU6_1-2(21.781mm,31.975mm) on L4 BOTTOM GND|Pad J_Li-Po-3(24.369mm,40.534mm) on Multi-Layer"
TRACK,ROUTE_PLAN_C2TRIAL_OK.csv|R140:VBAT_CELL,VBAT_CELL,Top Layer,21.325,35.225,21.325,36.875,0.4,,,"VBAT_CELL|Pad CU6_1-2(21.781mm,31.975mm) on L4 BOTTOM GND|Pad J_Li-Po-3(24.369mm,40.534mm) on Multi-Layer"
TRACK,ROUTE_PLAN_C2TRIAL_OK.csv|R140:VBAT_CELL,VBAT_CELL,Top Layer,21.325,36.875,24.275,39.825,0.4,,,"VBAT_CELL|Pad CU6_1-2(21.781mm,31.975mm) on L4 BOTTOM GND|Pad J_Li-Po-3(24.369mm,40.534mm) on Multi-Layer"
VIA,ROUTE_PLAN_C2TRIAL_OK.csv|R140:VBAT_CELL,VBAT_CELL,Multi Layer,21.675,32.675,,,,0.6,0.3,"VBAT_CELL|Pad CU6_1-2(21.781mm,31.975mm) on L4 BOTTOM GND|Pad J_Li-Po-3(24.369mm,40.534mm) on Multi-Layer"
TRACK,ROUTE_PLAN_C2TRIAL_OK.csv|R147:INA_OUT_1,INA_OUT_1,Top Layer,17.275,21.475,16.875,21.475,0.2,,,"INA_OUT_1|Pad RH_1-1(17.621mm,21.75mm) on L1 TOP|Pad CL_1-2(21.95mm,24.75mm) on L4 BOTTOM GND"
TRACK,ROUTE_PLAN_C2TRIAL_OK.csv|R147:INA_OUT_1,INA_OUT_1,Top Layer,16.875,21.475,16.425,21.025,0.2,,,"INA_OUT_1|Pad RH_1-1(17.621mm,21.75mm) on L1 TOP|Pad CL_1-2(21.95mm,24.75mm) on L4 BOTTOM GND"
TRACK,ROUTE_PLAN_C2TRIAL_OK.csv|R147:INA_OUT_1,INA_OUT_1,Top Layer,16.425,21.025,15.775,21.025,0.2,,,"INA_OUT_1|Pad RH_1-1(17.621mm,21.75mm) on L1 TOP|Pad CL_1-2(21.95mm,24.75mm) on L4 BOTTOM GND"
TRACK,ROUTE_PLAN_C2TRIAL_OK.csv|R147:INA_OUT_1,INA_OUT_1,Top Layer,15.775,21.025,15.325,21.475,0.2,,,"INA_OUT_1|Pad RH_1-1(17.621mm,21.75mm) on L1 TOP|Pad CL_1-2(21.95mm,24.75mm) on L4 BOTTOM GND"
TRACK,ROUTE_PLAN_C2TRIAL_OK.csv|R147:INA_OUT_1,INA_OUT_1,Top Layer,15.325,21.475,15.325,22.125,0.2,,,"INA_OUT_1|Pad RH_1-1(17.621mm,21.75mm) on L1 TOP|Pad CL_1-2(21.95mm,24.75mm) on L4 BOTTOM GND"
TRACK,ROUTE_PLAN_C2TRIAL_OK.csv|R147:INA_OUT_1,INA_OUT_1,Top Layer,15.325,22.125,18.125,24.925,0.2,,,"INA_OUT_1|Pad RH_1-1(17.621mm,21.75mm) on L1 TOP|Pad CL_1-2(21.95mm,24.75mm) on L4 BOTTOM GND"
TRACK,ROUTE_PLAN_C2TRIAL_OK.csv|R147:INA_OUT_1,INA_OUT_1,Top Layer,18.125,24.925,18.525,24.925,0.2,,,"INA_OUT_1|Pad RH_1-1(17.621mm,21.75mm) on L1 TOP|Pad CL_1-2(21.95mm,24.75mm) on L4 BOTTOM GND"
TRACK,ROUTE_PLAN_C2TRIAL_OK.csv|R147:INA_OUT_1,INA_OUT_1,Top Layer,18.525,24.925,20.375,26.775,0.2,,,"INA_OUT_1|Pad RH_1-1(17.621mm,21.75mm) on L1 TOP|Pad CL_1-2(21.95mm,24.75mm) on L4 BOTTOM GND"
TRACK,ROUTE_PLAN_C2TRIAL_OK.csv|R147:INA_OUT_1,INA_OUT_1,Top Layer,20.375,26.775,21.025,26.775,0.2,,,"INA_OUT_1|Pad RH_1-1(17.621mm,21.75mm) on L1 TOP|Pad CL_1-2(21.95mm,24.75mm) on L4 BOTTOM GND"
TRACK,ROUTE_PLAN_C2TRIAL_OK.csv|R147:INA_OUT_1,INA_OUT_1,Top Layer,21.025,26.775,21.825,25.975,0.2,,,"INA_OUT_1|Pad RH_1-1(17.621mm,21.75mm) on L1 TOP|Pad CL_1-2(21.95mm,24.75mm) on L4 BOTTOM GND"
TRACK,ROUTE_PLAN_C2TRIAL_OK.csv|R147:INA_OUT_1,INA_OUT_1,Bottom Layer,21.825,25.975,21.825,25.475,0.2,,,"INA_OUT_1|Pad RH_1-1(17.621mm,21.75mm) on L1 TOP|Pad CL_1-2(21.95mm,24.75mm) on L4 BOTTOM GND"
VIA,ROUTE_PLAN_C2TRIAL_OK.csv|R147:INA_OUT_1,INA_OUT_1,Multi Layer,21.825,25.975,,,,0.6,0.3,"INA_OUT_1|Pad RH_1-1(17.621mm,21.75mm) on L1 TOP|Pad CL_1-2(21.95mm,24.75mm) on L4 BOTTOM GND"
TRACK,ROUTE_PLAN_C2TRIAL_OK.csv|R148:VOUT_4,VOUT_4,Top Layer,44.525,26.825,44.525,26.275,0.2,,,"VOUT_4|Pad Free-TP_VOUT_4(44.33mm,27.25mm) on L1 TOP|Pad R_ADC4-1(49.445mm,25.4mm) on L1 TOP"
TRACK,ROUTE_PLAN_C2TRIAL_OK.csv|R148:VOUT_4,VOUT_4,Top Layer,44.525,26.275,44.875,25.925,0.2,,,"VOUT_4|Pad Free-TP_VOUT_4(44.33mm,27.25mm) on L1 TOP|Pad R_ADC4-1(49.445mm,25.4mm) on L1 TOP"
TRACK,ROUTE_PLAN_C2TRIAL_OK.csv|R148:VOUT_4,VOUT_4,Mid Layer 2,44.875,25.925,46.575,24.225,0.2,,,"VOUT_4|Pad Free-TP_VOUT_4(44.33mm,27.25mm) on L1 TOP|Pad R_ADC4-1(49.445mm,25.4mm) on L1 TOP"
TRACK,ROUTE_PLAN_C2TRIAL_OK.csv|R148:VOUT_4,VOUT_4,Top Layer,46.575,24.225,46.975,24.225,0.2,,,"VOUT_4|Pad Free-TP_VOUT_4(44.33mm,27.25mm) on L1 TOP|Pad R_ADC4-1(49.445mm,25.4mm) on L1 TOP"
TRACK,ROUTE_PLAN_C2TRIAL_OK.csv|R148:VOUT_4,VOUT_4,Top Layer,46.975,24.225,47.025,24.175,0.2,,,"VOUT_4|Pad Free-TP_VOUT_4(44.33mm,27.25mm) on L1 TOP|Pad R_ADC4-1(49.445mm,25.4mm) on L1 TOP"
TRACK,ROUTE_PLAN_C2TRIAL_OK.csv|R148:VOUT_4,VOUT_4,Top Layer,47.025,24.175,48.575,24.175,0.2,,,"VOUT_4|Pad Free-TP_VOUT_4(44.33mm,27.25mm) on L1 TOP|Pad R_ADC4-1(49.445mm,25.4mm) on L1 TOP"
TRACK,ROUTE_PLAN_C2TRIAL_OK.csv|R148:VOUT_4,VOUT_4,Top Layer,48.575,24.175,49.275,24.875,0.2,,,"VOUT_4|Pad Free-TP_VOUT_4(44.33mm,27.25mm) on L1 TOP|Pad R_ADC4-1(49.445mm,25.4mm) on L1 TOP"
TRACK,ROUTE_PLAN_C2TRIAL_OK.csv|R148:VOUT_4,VOUT_4,Top Layer,49.275,24.875,49.275,25.125,0.2,,,"VOUT_4|Pad Free-TP_VOUT_4(44.33mm,27.25mm) on L1 TOP|Pad R_ADC4-1(49.445mm,25.4mm) on L1 TOP"
VIA,ROUTE_PLAN_C2TRIAL_OK.csv|R148:VOUT_4,VOUT_4,Multi Layer,44.875,25.925,,,,0.6,0.3,"VOUT_4|Pad Free-TP_VOUT_4(44.33mm,27.25mm) on L1 TOP|Pad R_ADC4-1(49.445mm,25.4mm) on L1 TOP"
VIA,ROUTE_PLAN_C2TRIAL_OK.csv|R148:VOUT_4,VOUT_4,Multi Layer,46.575,24.225,,,,0.6,0.3,"VOUT_4|Pad Free-TP_VOUT_4(44.33mm,27.25mm) on L1 TOP|Pad R_ADC4-1(49.445mm,25.4mm) on L1 TOP"
TRACK,ROUTE_PLAN_C2TRIAL_OK.csv|R14:NetINA2_7,NetINA2_7,Top Layer,29.675,22.075,30.175,22.075,0.2,,,"NetINA2_7|Pad RH_2-2(29.379mm,21.75mm) on L1 TOP|Pad RL_2-1(30.4mm,22.3mm) on L1 TOP"
TRACK,ROUTE_PLAN_C2TRIAL_OK.csv|R151:VREF_A,VREF_A,Top Layer,34.775,20.875,36.475,20.875,0.2,,,"VREF_A|Pad U2-5(33.25mm,21.05mm) on L4 BOTTOM GND|Pad U2-10(38.95mm,21.05mm) on L4 BOTTOM GND"
TRACK,ROUTE_PLAN_C2TRIAL_OK.csv|R154:Vservo_1,Vservo_1,Top Layer,18.975,18.425,21.625,18.425,0.2,,,"Vservo_1|Pad U1-7(17.45mm,18.45mm) on L4 BOTTOM GND|Pad Cservo_1-2(23.175mm,17.65mm) on L4 BOTTOM GND [Unplated]"
TRACK,ROUTE_PLAN_C2TRIAL_OK.csv|R154:Vservo_1,Vservo_1,Top Layer,21.625,18.425,22.175,17.875,0.2,,,"Vservo_1|Pad U1-7(17.45mm,18.45mm) on L4 BOTTOM GND|Pad Cservo_1-2(23.175mm,17.65mm) on L4 BOTTOM GND [Unplated]"
TRACK,ROUTE_PLAN_C2TRIAL_OK.csv|R154:Vservo_1,Vservo_1,Bottom Layer,22.175,17.875,22.675,17.875,0.2,,,"Vservo_1|Pad U1-7(17.45mm,18.45mm) on L4 BOTTOM GND|Pad Cservo_1-2(23.175mm,17.65mm) on L4 BOTTOM GND [Unplated]"
VIA,ROUTE_PLAN_C2TRIAL_OK.csv|R154:Vservo_1,Vservo_1,Multi Layer,22.175,17.875,,,,0.6,0.3,"Vservo_1|Pad U1-7(17.45mm,18.45mm) on L4 BOTTOM GND|Pad Cservo_1-2(23.175mm,17.65mm) on L4 BOTTOM GND [Unplated]"
TRACK,ROUTE_PLAN_C2TRIAL_OK.csv|R157:NetINA1_3,NetINA1_3,Top Layer,19.025,16.375,19.025,16.625,0.2,,,"NetINA1_3|Pad INA1-3(19.025mm,15.85mm) on L1 TOP|Pad RDD1-2(25.012mm,16.8mm) on L1 TOP"
TRACK,ROUTE_PLAN_C2TRIAL_OK.csv|R157:NetINA1_3,NetINA1_3,Top Layer,19.025,16.625,19.225,16.825,0.2,,,"NetINA1_3|Pad INA1-3(19.025mm,15.85mm) on L1 TOP|Pad RDD1-2(25.012mm,16.8mm) on L1 TOP"
TRACK,ROUTE_PLAN_C2TRIAL_OK.csv|R157:NetINA1_3,NetINA1_3,Top Layer,19.225,16.825,19.325,16.825,0.2,,,"NetINA1_3|Pad INA1-3(19.025mm,15.85mm) on L1 TOP|Pad RDD1-2(25.012mm,16.8mm) on L1 TOP"
TRACK,ROUTE_PLAN_C2TRIAL_OK.csv|R157:NetINA1_3,NetINA1_3,Top Layer,19.325,16.825,19.375,16.875,0.2,,,"NetINA1_3|Pad INA1-3(19.025mm,15.85mm) on L1 TOP|Pad RDD1-2(25.012mm,16.8mm) on L1 TOP"
TRACK,ROUTE_PLAN_C2TRIAL_OK.csv|R157:NetINA1_3,NetINA1_3,Top Layer,19.375,16.875,22.875,16.875,0.2,,,"NetINA1_3|Pad INA1-3(19.025mm,15.85mm) on L1 TOP|Pad RDD1-2(25.012mm,16.8mm) on L1 TOP"
TRACK,ROUTE_PLAN_C2TRIAL_OK.csv|R157:NetINA1_3,NetINA1_3,Top Layer,22.875,16.875,23.625,17.625,0.2,,,"NetINA1_3|Pad INA1-3(19.025mm,15.85mm) on L1 TOP|Pad RDD1-2(25.012mm,16.8mm) on L1 TOP"
TRACK,ROUTE_PLAN_C2TRIAL_OK.csv|R157:NetINA1_3,NetINA1_3,Top Layer,23.625,17.625,24.875,17.625,0.2,,,"NetINA1_3|Pad INA1-3(19.025mm,15.85mm) on L1 TOP|Pad RDD1-2(25.012mm,16.8mm) on L1 TOP"
TRACK,ROUTE_PLAN_C2TRIAL_OK.csv|R15:NetINA1_7,NetINA1_7,Top Layer,18.875,22.075,19.375,22.075,0.2,,,"NetINA1_7|Pad RH_1-2(18.579mm,21.75mm) on L1 TOP|Pad RL_1-1(19.6mm,22.3mm) on L1 TOP"
TRACK,ROUTE_PLAN_C2TRIAL_OK.csv|R16:NetINA3_7,NetINA3_7,Top Layer,40.475,22.075,40.975,22.075,0.2,,,"NetINA3_7|Pad RH_3-2(40.179mm,21.75mm) on L1 TOP|Pad RL_3-1(41.2mm,22.3mm) on L1 TOP"
TRACK,ROUTE_PLAN_C2TRIAL_OK.csv|R182:VOUT_2,VOUT_2,Mid Layer 2,35.625,21.525,35.475,21.675,0.2,,,"VOUT_2|Pad U2-1(33.25mm,18.45mm) on L4 BOTTOM GND|Pad Free-TP_VOUT_2(48.33mm,25.25mm) on L1 TOP"
TRACK,ROUTE_PLAN_C2TRIAL_OK.csv|R182:VOUT_2,VOUT_2,Top Layer,35.475,21.675,35.675,21.875,0.2,,,"VOUT_2|Pad U2-1(33.25mm,18.45mm) on L4 BOTTOM GND|Pad Free-TP_VOUT_2(48.33mm,25.25mm) on L1 TOP"
TRACK,ROUTE_PLAN_C2TRIAL_OK.csv|R182:VOUT_2,VOUT_2,Top Layer,35.675,21.875,35.675,22.725,0.2,,,"VOUT_2|Pad U2-1(33.25mm,18.45mm) on L4 BOTTOM GND|Pad Free-TP_VOUT_2(48.33mm,25.25mm) on L1 TOP"
TRACK,ROUTE_PLAN_C2TRIAL_OK.csv|R182:VOUT_2,VOUT_2,Top Layer,35.675,22.725,39.225,26.275,0.2,,,"VOUT_2|Pad U2-1(33.25mm,18.45mm) on L4 BOTTOM GND|Pad Free-TP_VOUT_2(48.33mm,25.25mm) on L1 TOP"
TRACK,ROUTE_PLAN_C2TRIAL_OK.csv|R182:VOUT_2,VOUT_2,Top Layer,39.225,26.275,43.725,26.275,0.2,,,"VOUT_2|Pad U2-1(33.25mm,18.45mm) on L4 BOTTOM GND|Pad Free-TP_VOUT_2(48.33mm,25.25mm) on L1 TOP"
TRACK,ROUTE_PLAN_C2TRIAL_OK.csv|R182:VOUT_2,VOUT_2,Mid Layer 2,43.725,26.275,44.175,26.725,0.2,,,"VOUT_2|Pad U2-1(33.25mm,18.45mm) on L4 BOTTOM GND|Pad Free-TP_VOUT_2(48.33mm,25.25mm) on L1 TOP"
TRACK,ROUTE_PLAN_C2TRIAL_OK.csv|R182:VOUT_2,VOUT_2,Mid Layer 2,44.175,26.725,46.375,26.725,0.2,,,"VOUT_2|Pad U2-1(33.25mm,18.45mm) on L4 BOTTOM GND|Pad Free-TP_VOUT_2(48.33mm,25.25mm) on L1 TOP"
TRACK,ROUTE_PLAN_C2TRIAL_OK.csv|R182:VOUT_2,VOUT_2,Mid Layer 2,46.375,26.725,47.175,25.925,0.2,,,"VOUT_2|Pad U2-1(33.25mm,18.45mm) on L4 BOTTOM GND|Pad Free-TP_VOUT_2(48.33mm,25.25mm) on L1 TOP"
VIA,ROUTE_PLAN_C2TRIAL_OK.csv|R182:VOUT_2,VOUT_2,Multi Layer,35.475,21.675,,,,0.6,0.3,"VOUT_2|Pad U2-1(33.25mm,18.45mm) on L4 BOTTOM GND|Pad Free-TP_VOUT_2(48.33mm,25.25mm) on L1 TOP"
VIA,ROUTE_PLAN_C2TRIAL_OK.csv|R182:VOUT_2,VOUT_2,Multi Layer,43.725,26.275,,,,0.6,0.3,"VOUT_2|Pad U2-1(33.25mm,18.45mm) on L4 BOTTOM GND|Pad Free-TP_VOUT_2(48.33mm,25.25mm) on L1 TOP"
TRACK,ROUTE_PLAN_C2TRIAL_OK.csv|R183:VOUT_1,VOUT_1,Mid Layer 2,21.775,23.525,23.275,25.025,0.2,,,"VOUT_1|Pad CH_1-1(20.1mm,22.382mm) on L4 BOTTOM GND|Pad Free-TP_VOUT_1(45.33mm,29.75mm) on L1 TOP"
TRACK,ROUTE_PLAN_C2TRIAL_OK.csv|R183:VOUT_1,VOUT_1,Top Layer,23.275,25.025,26.875,25.025,0.2,,,"VOUT_1|Pad CH_1-1(20.1mm,22.382mm) on L4 BOTTOM GND|Pad Free-TP_VOUT_1(45.33mm,29.75mm) on L1 TOP"
TRACK,ROUTE_PLAN_C2TRIAL_OK.csv|R183:VOUT_1,VOUT_1,Top Layer,26.875,25.025,29.175,27.325,0.2,,,"VOUT_1|Pad CH_1-1(20.1mm,22.382mm) on L4 BOTTOM GND|Pad Free-TP_VOUT_1(45.33mm,29.75mm) on L1 TOP"
TRACK,ROUTE_PLAN_C2TRIAL_OK.csv|R183:VOUT_1,VOUT_1,Top Layer,29.175,27.325,42.675,27.325,0.2,,,"VOUT_1|Pad CH_1-1(20.1mm,22.382mm) on L4 BOTTOM GND|Pad Free-TP_VOUT_1(45.33mm,29.75mm) on L1 TOP"
TRACK,ROUTE_PLAN_C2TRIAL_OK.csv|R183:VOUT_1,VOUT_1,Top Layer,42.675,27.325,44.875,29.525,0.2,,,"VOUT_1|Pad CH_1-1(20.1mm,22.382mm) on L4 BOTTOM GND|Pad Free-TP_VOUT_1(45.33mm,29.75mm) on L1 TOP"
VIA,ROUTE_PLAN_C2TRIAL_OK.csv|R183:VOUT_1,VOUT_1,Multi Layer,23.275,25.025,,,,0.6,0.3,"VOUT_1|Pad CH_1-1(20.1mm,22.382mm) on L4 BOTTOM GND|Pad Free-TP_VOUT_1(45.33mm,29.75mm) on L1 TOP"
TRACK,ROUTE_PLAN_C2TRIAL_OK.csv|R184:MCU_SPI_SCK,MCU_SPI_SCK,Top Layer,54.125,27.075,54.125,26.875,0.15,,,"MCU_SPI_SCK|Pad U_MCU1-30(54.08mm,27.762mm) on L1 TOP [Unplated]|Pad R_SPI_SCK-2(55.68mm,26.562mm) on L1 TOP"
TRACK,ROUTE_PLAN_C2TRIAL_OK.csv|R184:MCU_SPI_SCK,MCU_SPI_SCK,Top Layer,54.125,26.875,54.175,26.875,0.15,,,"MCU_SPI_SCK|Pad U_MCU1-30(54.08mm,27.762mm) on L1 TOP [Unplated]|Pad R_SPI_SCK-2(55.68mm,26.562mm) on L1 TOP"
TRACK,ROUTE_PLAN_C2TRIAL_OK.csv|R184:MCU_SPI_SCK,MCU_SPI_SCK,Top Layer,54.175,26.875,54.175,26.775,0.15,,,"MCU_SPI_SCK|Pad U_MCU1-30(54.08mm,27.762mm) on L1 TOP [Unplated]|Pad R_SPI_SCK-2(55.68mm,26.562mm) on L1 TOP"
TRACK,ROUTE_PLAN_C2TRIAL_OK.csv|R184:MCU_SPI_SCK,MCU_SPI_SCK,Top Layer,54.175,26.775,54.225,26.775,0.15,,,"MCU_SPI_SCK|Pad U_MCU1-30(54.08mm,27.762mm) on L1 TOP [Unplated]|Pad R_SPI_SCK-2(55.68mm,26.562mm) on L1 TOP"
TRACK,ROUTE_PLAN_C2TRIAL_OK.csv|R184:MCU_SPI_SCK,MCU_SPI_SCK,Top Layer,54.225,26.775,54.325,26.675,0.15,,,"MCU_SPI_SCK|Pad U_MCU1-30(54.08mm,27.762mm) on L1 TOP [Unplated]|Pad R_SPI_SCK-2(55.68mm,26.562mm) on L1 TOP"
TRACK,ROUTE_PLAN_C2TRIAL_OK.csv|R184:MCU_SPI_SCK,MCU_SPI_SCK,Top Layer,54.325,26.675,55.475,26.675,0.15,,,"MCU_SPI_SCK|Pad U_MCU1-30(54.08mm,27.762mm) on L1 TOP [Unplated]|Pad R_SPI_SCK-2(55.68mm,26.562mm) on L1 TOP"
TRACK,ROUTE_PLAN_C2TRIAL_OK.csv|R186:MCU_SPI_MOSI,MCU_SPI_MOSI,Top Layer,55.125,28.475,55.125,28.975,0.15,,,"MCU_SPI_MOSI|Pad U_MCU1-32(55.08mm,27.762mm) on L1 TOP [Unplated]|Pad R_SPI_MOSI-2(57.08mm,26.562mm) on L1 TOP"
TRACK,ROUTE_PLAN_C2TRIAL_OK.csv|R186:MCU_SPI_MOSI,MCU_SPI_MOSI,Mid Layer 2,55.125,28.975,56.475,27.625,0.15,,,"MCU_SPI_MOSI|Pad U_MCU1-32(55.08mm,27.762mm) on L1 TOP [Unplated]|Pad R_SPI_MOSI-2(57.08mm,26.562mm) on L1 TOP"
TRACK,ROUTE_PLAN_C2TRIAL_OK.csv|R186:MCU_SPI_MOSI,MCU_SPI_MOSI,Mid Layer 2,56.475,27.625,56.475,26.475,0.15,,,"MCU_SPI_MOSI|Pad U_MCU1-32(55.08mm,27.762mm) on L1 TOP [Unplated]|Pad R_SPI_MOSI-2(57.08mm,26.562mm) on L1 TOP"
TRACK,ROUTE_PLAN_C2TRIAL_OK.csv|R186:MCU_SPI_MOSI,MCU_SPI_MOSI,Top Layer,56.475,26.475,56.875,26.475,0.15,,,"MCU_SPI_MOSI|Pad U_MCU1-32(55.08mm,27.762mm) on L1 TOP [Unplated]|Pad R_SPI_MOSI-2(57.08mm,26.562mm) on L1 TOP"
VIA,ROUTE_PLAN_C2TRIAL_OK.csv|R186:MCU_SPI_MOSI,MCU_SPI_MOSI,Multi Layer,55.125,28.975,,,,0.45,0.2,"MCU_SPI_MOSI|Pad U_MCU1-32(55.08mm,27.762mm) on L1 TOP [Unplated]|Pad R_SPI_MOSI-2(57.08mm,26.562mm) on L1 TOP"
VIA,ROUTE_PLAN_C2TRIAL_OK.csv|R186:MCU_SPI_MOSI,MCU_SPI_MOSI,Multi Layer,56.475,26.475,,,,0.45,0.2,"MCU_SPI_MOSI|Pad U_MCU1-32(55.08mm,27.762mm) on L1 TOP [Unplated]|Pad R_SPI_MOSI-2(57.08mm,26.562mm) on L1 TOP"
TRACK,ROUTE_PLAN_C2TRIAL_OK.csv|R187:WIFI_SPI_CS,WIFI_SPI_CS,Top Layer,42.525,43.875,45.825,43.875,0.18,,,"WIFI_SPI_CS|Pad U_WIFI1-24(42.126mm,43.745mm) on L1 TOP [Unplated]|Pad R_WIFI_CS_PD-1(46.68mm,43.2mm) on L1 TOP"
TRACK,ROUTE_PLAN_C2TRIAL_OK.csv|R187:WIFI_SPI_CS,WIFI_SPI_CS,Top Layer,45.825,43.875,46.375,43.325,0.18,,,"WIFI_SPI_CS|Pad U_WIFI1-24(42.126mm,43.745mm) on L1 TOP [Unplated]|Pad R_WIFI_CS_PD-1(46.68mm,43.2mm) on L1 TOP"
TRACK,ROUTE_PLAN_C2TRIAL_OK.csv|R188:WIFI_SPI_MISO,WIFI_SPI_MISO,Top Layer,29.775,44.425,30.125,44.775,0.18,,,"WIFI_SPI_MISO|Pad R_SPI_MISO-1(29.592mm,44.2mm) on L1 TOP|Pad U_WIFI1-29(35.775mm,45.016mm) on L1 TOP [Unplated]"
TRACK,ROUTE_PLAN_C2TRIAL_OK.csv|R188:WIFI_SPI_MISO,WIFI_SPI_MISO,Mid Layer 2,30.125,44.775,34.675,44.775,0.18,,,"WIFI_SPI_MISO|Pad R_SPI_MISO-1(29.592mm,44.2mm) on L1 TOP|Pad U_WIFI1-29(35.775mm,45.016mm) on L1 TOP [Unplated]"
TRACK,ROUTE_PLAN_C2TRIAL_OK.csv|R188:WIFI_SPI_MISO,WIFI_SPI_MISO,Mid Layer 2,34.675,44.775,35.275,44.175,0.18,,,"WIFI_SPI_MISO|Pad R_SPI_MISO-1(29.592mm,44.2mm) on L1 TOP|Pad U_WIFI1-29(35.775mm,45.016mm) on L1 TOP [Unplated]"
TRACK,ROUTE_PLAN_C2TRIAL_OK.csv|R188:WIFI_SPI_MISO,WIFI_SPI_MISO,Top Layer,35.275,44.175,35.725,44.625,0.18,,,"WIFI_SPI_MISO|Pad R_SPI_MISO-1(29.592mm,44.2mm) on L1 TOP|Pad U_WIFI1-29(35.775mm,45.016mm) on L1 TOP [Unplated]"
VIA,ROUTE_PLAN_C2TRIAL_OK.csv|R188:WIFI_SPI_MISO,WIFI_SPI_MISO,Multi Layer,30.125,44.775,,,,0.6,0.3,"WIFI_SPI_MISO|Pad R_SPI_MISO-1(29.592mm,44.2mm) on L1 TOP|Pad U_WIFI1-29(35.775mm,45.016mm) on L1 TOP [Unplated]"
VIA,ROUTE_PLAN_C2TRIAL_OK.csv|R188:WIFI_SPI_MISO,WIFI_SPI_MISO,Multi Layer,35.275,44.175,,,,0.6,0.3,"WIFI_SPI_MISO|Pad R_SPI_MISO-1(29.592mm,44.2mm) on L1 TOP|Pad U_WIFI1-29(35.775mm,45.016mm) on L1 TOP [Unplated]"
TRACK,ROUTE_PLAN_C2TRIAL_OK.csv|R190:WIFI_SPI_CLK,WIFI_SPI_CLK,Top Layer,37.425,44.625,37.425,44.525,0.15,,,"WIFI_SPI_CLK|Pad U_WIFI1-28(37.045mm,45.016mm) on L1 TOP [Unplated]|Pad R_SPI_SCK-1(55.68mm,25.538mm) on L1 TOP"
TRACK,ROUTE_PLAN_C2TRIAL_OK.csv|R190:WIFI_SPI_CLK,WIFI_SPI_CLK,Top Layer,37.425,44.525,39.125,42.825,0.15,,,"WIFI_SPI_CLK|Pad U_WIFI1-28(37.045mm,45.016mm) on L1 TOP [Unplated]|Pad R_SPI_SCK-1(55.68mm,25.538mm) on L1 TOP"
TRACK,ROUTE_PLAN_C2TRIAL_OK.csv|R190:WIFI_SPI_CLK,WIFI_SPI_CLK,Top Layer,39.125,42.825,39.725,42.825,0.15,,,"WIFI_SPI_CLK|Pad U_WIFI1-28(37.045mm,45.016mm) on L1 TOP [Unplated]|Pad R_SPI_SCK-1(55.68mm,25.538mm) on L1 TOP"
TRACK,ROUTE_PLAN_C2TRIAL_OK.csv|R190:WIFI_SPI_CLK,WIFI_SPI_CLK,Top Layer,39.725,42.825,41.175,41.375,0.15,,,"WIFI_SPI_CLK|Pad U_WIFI1-28(37.045mm,45.016mm) on L1 TOP [Unplated]|Pad R_SPI_SCK-1(55.68mm,25.538mm) on L1 TOP"
TRACK,ROUTE_PLAN_C2TRIAL_OK.csv|R190:WIFI_SPI_CLK,WIFI_SPI_CLK,Top Layer,41.175,41.375,41.175,38.825,0.15,,,"WIFI_SPI_CLK|Pad U_WIFI1-28(37.045mm,45.016mm) on L1 TOP [Unplated]|Pad R_SPI_SCK-1(55.68mm,25.538mm) on L1 TOP"
TRACK,ROUTE_PLAN_C2TRIAL_OK.csv|R190:WIFI_SPI_CLK,WIFI_SPI_CLK,Mid Layer 2,41.175,38.825,48.6045,31.3955,0.15,,,"WIFI_SPI_CLK|Pad U_WIFI1-28(37.045mm,45.016mm) on L1 TOP [Unplated]|Pad R_SPI_SCK-1(55.68mm,25.538mm) on L1 TOP"
TRACK,ROUTE_PLAN_C2TRIAL_OK.csv|R190:WIFI_SPI_CLK,WIFI_SPI_CLK,Mid Layer 2,48.6045,31.3955,53.9755,26.0245,0.15,,,"WIFI_SPI_CLK|Pad U_WIFI1-28(37.045mm,45.016mm) on L1 TOP [Unplated]|Pad R_SPI_SCK-1(55.68mm,25.538mm) on L1 TOP"
TRACK,ROUTE_PLAN_C2TRIAL_OK.csv|R190:WIFI_SPI_CLK,WIFI_SPI_CLK,Mid Layer 2,53.9755,26.0245,54.225,25.775,0.15,,,"WIFI_SPI_CLK|Pad U_WIFI1-28(37.045mm,45.016mm) on L1 TOP [Unplated]|Pad R_SPI_SCK-1(55.68mm,25.538mm) on L1 TOP"
TRACK,ROUTE_PLAN_C2TRIAL_OK.csv|R190:WIFI_SPI_CLK,WIFI_SPI_CLK,Mid Layer 2,54.225,25.775,56.275,25.775,0.15,,,"WIFI_SPI_CLK|Pad U_WIFI1-28(37.045mm,45.016mm) on L1 TOP [Unplated]|Pad R_SPI_SCK-1(55.68mm,25.538mm) on L1 TOP"
TRACK,ROUTE_PLAN_C2TRIAL_OK.csv|R190:WIFI_SPI_CLK,WIFI_SPI_CLK,Top Layer,56.275,25.775,55.875,25.775,0.15,,,"WIFI_SPI_CLK|Pad U_WIFI1-28(37.045mm,45.016mm) on L1 TOP [Unplated]|Pad R_SPI_SCK-1(55.68mm,25.538mm) on L1 TOP"
VIA,ROUTE_PLAN_C2TRIAL_OK.csv|R190:WIFI_SPI_CLK,WIFI_SPI_CLK,Multi Layer,41.175,38.825,,,,0.45,0.2,"WIFI_SPI_CLK|Pad U_WIFI1-28(37.045mm,45.016mm) on L1 TOP [Unplated]|Pad R_SPI_SCK-1(55.68mm,25.538mm) on L1 TOP"
VIA,ROUTE_PLAN_C2TRIAL_OK.csv|R190:WIFI_SPI_CLK,WIFI_SPI_CLK,Multi Layer,56.275,25.775,,,,0.45,0.2,"WIFI_SPI_CLK|Pad U_WIFI1-28(37.045mm,45.016mm) on L1 TOP [Unplated]|Pad R_SPI_SCK-1(55.68mm,25.538mm) on L1 TOP"
TRACK,ROUTE_PLAN_C2TRIAL_OK.csv|R194:BAT_TEMP,BAT_TEMP,Bottom Layer,11.075,39.375,11.075,39.675,0.2,,,"BAT_TEMP|Pad R_TS_SER-1(10.8mm,39.15mm) on L4 BOTTOM GND|Pad R_TS_TOP-1(11.194mm,39.924mm) on L4 BOTTOM GND"
TRACK,ROUTE_PLAN_C2TRIAL_OK.csv|R195:NetC1_EN1_2,NetC1_EN1_2,Bottom Layer,64.225,38.825,64.225,39.175,0.2,,,"NetC1_EN1_2|Pad U_EN1-1(63.8mm,38.625mm) on L4 BOTTOM GND|Pad C1_EN1-2(64.311mm,39.35mm) on L4 BOTTOM GND"
TRACK,ROUTE_PLAN_C2TRIAL_OK.csv|R197:NetC1_EN1_2,NetC1_EN1_2,Bottom Layer,64.075,39.975,64.075,39.575,0.2,,,"NetC1_EN1_2|Pad R_EN1_1-2(64.011mm,40.25mm) on L4 BOTTOM GND|Pad C1_EN1-2(64.311mm,39.35mm) on L4 BOTTOM GND"
TRACK,ROUTE_PLAN_C2TRIAL_OK.csv|R19:INA_OUT_1,INA_OUT_1,Top Layer,17.625,21.475,17.625,21.075,0.2,,,"INA_OUT_1|Pad RH_1-1(17.621mm,21.75mm) on L1 TOP|Pad INA1-8(17.725mm,20.55mm) on L1 TOP"
TRACK,ROUTE_PLAN_C2TRIAL_OK.csv|R1:WIFI_X32_RAW_OUT,WIFI_X32_RAW_OUT,Top Layer,37.025,33.225,37.025,32.825,0.2,,,"WIFI_X32_RAW_OUT|Pad U_WIFI1-13(37.045mm,33.584mm) on L1 TOP [Unplated]|Pad R_WIFI_X32_OUT-2(37.045mm,32.6mm) on L1 TOP"
TRACK,ROUTE_PLAN_C2TRIAL_OK.csv|R201:FG_ALRT,FG_ALRT,Bottom Layer,17.975,31.475,18.425,31.475,0.2,,,"FG_ALRT|Pad R_AL-1(17.636mm,31.475mm) on L4 BOTTOM GND|Pad UP4-5(18.775mm,31.525mm) on L4 BOTTOM GND"
TRACK,ROUTE_PLAN_C2TRIAL_OK.csv|R202:NetC3_EN1_2,NetC3_EN1_2,Bottom Layer,60.075,38.025,60.575,38.025,0.2,,,"NetC3_EN1_2|Pad C3_EN1-2(59.89mm,37.95mm) on L4 BOTTOM GND|Pad U_EN1-7(61.18mm,37.975mm) on L4 BOTTOM GND"
TRACK,ROUTE_PLAN_C2TRIAL_OK.csv|R203:AFE_EN,AFE_EN,Bottom Layer,36.875,27.175,37.125,26.925,0.2,,,"AFE_EN|Pad UP3-3(36.3mm,27.387mm) on L4 BOTTOM GND|Pad R_EN_PD-1(37.444mm,26.668mm) on L4 BOTTOM GND"
TRACK,ROUTE_PLAN_C2TRIAL_OK.csv|R204:KILL_CTRL,KILL_CTRL,Bottom Layer,60.425,39.175,60.575,39.025,0.2,,,"KILL_CTRL|Pad R_KILL_PU-1(60.066mm,39.45mm) on L4 BOTTOM GND|Pad U_EN1-8(61.18mm,38.625mm) on L4 BOTTOM GND"
TRACK,ROUTE_PLAN_C2TRIAL_OK.csv|R204:KILL_CTRL,KILL_CTRL,Bottom Layer,60.575,39.025,60.575,38.825,0.2,,,"KILL_CTRL|Pad R_KILL_PU-1(60.066mm,39.45mm) on L4 BOTTOM GND|Pad U_EN1-8(61.18mm,38.625mm) on L4 BOTTOM GND"
TRACK,ROUTE_PLAN_C2TRIAL_OK.csv|R205:NetC2_EN1_1,NetC2_EN1_1,Bottom Layer,63.225,37.275,62.725,37.275,0.2,,,"NetC2_EN1_1|Pad U_EN1-3(63.8mm,37.325mm) on L4 BOTTOM GND|Pad C2_EN1-1(64.09mm,35.95mm) on L4 BOTTOM GND"
TRACK,ROUTE_PLAN_C2TRIAL_OK.csv|R205:NetC2_EN1_1,NetC2_EN1_1,Bottom Layer,63.375,35.875,63.875,35.875,0.2,,,"NetC2_EN1_1|Pad U_EN1-3(63.8mm,37.325mm) on L4 BOTTOM GND|Pad C2_EN1-1(64.09mm,35.95mm) on L4 BOTTOM GND"
VIA,ROUTE_PLAN_C2TRIAL_OK.csv|R205:NetC2_EN1_1,NetC2_EN1_1,Multi Layer,63.375,35.875,,,,0.6,0.3,"NetC2_EN1_1|Pad U_EN1-3(63.8mm,37.325mm) on L4 BOTTOM GND|Pad C2_EN1-1(64.09mm,35.95mm) on L4 BOTTOM GND"
TRACK,ROUTE_PLAN_C2TRIAL_OK.csv|R206:NetQ_SHDN_1,NetQ_SHDN_1,Bottom Layer,54.525,37.025,54.825,37.025,0.2,,,"NetQ_SHDN_1|Pad R_SHDN_G-1(54.166mm,37.25mm) on L4 BOTTOM GND|Pad Q_SHDN-1(55.58mm,37mm) on L4 BOTTOM GND"
TRACK,ROUTE_PLAN_C2TRIAL_OK.csv|R207:MCU_PWR_INT_N,MCU_PWR_INT_N,Bottom Layer,60.425,36.075,60.575,36.225,0.2,,,"MCU_PWR_INT_N|Pad R_INT_PULLUP-2(60.066mm,35.75mm) on L4 BOTTOM GND|Pad U_EN1-5(61.18mm,36.675mm) on L4 BOTTOM GND"
TRACK,ROUTE_PLAN_C2TRIAL_OK.csv|R207:MCU_PWR_INT_N,MCU_PWR_INT_N,Bottom Layer,60.575,36.225,60.575,36.525,0.2,,,"MCU_PWR_INT_N|Pad R_INT_PULLUP-2(60.066mm,35.75mm) on L4 BOTTOM GND|Pad U_EN1-5(61.18mm,36.675mm) on L4 BOTTOM GND"
TRACK,ROUTE_PLAN_C2TRIAL_OK.csv|R209:DRL_AMP_OUT,DRL_AMP_OUT,Bottom Layer,16.925,14.475,17.675,14.475,0.2,,,"DRL_AMP_OUT|Pad U_DRL1-1(16.65mm,14.08mm) on L4 BOTTOM GND|Pad R_DRL_OUT1-1(18.1mm,14.475mm) on L4 BOTTOM GND"
TRACK,ROUTE_PLAN_C2TRIAL_OK.csv|R210:MCU_VCAP,MCU_VCAP,Top Layer,63.075,26.775,63.075,27.075,0.2,,,"MCU_VCAP|Pad MCU_VCAP-2(62.68mm,26.288mm) on L1 TOP|Pad U_MCU1-48(63.08mm,27.762mm) on L1 TOP [Unplated]"
TRACK,ROUTE_PLAN_C2TRIAL_OK.csv|R213:NetRISET_1,NetRISET_1,Bottom Layer,12.225,36.925,12.225,37.225,0.2,,,"NetRISET_1|Pad RISET-1(12.029mm,36.6mm) on L4 BOTTOM GND|Pad UP1-16(12.85mm,38mm) on L4 BOTTOM GND"
TRACK,ROUTE_PLAN_C2TRIAL_OK.csv|R213:NetRISET_1,NetRISET_1,Bottom Layer,12.225,37.225,12.725,37.725,0.2,,,"NetRISET_1|Pad RISET-1(12.029mm,36.6mm) on L4 BOTTOM GND|Pad UP1-16(12.85mm,38mm) on L4 BOTTOM GND"
TRACK,ROUTE_PLAN_C2TRIAL_OK.csv|R214:WIFI_UART_TX,WIFI_UART_TX,Bottom Layer,45.175,42.725,45.425,42.725,0.2,,,"WIFI_UART_TX|Pad R_WIFI_UART_RX_LINK-1(45.011mm,42.509mm) on L4 BOTTOM GND|Pad TP_WIFI_UART_TX-TP(46.307mm,43.653mm) on L4 BOTTOM GND"
TRACK,ROUTE_PLAN_C2TRIAL_OK.csv|R214:WIFI_UART_TX,WIFI_UART_TX,Bottom Layer,45.425,42.725,45.925,43.225,0.2,,,"WIFI_UART_TX|Pad R_WIFI_UART_RX_LINK-1(45.011mm,42.509mm) on L4 BOTTOM GND|Pad TP_WIFI_UART_TX-TP(46.307mm,43.653mm) on L4 BOTTOM GND"
TRACK,ROUTE_PLAN_C2TRIAL_OK.csv|R217:MCU_BOOT0,MCU_BOOT0,Top Layer,55.075,43.975,55.075,44.425,0.2,,,"MCU_BOOT0|Pad U_MCU1-94(55.08mm,43.238mm) on L1 TOP [Unplated]|Pad R_MCU_BOOT0_PD-2(55.58mm,45.06mm) on L1 TOP"
TRACK,ROUTE_PLAN_C2TRIAL_OK.csv|R217:MCU_BOOT0,MCU_BOOT0,Top Layer,55.075,44.425,55.475,44.825,0.2,,,"MCU_BOOT0|Pad U_MCU1-94(55.08mm,43.238mm) on L1 TOP [Unplated]|Pad R_MCU_BOOT0_PD-2(55.58mm,45.06mm) on L1 TOP"
TRACK,ROUTE_PLAN_C2TRIAL_OK.csv|R218:WIFI_BOOT,WIFI_BOOT,Top Layer,29.575,40.075,29.575,40.325,0.2,,,"WIFI_BOOT|Pad R_WIFI_BOOT_PD-2(29.38mm,39.8mm) on L1 TOP|Pad U_WIFI1-3(30.694mm,41.205mm) on L1 TOP [Unplated]"
TRACK,ROUTE_PLAN_C2TRIAL_OK.csv|R218:WIFI_BOOT,WIFI_BOOT,Top Layer,29.575,40.325,30.275,41.025,0.2,,,"WIFI_BOOT|Pad R_WIFI_BOOT_PD-2(29.38mm,39.8mm) on L1 TOP|Pad U_WIFI1-3(30.694mm,41.205mm) on L1 TOP [Unplated]"
TRACK,ROUTE_PLAN_C2TRIAL_OK.csv|R21:NetINA1_7,NetINA1_7,Top Layer,18.375,21.075,18.375,21.275,0.2,,,"NetINA1_7|Pad INA1-7(18.375mm,20.55mm) on L1 TOP|Pad RH_1-2(18.579mm,21.75mm) on L1 TOP"
TRACK,ROUTE_PLAN_C2TRIAL_OK.csv|R21:NetINA1_7,NetINA1_7,Top Layer,18.375,21.275,18.425,21.325,0.2,,,"NetINA1_7|Pad INA1-7(18.375mm,20.55mm) on L1 TOP|Pad RH_1-2(18.579mm,21.75mm) on L1 TOP"
TRACK,ROUTE_PLAN_C2TRIAL_OK.csv|R21:NetINA1_7,NetINA1_7,Top Layer,18.425,21.325,18.425,21.475,0.2,,,"NetINA1_7|Pad INA1-7(18.375mm,20.55mm) on L1 TOP|Pad RH_1-2(18.579mm,21.75mm) on L1 TOP"
TRACK,ROUTE_PLAN_C2TRIAL_OK.csv|R220:WIFI_BOOT,WIFI_BOOT,Top Layer,31.075,41.425,31.675,41.425,0.2,,,"WIFI_BOOT|Pad U_WIFI1-3(30.694mm,41.205mm) on L1 TOP [Unplated]|Pad TP_WIFI_BOOT-TP(32.693mm,41.141mm) on L4 BOTTOM GND"
TRACK,ROUTE_PLAN_C2TRIAL_OK.csv|R220:WIFI_BOOT,WIFI_BOOT,Bottom Layer,31.675,41.425,32.125,41.425,0.2,,,"WIFI_BOOT|Pad U_WIFI1-3(30.694mm,41.205mm) on L1 TOP [Unplated]|Pad TP_WIFI_BOOT-TP(32.693mm,41.141mm) on L4 BOTTOM GND"
VIA,ROUTE_PLAN_C2TRIAL_OK.csv|R220:WIFI_BOOT,WIFI_BOOT,Multi Layer,31.675,41.425,,,,0.6,0.3,"WIFI_BOOT|Pad U_WIFI1-3(30.694mm,41.205mm) on L1 TOP [Unplated]|Pad TP_WIFI_BOOT-TP(32.693mm,41.141mm) on L4 BOTTOM GND"
TRACK,ROUTE_PLAN_C2TRIAL_OK.csv|R221:MCU_BOOT0,MCU_BOOT0,Top Layer,54.975,44.375,54.025,44.375,0.2,,,"MCU_BOOT0|Pad U_MCU1-94(55.08mm,43.238mm) on L1 TOP [Unplated]|Pad TP_MCU_BOOT0-TP(55.28mm,41.238mm) on L4 BOTTOM GND"
TRACK,ROUTE_PLAN_C2TRIAL_OK.csv|R221:MCU_BOOT0,MCU_BOOT0,Top Layer,54.025,44.375,53.725,44.675,0.2,,,"MCU_BOOT0|Pad U_MCU1-94(55.08mm,43.238mm) on L1 TOP [Unplated]|Pad TP_MCU_BOOT0-TP(55.28mm,41.238mm) on L4 BOTTOM GND"
TRACK,ROUTE_PLAN_C2TRIAL_OK.csv|R221:MCU_BOOT0,MCU_BOOT0,Mid Layer 2,53.725,44.675,54.625,43.775,0.2,,,"MCU_BOOT0|Pad U_MCU1-94(55.08mm,43.238mm) on L1 TOP [Unplated]|Pad TP_MCU_BOOT0-TP(55.28mm,41.238mm) on L4 BOTTOM GND"
TRACK,ROUTE_PLAN_C2TRIAL_OK.csv|R221:MCU_BOOT0,MCU_BOOT0,Mid Layer 2,54.625,43.775,54.625,40.425,0.2,,,"MCU_BOOT0|Pad U_MCU1-94(55.08mm,43.238mm) on L1 TOP [Unplated]|Pad TP_MCU_BOOT0-TP(55.28mm,41.238mm) on L4 BOTTOM GND"
TRACK,ROUTE_PLAN_C2TRIAL_OK.csv|R221:MCU_BOOT0,MCU_BOOT0,Bottom Layer,54.625,40.425,54.975,40.775,0.2,,,"MCU_BOOT0|Pad U_MCU1-94(55.08mm,43.238mm) on L1 TOP [Unplated]|Pad TP_MCU_BOOT0-TP(55.28mm,41.238mm) on L4 BOTTOM GND"
VIA,ROUTE_PLAN_C2TRIAL_OK.csv|R221:MCU_BOOT0,MCU_BOOT0,Multi Layer,53.725,44.675,,,,0.6,0.3,"MCU_BOOT0|Pad U_MCU1-94(55.08mm,43.238mm) on L1 TOP [Unplated]|Pad TP_MCU_BOOT0-TP(55.28mm,41.238mm) on L4 BOTTOM GND"
VIA,ROUTE_PLAN_C2TRIAL_OK.csv|R221:MCU_BOOT0,MCU_BOOT0,Multi Layer,54.625,40.425,,,,0.6,0.3,"MCU_BOOT0|Pad U_MCU1-94(55.08mm,43.238mm) on L1 TOP [Unplated]|Pad TP_MCU_BOOT0-TP(55.28mm,41.238mm) on L4 BOTTOM GND"
TRACK,ROUTE_PLAN_C2TRIAL_OK.csv|R222:MCU_NRST,MCU_NRST,Top Layer,46.775,34.825,46.775,34.625,0.2,,,"MCU_NRST|Pad C_NRST-1(46.559mm,35mm) on L1 TOP|Pad R_NRST-1(48.58mm,35mm) on L1 TOP"
TRACK,ROUTE_PLAN_C2TRIAL_OK.csv|R222:MCU_NRST,MCU_NRST,Top Layer,46.775,34.625,47.125,34.275,0.2,,,"MCU_NRST|Pad C_NRST-1(46.559mm,35mm) on L1 TOP|Pad R_NRST-1(48.58mm,35mm) on L1 TOP"
TRACK,ROUTE_PLAN_C2TRIAL_OK.csv|R222:MCU_NRST,MCU_NRST,Top Layer,47.125,34.275,48.025,34.275,0.2,,,"MCU_NRST|Pad C_NRST-1(46.559mm,35mm) on L1 TOP|Pad R_NRST-1(48.58mm,35mm) on L1 TOP"
TRACK,ROUTE_PLAN_C2TRIAL_OK.csv|R222:MCU_NRST,MCU_NRST,Top Layer,48.025,34.275,48.475,34.725,0.2,,,"MCU_NRST|Pad C_NRST-1(46.559mm,35mm) on L1 TOP|Pad R_NRST-1(48.58mm,35mm) on L1 TOP"
TRACK,ROUTE_PLAN_C2TRIAL_OK.csv|R224:WIFI_BOOT,WIFI_BOOT,Bottom Layer,32.175,39.775,32.175,40.525,0.2,,,"WIFI_BOOT|Pad JP_WIFI_BOOT-2(31.794mm,39.205mm) on L4 BOTTOM GND|Pad TP_WIFI_BOOT-TP(32.693mm,41.141mm) on L4 BOTTOM GND"
TRACK,ROUTE_PLAN_C2TRIAL_OK.csv|R224:WIFI_BOOT,WIFI_BOOT,Bottom Layer,32.175,40.525,32.325,40.675,0.2,,,"WIFI_BOOT|Pad JP_WIFI_BOOT-2(31.794mm,39.205mm) on L4 BOTTOM GND|Pad TP_WIFI_BOOT-TP(32.693mm,41.141mm) on L4 BOTTOM GND"
TRACK,ROUTE_PLAN_C2TRIAL_OK.csv|R225:NetJP_WIFI_BOOT_1,NetJP_WIFI_BOOT_1,Bottom Layer,30.925,38.625,30.925,38.275,0.2,,,"NetJP_WIFI_BOOT_1|Pad JP_WIFI_BOOT-1(30.594mm,39.205mm) on L4 BOTTOM GND|Pad R_WIFI_BOOT_OVR-2(31.629mm,37.205mm) on L4 BOTTOM GND"
TRACK,ROUTE_PLAN_C2TRIAL_OK.csv|R225:NetJP_WIFI_BOOT_1,NetJP_WIFI_BOOT_1,Bottom Layer,30.925,38.275,31.475,37.725,0.2,,,"NetJP_WIFI_BOOT_1|Pad JP_WIFI_BOOT-1(30.594mm,39.205mm) on L4 BOTTOM GND|Pad R_WIFI_BOOT_OVR-2(31.629mm,37.205mm) on L4 BOTTOM GND"
TRACK,ROUTE_PLAN_C2TRIAL_OK.csv|R225:NetJP_WIFI_BOOT_1,NetJP_WIFI_BOOT_1,Bottom Layer,31.475,37.725,31.475,37.475,0.2,,,"NetJP_WIFI_BOOT_1|Pad JP_WIFI_BOOT-1(30.594mm,39.205mm) on L4 BOTTOM GND|Pad R_WIFI_BOOT_OVR-2(31.629mm,37.205mm) on L4 BOTTOM GND"
TRACK,ROUTE_PLAN_C2TRIAL_OK.csv|R229:NetD_CC_ESD_2,NetD_CC_ESD_2,Top Layer,19.575,43.875,19.675,43.875,0.2,,,"NetD_CC_ESD_2|Pad RJ2-2(19.325mm,44.1mm) on L1 TOP|Pad D_CC_ESD-2(20.9mm,41.85mm) on L1 TOP [Unplated]"
TRACK,ROUTE_PLAN_C2TRIAL_OK.csv|R229:NetD_CC_ESD_2,NetD_CC_ESD_2,Top Layer,19.675,43.875,20.725,42.825,0.2,,,"NetD_CC_ESD_2|Pad RJ2-2(19.325mm,44.1mm) on L1 TOP|Pad D_CC_ESD-2(20.9mm,41.85mm) on L1 TOP [Unplated]"
TRACK,ROUTE_PLAN_C2TRIAL_OK.csv|R229:NetD_CC_ESD_2,NetD_CC_ESD_2,Top Layer,20.725,42.825,20.725,42.125,0.2,,,"NetD_CC_ESD_2|Pad RJ2-2(19.325mm,44.1mm) on L1 TOP|Pad D_CC_ESD-2(20.9mm,41.85mm) on L1 TOP [Unplated]"
TRACK,ROUTE_PLAN_C2TRIAL_OK.csv|R230:NetR_LIM_2,NetR_LIM_2,Bottom Layer,15.275,38.575,15.275,38.175,0.15,,,"NetR_LIM_2|Pad UP1-12(15mm,38.65mm) on L4 BOTTOM GND|Pad R_LIM-2(17.547mm,37.537mm) on L4 BOTTOM GND"
TRACK,ROUTE_PLAN_C2TRIAL_OK.csv|R230:NetR_LIM_2,NetR_LIM_2,Mid Layer 2,15.275,38.175,16.3,38.175,0.15,,,"NetR_LIM_2|Pad UP1-12(15mm,38.65mm) on L4 BOTTOM GND|Pad R_LIM-2(17.547mm,37.537mm) on L4 BOTTOM GND"
TRACK,ROUTE_PLAN_C2TRIAL_OK.csv|R230:NetR_LIM_2,NetR_LIM_2,Mid Layer 2,16.3,38.175,19.125,38.175,0.15,,,"NetR_LIM_2|Pad UP1-12(15mm,38.65mm) on L4 BOTTOM GND|Pad R_LIM-2(17.547mm,37.537mm) on L4 BOTTOM GND"
TRACK,ROUTE_PLAN_C2TRIAL_OK.csv|R230:NetR_LIM_2,NetR_LIM_2,Mid Layer 2,19.125,38.175,19.725,37.575,0.15,,,"NetR_LIM_2|Pad UP1-12(15mm,38.65mm) on L4 BOTTOM GND|Pad R_LIM-2(17.547mm,37.537mm) on L4 BOTTOM GND"
TRACK,ROUTE_PLAN_C2TRIAL_OK.csv|R230:NetR_LIM_2,NetR_LIM_2,Bottom Layer,19.725,37.575,19.675,37.575,0.15,,,"NetR_LIM_2|Pad UP1-12(15mm,38.65mm) on L4 BOTTOM GND|Pad R_LIM-2(17.547mm,37.537mm) on L4 BOTTOM GND"
TRACK,ROUTE_PLAN_C2TRIAL_OK.csv|R230:NetR_LIM_2,NetR_LIM_2,Bottom Layer,19.675,37.575,19.125,38.125,0.15,,,"NetR_LIM_2|Pad UP1-12(15mm,38.65mm) on L4 BOTTOM GND|Pad R_LIM-2(17.547mm,37.537mm) on L4 BOTTOM GND"
TRACK,ROUTE_PLAN_C2TRIAL_OK.csv|R230:NetR_LIM_2,NetR_LIM_2,Bottom Layer,19.125,38.125,18.075,38.125,0.15,,,"NetR_LIM_2|Pad UP1-12(15mm,38.65mm) on L4 BOTTOM GND|Pad R_LIM-2(17.547mm,37.537mm) on L4 BOTTOM GND"
TRACK,ROUTE_PLAN_C2TRIAL_OK.csv|R230:NetR_LIM_2,NetR_LIM_2,Bottom Layer,18.075,38.125,17.775,37.825,0.15,,,"NetR_LIM_2|Pad UP1-12(15mm,38.65mm) on L4 BOTTOM GND|Pad R_LIM-2(17.547mm,37.537mm) on L4 BOTTOM GND"
VIA,ROUTE_PLAN_C2TRIAL_OK.csv|R230:NetR_LIM_2,NetR_LIM_2,Multi Layer,15.275,38.175,,,,0.45,0.2,"NetR_LIM_2|Pad UP1-12(15mm,38.65mm) on L4 BOTTOM GND|Pad R_LIM-2(17.547mm,37.537mm) on L4 BOTTOM GND"
VIA,ROUTE_PLAN_C2TRIAL_OK.csv|R230:NetR_LIM_2,NetR_LIM_2,Multi Layer,19.725,37.575,,,,0.45,0.2,"NetR_LIM_2|Pad UP1-12(15mm,38.65mm) on L4 BOTTOM GND|Pad R_LIM-2(17.547mm,37.537mm) on L4 BOTTOM GND"
TRACK,ROUTE_PLAN_C2TRIAL_OK.csv|R231:BAT_TEMP,BAT_TEMP,Top Layer,25.025,38.325,25.725,38.325,0.2,,,"BAT_TEMP|Pad J_Li-Po-2(24.369mm,37.994mm) on Multi-Layer|Pad R_TH_BAT-2(26.939mm,39.123mm) on Multi-Layer"
TRACK,ROUTE_PLAN_C2TRIAL_OK.csv|R231:BAT_TEMP,BAT_TEMP,Top Layer,25.725,38.325,26.375,38.975,0.2,,,"BAT_TEMP|Pad J_Li-Po-2(24.369mm,37.994mm) on Multi-Layer|Pad R_TH_BAT-2(26.939mm,39.123mm) on Multi-Layer"
TRACK,ROUTE_PLAN_C2TRIAL_OK.csv|R233:DRL_SUM,DRL_SUM,Bottom Layer,12.025,17.225,12.475,17.675,0.2,,,"DRL_SUM|Pad R_DRL_FB-1(11.72mm,16.793mm) on L4 BOTTOM GND|Pad U_DRL1-4(14.75mm,16.88mm) on L4 BOTTOM GND"
TRACK,ROUTE_PLAN_C2TRIAL_OK.csv|R233:DRL_SUM,DRL_SUM,Bottom Layer,12.475,17.675,13.45,17.675,0.2,,,"DRL_SUM|Pad R_DRL_FB-1(11.72mm,16.793mm) on L4 BOTTOM GND|Pad U_DRL1-4(14.75mm,16.88mm) on L4 BOTTOM GND"
TRACK,ROUTE_PLAN_C2TRIAL_OK.csv|R233:DRL_SUM,DRL_SUM,Bottom Layer,13.45,17.675,14.225,17.675,0.2,,,"DRL_SUM|Pad R_DRL_FB-1(11.72mm,16.793mm) on L4 BOTTOM GND|Pad U_DRL1-4(14.75mm,16.88mm) on L4 BOTTOM GND"
TRACK,ROUTE_PLAN_C2TRIAL_OK.csv|R233:DRL_SUM,DRL_SUM,Bottom Layer,14.225,17.675,14.475,17.425,0.2,,,"DRL_SUM|Pad R_DRL_FB-1(11.72mm,16.793mm) on L4 BOTTOM GND|Pad U_DRL1-4(14.75mm,16.88mm) on L4 BOTTOM GND"
TRACK,ROUTE_PLAN_C2TRIAL_OK.csv|R234:KILL_CTRL,KILL_CTRL,Bottom Layer,58.125,38.225,58.275,38.375,0.2,,,"KILL_CTRL|Pad Q_SHDN-3(57.4mm,37.95mm) on L4 BOTTOM GND|Pad R_KILL_PU-1(60.066mm,39.45mm) on L4 BOTTOM GND"
TRACK,ROUTE_PLAN_C2TRIAL_OK.csv|R234:KILL_CTRL,KILL_CTRL,Bottom Layer,58.275,38.375,58.275,38.475,0.2,,,"KILL_CTRL|Pad Q_SHDN-3(57.4mm,37.95mm) on L4 BOTTOM GND|Pad R_KILL_PU-1(60.066mm,39.45mm) on L4 BOTTOM GND"
TRACK,ROUTE_PLAN_C2TRIAL_OK.csv|R234:KILL_CTRL,KILL_CTRL,Bottom Layer,58.275,38.475,58.475,38.675,0.2,,,"KILL_CTRL|Pad Q_SHDN-3(57.4mm,37.95mm) on L4 BOTTOM GND|Pad R_KILL_PU-1(60.066mm,39.45mm) on L4 BOTTOM GND"
TRACK,ROUTE_PLAN_C2TRIAL_OK.csv|R234:KILL_CTRL,KILL_CTRL,Bottom Layer,58.475,38.675,59.675,38.675,0.2,,,"KILL_CTRL|Pad Q_SHDN-3(57.4mm,37.95mm) on L4 BOTTOM GND|Pad R_KILL_PU-1(60.066mm,39.45mm) on L4 BOTTOM GND"
TRACK,ROUTE_PLAN_C2TRIAL_OK.csv|R234:KILL_CTRL,KILL_CTRL,Bottom Layer,59.675,38.675,59.925,38.925,0.2,,,"KILL_CTRL|Pad Q_SHDN-3(57.4mm,37.95mm) on L4 BOTTOM GND|Pad R_KILL_PU-1(60.066mm,39.45mm) on L4 BOTTOM GND"
TRACK,ROUTE_PLAN_C2TRIAL_OK.csv|R234:KILL_CTRL,KILL_CTRL,Bottom Layer,59.925,38.925,59.925,39.175,0.2,,,"KILL_CTRL|Pad Q_SHDN-3(57.4mm,37.95mm) on L4 BOTTOM GND|Pad R_KILL_PU-1(60.066mm,39.45mm) on L4 BOTTOM GND"
TRACK,ROUTE_PLAN_C2TRIAL_OK.csv|R238:DRL_AMP_OUT,DRL_AMP_OUT,Bottom Layer,13.425,16.375,13.45,16.35,0.15,,,"DRL_AMP_OUT|Pad R_DRL_FB-2(13.17mm,16.793mm) on L4 BOTTOM GND|Pad C_DRL_FB-2(13.942mm,13.676mm) on L4 BOTTOM GND"
TRACK,ROUTE_PLAN_C2TRIAL_OK.csv|R238:DRL_AMP_OUT,DRL_AMP_OUT,Bottom Layer,13.45,16.35,13.675,16.125,0.15,,,"DRL_AMP_OUT|Pad R_DRL_FB-2(13.17mm,16.793mm) on L4 BOTTOM GND|Pad C_DRL_FB-2(13.942mm,13.676mm) on L4 BOTTOM GND"
TRACK,ROUTE_PLAN_C2TRIAL_OK.csv|R238:DRL_AMP_OUT,DRL_AMP_OUT,Bottom Layer,13.675,16.125,14.225,16.125,0.15,,,"DRL_AMP_OUT|Pad R_DRL_FB-2(13.17mm,16.793mm) on L4 BOTTOM GND|Pad C_DRL_FB-2(13.942mm,13.676mm) on L4 BOTTOM GND"
TRACK,ROUTE_PLAN_C2TRIAL_OK.csv|R238:DRL_AMP_OUT,DRL_AMP_OUT,Bottom Layer,14.225,16.125,14.275,16.075,0.15,,,"DRL_AMP_OUT|Pad R_DRL_FB-2(13.17mm,16.793mm) on L4 BOTTOM GND|Pad C_DRL_FB-2(13.942mm,13.676mm) on L4 BOTTOM GND"
TRACK,ROUTE_PLAN_C2TRIAL_OK.csv|R238:DRL_AMP_OUT,DRL_AMP_OUT,Bottom Layer,14.275,16.075,15.475,16.075,0.15,,,"DRL_AMP_OUT|Pad R_DRL_FB-2(13.17mm,16.793mm) on L4 BOTTOM GND|Pad C_DRL_FB-2(13.942mm,13.676mm) on L4 BOTTOM GND"
TRACK,ROUTE_PLAN_C2TRIAL_OK.csv|R238:DRL_AMP_OUT,DRL_AMP_OUT,Bottom Layer,15.475,16.075,15.525,16.025,0.15,,,"DRL_AMP_OUT|Pad R_DRL_FB-2(13.17mm,16.793mm) on L4 BOTTOM GND|Pad C_DRL_FB-2(13.942mm,13.676mm) on L4 BOTTOM GND"
VIA,ROUTE_PLAN_C2TRIAL_OK.csv|R238:DRL_AMP_OUT,DRL_AMP_OUT,Multi Layer,15.525,16.025,,,,0.6,0.3,"DRL_AMP_OUT|Pad R_DRL_FB-2(13.17mm,16.793mm) on L4 BOTTOM GND|Pad C_DRL_FB-2(13.942mm,13.676mm) on L4 BOTTOM GND"
TRACK,ROUTE_PLAN_C2TRIAL_OK.csv|R240:NetD_CC_ESD_1,NetD_CC_ESD_1,Top Layer,16.575,40.675,16.375,40.675,0.15,,,"NetD_CC_ESD_1|Pad J_USB_C-A5(17.155mm,40.65mm) on L1 TOP|Pad RJ1-2(19.325mm,43.1mm) on L1 TOP"
TRACK,ROUTE_PLAN_C2TRIAL_OK.csv|R240:NetD_CC_ESD_1,NetD_CC_ESD_1,Top Layer,16.375,40.675,16.3,40.75,0.15,,,"NetD_CC_ESD_1|Pad J_USB_C-A5(17.155mm,40.65mm) on L1 TOP|Pad RJ1-2(19.325mm,43.1mm) on L1 TOP"
TRACK,ROUTE_PLAN_C2TRIAL_OK.csv|R240:NetD_CC_ESD_1,NetD_CC_ESD_1,Top Layer,16.3,40.75,15.175,41.875,0.15,,,"NetD_CC_ESD_1|Pad J_USB_C-A5(17.155mm,40.65mm) on L1 TOP|Pad RJ1-2(19.325mm,43.1mm) on L1 TOP"
TRACK,ROUTE_PLAN_C2TRIAL_OK.csv|R240:NetD_CC_ESD_1,NetD_CC_ESD_1,Top Layer,15.175,41.875,15.175,42.1,0.15,,,"NetD_CC_ESD_1|Pad J_USB_C-A5(17.155mm,40.65mm) on L1 TOP|Pad RJ1-2(19.325mm,43.1mm) on L1 TOP"
TRACK,ROUTE_PLAN_C2TRIAL_OK.csv|R240:NetD_CC_ESD_1,NetD_CC_ESD_1,Top Layer,15.175,42.1,15.175,44.175,0.15,,,"NetD_CC_ESD_1|Pad J_USB_C-A5(17.155mm,40.65mm) on L1 TOP|Pad RJ1-2(19.325mm,43.1mm) on L1 TOP"
TRACK,ROUTE_PLAN_C2TRIAL_OK.csv|R240:NetD_CC_ESD_1,NetD_CC_ESD_1,Top Layer,15.175,44.175,15.675,44.675,0.15,,,"NetD_CC_ESD_1|Pad J_USB_C-A5(17.155mm,40.65mm) on L1 TOP|Pad RJ1-2(19.325mm,43.1mm) on L1 TOP"
TRACK,ROUTE_PLAN_C2TRIAL_OK.csv|R240:NetD_CC_ESD_1,NetD_CC_ESD_1,Top Layer,15.675,44.675,17.675,44.675,0.15,,,"NetD_CC_ESD_1|Pad J_USB_C-A5(17.155mm,40.65mm) on L1 TOP|Pad RJ1-2(19.325mm,43.1mm) on L1 TOP"
TRACK,ROUTE_PLAN_C2TRIAL_OK.csv|R240:NetD_CC_ESD_1,NetD_CC_ESD_1,Mid Layer 2,17.675,44.675,19.475,42.875,0.15,,,"NetD_CC_ESD_1|Pad J_USB_C-A5(17.155mm,40.65mm) on L1 TOP|Pad RJ1-2(19.325mm,43.1mm) on L1 TOP"
TRACK,ROUTE_PLAN_C2TRIAL_OK.csv|R240:NetD_CC_ESD_1,NetD_CC_ESD_1,Mid Layer 2,19.475,42.875,19.475,42.425,0.15,,,"NetD_CC_ESD_1|Pad J_USB_C-A5(17.155mm,40.65mm) on L1 TOP|Pad RJ1-2(19.325mm,43.1mm) on L1 TOP"
TRACK,ROUTE_PLAN_C2TRIAL_OK.csv|R240:NetD_CC_ESD_1,NetD_CC_ESD_1,Top Layer,19.475,42.425,19.475,42.875,0.15,,,"NetD_CC_ESD_1|Pad J_USB_C-A5(17.155mm,40.65mm) on L1 TOP|Pad RJ1-2(19.325mm,43.1mm) on L1 TOP"
VIA,ROUTE_PLAN_C2TRIAL_OK.csv|R240:NetD_CC_ESD_1,NetD_CC_ESD_1,Multi Layer,17.675,44.675,,,,0.6,0.3,"NetD_CC_ESD_1|Pad J_USB_C-A5(17.155mm,40.65mm) on L1 TOP|Pad RJ1-2(19.325mm,43.1mm) on L1 TOP"
VIA,ROUTE_PLAN_C2TRIAL_OK.csv|R240:NetD_CC_ESD_1,NetD_CC_ESD_1,Multi Layer,19.475,42.425,,,,0.6,0.3,"NetD_CC_ESD_1|Pad J_USB_C-A5(17.155mm,40.65mm) on L1 TOP|Pad RJ1-2(19.325mm,43.1mm) on L1 TOP"
TRACK,ROUTE_PLAN_C2TRIAL_OK.csv|R253:NetD_CC_ESD_1,NetD_CC_ESD_1,Mid Layer 2,19.725,42.325,21.925,42.325,0.2,,,"NetD_CC_ESD_1|Pad J_USB_C-A5(17.155mm,40.65mm) on L1 TOP|Pad D_CC_ESD-1(20.9mm,39.95mm) on L1 TOP [Unplated]"
TRACK,ROUTE_PLAN_C2TRIAL_OK.csv|R253:NetD_CC_ESD_1,NetD_CC_ESD_1,Top Layer,21.925,42.325,21.925,41.125,0.2,,,"NetD_CC_ESD_1|Pad J_USB_C-A5(17.155mm,40.65mm) on L1 TOP|Pad D_CC_ESD-1(20.9mm,39.95mm) on L1 TOP [Unplated]"
TRACK,ROUTE_PLAN_C2TRIAL_OK.csv|R253:NetD_CC_ESD_1,NetD_CC_ESD_1,Top Layer,21.925,41.125,21.025,40.225,0.2,,,"NetD_CC_ESD_1|Pad J_USB_C-A5(17.155mm,40.65mm) on L1 TOP|Pad D_CC_ESD-1(20.9mm,39.95mm) on L1 TOP [Unplated]"
VIA,ROUTE_PLAN_C2TRIAL_OK.csv|R253:NetD_CC_ESD_1,NetD_CC_ESD_1,Multi Layer,21.925,42.325,,,,0.6,0.3,"NetD_CC_ESD_1|Pad J_USB_C-A5(17.155mm,40.65mm) on L1 TOP|Pad D_CC_ESD-1(20.9mm,39.95mm) on L1 TOP [Unplated]"
TRACK,ROUTE_PLAN_C2TRIAL_OK.csv|R257:SYS_EN,SYS_EN,Bottom Layer,41.725,41.575,41.725,39.075,0.2,,,"SYS_EN|Pad U_UV1-1(41.423mm,41.792mm) on L4 BOTTOM GND|Pad R_EN-2(44.198mm,38.442mm) on L4 BOTTOM GND"
TRACK,ROUTE_PLAN_C2TRIAL_OK.csv|R257:SYS_EN,SYS_EN,Bottom Layer,41.725,39.075,42.375,38.425,0.2,,,"SYS_EN|Pad U_UV1-1(41.423mm,41.792mm) on L4 BOTTOM GND|Pad R_EN-2(44.198mm,38.442mm) on L4 BOTTOM GND"
TRACK,ROUTE_PLAN_C2TRIAL_OK.csv|R257:SYS_EN,SYS_EN,Bottom Layer,42.375,38.425,42.375,38.075,0.2,,,"SYS_EN|Pad U_UV1-1(41.423mm,41.792mm) on L4 BOTTOM GND|Pad R_EN-2(44.198mm,38.442mm) on L4 BOTTOM GND"
TRACK,ROUTE_PLAN_C2TRIAL_OK.csv|R257:SYS_EN,SYS_EN,Bottom Layer,42.375,38.075,42.725,37.725,0.2,,,"SYS_EN|Pad U_UV1-1(41.423mm,41.792mm) on L4 BOTTOM GND|Pad R_EN-2(44.198mm,38.442mm) on L4 BOTTOM GND"
TRACK,ROUTE_PLAN_C2TRIAL_OK.csv|R257:SYS_EN,SYS_EN,Bottom Layer,42.725,37.725,43.625,37.725,0.2,,,"SYS_EN|Pad U_UV1-1(41.423mm,41.792mm) on L4 BOTTOM GND|Pad R_EN-2(44.198mm,38.442mm) on L4 BOTTOM GND"
TRACK,ROUTE_PLAN_C2TRIAL_OK.csv|R257:SYS_EN,SYS_EN,Bottom Layer,43.625,37.725,43.975,38.075,0.2,,,"SYS_EN|Pad U_UV1-1(41.423mm,41.792mm) on L4 BOTTOM GND|Pad R_EN-2(44.198mm,38.442mm) on L4 BOTTOM GND"
TRACK,ROUTE_PLAN_C2TRIAL_OK.csv|R257:SYS_EN,SYS_EN,Bottom Layer,43.975,38.075,43.975,38.175,0.2,,,"SYS_EN|Pad U_UV1-1(41.423mm,41.792mm) on L4 BOTTOM GND|Pad R_EN-2(44.198mm,38.442mm) on L4 BOTTOM GND"
TRACK,ROUTE_PLAN_C2TRIAL_OK.csv|R25:ADC_EMG1,ADC_EMG1,Top Layer,49.325,30.525,49.625,30.525,0.2,,,"ADC_EMG1|Pad R_ADC1-2(49.08mm,30.535mm) on L1 TOP|Pad U_MCU1-23(50.342mm,30.5mm) on L1 TOP [Unplated]"
TRACK,ROUTE_PLAN_C2TRIAL_OK.csv|R261:NetPWR_BTN_N_A,NetPWR_BTN_N_A,Top Layer,12.175,29.525,17.225,29.525,0.2,,,"NetPWR_BTN_N_A|Pad PWR_BTN_N-A(11.71mm,29.496mm) on L1 TOP|Pad PWR_BTN_N-B(17.71mm,29.496mm) on L1 TOP"
TRACK,ROUTE_PLAN_C2TRIAL_OK.csv|R262:MCU_PWR_INT_N,MCU_PWR_INT_N,Top Layer,60.575,43.975,60.575,44.525,0.2,,,"MCU_PWR_INT_N|Pad U_MCU1-83(60.58mm,43.238mm) on L1 TOP [Unplated]|Pad U_EN1-5(61.18mm,36.675mm) on L4 BOTTOM GND"
TRACK,ROUTE_PLAN_C2TRIAL_OK.csv|R262:MCU_PWR_INT_N,MCU_PWR_INT_N,Mid Layer 2,60.575,44.525,60.575,37.125,0.2,,,"MCU_PWR_INT_N|Pad U_MCU1-83(60.58mm,43.238mm) on L1 TOP [Unplated]|Pad U_EN1-5(61.18mm,36.675mm) on L4 BOTTOM GND"
TRACK,ROUTE_PLAN_C2TRIAL_OK.csv|R262:MCU_PWR_INT_N,MCU_PWR_INT_N,Mid Layer 2,60.575,37.125,60.075,36.625,0.2,,,"MCU_PWR_INT_N|Pad U_MCU1-83(60.58mm,43.238mm) on L1 TOP [Unplated]|Pad U_EN1-5(61.18mm,36.675mm) on L4 BOTTOM GND"
TRACK,ROUTE_PLAN_C2TRIAL_OK.csv|R262:MCU_PWR_INT_N,MCU_PWR_INT_N,Bottom Layer,60.075,36.625,60.475,36.625,0.2,,,"MCU_PWR_INT_N|Pad U_MCU1-83(60.58mm,43.238mm) on L1 TOP [Unplated]|Pad U_EN1-5(61.18mm,36.675mm) on L4 BOTTOM GND"
VIA,ROUTE_PLAN_C2TRIAL_OK.csv|R262:MCU_PWR_INT_N,MCU_PWR_INT_N,Multi Layer,60.575,44.525,,,,0.6,0.3,"MCU_PWR_INT_N|Pad U_MCU1-83(60.58mm,43.238mm) on L1 TOP [Unplated]|Pad U_EN1-5(61.18mm,36.675mm) on L4 BOTTOM GND"
VIA,ROUTE_PLAN_C2TRIAL_OK.csv|R262:MCU_PWR_INT_N,MCU_PWR_INT_N,Multi Layer,60.075,36.625,,,,0.6,0.3,"MCU_PWR_INT_N|Pad U_MCU1-83(60.58mm,43.238mm) on L1 TOP [Unplated]|Pad U_EN1-5(61.18mm,36.675mm) on L4 BOTTOM GND"
TRACK,ROUTE_PLAN_C2TRIAL_OK.csv|R267:NetLED_CHG_C,NetLED_CHG_C,Bottom Layer,15.275,40.275,15.275,40.925,0.2,,,"NetLED_CHG_C|Pad UP1-9(15mm,40.15mm) on L4 BOTTOM GND|Pad LED_CHG-C(25.428mm,42.7mm) on L1 TOP"
TRACK,ROUTE_PLAN_C2TRIAL_OK.csv|R267:NetLED_CHG_C,NetLED_CHG_C,Bottom Layer,15.275,40.925,15.925,41.575,0.2,,,"NetLED_CHG_C|Pad UP1-9(15mm,40.15mm) on L4 BOTTOM GND|Pad LED_CHG-C(25.428mm,42.7mm) on L1 TOP"
TRACK,ROUTE_PLAN_C2TRIAL_OK.csv|R267:NetLED_CHG_C,NetLED_CHG_C,Bottom Layer,15.925,41.575,16.3,41.575,0.2,,,"NetLED_CHG_C|Pad UP1-9(15mm,40.15mm) on L4 BOTTOM GND|Pad LED_CHG-C(25.428mm,42.7mm) on L1 TOP"
TRACK,ROUTE_PLAN_C2TRIAL_OK.csv|R267:NetLED_CHG_C,NetLED_CHG_C,Bottom Layer,16.3,41.575,17.425,41.575,0.2,,,"NetLED_CHG_C|Pad UP1-9(15mm,40.15mm) on L4 BOTTOM GND|Pad LED_CHG-C(25.428mm,42.7mm) on L1 TOP"
TRACK,ROUTE_PLAN_C2TRIAL_OK.csv|R267:NetLED_CHG_C,NetLED_CHG_C,Bottom Layer,17.425,41.575,20.175,44.325,0.2,,,"NetLED_CHG_C|Pad UP1-9(15mm,40.15mm) on L4 BOTTOM GND|Pad LED_CHG-C(25.428mm,42.7mm) on L1 TOP"
TRACK,ROUTE_PLAN_C2TRIAL_OK.csv|R267:NetLED_CHG_C,NetLED_CHG_C,Mid Layer 2,20.175,44.325,21.225,44.325,0.2,,,"NetLED_CHG_C|Pad UP1-9(15mm,40.15mm) on L4 BOTTOM GND|Pad LED_CHG-C(25.428mm,42.7mm) on L1 TOP"
TRACK,ROUTE_PLAN_C2TRIAL_OK.csv|R267:NetLED_CHG_C,NetLED_CHG_C,Mid Layer 2,21.225,44.325,23.025,42.525,0.2,,,"NetLED_CHG_C|Pad UP1-9(15mm,40.15mm) on L4 BOTTOM GND|Pad LED_CHG-C(25.428mm,42.7mm) on L1 TOP"
TRACK,ROUTE_PLAN_C2TRIAL_OK.csv|R267:NetLED_CHG_C,NetLED_CHG_C,Top Layer,23.025,42.525,24.725,42.525,0.2,,,"NetLED_CHG_C|Pad UP1-9(15mm,40.15mm) on L4 BOTTOM GND|Pad LED_CHG-C(25.428mm,42.7mm) on L1 TOP"
VIA,ROUTE_PLAN_C2TRIAL_OK.csv|R267:NetLED_CHG_C,NetLED_CHG_C,Multi Layer,20.175,44.325,,,,0.6,0.3,"NetLED_CHG_C|Pad UP1-9(15mm,40.15mm) on L4 BOTTOM GND|Pad LED_CHG-C(25.428mm,42.7mm) on L1 TOP"
VIA,ROUTE_PLAN_C2TRIAL_OK.csv|R267:NetLED_CHG_C,NetLED_CHG_C,Multi Layer,23.025,42.525,,,,0.6,0.3,"NetLED_CHG_C|Pad UP1-9(15mm,40.15mm) on L4 BOTTOM GND|Pad LED_CHG-C(25.428mm,42.7mm) on L1 TOP"
TRACK,ROUTE_PLAN_C2TRIAL_OK.csv|R26:ADC_EMG1,ADC_EMG1,Top Layer,48.225,30.475,48.6045,30.475,0.2,,,"ADC_EMG1|Pad C_ADC1-1(47.857mm,30.1mm) on L1 TOP|Pad R_ADC1-2(49.08mm,30.535mm) on L1 TOP"
TRACK,ROUTE_PLAN_C2TRIAL_OK.csv|R26:ADC_EMG1,ADC_EMG1,Top Layer,48.6045,30.475,48.775,30.475,0.2,,,"ADC_EMG1|Pad C_ADC1-1(47.857mm,30.1mm) on L1 TOP|Pad R_ADC1-2(49.08mm,30.535mm) on L1 TOP"
TRACK,ROUTE_PLAN_C2TRIAL_OK.csv|R272:MCU_NRST,MCU_NRST,Top Layer,26.375,29.125,32.625,29.125,0.2,,,"MCU_NRST|Pad J_SWD-5(26.063mm,28.9mm) on L1 TOP|Pad C_NRST-1(46.559mm,35mm) on L1 TOP"
TRACK,ROUTE_PLAN_C2TRIAL_OK.csv|R272:MCU_NRST,MCU_NRST,Top Layer,32.625,29.125,34.375,30.875,0.2,,,"MCU_NRST|Pad J_SWD-5(26.063mm,28.9mm) on L1 TOP|Pad C_NRST-1(46.559mm,35mm) on L1 TOP"
TRACK,ROUTE_PLAN_C2TRIAL_OK.csv|R272:MCU_NRST,MCU_NRST,Top Layer,34.375,30.875,35.325,30.875,0.2,,,"MCU_NRST|Pad J_SWD-5(26.063mm,28.9mm) on L1 TOP|Pad C_NRST-1(46.559mm,35mm) on L1 TOP"
TRACK,ROUTE_PLAN_C2TRIAL_OK.csv|R272:MCU_NRST,MCU_NRST,Mid Layer 2,35.325,30.875,40.125,30.875,0.2,,,"MCU_NRST|Pad J_SWD-5(26.063mm,28.9mm) on L1 TOP|Pad C_NRST-1(46.559mm,35mm) on L1 TOP"
TRACK,ROUTE_PLAN_C2TRIAL_OK.csv|R272:MCU_NRST,MCU_NRST,Top Layer,40.125,30.875,41.575,30.875,0.2,,,"MCU_NRST|Pad J_SWD-5(26.063mm,28.9mm) on L1 TOP|Pad C_NRST-1(46.559mm,35mm) on L1 TOP"
TRACK,ROUTE_PLAN_C2TRIAL_OK.csv|R272:MCU_NRST,MCU_NRST,Top Layer,41.575,30.875,42.375,31.675,0.2,,,"MCU_NRST|Pad J_SWD-5(26.063mm,28.9mm) on L1 TOP|Pad C_NRST-1(46.559mm,35mm) on L1 TOP"
TRACK,ROUTE_PLAN_C2TRIAL_OK.csv|R272:MCU_NRST,MCU_NRST,Top Layer,42.375,31.675,43.725,31.675,0.2,,,"MCU_NRST|Pad J_SWD-5(26.063mm,28.9mm) on L1 TOP|Pad C_NRST-1(46.559mm,35mm) on L1 TOP"
TRACK,ROUTE_PLAN_C2TRIAL_OK.csv|R272:MCU_NRST,MCU_NRST,Top Layer,43.725,31.675,45.675,33.625,0.2,,,"MCU_NRST|Pad J_SWD-5(26.063mm,28.9mm) on L1 TOP|Pad C_NRST-1(46.559mm,35mm) on L1 TOP"
TRACK,ROUTE_PLAN_C2TRIAL_OK.csv|R272:MCU_NRST,MCU_NRST,Top Layer,45.675,33.625,45.675,33.675,0.2,,,"MCU_NRST|Pad J_SWD-5(26.063mm,28.9mm) on L1 TOP|Pad C_NRST-1(46.559mm,35mm) on L1 TOP"
TRACK,ROUTE_PLAN_C2TRIAL_OK.csv|R272:MCU_NRST,MCU_NRST,Top Layer,45.675,33.675,46.675,34.675,0.2,,,"MCU_NRST|Pad J_SWD-5(26.063mm,28.9mm) on L1 TOP|Pad C_NRST-1(46.559mm,35mm) on L1 TOP"
VIA,ROUTE_PLAN_C2TRIAL_OK.csv|R272:MCU_NRST,MCU_NRST,Multi Layer,35.325,30.875,,,,0.6,0.3,"MCU_NRST|Pad J_SWD-5(26.063mm,28.9mm) on L1 TOP|Pad C_NRST-1(46.559mm,35mm) on L1 TOP"
VIA,ROUTE_PLAN_C2TRIAL_OK.csv|R272:MCU_NRST,MCU_NRST,Multi Layer,40.125,30.875,,,,0.6,0.3,"MCU_NRST|Pad J_SWD-5(26.063mm,28.9mm) on L1 TOP|Pad C_NRST-1(46.559mm,35mm) on L1 TOP"
TRACK,ROUTE_PLAN_C2TRIAL_OK.csv|R27:ADC_EMG3,ADC_EMG3,Top Layer,48.225,27.175,48.6045,27.175,0.2,,,"ADC_EMG3|Pad C_ADC3-1(47.857mm,26.8mm) on L1 TOP|Pad R_ADC3-2(49.08mm,27.235mm) on L1 TOP"
TRACK,ROUTE_PLAN_C2TRIAL_OK.csv|R27:ADC_EMG3,ADC_EMG3,Top Layer,48.6045,27.175,48.825,27.175,0.2,,,"ADC_EMG3|Pad C_ADC3-1(47.857mm,26.8mm) on L1 TOP|Pad R_ADC3-2(49.08mm,27.235mm) on L1 TOP"
TRACK,ROUTE_PLAN_C2TRIAL_OK.csv|R28:ADC_EMG2,ADC_EMG2,Top Layer,48.225,28.825,48.6045,28.825,0.2,,,"ADC_EMG2|Pad C_ADC2-1(47.857mm,28.45mm) on L1 TOP|Pad R_ADC2-2(49.08mm,28.885mm) on L1 TOP"
TRACK,ROUTE_PLAN_C2TRIAL_OK.csv|R28:ADC_EMG2,ADC_EMG2,Top Layer,48.6045,28.825,48.825,28.825,0.2,,,"ADC_EMG2|Pad C_ADC2-1(47.857mm,28.45mm) on L1 TOP|Pad R_ADC2-2(49.08mm,28.885mm) on L1 TOP"
TRACK,ROUTE_PLAN_C2TRIAL_OK.csv|R29:VDiv,VDiv,Bottom Layer,12.575,19.825,12.725,19.825,0.2,,,"VDiv|Pad U1-10(11.75mm,19.75mm) on L4 BOTTOM GND|Pad U1-12(11.75mm,21.05mm) on L4 BOTTOM GND"
TRACK,ROUTE_PLAN_C2TRIAL_OK.csv|R29:VDiv,VDiv,Bottom Layer,12.725,19.825,13.025,20.125,0.2,,,"VDiv|Pad U1-10(11.75mm,19.75mm) on L4 BOTTOM GND|Pad U1-12(11.75mm,21.05mm) on L4 BOTTOM GND"
TRACK,ROUTE_PLAN_C2TRIAL_OK.csv|R29:VDiv,VDiv,Bottom Layer,13.025,20.125,13.025,20.725,0.2,,,"VDiv|Pad U1-10(11.75mm,19.75mm) on L4 BOTTOM GND|Pad U1-12(11.75mm,21.05mm) on L4 BOTTOM GND"
TRACK,ROUTE_PLAN_C2TRIAL_OK.csv|R29:VDiv,VDiv,Bottom Layer,13.025,20.725,12.725,21.025,0.2,,,"VDiv|Pad U1-10(11.75mm,19.75mm) on L4 BOTTOM GND|Pad U1-12(11.75mm,21.05mm) on L4 BOTTOM GND"
TRACK,ROUTE_PLAN_C2TRIAL_OK.csv|R29:VDiv,VDiv,Bottom Layer,12.725,21.025,12.575,21.025,0.2,,,"VDiv|Pad U1-10(11.75mm,19.75mm) on L4 BOTTOM GND|Pad U1-12(11.75mm,21.05mm) on L4 BOTTOM GND"
TRACK,ROUTE_PLAN_C2TRIAL_OK.csv|R2:NetC_WIFI_X32_IN_2,NetC_WIFI_X32_IN_2,Top Layer,38.925,29.025,38.925,29.425,0.2,,,"NetC_WIFI_X32_IN_2|Pad C_WIFI_X32_IN-2(38.93mm,28.779mm) on L1 TOP|Pad X_WIFI_32K-1(38.93mm,30.3mm) on L1 TOP [Unplated]"
TRACK,ROUTE_PLAN_C2TRIAL_OK.csv|R30:VREF_A,VREF_A,Bottom Layer,16.625,19.825,16.425,19.825,0.2,,,"VREF_A|Pad U1-5(17.45mm,19.75mm) on L4 BOTTOM GND|Pad U1-3(17.45mm,21.05mm) on L4 BOTTOM GND"
TRACK,ROUTE_PLAN_C2TRIAL_OK.csv|R30:VREF_A,VREF_A,Bottom Layer,16.425,19.825,16.125,20.125,0.2,,,"VREF_A|Pad U1-5(17.45mm,19.75mm) on L4 BOTTOM GND|Pad U1-3(17.45mm,21.05mm) on L4 BOTTOM GND"
TRACK,ROUTE_PLAN_C2TRIAL_OK.csv|R30:VREF_A,VREF_A,Bottom Layer,16.125,20.125,16.125,20.725,0.2,,,"VREF_A|Pad U1-5(17.45mm,19.75mm) on L4 BOTTOM GND|Pad U1-3(17.45mm,21.05mm) on L4 BOTTOM GND"
TRACK,ROUTE_PLAN_C2TRIAL_OK.csv|R30:VREF_A,VREF_A,Bottom Layer,16.125,20.725,16.425,21.025,0.2,,,"VREF_A|Pad U1-5(17.45mm,19.75mm) on L4 BOTTOM GND|Pad U1-3(17.45mm,21.05mm) on L4 BOTTOM GND"
TRACK,ROUTE_PLAN_C2TRIAL_OK.csv|R30:VREF_A,VREF_A,Bottom Layer,16.425,21.025,16.625,21.025,0.2,,,"VREF_A|Pad U1-5(17.45mm,19.75mm) on L4 BOTTOM GND|Pad U1-3(17.45mm,21.05mm) on L4 BOTTOM GND"
TRACK,ROUTE_PLAN_C2TRIAL_OK.csv|R31:VREF_A,VREF_A,Bottom Layer,38.125,19.825,37.925,19.825,0.2,,,"VREF_A|Pad U2-12(38.95mm,19.75mm) on L4 BOTTOM GND|Pad U2-10(38.95mm,21.05mm) on L4 BOTTOM GND"
TRACK,ROUTE_PLAN_C2TRIAL_OK.csv|R31:VREF_A,VREF_A,Bottom Layer,37.925,19.825,37.625,20.125,0.2,,,"VREF_A|Pad U2-12(38.95mm,19.75mm) on L4 BOTTOM GND|Pad U2-10(38.95mm,21.05mm) on L4 BOTTOM GND"
TRACK,ROUTE_PLAN_C2TRIAL_OK.csv|R31:VREF_A,VREF_A,Bottom Layer,37.625,20.125,37.625,20.725,0.2,,,"VREF_A|Pad U2-12(38.95mm,19.75mm) on L4 BOTTOM GND|Pad U2-10(38.95mm,21.05mm) on L4 BOTTOM GND"
TRACK,ROUTE_PLAN_C2TRIAL_OK.csv|R31:VREF_A,VREF_A,Bottom Layer,37.625,20.725,37.925,21.025,0.2,,,"VREF_A|Pad U2-12(38.95mm,19.75mm) on L4 BOTTOM GND|Pad U2-10(38.95mm,21.05mm) on L4 BOTTOM GND"
TRACK,ROUTE_PLAN_C2TRIAL_OK.csv|R31:VREF_A,VREF_A,Bottom Layer,37.925,21.025,38.125,21.025,0.2,,,"VREF_A|Pad U2-12(38.95mm,19.75mm) on L4 BOTTOM GND|Pad U2-10(38.95mm,21.05mm) on L4 BOTTOM GND"
TRACK,ROUTE_PLAN_C2TRIAL_OK.csv|R32:VREF_A,VREF_A,Bottom Layer,34.075,19.825,34.225,19.825,0.2,,,"VREF_A|Pad U2-3(33.25mm,19.75mm) on L4 BOTTOM GND|Pad U2-5(33.25mm,21.05mm) on L4 BOTTOM GND"
TRACK,ROUTE_PLAN_C2TRIAL_OK.csv|R32:VREF_A,VREF_A,Bottom Layer,34.225,19.825,34.525,20.125,0.2,,,"VREF_A|Pad U2-3(33.25mm,19.75mm) on L4 BOTTOM GND|Pad U2-5(33.25mm,21.05mm) on L4 BOTTOM GND"
TRACK,ROUTE_PLAN_C2TRIAL_OK.csv|R32:VREF_A,VREF_A,Bottom Layer,34.525,20.125,34.525,20.725,0.2,,,"VREF_A|Pad U2-3(33.25mm,19.75mm) on L4 BOTTOM GND|Pad U2-5(33.25mm,21.05mm) on L4 BOTTOM GND"
TRACK,ROUTE_PLAN_C2TRIAL_OK.csv|R32:VREF_A,VREF_A,Bottom Layer,34.525,20.725,34.225,21.025,0.2,,,"VREF_A|Pad U2-3(33.25mm,19.75mm) on L4 BOTTOM GND|Pad U2-5(33.25mm,21.05mm) on L4 BOTTOM GND"
TRACK,ROUTE_PLAN_C2TRIAL_OK.csv|R32:VREF_A,VREF_A,Bottom Layer,34.225,21.025,34.075,21.025,0.2,,,"VREF_A|Pad U2-3(33.25mm,19.75mm) on L4 BOTTOM GND|Pad U2-5(33.25mm,21.05mm) on L4 BOTTOM GND"
TRACK,ROUTE_PLAN_C2TRIAL_OK.csv|R33:VREF_A,VREF_A,Bottom Layer,59.725,19.825,59.525,19.825,0.2,,,"VREF_A|Pad U3-12(60.55mm,19.75mm) on L4 BOTTOM GND|Pad U3-10(60.55mm,21.05mm) on L4 BOTTOM GND"
TRACK,ROUTE_PLAN_C2TRIAL_OK.csv|R33:VREF_A,VREF_A,Bottom Layer,59.525,19.825,59.225,20.125,0.2,,,"VREF_A|Pad U3-12(60.55mm,19.75mm) on L4 BOTTOM GND|Pad U3-10(60.55mm,21.05mm) on L4 BOTTOM GND"
TRACK,ROUTE_PLAN_C2TRIAL_OK.csv|R33:VREF_A,VREF_A,Bottom Layer,59.225,20.125,59.225,20.725,0.2,,,"VREF_A|Pad U3-12(60.55mm,19.75mm) on L4 BOTTOM GND|Pad U3-10(60.55mm,21.05mm) on L4 BOTTOM GND"
TRACK,ROUTE_PLAN_C2TRIAL_OK.csv|R33:VREF_A,VREF_A,Bottom Layer,59.225,20.725,59.525,21.025,0.2,,,"VREF_A|Pad U3-12(60.55mm,19.75mm) on L4 BOTTOM GND|Pad U3-10(60.55mm,21.05mm) on L4 BOTTOM GND"
TRACK,ROUTE_PLAN_C2TRIAL_OK.csv|R33:VREF_A,VREF_A,Bottom Layer,59.525,21.025,59.725,21.025,0.2,,,"VREF_A|Pad U3-12(60.55mm,19.75mm) on L4 BOTTOM GND|Pad U3-10(60.55mm,21.05mm) on L4 BOTTOM GND"
TRACK,ROUTE_PLAN_C2TRIAL_OK.csv|R34:VREF_A,VREF_A,Bottom Layer,55.675,19.825,55.825,19.825,0.2,,,"VREF_A|Pad U3-3(54.85mm,19.75mm) on L4 BOTTOM GND|Pad U3-5(54.85mm,21.05mm) on L4 BOTTOM GND"
TRACK,ROUTE_PLAN_C2TRIAL_OK.csv|R34:VREF_A,VREF_A,Bottom Layer,55.825,19.825,56.125,20.125,0.2,,,"VREF_A|Pad U3-3(54.85mm,19.75mm) on L4 BOTTOM GND|Pad U3-5(54.85mm,21.05mm) on L4 BOTTOM GND"
TRACK,ROUTE_PLAN_C2TRIAL_OK.csv|R34:VREF_A,VREF_A,Bottom Layer,56.125,20.125,56.125,20.725,0.2,,,"VREF_A|Pad U3-3(54.85mm,19.75mm) on L4 BOTTOM GND|Pad U3-5(54.85mm,21.05mm) on L4 BOTTOM GND"
TRACK,ROUTE_PLAN_C2TRIAL_OK.csv|R34:VREF_A,VREF_A,Bottom Layer,56.125,20.725,55.825,21.025,0.2,,,"VREF_A|Pad U3-3(54.85mm,19.75mm) on L4 BOTTOM GND|Pad U3-5(54.85mm,21.05mm) on L4 BOTTOM GND"
TRACK,ROUTE_PLAN_C2TRIAL_OK.csv|R34:VREF_A,VREF_A,Bottom Layer,55.825,21.025,55.675,21.025,0.2,,,"VREF_A|Pad U3-3(54.85mm,19.75mm) on L4 BOTTOM GND|Pad U3-5(54.85mm,21.05mm) on L4 BOTTOM GND"
TRACK,ROUTE_PLAN_C2TRIAL_OK.csv|R35:ADC_EMG4,ADC_EMG4,Top Layer,50.525,25.675,50.925,25.675,0.2,,,"ADC_EMG4|Pad R_ADC4-2(50.315mm,25.4mm) on L1 TOP|Pad C_ADC4-1(51.68mm,25.877mm) on L1 TOP"
TRACK,ROUTE_PLAN_C2TRIAL_OK.csv|R35:ADC_EMG4,ADC_EMG4,Top Layer,50.925,25.675,51.2745,26.0245,0.2,,,"ADC_EMG4|Pad R_ADC4-2(50.315mm,25.4mm) on L1 TOP|Pad C_ADC4-1(51.68mm,25.877mm) on L1 TOP"
TRACK,ROUTE_PLAN_C2TRIAL_OK.csv|R35:ADC_EMG4,ADC_EMG4,Top Layer,51.2745,26.0245,51.325,26.075,0.2,,,"ADC_EMG4|Pad R_ADC4-2(50.315mm,25.4mm) on L1 TOP|Pad C_ADC4-1(51.68mm,25.877mm) on L1 TOP"
TRACK,ROUTE_PLAN_C2TRIAL_OK.csv|R36:VOUT_2,VOUT_2,Bottom Layer,32.075,18.425,32.425,18.425,0.2,,,"VOUT_2|Pad RG_2-2(31.8mm,18.35mm) on L4 BOTTOM GND|Pad U2-1(33.25mm,18.45mm) on L4 BOTTOM GND"
TRACK,ROUTE_PLAN_C2TRIAL_OK.csv|R37:VOUT_4,VOUT_4,Bottom Layer,53.675,18.425,54.025,18.425,0.2,,,"VOUT_4|Pad RG_4-2(53.4mm,18.35mm) on L4 BOTTOM GND|Pad U3-1(54.85mm,18.45mm) on L4 BOTTOM GND"
TRACK,ROUTE_PLAN_C2TRIAL_OK.csv|R38:NetCH_2_2,NetCH_2_2,Bottom Layer,32.075,19.125,32.425,19.125,0.2,,,"NetCH_2_2|Pad RG_2-1(31.8mm,19.35mm) on L4 BOTTOM GND|Pad U2-2(33.25mm,19.1mm) on L4 BOTTOM GND"
TRACK,ROUTE_PLAN_C2TRIAL_OK.csv|R39:NetCH_4_2,NetCH_4_2,Bottom Layer,53.675,19.125,54.025,19.125,0.2,,,"NetCH_4_2|Pad RG_4-1(53.4mm,19.35mm) on L4 BOTTOM GND|Pad U3-2(54.85mm,19.1mm) on L4 BOTTOM GND"
TRACK,ROUTE_PLAN_C2TRIAL_OK.csv|R3:NetC_WIFI_X32_OUT_2,NetC_WIFI_X32_OUT_2,Top Layer,36.425,29.025,36.425,29.425,0.2,,,"NetC_WIFI_X32_OUT_2|Pad C_WIFI_X32_OUT-2(36.43mm,28.779mm) on L1 TOP|Pad X_WIFI_32K-2(36.43mm,30.3mm) on L1 TOP [Unplated]"
TRACK,ROUTE_PLAN_C2TRIAL_OK.csv|R44:NetCH_1_2,NetCH_1_2,Bottom Layer,19.025,22.675,19.025,23.175,0.2,,,"NetCH_1_2|Pad RG_1-1(18.9mm,22.45mm) on L4 BOTTOM GND|Pad CH_1-2(20.1mm,21.518mm) on L4 BOTTOM GND"
TRACK,ROUTE_PLAN_C2TRIAL_OK.csv|R44:NetCH_1_2,NetCH_1_2,Top Layer,19.025,23.175,20.925,23.175,0.2,,,"NetCH_1_2|Pad RG_1-1(18.9mm,22.45mm) on L4 BOTTOM GND|Pad CH_1-2(20.1mm,21.518mm) on L4 BOTTOM GND"
TRACK,ROUTE_PLAN_C2TRIAL_OK.csv|R44:NetCH_1_2,NetCH_1_2,Top Layer,20.925,23.175,21.275,22.825,0.2,,,"NetCH_1_2|Pad RG_1-1(18.9mm,22.45mm) on L4 BOTTOM GND|Pad CH_1-2(20.1mm,21.518mm) on L4 BOTTOM GND"
TRACK,ROUTE_PLAN_C2TRIAL_OK.csv|R44:NetCH_1_2,NetCH_1_2,Top Layer,21.275,22.825,21.275,21.625,0.2,,,"NetCH_1_2|Pad RG_1-1(18.9mm,22.45mm) on L4 BOTTOM GND|Pad CH_1-2(20.1mm,21.518mm) on L4 BOTTOM GND"
TRACK,ROUTE_PLAN_C2TRIAL_OK.csv|R44:NetCH_1_2,NetCH_1_2,Top Layer,21.275,21.625,21.125,21.475,0.2,,,"NetCH_1_2|Pad RG_1-1(18.9mm,22.45mm) on L4 BOTTOM GND|Pad CH_1-2(20.1mm,21.518mm) on L4 BOTTOM GND"
TRACK,ROUTE_PLAN_C2TRIAL_OK.csv|R44:NetCH_1_2,NetCH_1_2,Bottom Layer,21.125,21.475,20.375,21.475,0.2,,,"NetCH_1_2|Pad RG_1-1(18.9mm,22.45mm) on L4 BOTTOM GND|Pad CH_1-2(20.1mm,21.518mm) on L4 BOTTOM GND"
VIA,ROUTE_PLAN_C2TRIAL_OK.csv|R44:NetCH_1_2,NetCH_1_2,Multi Layer,19.025,23.175,,,,0.6,0.3,"NetCH_1_2|Pad RG_1-1(18.9mm,22.45mm) on L4 BOTTOM GND|Pad CH_1-2(20.1mm,21.518mm) on L4 BOTTOM GND"
VIA,ROUTE_PLAN_C2TRIAL_OK.csv|R44:NetCH_1_2,NetCH_1_2,Multi Layer,21.125,21.475,,,,0.6,0.3,"NetCH_1_2|Pad RG_1-1(18.9mm,22.45mm) on L4 BOTTOM GND|Pad CH_1-2(20.1mm,21.518mm) on L4 BOTTOM GND"
TRACK,ROUTE_PLAN_C2TRIAL_OK.csv|R47:VOUT_1,VOUT_1,Bottom Layer,19.175,21.225,19.875,20.525,0.15,,,"VOUT_1|Pad RG_1-2(18.9mm,21.45mm) on L4 BOTTOM GND|Pad CH_1-1(20.1mm,22.382mm) on L4 BOTTOM GND"
TRACK,ROUTE_PLAN_C2TRIAL_OK.csv|R47:VOUT_1,VOUT_1,Bottom Layer,19.875,20.525,21.975,20.525,0.15,,,"VOUT_1|Pad RG_1-2(18.9mm,21.45mm) on L4 BOTTOM GND|Pad CH_1-1(20.1mm,22.382mm) on L4 BOTTOM GND"
TRACK,ROUTE_PLAN_C2TRIAL_OK.csv|R47:VOUT_1,VOUT_1,Bottom Layer,21.975,20.525,22.375,20.125,0.15,,,"VOUT_1|Pad RG_1-2(18.9mm,21.45mm) on L4 BOTTOM GND|Pad CH_1-1(20.1mm,22.382mm) on L4 BOTTOM GND"
TRACK,ROUTE_PLAN_C2TRIAL_OK.csv|R47:VOUT_1,VOUT_1,Top Layer,22.375,20.125,22.275,20.225,0.15,,,"VOUT_1|Pad RG_1-2(18.9mm,21.45mm) on L4 BOTTOM GND|Pad CH_1-1(20.1mm,22.382mm) on L4 BOTTOM GND"
TRACK,ROUTE_PLAN_C2TRIAL_OK.csv|R47:VOUT_1,VOUT_1,Top Layer,22.275,20.225,22.275,22.775,0.15,,,"VOUT_1|Pad RG_1-2(18.9mm,21.45mm) on L4 BOTTOM GND|Pad CH_1-1(20.1mm,22.382mm) on L4 BOTTOM GND"
TRACK,ROUTE_PLAN_C2TRIAL_OK.csv|R47:VOUT_1,VOUT_1,Top Layer,22.275,22.775,21.575,23.475,0.15,,,"VOUT_1|Pad RG_1-2(18.9mm,21.45mm) on L4 BOTTOM GND|Pad CH_1-1(20.1mm,22.382mm) on L4 BOTTOM GND"
TRACK,ROUTE_PLAN_C2TRIAL_OK.csv|R47:VOUT_1,VOUT_1,Bottom Layer,21.575,23.475,21.225,23.475,0.15,,,"VOUT_1|Pad RG_1-2(18.9mm,21.45mm) on L4 BOTTOM GND|Pad CH_1-1(20.1mm,22.382mm) on L4 BOTTOM GND"
TRACK,ROUTE_PLAN_C2TRIAL_OK.csv|R47:VOUT_1,VOUT_1,Bottom Layer,21.225,23.475,20.375,22.625,0.15,,,"VOUT_1|Pad RG_1-2(18.9mm,21.45mm) on L4 BOTTOM GND|Pad CH_1-1(20.1mm,22.382mm) on L4 BOTTOM GND"
VIA,ROUTE_PLAN_C2TRIAL_OK.csv|R47:VOUT_1,VOUT_1,Multi Layer,22.375,20.125,,,,0.45,0.2,"VOUT_1|Pad RG_1-2(18.9mm,21.45mm) on L4 BOTTOM GND|Pad CH_1-1(20.1mm,22.382mm) on L4 BOTTOM GND"
VIA,ROUTE_PLAN_C2TRIAL_OK.csv|R47:VOUT_1,VOUT_1,Multi Layer,21.575,23.475,,,,0.45,0.2,"VOUT_1|Pad RG_1-2(18.9mm,21.45mm) on L4 BOTTOM GND|Pad CH_1-1(20.1mm,22.382mm) on L4 BOTTOM GND"
TRACK,ROUTE_PLAN_C2TRIAL_OK.csv|R51:NetCH_3_2,NetCH_3_2,Bottom Layer,38.125,21.775,37.625,21.775,0.2,,,"NetCH_3_2|Pad U2-9(38.95mm,21.7mm) on L4 BOTTOM GND|Pad RG_3-1(40.4mm,22.45mm) on L4 BOTTOM GND"
TRACK,ROUTE_PLAN_C2TRIAL_OK.csv|R51:NetCH_3_2,NetCH_3_2,Top Layer,37.625,21.775,37.825,21.775,0.2,,,"NetCH_3_2|Pad U2-9(38.95mm,21.7mm) on L4 BOTTOM GND|Pad RG_3-1(40.4mm,22.45mm) on L4 BOTTOM GND"
TRACK,ROUTE_PLAN_C2TRIAL_OK.csv|R51:NetCH_3_2,NetCH_3_2,Top Layer,37.825,21.775,39.325,23.275,0.2,,,"NetCH_3_2|Pad U2-9(38.95mm,21.7mm) on L4 BOTTOM GND|Pad RG_3-1(40.4mm,22.45mm) on L4 BOTTOM GND"
TRACK,ROUTE_PLAN_C2TRIAL_OK.csv|R51:NetCH_3_2,NetCH_3_2,Top Layer,39.325,23.275,40.975,23.275,0.2,,,"NetCH_3_2|Pad U2-9(38.95mm,21.7mm) on L4 BOTTOM GND|Pad RG_3-1(40.4mm,22.45mm) on L4 BOTTOM GND"
TRACK,ROUTE_PLAN_C2TRIAL_OK.csv|R51:NetCH_3_2,NetCH_3_2,Bottom Layer,40.975,23.275,40.975,23.225,0.2,,,"NetCH_3_2|Pad U2-9(38.95mm,21.7mm) on L4 BOTTOM GND|Pad RG_3-1(40.4mm,22.45mm) on L4 BOTTOM GND"
VIA,ROUTE_PLAN_C2TRIAL_OK.csv|R51:NetCH_3_2,NetCH_3_2,Multi Layer,37.625,21.775,,,,0.6,0.3,"NetCH_3_2|Pad U2-9(38.95mm,21.7mm) on L4 BOTTOM GND|Pad RG_3-1(40.4mm,22.45mm) on L4 BOTTOM GND"
VIA,ROUTE_PLAN_C2TRIAL_OK.csv|R51:NetCH_3_2,NetCH_3_2,Multi Layer,40.975,23.275,,,,0.6,0.3,"NetCH_3_2|Pad U2-9(38.95mm,21.7mm) on L4 BOTTOM GND|Pad RG_3-1(40.4mm,22.45mm) on L4 BOTTOM GND"
TRACK,ROUTE_PLAN_C2TRIAL_OK.csv|R52:NetCH_1_2,NetCH_1_2,Bottom Layer,16.625,21.775,16.125,21.775,0.2,,,"NetCH_1_2|Pad U1-2(17.45mm,21.7mm) on L4 BOTTOM GND|Pad RG_1-1(18.9mm,22.45mm) on L4 BOTTOM GND"
TRACK,ROUTE_PLAN_C2TRIAL_OK.csv|R52:NetCH_1_2,NetCH_1_2,Top Layer,16.125,21.775,16.225,21.775,0.2,,,"NetCH_1_2|Pad U1-2(17.45mm,21.7mm) on L4 BOTTOM GND|Pad RG_1-1(18.9mm,22.45mm) on L4 BOTTOM GND"
TRACK,ROUTE_PLAN_C2TRIAL_OK.csv|R52:NetCH_1_2,NetCH_1_2,Top Layer,16.225,21.775,17.375,22.925,0.2,,,"NetCH_1_2|Pad U1-2(17.45mm,21.7mm) on L4 BOTTOM GND|Pad RG_1-1(18.9mm,22.45mm) on L4 BOTTOM GND"
TRACK,ROUTE_PLAN_C2TRIAL_OK.csv|R52:NetCH_1_2,NetCH_1_2,Top Layer,17.375,22.925,18.875,22.925,0.2,,,"NetCH_1_2|Pad U1-2(17.45mm,21.7mm) on L4 BOTTOM GND|Pad RG_1-1(18.9mm,22.45mm) on L4 BOTTOM GND"
VIA,ROUTE_PLAN_C2TRIAL_OK.csv|R52:NetCH_1_2,NetCH_1_2,Multi Layer,16.125,21.775,,,,0.6,0.3,"NetCH_1_2|Pad U1-2(17.45mm,21.7mm) on L4 BOTTOM GND|Pad RG_1-1(18.9mm,22.45mm) on L4 BOTTOM GND"
TRACK,ROUTE_PLAN_C2TRIAL_OK.csv|R53:NetCH_5_2,NetCH_5_2,Bottom Layer,59.725,21.775,59.225,21.775,0.2,,,"NetCH_5_2|Pad U3-9(60.55mm,21.7mm) on L4 BOTTOM GND|Pad RG_5-1(62mm,22.45mm) on L4 BOTTOM GND"
TRACK,ROUTE_PLAN_C2TRIAL_OK.csv|R53:NetCH_5_2,NetCH_5_2,Top Layer,59.225,21.775,59.425,21.775,0.2,,,"NetCH_5_2|Pad U3-9(60.55mm,21.7mm) on L4 BOTTOM GND|Pad RG_5-1(62mm,22.45mm) on L4 BOTTOM GND"
VIA,ROUTE_PLAN_C2TRIAL_OK.csv|R53:NetCH_5_2,NetCH_5_2,Multi Layer,59.225,21.775,,,,0.6,0.3,"NetCH_5_2|Pad U3-9(60.55mm,21.7mm) on L4 BOTTOM GND|Pad RG_5-1(62mm,22.45mm) on L4 BOTTOM GND"
TRACK,ROUTE_PLAN_C2TRIAL_OK.csv|R54:VREF_B_SRC,VREF_B_SRC,Bottom Layer,12.575,21.725,13.025,21.725,0.2,,,"VREF_B_SRC|Pad U1-13(11.75mm,21.7mm) on L4 BOTTOM GND|Pad Free-TP_VREF_B_SRC(12.5mm,20.2mm) on L1 TOP"
TRACK,ROUTE_PLAN_C2TRIAL_OK.csv|R54:VREF_B_SRC,VREF_B_SRC,Top Layer,13.025,21.725,13.025,21.025,0.2,,,"VREF_B_SRC|Pad U1-13(11.75mm,21.7mm) on L4 BOTTOM GND|Pad Free-TP_VREF_B_SRC(12.5mm,20.2mm) on L1 TOP"
TRACK,ROUTE_PLAN_C2TRIAL_OK.csv|R54:VREF_B_SRC,VREF_B_SRC,Top Layer,13.025,21.025,12.675,20.675,0.2,,,"VREF_B_SRC|Pad U1-13(11.75mm,21.7mm) on L4 BOTTOM GND|Pad Free-TP_VREF_B_SRC(12.5mm,20.2mm) on L1 TOP"
VIA,ROUTE_PLAN_C2TRIAL_OK.csv|R54:VREF_B_SRC,VREF_B_SRC,Multi Layer,13.025,21.725,,,,0.6,0.3,"VREF_B_SRC|Pad U1-13(11.75mm,21.7mm) on L4 BOTTOM GND|Pad Free-TP_VREF_B_SRC(12.5mm,20.2mm) on L1 TOP"
TRACK,ROUTE_PLAN_C2TRIAL_OK.csv|R58:VOUT_1,VOUT_1,Bottom Layer,18.125,22.525,18.125,23.725,0.2,,,"VOUT_1|Pad U1-1(17.45mm,22.35mm) on L4 BOTTOM GND|Pad RG_1-2(18.9mm,21.45mm) on L4 BOTTOM GND"
TRACK,ROUTE_PLAN_C2TRIAL_OK.csv|R58:VOUT_1,VOUT_1,Top Layer,18.125,23.725,18.425,23.725,0.2,,,"VOUT_1|Pad U1-1(17.45mm,22.35mm) on L4 BOTTOM GND|Pad RG_1-2(18.9mm,21.45mm) on L4 BOTTOM GND"
TRACK,ROUTE_PLAN_C2TRIAL_OK.csv|R58:VOUT_1,VOUT_1,Top Layer,18.425,23.725,18.675,23.975,0.2,,,"VOUT_1|Pad U1-1(17.45mm,22.35mm) on L4 BOTTOM GND|Pad RG_1-2(18.9mm,21.45mm) on L4 BOTTOM GND"
TRACK,ROUTE_PLAN_C2TRIAL_OK.csv|R58:VOUT_1,VOUT_1,Top Layer,18.675,23.975,20.925,23.975,0.2,,,"VOUT_1|Pad U1-1(17.45mm,22.35mm) on L4 BOTTOM GND|Pad RG_1-2(18.9mm,21.45mm) on L4 BOTTOM GND"
TRACK,ROUTE_PLAN_C2TRIAL_OK.csv|R58:VOUT_1,VOUT_1,Top Layer,20.925,23.975,21.375,23.525,0.2,,,"VOUT_1|Pad U1-1(17.45mm,22.35mm) on L4 BOTTOM GND|Pad RG_1-2(18.9mm,21.45mm) on L4 BOTTOM GND"
VIA,ROUTE_PLAN_C2TRIAL_OK.csv|R58:VOUT_1,VOUT_1,Multi Layer,18.125,23.725,,,,0.6,0.3,"VOUT_1|Pad U1-1(17.45mm,22.35mm) on L4 BOTTOM GND|Pad RG_1-2(18.9mm,21.45mm) on L4 BOTTOM GND"
TRACK,ROUTE_PLAN_C2TRIAL_OK.csv|R61:NetINA4_3,NetINA4_3,Top Layer,57.375,17.025,57.375,18.375,0.2,,,"NetINA4_3|Pad RDD10-2(57.412mm,16.8mm) on L1 TOP|Pad RDD12-2(57.412mm,18.6mm) on L1 TOP"
TRACK,ROUTE_PLAN_C2TRIAL_OK.csv|R62:NetINA1_3,NetINA1_3,Top Layer,24.975,17.025,24.975,18.375,0.2,,,"NetINA1_3|Pad RDD1-2(25.012mm,16.8mm) on L1 TOP|Pad RDD3-2(25.012mm,18.6mm) on L1 TOP"
TRACK,ROUTE_PLAN_C2TRIAL_OK.csv|R63:NetINA5_3,NetINA5_3,Top Layer,67.775,17.025,67.775,18.375,0.2,,,"NetINA5_3|Pad RDD13-2(67.812mm,16.8mm) on L1 TOP|Pad RDD15-2(67.812mm,18.6mm) on L1 TOP"
TRACK,ROUTE_PLAN_C2TRIAL_OK.csv|R64:NetINA2_3,NetINA2_3,Top Layer,35.775,17.025,35.775,18.375,0.2,,,"NetINA2_3|Pad RDD4-2(35.812mm,16.8mm) on L1 TOP|Pad RDD6-2(35.812mm,18.6mm) on L1 TOP"
TRACK,ROUTE_PLAN_C2TRIAL_OK.csv|R65:NetINA3_3,NetINA3_3,Top Layer,46.575,17.025,46.575,18.375,0.2,,,"NetINA3_3|Pad RDD7-2(46.612mm,16.8mm) on L1 TOP|Pad RDD9-2(46.612mm,18.6mm) on L1 TOP"
TRACK,ROUTE_PLAN_C2TRIAL_OK.csv|R66:NetCH_1_2,NetCH_1_2,Bottom Layer,21.375,21.475,21.625,21.475,0.2,,,"NetCH_1_2|Pad CH_1-2(20.1mm,21.518mm) on L4 BOTTOM GND|Pad RGN_1-2(21.9mm,21.45mm) on L4 BOTTOM GND"
TRACK,ROUTE_PLAN_C2TRIAL_OK.csv|R67:NetCH_3_2,NetCH_3_2,Bottom Layer,42.375,21.875,42.575,21.675,0.2,,,"NetCH_3_2|Pad CH_3-2(41.6mm,21.518mm) on L4 BOTTOM GND|Pad RGN_3-2(43.4mm,21.45mm) on L4 BOTTOM GND"
TRACK,ROUTE_PLAN_C2TRIAL_OK.csv|R67:NetCH_3_2,NetCH_3_2,Bottom Layer,42.575,21.675,43.125,21.675,0.2,,,"NetCH_3_2|Pad CH_3-2(41.6mm,21.518mm) on L4 BOTTOM GND|Pad RGN_3-2(43.4mm,21.45mm) on L4 BOTTOM GND"
TRACK,ROUTE_PLAN_C2TRIAL_OK.csv|R6:NetC_WIFI_X32_IN_2,NetC_WIFI_X32_IN_2,Top Layer,38.475,31.625,38.475,31.175,0.2,,,"NetC_WIFI_X32_IN_2|Pad R_WIFI_X32_IN-1(38.315mm,31.8mm) on L1 TOP|Pad X_WIFI_32K-1(38.93mm,30.3mm) on L1 TOP [Unplated]"
TRACK,ROUTE_PLAN_C2TRIAL_OK.csv|R71:VDiv,VDiv,Bottom Layer,14.825,24.525,15.225,24.125,0.2,,,"VDiv|Pad RV2-2(14.6mm,24.8mm) on L4 BOTTOM GND|Pad Cdiv_1-2(16.479mm,24.8mm) on L4 BOTTOM GND"
TRACK,ROUTE_PLAN_C2TRIAL_OK.csv|R71:VDiv,VDiv,Bottom Layer,15.225,24.125,16.175,24.125,0.2,,,"VDiv|Pad RV2-2(14.6mm,24.8mm) on L4 BOTTOM GND|Pad Cdiv_1-2(16.479mm,24.8mm) on L4 BOTTOM GND"
TRACK,ROUTE_PLAN_C2TRIAL_OK.csv|R71:VDiv,VDiv,Bottom Layer,16.175,24.125,16.425,24.375,0.2,,,"VDiv|Pad RV2-2(14.6mm,24.8mm) on L4 BOTTOM GND|Pad Cdiv_1-2(16.479mm,24.8mm) on L4 BOTTOM GND"
TRACK,ROUTE_PLAN_C2TRIAL_OK.csv|R71:VDiv,VDiv,Bottom Layer,16.425,24.375,16.425,24.625,0.2,,,"VDiv|Pad RV2-2(14.6mm,24.8mm) on L4 BOTTOM GND|Pad Cdiv_1-2(16.479mm,24.8mm) on L4 BOTTOM GND"
TRACK,ROUTE_PLAN_C2TRIAL_OK.csv|R72:ADC_EMG4,ADC_EMG4,Top Layer,52.025,26.275,52.025,27.075,0.2,,,"ADC_EMG4|Pad C_ADC4-1(51.68mm,25.877mm) on L1 TOP|Pad U_MCU1-26(52.08mm,27.762mm) on L1 TOP [Unplated]"
TRACK,ROUTE_PLAN_C2TRIAL_OK.csv|R74:VDiv,VDiv,Bottom Layer,14.275,26.175,14.275,25.175,0.2,,,"VDiv|Pad Cdiv_10uF-2(13.95mm,26.8mm) on L4 BOTTOM GND|Pad RV2-2(14.6mm,24.8mm) on L4 BOTTOM GND"
TRACK,ROUTE_PLAN_C2TRIAL_OK.csv|R74:VDiv,VDiv,Bottom Layer,14.275,25.175,14.375,25.075,0.2,,,"VDiv|Pad Cdiv_10uF-2(13.95mm,26.8mm) on L4 BOTTOM GND|Pad RV2-2(14.6mm,24.8mm) on L4 BOTTOM GND"
TRACK,ROUTE_PLAN_C2TRIAL_OK.csv|R76:VREF_A,VREF_A,Top Layer,31.625,22.025,32.375,21.275,0.2,,,"VREF_A|Pad RL_2-2(31.4mm,22.3mm) on L1 TOP|Pad U2-5(33.25mm,21.05mm) on L4 BOTTOM GND"
TRACK,ROUTE_PLAN_C2TRIAL_OK.csv|R76:VREF_A,VREF_A,Top Layer,32.375,21.275,34.225,21.275,0.2,,,"VREF_A|Pad RL_2-2(31.4mm,22.3mm) on L1 TOP|Pad U2-5(33.25mm,21.05mm) on L4 BOTTOM GND"
TRACK,ROUTE_PLAN_C2TRIAL_OK.csv|R76:VREF_A,VREF_A,Top Layer,34.225,21.275,34.525,20.975,0.2,,,"VREF_A|Pad RL_2-2(31.4mm,22.3mm) on L1 TOP|Pad U2-5(33.25mm,21.05mm) on L4 BOTTOM GND"
TRACK,ROUTE_PLAN_C2TRIAL_OK.csv|R76:VREF_A,VREF_A,Bottom Layer,34.525,20.975,34.475,20.925,0.2,,,"VREF_A|Pad RL_2-2(31.4mm,22.3mm) on L1 TOP|Pad U2-5(33.25mm,21.05mm) on L4 BOTTOM GND"
VIA,ROUTE_PLAN_C2TRIAL_OK.csv|R76:VREF_A,VREF_A,Multi Layer,34.525,20.975,,,,0.6,0.3,"VREF_A|Pad RL_2-2(31.4mm,22.3mm) on L1 TOP|Pad U2-5(33.25mm,21.05mm) on L4 BOTTOM GND"
TRACK,ROUTE_PLAN_C2TRIAL_OK.csv|R77:NetCservo_1_1,NetCservo_1_1,Bottom Layer,20.725,16.875,20.725,16.075,0.2,,,"NetCservo_1_1|Pad Cservo_1-1(20.225mm,17.65mm) on L4 BOTTOM GND [Unplated]|Pad Rservo_1-1(21.275mm,15.55mm) on L4 BOTTOM GND"
TRACK,ROUTE_PLAN_C2TRIAL_OK.csv|R77:NetCservo_1_1,NetCservo_1_1,Bottom Layer,20.725,16.075,20.975,15.825,0.2,,,"NetCservo_1_1|Pad Cservo_1-1(20.225mm,17.65mm) on L4 BOTTOM GND [Unplated]|Pad Rservo_1-1(21.275mm,15.55mm) on L4 BOTTOM GND"
TRACK,ROUTE_PLAN_C2TRIAL_OK.csv|R7:NetC_WIFI_X32_OUT_2,NetC_WIFI_X32_OUT_2,Top Layer,36.875,31.175,36.875,31.625,0.2,,,"NetC_WIFI_X32_OUT_2|Pad X_WIFI_32K-2(36.43mm,30.3mm) on L1 TOP [Unplated]|Pad R_WIFI_X32_OUT-1(37.045mm,31.8mm) on L1 TOP"
TRACK,ROUTE_PLAN_C2TRIAL_OK.csv|R80:NetCservo_2_1,NetCservo_2_1,Bottom Layer,29.675,25.025,29.675,24.225,0.2,,,"NetCservo_2_1|Pad Rservo_2-1(29.425mm,25.25mm) on L4 BOTTOM GND|Pad Cservo_2-1(30.475mm,23.15mm) on L4 BOTTOM GND [Unplated]"
TRACK,ROUTE_PLAN_C2TRIAL_OK.csv|R80:NetCservo_2_1,NetCservo_2_1,Bottom Layer,29.675,24.225,29.975,23.925,0.2,,,"NetCservo_2_1|Pad Rservo_2-1(29.425mm,25.25mm) on L4 BOTTOM GND|Pad Cservo_2-1(30.475mm,23.15mm) on L4 BOTTOM GND [Unplated]"
TRACK,ROUTE_PLAN_C2TRIAL_OK.csv|R81:NetCservo_4_1,NetCservo_4_1,Bottom Layer,51.275,25.025,51.275,24.225,0.2,,,"NetCservo_4_1|Pad Rservo_4-1(51.025mm,25.25mm) on L4 BOTTOM GND|Pad Cservo_4-1(52.075mm,23.15mm) on L4 BOTTOM GND [Unplated]"
TRACK,ROUTE_PLAN_C2TRIAL_OK.csv|R81:NetCservo_4_1,NetCservo_4_1,Bottom Layer,51.275,24.225,51.575,23.925,0.2,,,"NetCservo_4_1|Pad Rservo_4-1(51.025mm,25.25mm) on L4 BOTTOM GND|Pad Cservo_4-1(52.075mm,23.15mm) on L4 BOTTOM GND [Unplated]"
TRACK,ROUTE_PLAN_C2TRIAL_OK.csv|R82:NetJ_REF_1,NetJ_REF_1,Top Layer,12.625,12.225,13.725,12.225,0.2,,,"NetJ_REF_1|Pad J_REF-1(11.93mm,12.2mm) on Multi-Layer|Pad J_REF-2(14.47mm,12.2mm) on Multi-Layer"
TRACK,ROUTE_PLAN_C2TRIAL_OK.csv|R84:Vservo_1,Vservo_1,Bottom Layer,18.275,18.525,18.725,18.525,0.2,,,"Vservo_1|Pad U1-7(17.45mm,18.45mm) on L4 BOTTOM GND|Pad INA1-6(19.025mm,20.55mm) on L1 TOP"
TRACK,ROUTE_PLAN_C2TRIAL_OK.csv|R84:Vservo_1,Vservo_1,Top Layer,18.725,18.525,18.725,19.575,0.2,,,"Vservo_1|Pad U1-7(17.45mm,18.45mm) on L4 BOTTOM GND|Pad INA1-6(19.025mm,20.55mm) on L1 TOP"
TRACK,ROUTE_PLAN_C2TRIAL_OK.csv|R84:Vservo_1,Vservo_1,Top Layer,18.725,19.575,18.975,19.825,0.2,,,"Vservo_1|Pad U1-7(17.45mm,18.45mm) on L4 BOTTOM GND|Pad INA1-6(19.025mm,20.55mm) on L1 TOP"
TRACK,ROUTE_PLAN_C2TRIAL_OK.csv|R84:Vservo_1,Vservo_1,Top Layer,18.975,19.825,18.975,20.025,0.2,,,"Vservo_1|Pad U1-7(17.45mm,18.45mm) on L4 BOTTOM GND|Pad INA1-6(19.025mm,20.55mm) on L1 TOP"
VIA,ROUTE_PLAN_C2TRIAL_OK.csv|R84:Vservo_1,Vservo_1,Multi Layer,18.725,18.525,,,,0.6,0.3,"Vservo_1|Pad U1-7(17.45mm,18.45mm) on L4 BOTTOM GND|Pad INA1-6(19.025mm,20.55mm) on L1 TOP"
TRACK,ROUTE_PLAN_C2TRIAL_OK.csv|R87:VOUT_2,VOUT_2,Top Layer,47.875,25.525,47.725,25.525,0.2,,,"VOUT_2|Pad Free-TP_VOUT_2(48.33mm,25.25mm) on L1 TOP|Pad R_ADC2-1(49.08mm,28.015mm) on L1 TOP"
TRACK,ROUTE_PLAN_C2TRIAL_OK.csv|R87:VOUT_2,VOUT_2,Top Layer,47.725,25.525,47.475,25.775,0.2,,,"VOUT_2|Pad Free-TP_VOUT_2(48.33mm,25.25mm) on L1 TOP|Pad R_ADC2-1(49.08mm,28.015mm) on L1 TOP"
TRACK,ROUTE_PLAN_C2TRIAL_OK.csv|R87:VOUT_2,VOUT_2,Mid Layer 2,47.475,25.775,47.625,25.775,0.2,,,"VOUT_2|Pad Free-TP_VOUT_2(48.33mm,25.25mm) on L1 TOP|Pad R_ADC2-1(49.08mm,28.015mm) on L1 TOP"
TRACK,ROUTE_PLAN_C2TRIAL_OK.csv|R87:VOUT_2,VOUT_2,Mid Layer 2,47.625,25.775,48.6045,26.7545,0.2,,,"VOUT_2|Pad Free-TP_VOUT_2(48.33mm,25.25mm) on L1 TOP|Pad R_ADC2-1(49.08mm,28.015mm) on L1 TOP"
TRACK,ROUTE_PLAN_C2TRIAL_OK.csv|R87:VOUT_2,VOUT_2,Mid Layer 2,48.6045,26.7545,49.825,27.975,0.2,,,"VOUT_2|Pad Free-TP_VOUT_2(48.33mm,25.25mm) on L1 TOP|Pad R_ADC2-1(49.08mm,28.015mm) on L1 TOP"
TRACK,ROUTE_PLAN_C2TRIAL_OK.csv|R87:VOUT_2,VOUT_2,Top Layer,49.825,27.975,49.325,27.975,0.2,,,"VOUT_2|Pad Free-TP_VOUT_2(48.33mm,25.25mm) on L1 TOP|Pad R_ADC2-1(49.08mm,28.015mm) on L1 TOP"
VIA,ROUTE_PLAN_C2TRIAL_OK.csv|R87:VOUT_2,VOUT_2,Multi Layer,47.475,25.775,,,,0.6,0.3,"VOUT_2|Pad Free-TP_VOUT_2(48.33mm,25.25mm) on L1 TOP|Pad R_ADC2-1(49.08mm,28.015mm) on L1 TOP"
VIA,ROUTE_PLAN_C2TRIAL_OK.csv|R87:VOUT_2,VOUT_2,Multi Layer,49.825,27.975,,,,0.6,0.3,"VOUT_2|Pad Free-TP_VOUT_2(48.33mm,25.25mm) on L1 TOP|Pad R_ADC2-1(49.08mm,28.015mm) on L1 TOP"
TRACK,ROUTE_PLAN_C2TRIAL_OK.csv|R88:NetCL_1_1,NetCL_1_1,Bottom Layer,20.725,25.475,20.725,25.975,0.2,,,"NetCL_1_1|Pad CL_1-1(20.05mm,24.75mm) on L4 BOTTOM GND|Pad RGN_1-1(21.9mm,22.45mm) on L4 BOTTOM GND"
TRACK,ROUTE_PLAN_C2TRIAL_OK.csv|R88:NetCL_1_1,NetCL_1_1,Top Layer,20.725,25.975,20.725,25.375,0.2,,,"NetCL_1_1|Pad CL_1-1(20.05mm,24.75mm) on L4 BOTTOM GND|Pad RGN_1-1(21.9mm,22.45mm) on L4 BOTTOM GND"
TRACK,ROUTE_PLAN_C2TRIAL_OK.csv|R88:NetCL_1_1,NetCL_1_1,Top Layer,20.725,25.375,22.775,23.325,0.2,,,"NetCL_1_1|Pad CL_1-1(20.05mm,24.75mm) on L4 BOTTOM GND|Pad RGN_1-1(21.9mm,22.45mm) on L4 BOTTOM GND"
TRACK,ROUTE_PLAN_C2TRIAL_OK.csv|R88:NetCL_1_1,NetCL_1_1,Bottom Layer,22.775,23.325,22.125,22.675,0.2,,,"NetCL_1_1|Pad CL_1-1(20.05mm,24.75mm) on L4 BOTTOM GND|Pad RGN_1-1(21.9mm,22.45mm) on L4 BOTTOM GND"
VIA,ROUTE_PLAN_C2TRIAL_OK.csv|R88:NetCL_1_1,NetCL_1_1,Multi Layer,20.725,25.975,,,,0.6,0.3,"NetCL_1_1|Pad CL_1-1(20.05mm,24.75mm) on L4 BOTTOM GND|Pad RGN_1-1(21.9mm,22.45mm) on L4 BOTTOM GND"
VIA,ROUTE_PLAN_C2TRIAL_OK.csv|R88:NetCL_1_1,NetCL_1_1,Multi Layer,22.775,23.325,,,,0.6,0.3,"NetCL_1_1|Pad CL_1-1(20.05mm,24.75mm) on L4 BOTTOM GND|Pad RGN_1-1(21.9mm,22.45mm) on L4 BOTTOM GND"
TRACK,ROUTE_PLAN_C2TRIAL_OK.csv|R89:NetCL_3_1,NetCL_3_1,Bottom Layer,42.225,24.025,42.275,23.975,0.2,,,"NetCL_3_1|Pad CL_3-1(41.55mm,24.75mm) on L4 BOTTOM GND|Pad RGN_3-1(43.4mm,22.45mm) on L4 BOTTOM GND"
TRACK,ROUTE_PLAN_C2TRIAL_OK.csv|R89:NetCL_3_1,NetCL_3_1,Bottom Layer,42.275,23.975,42.275,23.725,0.2,,,"NetCL_3_1|Pad CL_3-1(41.55mm,24.75mm) on L4 BOTTOM GND|Pad RGN_3-1(43.4mm,22.45mm) on L4 BOTTOM GND"
TRACK,ROUTE_PLAN_C2TRIAL_OK.csv|R89:NetCL_3_1,NetCL_3_1,Bottom Layer,42.275,23.725,43.125,22.875,0.2,,,"NetCL_3_1|Pad CL_3-1(41.55mm,24.75mm) on L4 BOTTOM GND|Pad RGN_3-1(43.4mm,22.45mm) on L4 BOTTOM GND"
TRACK,ROUTE_PLAN_C2TRIAL_OK.csv|R89:NetCL_3_1,NetCL_3_1,Bottom Layer,43.125,22.875,43.125,22.675,0.2,,,"NetCL_3_1|Pad CL_3-1(41.55mm,24.75mm) on L4 BOTTOM GND|Pad RGN_3-1(43.4mm,22.45mm) on L4 BOTTOM GND"
TRACK,ROUTE_PLAN_C2TRIAL_OK.csv|R8:VREF_B_SRC,VREF_B_SRC,Bottom Layer,11.725,21.875,11.725,22.225,0.2,,,"VREF_B_SRC|Pad U1-13(11.75mm,21.7mm) on L4 BOTTOM GND|Pad U1-14(11.75mm,22.35mm) on L4 BOTTOM GND"
TRACK,ROUTE_PLAN_C2TRIAL_OK.csv|R90:NetCL_5_1,NetCL_5_1,Bottom Layer,63.825,24.025,63.875,23.975,0.2,,,"NetCL_5_1|Pad CL_5-1(63.15mm,24.75mm) on L4 BOTTOM GND|Pad RGN_5-1(65mm,22.45mm) on L4 BOTTOM GND"
TRACK,ROUTE_PLAN_C2TRIAL_OK.csv|R90:NetCL_5_1,NetCL_5_1,Bottom Layer,63.875,23.975,63.875,23.725,0.2,,,"NetCL_5_1|Pad CL_5-1(63.15mm,24.75mm) on L4 BOTTOM GND|Pad RGN_5-1(65mm,22.45mm) on L4 BOTTOM GND"
TRACK,ROUTE_PLAN_C2TRIAL_OK.csv|R90:NetCL_5_1,NetCL_5_1,Bottom Layer,63.875,23.725,64.725,22.875,0.2,,,"NetCL_5_1|Pad CL_5-1(63.15mm,24.75mm) on L4 BOTTOM GND|Pad RGN_5-1(65mm,22.45mm) on L4 BOTTOM GND"
TRACK,ROUTE_PLAN_C2TRIAL_OK.csv|R90:NetCL_5_1,NetCL_5_1,Bottom Layer,64.725,22.875,64.725,22.675,0.2,,,"NetCL_5_1|Pad CL_5-1(63.15mm,24.75mm) on L4 BOTTOM GND|Pad RGN_5-1(65mm,22.45mm) on L4 BOTTOM GND"
TRACK,ROUTE_PLAN_C2TRIAL_OK.csv|R92:VDiv,VDiv,Bottom Layer,11.725,24.525,11.725,24.075,0.2,,,"VDiv|Pad RV1-1(11.5mm,24.8mm) on L4 BOTTOM GND|Pad RV2-2(14.6mm,24.8mm) on L4 BOTTOM GND"
TRACK,ROUTE_PLAN_C2TRIAL_OK.csv|R92:VDiv,VDiv,Top Layer,11.725,24.075,12.775,24.075,0.2,,,"VDiv|Pad RV1-1(11.5mm,24.8mm) on L4 BOTTOM GND|Pad RV2-2(14.6mm,24.8mm) on L4 BOTTOM GND"
TRACK,ROUTE_PLAN_C2TRIAL_OK.csv|R92:VDiv,VDiv,Top Layer,12.775,24.075,14.275,25.575,0.2,,,"VDiv|Pad RV1-1(11.5mm,24.8mm) on L4 BOTTOM GND|Pad RV2-2(14.6mm,24.8mm) on L4 BOTTOM GND"
VIA,ROUTE_PLAN_C2TRIAL_OK.csv|R92:VDiv,VDiv,Multi Layer,11.725,24.075,,,,0.6,0.3,"VDiv|Pad RV1-1(11.5mm,24.8mm) on L4 BOTTOM GND|Pad RV2-2(14.6mm,24.8mm) on L4 BOTTOM GND"
VIA,ROUTE_PLAN_C2TRIAL_OK.csv|R92:VDiv,VDiv,Multi Layer,14.275,25.575,,,,0.6,0.3,"VDiv|Pad RV1-1(11.5mm,24.8mm) on L4 BOTTOM GND|Pad RV2-2(14.6mm,24.8mm) on L4 BOTTOM GND"
TRACK,ROUTE_PLAN_C2TRIAL_OK.csv|R93:NetCservo_2_1,NetCservo_2_1,Bottom Layer,30.975,22.375,31.625,22.375,0.2,,,"NetCservo_2_1|Pad Cservo_2-1(30.475mm,23.15mm) on L4 BOTTOM GND [Unplated]|Pad U2-6(33.25mm,21.7mm) on L4 BOTTOM GND"
TRACK,ROUTE_PLAN_C2TRIAL_OK.csv|R93:NetCservo_2_1,NetCservo_2_1,Bottom Layer,31.625,22.375,32.225,21.775,0.2,,,"NetCservo_2_1|Pad Cservo_2-1(30.475mm,23.15mm) on L4 BOTTOM GND [Unplated]|Pad U2-6(33.25mm,21.7mm) on L4 BOTTOM GND"
TRACK,ROUTE_PLAN_C2TRIAL_OK.csv|R93:NetCservo_2_1,NetCservo_2_1,Bottom Layer,32.225,21.775,32.425,21.775,0.2,,,"NetCservo_2_1|Pad Cservo_2-1(30.475mm,23.15mm) on L4 BOTTOM GND [Unplated]|Pad U2-6(33.25mm,21.7mm) on L4 BOTTOM GND"
TRACK,ROUTE_PLAN_C2TRIAL_OK.csv|R96:NetCservo_1_1,NetCservo_1_1,Bottom Layer,16.625,19.075,16.125,19.075,0.2,,,"NetCservo_1_1|Pad U1-6(17.45mm,19.1mm) on L4 BOTTOM GND|Pad Cservo_1-1(20.225mm,17.65mm) on L4 BOTTOM GND [Unplated]"
TRACK,ROUTE_PLAN_C2TRIAL_OK.csv|R96:NetCservo_1_1,NetCservo_1_1,Top Layer,16.125,19.075,17.075,19.075,0.2,,,"NetCservo_1_1|Pad U1-6(17.45mm,19.1mm) on L4 BOTTOM GND|Pad Cservo_1-1(20.225mm,17.65mm) on L4 BOTTOM GND [Unplated]"
TRACK,ROUTE_PLAN_C2TRIAL_OK.csv|R96:NetCservo_1_1,NetCservo_1_1,Top Layer,17.075,19.075,17.72,18.43,0.2,,,"NetCservo_1_1|Pad U1-6(17.45mm,19.1mm) on L4 BOTTOM GND|Pad Cservo_1-1(20.225mm,17.65mm) on L4 BOTTOM GND [Unplated]"
TRACK,ROUTE_PLAN_C2TRIAL_OK.csv|R96:NetCservo_1_1,NetCservo_1_1,Top Layer,17.72,18.43,17.95,18.2,0.2,,,"NetCservo_1_1|Pad U1-6(17.45mm,19.1mm) on L4 BOTTOM GND|Pad Cservo_1-1(20.225mm,17.65mm) on L4 BOTTOM GND [Unplated]"
TRACK,ROUTE_PLAN_C2TRIAL_OK.csv|R96:NetCservo_1_1,NetCservo_1_1,Top Layer,17.95,18.2,18.575,17.575,0.2,,,"NetCservo_1_1|Pad U1-6(17.45mm,19.1mm) on L4 BOTTOM GND|Pad Cservo_1-1(20.225mm,17.65mm) on L4 BOTTOM GND [Unplated]"
TRACK,ROUTE_PLAN_C2TRIAL_OK.csv|R96:NetCservo_1_1,NetCservo_1_1,Top Layer,18.575,17.575,19.225,17.575,0.2,,,"NetCservo_1_1|Pad U1-6(17.45mm,19.1mm) on L4 BOTTOM GND|Pad Cservo_1-1(20.225mm,17.65mm) on L4 BOTTOM GND [Unplated]"
TRACK,ROUTE_PLAN_C2TRIAL_OK.csv|R96:NetCservo_1_1,NetCservo_1_1,Bottom Layer,19.225,17.575,19.725,17.575,0.2,,,"NetCservo_1_1|Pad U1-6(17.45mm,19.1mm) on L4 BOTTOM GND|Pad Cservo_1-1(20.225mm,17.65mm) on L4 BOTTOM GND [Unplated]"
VIA,ROUTE_PLAN_C2TRIAL_OK.csv|R96:NetCservo_1_1,NetCservo_1_1,Multi Layer,16.125,19.075,,,,0.6,0.3,"NetCservo_1_1|Pad U1-6(17.45mm,19.1mm) on L4 BOTTOM GND|Pad Cservo_1-1(20.225mm,17.65mm) on L4 BOTTOM GND [Unplated]"
VIA,ROUTE_PLAN_C2TRIAL_OK.csv|R96:NetCservo_1_1,NetCservo_1_1,Multi Layer,19.225,17.575,,,,0.6,0.3,"NetCservo_1_1|Pad U1-6(17.45mm,19.1mm) on L4 BOTTOM GND|Pad Cservo_1-1(20.225mm,17.65mm) on L4 BOTTOM GND [Unplated]"
TRACK,ROUTE_PLAN_C2TRIAL_OK.csv|R9:VREF_A,VREF_A,Bottom Layer,11.725,18.625,11.725,18.975,0.2,,,"VREF_A|Pad U1-8(11.75mm,18.45mm) on L4 BOTTOM GND|Pad U1-9(11.75mm,19.1mm) on L4 BOTTOM GND"
TRACK,ROUTE_PLAN_C2_6L1_OK.csv|R106:WIFI_UART_TX,WIFI_UART_TX,Top Layer,41.725,41.625,41.625,41.625,0.15,,,"WIFI_UART_TX|Pad U_WIFI1-22(42.126mm,41.205mm) on L1 TOP [Unplated]|Track (45.175mm,42.725mm)(45.425mm,42.725mm) on L6 BOTTOM"
TRACK,ROUTE_PLAN_C2_6L1_OK.csv|R106:WIFI_UART_TX,WIFI_UART_TX,Top Layer,41.625,41.625,41.475,41.775,0.15,,,"WIFI_UART_TX|Pad U_WIFI1-22(42.126mm,41.205mm) on L1 TOP [Unplated]|Track (45.175mm,42.725mm)(45.425mm,42.725mm) on L6 BOTTOM"
TRACK,ROUTE_PLAN_C2_6L1_OK.csv|R106:WIFI_UART_TX,WIFI_UART_TX,Top Layer,41.475,41.775,41.425,41.775,0.15,,,"WIFI_UART_TX|Pad U_WIFI1-22(42.126mm,41.205mm) on L1 TOP [Unplated]|Track (45.175mm,42.725mm)(45.425mm,42.725mm) on L6 BOTTOM"
TRACK,ROUTE_PLAN_C2_6L1_OK.csv|R106:WIFI_UART_TX,WIFI_UART_TX,Top Layer,41.425,41.775,41.425,41.825,0.15,,,"WIFI_UART_TX|Pad U_WIFI1-22(42.126mm,41.205mm) on L1 TOP [Unplated]|Track (45.175mm,42.725mm)(45.425mm,42.725mm) on L6 BOTTOM"
TRACK,ROUTE_PLAN_C2_6L1_OK.csv|R106:WIFI_UART_TX,WIFI_UART_TX,Top Layer,41.425,41.825,41.375,41.825,0.15,,,"WIFI_UART_TX|Pad U_WIFI1-22(42.126mm,41.205mm) on L1 TOP [Unplated]|Track (45.175mm,42.725mm)(45.425mm,42.725mm) on L6 BOTTOM"
TRACK,ROUTE_PLAN_C2_6L1_OK.csv|R106:WIFI_UART_TX,WIFI_UART_TX,Top Layer,41.375,41.825,41.375,41.875,0.15,,,"WIFI_UART_TX|Pad U_WIFI1-22(42.126mm,41.205mm) on L1 TOP [Unplated]|Track (45.175mm,42.725mm)(45.425mm,42.725mm) on L6 BOTTOM"
TRACK,ROUTE_PLAN_C2_6L1_OK.csv|R106:WIFI_UART_TX,WIFI_UART_TX,Top Layer,41.375,41.875,41.225,42.025,0.15,,,"WIFI_UART_TX|Pad U_WIFI1-22(42.126mm,41.205mm) on L1 TOP [Unplated]|Track (45.175mm,42.725mm)(45.425mm,42.725mm) on L6 BOTTOM"
TRACK,ROUTE_PLAN_C2_6L1_OK.csv|R106:WIFI_UART_TX,WIFI_UART_TX,Top Layer,41.225,42.025,41.225,43.125,0.15,,,"WIFI_UART_TX|Pad U_WIFI1-22(42.126mm,41.205mm) on L1 TOP [Unplated]|Track (45.175mm,42.725mm)(45.425mm,42.725mm) on L6 BOTTOM"
TRACK,ROUTE_PLAN_C2_6L1_OK.csv|R106:WIFI_UART_TX,WIFI_UART_TX,Top Layer,41.225,43.125,40.775,43.575,0.15,,,"WIFI_UART_TX|Pad U_WIFI1-22(42.126mm,41.205mm) on L1 TOP [Unplated]|Track (45.175mm,42.725mm)(45.425mm,42.725mm) on L6 BOTTOM"
TRACK,ROUTE_PLAN_C2_6L1_OK.csv|R106:WIFI_UART_TX,WIFI_UART_TX,Top Layer,40.775,43.575,40.425,43.575,0.15,,,"WIFI_UART_TX|Pad U_WIFI1-22(42.126mm,41.205mm) on L1 TOP [Unplated]|Track (45.175mm,42.725mm)(45.425mm,42.725mm) on L6 BOTTOM"
TRACK,ROUTE_PLAN_C2_6L1_OK.csv|R106:WIFI_UART_TX,WIFI_UART_TX,Mid Layer 2,40.425,43.575,42.175,43.575,0.15,,,"WIFI_UART_TX|Pad U_WIFI1-22(42.126mm,41.205mm) on L1 TOP [Unplated]|Track (45.175mm,42.725mm)(45.425mm,42.725mm) on L6 BOTTOM"
TRACK,ROUTE_PLAN_C2_6L1_OK.csv|R106:WIFI_UART_TX,WIFI_UART_TX,Mid Layer 2,42.175,43.575,42.925,42.825,0.15,,,"WIFI_UART_TX|Pad U_WIFI1-22(42.126mm,41.205mm) on L1 TOP [Unplated]|Track (45.175mm,42.725mm)(45.425mm,42.725mm) on L6 BOTTOM"
TRACK,ROUTE_PLAN_C2_6L1_OK.csv|R106:WIFI_UART_TX,WIFI_UART_TX,Mid Layer 2,42.925,42.825,46.175,42.825,0.15,,,"WIFI_UART_TX|Pad U_WIFI1-22(42.126mm,41.205mm) on L1 TOP [Unplated]|Track (45.175mm,42.725mm)(45.425mm,42.725mm) on L6 BOTTOM"
TRACK,ROUTE_PLAN_C2_6L1_OK.csv|R106:WIFI_UART_TX,WIFI_UART_TX,Mid Layer 2,46.175,42.825,47.075,41.925,0.15,,,"WIFI_UART_TX|Pad U_WIFI1-22(42.126mm,41.205mm) on L1 TOP [Unplated]|Track (45.175mm,42.725mm)(45.425mm,42.725mm) on L6 BOTTOM"
TRACK,ROUTE_PLAN_C2_6L1_OK.csv|R106:WIFI_UART_TX,WIFI_UART_TX,Mid Layer 2,47.075,41.925,48.6045,41.925,0.15,,,"WIFI_UART_TX|Pad U_WIFI1-22(42.126mm,41.205mm) on L1 TOP [Unplated]|Track (45.175mm,42.725mm)(45.425mm,42.725mm) on L6 BOTTOM"
TRACK,ROUTE_PLAN_C2_6L1_OK.csv|R106:WIFI_UART_TX,WIFI_UART_TX,Mid Layer 2,48.6045,41.925,48.9019,41.925,0.15,,,"WIFI_UART_TX|Pad U_WIFI1-22(42.126mm,41.205mm) on L1 TOP [Unplated]|Track (45.175mm,42.725mm)(45.425mm,42.725mm) on L6 BOTTOM"
TRACK,ROUTE_PLAN_C2_6L1_OK.csv|R106:WIFI_UART_TX,WIFI_UART_TX,Mid Layer 2,48.9019,41.925,49.225,41.925,0.15,,,"WIFI_UART_TX|Pad U_WIFI1-22(42.126mm,41.205mm) on L1 TOP [Unplated]|Track (45.175mm,42.725mm)(45.425mm,42.725mm) on L6 BOTTOM"
TRACK,ROUTE_PLAN_C2_6L1_OK.csv|R106:WIFI_UART_TX,WIFI_UART_TX,Mid Layer 2,49.225,41.925,49.7985,42.4985,0.15,,,"WIFI_UART_TX|Pad U_WIFI1-22(42.126mm,41.205mm) on L1 TOP [Unplated]|Track (45.175mm,42.725mm)(45.425mm,42.725mm) on L6 BOTTOM"
TRACK,ROUTE_PLAN_C2_6L1_OK.csv|R106:WIFI_UART_TX,WIFI_UART_TX,Mid Layer 2,49.7985,42.4985,49.975,42.675,0.15,,,"WIFI_UART_TX|Pad U_WIFI1-22(42.126mm,41.205mm) on L1 TOP [Unplated]|Track (45.175mm,42.725mm)(45.425mm,42.725mm) on L6 BOTTOM"
TRACK,ROUTE_PLAN_C2_6L1_OK.csv|R106:WIFI_UART_TX,WIFI_UART_TX,Mid Layer 2,49.975,42.675,49.975,44.525,0.15,,,"WIFI_UART_TX|Pad U_WIFI1-22(42.126mm,41.205mm) on L1 TOP [Unplated]|Track (45.175mm,42.725mm)(45.425mm,42.725mm) on L6 BOTTOM"
TRACK,ROUTE_PLAN_C2_6L1_OK.csv|R106:WIFI_UART_TX,WIFI_UART_TX,Bottom Layer,49.975,44.525,49.975,44.725,0.15,,,"WIFI_UART_TX|Pad U_WIFI1-22(42.126mm,41.205mm) on L1 TOP [Unplated]|Track (45.175mm,42.725mm)(45.425mm,42.725mm) on L6 BOTTOM"
TRACK,ROUTE_PLAN_C2_6L1_OK.csv|R106:WIFI_UART_TX,WIFI_UART_TX,Bottom Layer,49.975,44.725,49.7245,44.9755,0.15,,,"WIFI_UART_TX|Pad U_WIFI1-22(42.126mm,41.205mm) on L1 TOP [Unplated]|Track (45.175mm,42.725mm)(45.425mm,42.725mm) on L6 BOTTOM"
TRACK,ROUTE_PLAN_C2_6L1_OK.csv|R106:WIFI_UART_TX,WIFI_UART_TX,Bottom Layer,49.7245,44.9755,49.525,45.175,0.15,,,"WIFI_UART_TX|Pad U_WIFI1-22(42.126mm,41.205mm) on L1 TOP [Unplated]|Track (45.175mm,42.725mm)(45.425mm,42.725mm) on L6 BOTTOM"
TRACK,ROUTE_PLAN_C2_6L1_OK.csv|R106:WIFI_UART_TX,WIFI_UART_TX,Bottom Layer,49.525,45.175,47.725,45.175,0.15,,,"WIFI_UART_TX|Pad U_WIFI1-22(42.126mm,41.205mm) on L1 TOP [Unplated]|Track (45.175mm,42.725mm)(45.425mm,42.725mm) on L6 BOTTOM"
TRACK,ROUTE_PLAN_C2_6L1_OK.csv|R106:WIFI_UART_TX,WIFI_UART_TX,Bottom Layer,47.725,45.175,46.675,44.125,0.15,,,"WIFI_UART_TX|Pad U_WIFI1-22(42.126mm,41.205mm) on L1 TOP [Unplated]|Track (45.175mm,42.725mm)(45.425mm,42.725mm) on L6 BOTTOM"
VIA,ROUTE_PLAN_C2_6L1_OK.csv|R106:WIFI_UART_TX,WIFI_UART_TX,Multi Layer,40.425,43.575,,,,0.45,0.2,"WIFI_UART_TX|Pad U_WIFI1-22(42.126mm,41.205mm) on L1 TOP [Unplated]|Track (45.175mm,42.725mm)(45.425mm,42.725mm) on L6 BOTTOM"
VIA,ROUTE_PLAN_C2_6L1_OK.csv|R106:WIFI_UART_TX,WIFI_UART_TX,Multi Layer,49.975,44.525,,,,0.45,0.2,"WIFI_UART_TX|Pad U_WIFI1-22(42.126mm,41.205mm) on L1 TOP [Unplated]|Track (45.175mm,42.725mm)(45.425mm,42.725mm) on L6 BOTTOM"
TRACK,ROUTE_PLAN_C2_6L1_OK.csv|R12:NetJ_FPC5_8,NetJ_FPC5_8,Top Layer,64.975,10.925,65.925,10.925,0.2,,,"NetJ_FPC5_8|Via (64.7mm,10.85mm) from L1 TOP to L6 BOTTOM|Pad R_VREF5-2(65.8mm,12.912mm) on L1 TOP"
TRACK,ROUTE_PLAN_C2_6L1_OK.csv|R12:NetJ_FPC5_8,NetJ_FPC5_8,Top Layer,65.925,10.925,66.475,11.475,0.2,,,"NetJ_FPC5_8|Via (64.7mm,10.85mm) from L1 TOP to L6 BOTTOM|Pad R_VREF5-2(65.8mm,12.912mm) on L1 TOP"
TRACK,ROUTE_PLAN_C2_6L1_OK.csv|R12:NetJ_FPC5_8,NetJ_FPC5_8,Top Layer,66.475,11.475,66.475,12.375,0.2,,,"NetJ_FPC5_8|Via (64.7mm,10.85mm) from L1 TOP to L6 BOTTOM|Pad R_VREF5-2(65.8mm,12.912mm) on L1 TOP"
TRACK,ROUTE_PLAN_C2_6L1_OK.csv|R12:NetJ_FPC5_8,NetJ_FPC5_8,Top Layer,66.475,12.375,66.025,12.825,0.2,,,"NetJ_FPC5_8|Via (64.7mm,10.85mm) from L1 TOP to L6 BOTTOM|Pad R_VREF5-2(65.8mm,12.912mm) on L1 TOP"
TRACK,ROUTE_PLAN_C2_6L1_OK.csv|R13:NetJ_FPC1_8,NetJ_FPC1_8,Top Layer,21.625,11.125,21.625,11.925,0.2,,,"NetJ_FPC1_8|Via (21.5mm,10.85mm) from L1 TOP to L6 BOTTOM|Pad R_VREF1-2(22.6mm,12.912mm) on L1 TOP"
TRACK,ROUTE_PLAN_C2_6L1_OK.csv|R13:NetJ_FPC1_8,NetJ_FPC1_8,Top Layer,21.625,11.925,21.875,12.175,0.2,,,"NetJ_FPC1_8|Via (21.5mm,10.85mm) from L1 TOP to L6 BOTTOM|Pad R_VREF1-2(22.6mm,12.912mm) on L1 TOP"
TRACK,ROUTE_PLAN_C2_6L1_OK.csv|R13:NetJ_FPC1_8,NetJ_FPC1_8,Top Layer,21.875,12.175,21.875,12.325,0.2,,,"NetJ_FPC1_8|Via (21.5mm,10.85mm) from L1 TOP to L6 BOTTOM|Pad R_VREF1-2(22.6mm,12.912mm) on L1 TOP"
TRACK,ROUTE_PLAN_C2_6L1_OK.csv|R13:NetJ_FPC1_8,NetJ_FPC1_8,Top Layer,21.875,12.325,21.925,12.375,0.2,,,"NetJ_FPC1_8|Via (21.5mm,10.85mm) from L1 TOP to L6 BOTTOM|Pad R_VREF1-2(22.6mm,12.912mm) on L1 TOP"
TRACK,ROUTE_PLAN_C2_6L1_OK.csv|R13:NetJ_FPC1_8,NetJ_FPC1_8,Top Layer,21.925,12.375,21.925,12.425,0.2,,,"NetJ_FPC1_8|Via (21.5mm,10.85mm) from L1 TOP to L6 BOTTOM|Pad R_VREF1-2(22.6mm,12.912mm) on L1 TOP"
TRACK,ROUTE_PLAN_C2_6L1_OK.csv|R13:NetJ_FPC1_8,NetJ_FPC1_8,Top Layer,21.925,12.425,22.375,12.875,0.2,,,"NetJ_FPC1_8|Via (21.5mm,10.85mm) from L1 TOP to L6 BOTTOM|Pad R_VREF1-2(22.6mm,12.912mm) on L1 TOP"
TRACK,ROUTE_PLAN_C2_6L1_OK.csv|R14:NetJ_FPC2_8,NetJ_FPC2_8,Top Layer,32.575,10.925,33.525,10.925,0.2,,,"NetJ_FPC2_8|Via (32.3mm,10.85mm) from L1 TOP to L6 BOTTOM|Pad R_VREF2-2(33.4mm,12.912mm) on L1 TOP"
TRACK,ROUTE_PLAN_C2_6L1_OK.csv|R14:NetJ_FPC2_8,NetJ_FPC2_8,Top Layer,33.525,10.925,34.075,11.475,0.2,,,"NetJ_FPC2_8|Via (32.3mm,10.85mm) from L1 TOP to L6 BOTTOM|Pad R_VREF2-2(33.4mm,12.912mm) on L1 TOP"
TRACK,ROUTE_PLAN_C2_6L1_OK.csv|R14:NetJ_FPC2_8,NetJ_FPC2_8,Top Layer,34.075,11.475,34.075,12.375,0.2,,,"NetJ_FPC2_8|Via (32.3mm,10.85mm) from L1 TOP to L6 BOTTOM|Pad R_VREF2-2(33.4mm,12.912mm) on L1 TOP"
TRACK,ROUTE_PLAN_C2_6L1_OK.csv|R14:NetJ_FPC2_8,NetJ_FPC2_8,Top Layer,34.075,12.375,33.625,12.825,0.2,,,"NetJ_FPC2_8|Via (32.3mm,10.85mm) from L1 TOP to L6 BOTTOM|Pad R_VREF2-2(33.4mm,12.912mm) on L1 TOP"
TRACK,ROUTE_PLAN_C2_6L1_OK.csv|R15:NetJ_FPC3_8,NetJ_FPC3_8,Top Layer,43.375,10.925,44.325,10.925,0.2,,,"NetJ_FPC3_8|Via (43.1mm,10.85mm) from L1 TOP to L6 BOTTOM|Pad R_VREF3-2(44.2mm,12.912mm) on L1 TOP"
TRACK,ROUTE_PLAN_C2_6L1_OK.csv|R15:NetJ_FPC3_8,NetJ_FPC3_8,Top Layer,44.325,10.925,44.875,11.475,0.2,,,"NetJ_FPC3_8|Via (43.1mm,10.85mm) from L1 TOP to L6 BOTTOM|Pad R_VREF3-2(44.2mm,12.912mm) on L1 TOP"
TRACK,ROUTE_PLAN_C2_6L1_OK.csv|R15:NetJ_FPC3_8,NetJ_FPC3_8,Top Layer,44.875,11.475,44.875,12.375,0.2,,,"NetJ_FPC3_8|Via (43.1mm,10.85mm) from L1 TOP to L6 BOTTOM|Pad R_VREF3-2(44.2mm,12.912mm) on L1 TOP"
TRACK,ROUTE_PLAN_C2_6L1_OK.csv|R15:NetJ_FPC3_8,NetJ_FPC3_8,Top Layer,44.875,12.375,44.425,12.825,0.2,,,"NetJ_FPC3_8|Via (43.1mm,10.85mm) from L1 TOP to L6 BOTTOM|Pad R_VREF3-2(44.2mm,12.912mm) on L1 TOP"
TRACK,ROUTE_PLAN_C2_6L1_OK.csv|R16:NetJ_FPC4_8,NetJ_FPC4_8,Top Layer,54.175,10.925,55.125,10.925,0.2,,,"NetJ_FPC4_8|Via (53.9mm,10.85mm) from L1 TOP to L6 BOTTOM|Pad R_VREF4-2(55mm,12.912mm) on L1 TOP"
TRACK,ROUTE_PLAN_C2_6L1_OK.csv|R16:NetJ_FPC4_8,NetJ_FPC4_8,Top Layer,55.125,10.925,55.675,11.475,0.2,,,"NetJ_FPC4_8|Via (53.9mm,10.85mm) from L1 TOP to L6 BOTTOM|Pad R_VREF4-2(55mm,12.912mm) on L1 TOP"
TRACK,ROUTE_PLAN_C2_6L1_OK.csv|R16:NetJ_FPC4_8,NetJ_FPC4_8,Top Layer,55.675,11.475,55.675,12.375,0.2,,,"NetJ_FPC4_8|Via (53.9mm,10.85mm) from L1 TOP to L6 BOTTOM|Pad R_VREF4-2(55mm,12.912mm) on L1 TOP"
TRACK,ROUTE_PLAN_C2_6L1_OK.csv|R16:NetJ_FPC4_8,NetJ_FPC4_8,Top Layer,55.675,12.375,55.225,12.825,0.2,,,"NetJ_FPC4_8|Via (53.9mm,10.85mm) from L1 TOP to L6 BOTTOM|Pad R_VREF4-2(55mm,12.912mm) on L1 TOP"
TRACK,ROUTE_PLAN_C2_6L1_OK.csv|R29:3V0_ANA,3V0_ANA,Top Layer,50.275,31.125,50.275,31.375,0.4,,,"3V0_ANA|Pad U_MCU1-22(50.342mm,31mm) on L1 TOP [Unplated]|Pad U_MCU1-21(50.342mm,31.5mm) on L1 TOP [Unplated]"
TRACK,ROUTE_PLAN_C2_6L1_OK.csv|R31:3V3_DIG,3V3_DIG,Top Layer,48.825,38.825,48.825,36.725,0.4,,,"3V3_DIG|Pad C_VBAT-2(48.659mm,39mm) on L1 TOP|Track (49.033mm,38.134mm)(49.323mm,38.134mm) on L6 BOTTOM"
TRACK,ROUTE_PLAN_C2_6L1_OK.csv|R32:3V3_DIG,3V3_DIG,Bottom Layer,16.775,32.825,16.775,33.325,0.4,,,"3V3_DIG|Pad R_SCL-2(16.908mm,32.575mm) on L6 BOTTOM|Pad R_SDA-2(16.908mm,33.575mm) on L6 BOTTOM"
TRACK,ROUTE_PLAN_C2_6L1_OK.csv|R33:3V3_DIG,3V3_DIG,Top Layer,66.525,40.575,66.725,40.575,0.15,,,"3V3_DIG|Pad U_MCU1-73(65.818mm,40.5mm) on L1 TOP [Unplated]|Pad U_MCU1-75(65.818mm,41.5mm) on L1 TOP [Unplated]"
TRACK,ROUTE_PLAN_C2_6L1_OK.csv|R33:3V3_DIG,3V3_DIG,Top Layer,66.725,40.575,66.825,40.675,0.15,,,"3V3_DIG|Pad U_MCU1-73(65.818mm,40.5mm) on L1 TOP [Unplated]|Pad U_MCU1-75(65.818mm,41.5mm) on L1 TOP [Unplated]"
TRACK,ROUTE_PLAN_C2_6L1_OK.csv|R33:3V3_DIG,3V3_DIG,Top Layer,66.825,40.675,66.825,41.375,0.15,,,"3V3_DIG|Pad U_MCU1-73(65.818mm,40.5mm) on L1 TOP [Unplated]|Pad U_MCU1-75(65.818mm,41.5mm) on L1 TOP [Unplated]"
TRACK,ROUTE_PLAN_C2_6L1_OK.csv|R33:3V3_DIG,3V3_DIG,Top Layer,66.825,41.375,66.725,41.475,0.15,,,"3V3_DIG|Pad U_MCU1-73(65.818mm,40.5mm) on L1 TOP [Unplated]|Pad U_MCU1-75(65.818mm,41.5mm) on L1 TOP [Unplated]"
TRACK,ROUTE_PLAN_C2_6L1_OK.csv|R33:3V3_DIG,3V3_DIG,Top Layer,66.725,41.475,66.525,41.475,0.15,,,"3V3_DIG|Pad U_MCU1-73(65.818mm,40.5mm) on L1 TOP [Unplated]|Pad U_MCU1-75(65.818mm,41.5mm) on L1 TOP [Unplated]"
TRACK,ROUTE_PLAN_C2_6L1_OK.csv|R35:3V3_DIG,3V3_DIG,Top Layer,40.825,33.225,40.825,32.725,0.4,,,"3V3_DIG|Pad U_WIFI1-16(40.855mm,33.584mm) on L1 TOP [Unplated]|Pad C_WIFI_VDD33_HF-1(40.855mm,32.475mm) on L1 TOP"
TRACK,ROUTE_PLAN_C2_6L1_OK.csv|R36:3V3_DIG,3V3_DIG,Top Layer,31.925,33.225,31.925,32.725,0.4,,,"3V3_DIG|Pad U_WIFI1-9(31.965mm,33.584mm) on L1 TOP [Unplated]|Pad C_WIFI_VDDIO1_HF-1(31.965mm,32.475mm) on L1 TOP"
TRACK,ROUTE_PLAN_C2_6L1_OK.csv|R37:3V3_DIG,3V3_DIG,Bottom Layer,16.675,31.775,16.675,32.325,0.4,,,"3V3_DIG|Pad R_AL-2(16.684mm,31.475mm) on L6 BOTTOM|Pad R_SCL-2(16.908mm,32.575mm) on L6 BOTTOM"
TRACK,ROUTE_PLAN_C2_6L1_OK.csv|R38:3V3_DIG,3V3_DIG,Bottom Layer,36.875,29.375,37.275,29.375,0.4,,,"3V3_DIG|Pad UP3-1(36.3mm,29.288mm) on L6 BOTTOM|Pad CUP5_1-1(37.45mm,29.338mm) on L6 BOTTOM"
TRACK,ROUTE_PLAN_C2_6L1_OK.csv|R39:3V0_ANA,3V0_ANA,Top Layer,49.075,32.025,49.075,32.925,0.4,,,"3V0_ANA|Pad C3_MCU-1(48.959mm,31.8mm) on L1 TOP|Pad C1_MCU-1(48.959mm,33.1mm) on L1 TOP"
TRACK,ROUTE_PLAN_C2_6L1_OK.csv|R40:3V0_ANA,3V0_ANA,Top Layer,47.025,32.025,47.025,32.875,0.4,,,"3V0_ANA|Pad C4_MCU-2(46.98mm,31.8mm) on L1 TOP|Pad C2_MCU-2(46.98mm,33.1mm) on L1 TOP"
TRACK,ROUTE_PLAN_C2_6L1_OK.csv|R41:3V3_DIG,3V3_DIG,Top Layer,67.225,40.325,67.225,41.325,0.4,,,"3V3_DIG|Pad C_VDDUSB-1(67.401mm,40.1mm) on L1 TOP|Pad C_MCU_VDD4-1(67.401mm,41.5mm) on L1 TOP"
TRACK,ROUTE_PLAN_C2_6L1_OK.csv|R42:3V0_ANA,3V0_ANA,Top Layer,49.175,31.625,49.375,31.425,0.4,,,"3V0_ANA|Pad C3_MCU-1(48.959mm,31.8mm) on L1 TOP|Pad U_MCU1-21(50.342mm,31.5mm) on L1 TOP [Unplated]"
TRACK,ROUTE_PLAN_C2_6L1_OK.csv|R42:3V0_ANA,3V0_ANA,Top Layer,49.375,31.425,49.625,31.425,0.4,,,"3V0_ANA|Pad C3_MCU-1(48.959mm,31.8mm) on L1 TOP|Pad U_MCU1-21(50.342mm,31.5mm) on L1 TOP [Unplated]"
TRACK,ROUTE_PLAN_C2_6L1_OK.csv|R43:3V3_DIG,3V3_DIG,Top Layer,67.325,41.725,67.325,42.625,0.4,,,"3V3_DIG|Pad C_MCU_VDD4-1(67.401mm,41.5mm) on L1 TOP|Pad C_MCU_BULK-1(67.83mm,42.95mm) on L1 TOP"
TRACK,ROUTE_PLAN_C2_6L1_OK.csv|R44:3V3_DIG,3V3_DIG,Top Layer,66.875,41.425,67.025,41.425,0.4,,,"3V3_DIG|Pad U_MCU1-75(65.818mm,41.5mm) on L1 TOP [Unplated]|Pad C_MCU_VDD4-1(67.401mm,41.5mm) on L1 TOP"
TRACK,ROUTE_PLAN_C2_6L1_OK.csv|R45:3V3_DIG,3V3_DIG,Bottom Layer,36.975,30.325,36.975,29.575,0.4,,,"3V3_DIG|Pad CUP5_5-1(37.3mm,30.937mm) on L6 BOTTOM|Pad CUP5_1-1(37.45mm,29.338mm) on L6 BOTTOM"
TRACK,ROUTE_PLAN_C2_6L1_OK.csv|R46:3V3_DIG,3V3_DIG,Top Layer,48.975,36.675,49.275,36.675,0.15,,,"3V3_DIG|Pad C_MCU_VDD1-2(48.659mm,36.5mm) on L1 TOP|Pad U_MCU1-11(50.342mm,36.5mm) on L1 TOP [Unplated]"
TRACK,ROUTE_PLAN_C2_6L1_OK.csv|R46:3V3_DIG,3V3_DIG,Top Layer,49.275,36.675,49.375,36.575,0.15,,,"3V3_DIG|Pad C_MCU_VDD1-2(48.659mm,36.5mm) on L1 TOP|Pad U_MCU1-11(50.342mm,36.5mm) on L1 TOP [Unplated]"
TRACK,ROUTE_PLAN_C2_6L1_OK.csv|R46:3V3_DIG,3V3_DIG,Top Layer,49.375,36.575,49.625,36.575,0.15,,,"3V3_DIG|Pad C_MCU_VDD1-2(48.659mm,36.5mm) on L1 TOP|Pad U_MCU1-11(50.342mm,36.5mm) on L1 TOP [Unplated]"
TRACK,ROUTE_PLAN_C2_6L1_OK.csv|R47:3V3_DIG,3V3_DIG,Top Layer,53.075,26.325,53.075,27.075,0.15,,,"3V3_DIG|Pad C_MCU_VDD2-2(53.08mm,26.079mm) on L1 TOP|Pad U_MCU1-28(53.08mm,27.762mm) on L1 TOP [Unplated]"
TRACK,ROUTE_PLAN_C2_6L1_OK.csv|R49:3V3_DIG,3V3_DIG,Top Layer,64.175,27.075,64.725,26.525,0.4,,,"3V3_DIG|Pad U_MCU1-50(64.08mm,27.762mm) on L1 TOP [Unplated]|Pad C_MCU_VDD3-2(65.08mm,26.279mm) on L1 TOP"
TRACK,ROUTE_PLAN_C2_6L1_OK.csv|R49:3V3_DIG,3V3_DIG,Top Layer,64.725,26.525,64.875,26.525,0.4,,,"3V3_DIG|Pad U_MCU1-50(64.08mm,27.762mm) on L1 TOP [Unplated]|Pad C_MCU_VDD3-2(65.08mm,26.279mm) on L1 TOP"
TRACK,ROUTE_PLAN_C2_6L1_OK.csv|R50:3V3_DIG,3V3_DIG,Top Layer,51.775,44.825,51.775,44.525,0.15,,,"3V3_DIG|Pad C_MCU_VDD5-1(51.701mm,45.03mm) on L1 TOP|Pad U_MCU1-100(52.08mm,43.238mm) on L1 TOP [Unplated]"
TRACK,ROUTE_PLAN_C2_6L1_OK.csv|R50:3V3_DIG,3V3_DIG,Top Layer,51.775,44.525,51.975,44.325,0.15,,,"3V3_DIG|Pad C_MCU_VDD5-1(51.701mm,45.03mm) on L1 TOP|Pad U_MCU1-100(52.08mm,43.238mm) on L1 TOP [Unplated]"
TRACK,ROUTE_PLAN_C2_6L1_OK.csv|R50:3V3_DIG,3V3_DIG,Top Layer,51.975,44.325,51.975,43.975,0.15,,,"3V3_DIG|Pad C_MCU_VDD5-1(51.701mm,45.03mm) on L1 TOP|Pad U_MCU1-100(52.08mm,43.238mm) on L1 TOP [Unplated]"
TRACK,ROUTE_PLAN_C2_6L1_OK.csv|R51:3V3_DIG,3V3_DIG,Top Layer,47.375,35.275,47.125,35.525,0.15,,,"3V3_DIG|Pad R_NRST-2(47.58mm,35mm) on L1 TOP|Pad C_MCU_VDD1-2(48.659mm,36.5mm) on L1 TOP"
TRACK,ROUTE_PLAN_C2_6L1_OK.csv|R51:3V3_DIG,3V3_DIG,Top Layer,47.125,35.525,47.125,36.875,0.15,,,"3V3_DIG|Pad R_NRST-2(47.58mm,35mm) on L1 TOP|Pad C_MCU_VDD1-2(48.659mm,36.5mm) on L1 TOP"
TRACK,ROUTE_PLAN_C2_6L1_OK.csv|R51:3V3_DIG,3V3_DIG,Top Layer,47.125,36.875,47.425,37.175,0.15,,,"3V3_DIG|Pad R_NRST-2(47.58mm,35mm) on L1 TOP|Pad C_MCU_VDD1-2(48.659mm,36.5mm) on L1 TOP"
TRACK,ROUTE_PLAN_C2_6L1_OK.csv|R51:3V3_DIG,3V3_DIG,Top Layer,47.425,37.175,48.6045,37.175,0.15,,,"3V3_DIG|Pad R_NRST-2(47.58mm,35mm) on L1 TOP|Pad C_MCU_VDD1-2(48.659mm,36.5mm) on L1 TOP"
TRACK,ROUTE_PLAN_C2_6L1_OK.csv|R51:3V3_DIG,3V3_DIG,Top Layer,48.6045,37.175,48.625,37.175,0.15,,,"3V3_DIG|Pad R_NRST-2(47.58mm,35mm) on L1 TOP|Pad C_MCU_VDD1-2(48.659mm,36.5mm) on L1 TOP"
TRACK,ROUTE_PLAN_C2_6L1_OK.csv|R52:3V3_DIG,3V3_DIG,Top Layer,30.675,32.775,31.125,32.775,0.4,,,"3V3_DIG|Pad C_WIFI_VDDIO1-2(30.08mm,32.45mm) on L1 TOP|Pad C_WIFI_VDDIO1_HF-1(31.965mm,32.475mm) on L1 TOP"
TRACK,ROUTE_PLAN_C2_6L1_OK.csv|R52:3V3_DIG,3V3_DIG,Top Layer,31.125,32.775,31.575,33.225,0.4,,,"3V3_DIG|Pad C_WIFI_VDDIO1-2(30.08mm,32.45mm) on L1 TOP|Pad C_WIFI_VDDIO1_HF-1(31.965mm,32.475mm) on L1 TOP"
TRACK,ROUTE_PLAN_C2_6L1_OK.csv|R53:3V0_ANA,3V0_ANA,Top Layer,47.175,32.475,48.6045,32.475,0.15,,,"3V0_ANA|Pad C2_MCU-2(46.98mm,33.1mm) on L1 TOP|Pad C1_MCU-1(48.959mm,33.1mm) on L1 TOP"
TRACK,ROUTE_PLAN_C2_6L1_OK.csv|R53:3V0_ANA,3V0_ANA,Top Layer,48.6045,32.475,48.875,32.475,0.15,,,"3V0_ANA|Pad C2_MCU-2(46.98mm,33.1mm) on L1 TOP|Pad C1_MCU-1(48.959mm,33.1mm) on L1 TOP"
TRACK,ROUTE_PLAN_C2_6L1_OK.csv|R55:3V3_DIG,3V3_DIG,Top Layer,41.075,32.575,42.275,32.575,0.4,,,"3V3_DIG|Pad C_WIFI_VDD33_HF-1(40.855mm,32.475mm) on L1 TOP|Pad C_WIFI_VDD33-1(42.88mm,32.45mm) on L1 TOP"
TRACK,ROUTE_PLAN_C2_6L1_OK.csv|R56:3V3_DIG,3V3_DIG,Top Layer,41.225,44.725,42.475,44.725,0.4,,,"3V3_DIG|Pad U_WIFI1-25(40.855mm,45.016mm) on L1 TOP [Unplated]|Pad C_WIFI_VDDIO2_HF-2(43.305mm,44.8mm) on L1 TOP"
TRACK,ROUTE_PLAN_C2_6L1_OK.csv|R58:3V3_DIG,3V3_DIG,Bottom Layer,46.325,40.825,47.475,40.825,0.4,,,"3V3_DIG|Pad C_WIFI_BULK-2(45.58mm,40.226mm) on L6 BOTTOM|Pad C_VBAT-2(48.659mm,39mm) on L1 TOP"
TRACK,ROUTE_PLAN_C2_6L1_OK.csv|R59:3V3_DIG,3V3_DIG,Mid Layer 4,44.325,43.025,47.025,43.025,0.4,,,"3V3_DIG|Pad C_WIFI_VDDIO2-2(43.28mm,42.8mm) on L1 TOP|Pad C_WIFI_BULK-2(45.58mm,40.226mm) on L6 BOTTOM"
TRACK,ROUTE_PLAN_C2_6L1_OK.csv|R59:3V3_DIG,3V3_DIG,Mid Layer 4,47.025,43.025,47.475,42.575,0.4,,,"3V3_DIG|Pad C_WIFI_VDDIO2-2(43.28mm,42.8mm) on L1 TOP|Pad C_WIFI_BULK-2(45.58mm,40.226mm) on L6 BOTTOM"
TRACK,ROUTE_PLAN_C2_6L1_OK.csv|R59:3V3_DIG,3V3_DIG,Bottom Layer,47.475,42.575,47.475,42.075,0.4,,,"3V3_DIG|Pad C_WIFI_VDDIO2-2(43.28mm,42.8mm) on L1 TOP|Pad C_WIFI_BULK-2(45.58mm,40.226mm) on L6 BOTTOM"
VIA,ROUTE_PLAN_C2_6L1_OK.csv|R59:3V3_DIG,3V3_DIG,Multi Layer,47.475,42.575,,,,0.6,0.3,"3V3_DIG|Pad C_WIFI_VDDIO2-2(43.28mm,42.8mm) on L1 TOP|Pad C_WIFI_BULK-2(45.58mm,40.226mm) on L6 BOTTOM"
TRACK,ROUTE_PLAN_C2_6L1_OK.csv|R61:3V3_DIG,3V3_DIG,Bottom Layer,58.775,36.075,58.425,36.425,0.4,,,"3V3_DIG|Pad R_INT_PULLUP-1(59.114mm,35.75mm) on L6 BOTTOM|Pad R_KILL_PU-2(59.114mm,39.45mm) on L6 BOTTOM"
TRACK,ROUTE_PLAN_C2_6L1_OK.csv|R61:3V3_DIG,3V3_DIG,Mid Layer 4,58.425,36.425,58.425,36.575,0.4,,,"3V3_DIG|Pad R_INT_PULLUP-1(59.114mm,35.75mm) on L6 BOTTOM|Pad R_KILL_PU-2(59.114mm,39.45mm) on L6 BOTTOM"
TRACK,ROUTE_PLAN_C2_6L1_OK.csv|R61:3V3_DIG,3V3_DIG,Mid Layer 4,58.425,36.575,58.075,36.925,0.4,,,"3V3_DIG|Pad R_INT_PULLUP-1(59.114mm,35.75mm) on L6 BOTTOM|Pad R_KILL_PU-2(59.114mm,39.45mm) on L6 BOTTOM"
TRACK,ROUTE_PLAN_C2_6L1_OK.csv|R61:3V3_DIG,3V3_DIG,Mid Layer 4,58.075,36.925,58.075,39.575,0.4,,,"3V3_DIG|Pad R_INT_PULLUP-1(59.114mm,35.75mm) on L6 BOTTOM|Pad R_KILL_PU-2(59.114mm,39.45mm) on L6 BOTTOM"
TRACK,ROUTE_PLAN_C2_6L1_OK.csv|R61:3V3_DIG,3V3_DIG,Bottom Layer,58.075,39.575,58.775,39.575,0.4,,,"3V3_DIG|Pad R_INT_PULLUP-1(59.114mm,35.75mm) on L6 BOTTOM|Pad R_KILL_PU-2(59.114mm,39.45mm) on L6 BOTTOM"
VIA,ROUTE_PLAN_C2_6L1_OK.csv|R61:3V3_DIG,3V3_DIG,Multi Layer,58.425,36.425,,,,0.6,0.3,"3V3_DIG|Pad R_INT_PULLUP-1(59.114mm,35.75mm) on L6 BOTTOM|Pad R_KILL_PU-2(59.114mm,39.45mm) on L6 BOTTOM"
VIA,ROUTE_PLAN_C2_6L1_OK.csv|R61:3V3_DIG,3V3_DIG,Multi Layer,58.075,39.575,,,,0.6,0.3,"3V3_DIG|Pad R_INT_PULLUP-1(59.114mm,35.75mm) on L6 BOTTOM|Pad R_KILL_PU-2(59.114mm,39.45mm) on L6 BOTTOM"
TRACK,ROUTE_PLAN_C2_6L1_OK.csv|R62:3V3_DIG,3V3_DIG,Bottom Layer,30.775,36.975,30.775,36.675,0.4,,,"3V3_DIG|Pad R_WIFI_BOOT_OVR-1(30.759mm,37.205mm) on L6 BOTTOM|Pad U_WIFI1-9(31.965mm,33.584mm) on L1 TOP [Unplated]"
TRACK,ROUTE_PLAN_C2_6L1_OK.csv|R62:3V3_DIG,3V3_DIG,Bottom Layer,30.775,36.675,31.725,35.725,0.4,,,"3V3_DIG|Pad R_WIFI_BOOT_OVR-1(30.759mm,37.205mm) on L6 BOTTOM|Pad U_WIFI1-9(31.965mm,33.584mm) on L1 TOP [Unplated]"
TRACK,ROUTE_PLAN_C2_6L1_OK.csv|R62:3V3_DIG,3V3_DIG,Top Layer,31.725,35.725,31.725,33.975,0.4,,,"3V3_DIG|Pad R_WIFI_BOOT_OVR-1(30.759mm,37.205mm) on L6 BOTTOM|Pad U_WIFI1-9(31.965mm,33.584mm) on L1 TOP [Unplated]"
VIA,ROUTE_PLAN_C2_6L1_OK.csv|R62:3V3_DIG,3V3_DIG,Multi Layer,31.725,35.725,,,,0.6,0.3,"3V3_DIG|Pad R_WIFI_BOOT_OVR-1(30.759mm,37.205mm) on L6 BOTTOM|Pad U_WIFI1-9(31.965mm,33.584mm) on L1 TOP [Unplated]"
TRACK,ROUTE_PLAN_C2_6L1_OK.csv|R64:3V3_DIG,3V3_DIG,Top Layer,43.475,32.775,43.775,33.075,0.4,,,"3V3_DIG|Pad C_WIFI_VDD33-1(42.88mm,32.45mm) on L1 TOP|Pad R_NRST-2(47.58mm,35mm) on L1 TOP"
TRACK,ROUTE_PLAN_C2_6L1_OK.csv|R64:3V3_DIG,3V3_DIG,Top Layer,43.775,33.075,43.775,33.175,0.4,,,"3V3_DIG|Pad C_WIFI_VDD33-1(42.88mm,32.45mm) on L1 TOP|Pad R_NRST-2(47.58mm,35mm) on L1 TOP"
TRACK,ROUTE_PLAN_C2_6L1_OK.csv|R64:3V3_DIG,3V3_DIG,Mid Layer 4,43.775,33.175,46.375,33.175,0.4,,,"3V3_DIG|Pad C_WIFI_VDD33-1(42.88mm,32.45mm) on L1 TOP|Pad R_NRST-2(47.58mm,35mm) on L1 TOP"
TRACK,ROUTE_PLAN_C2_6L1_OK.csv|R64:3V3_DIG,3V3_DIG,Mid Layer 4,46.375,33.175,48.6045,35.4045,0.4,,,"3V3_DIG|Pad C_WIFI_VDD33-1(42.88mm,32.45mm) on L1 TOP|Pad R_NRST-2(47.58mm,35mm) on L1 TOP"
TRACK,ROUTE_PLAN_C2_6L1_OK.csv|R64:3V3_DIG,3V3_DIG,Mid Layer 4,48.6045,35.4045,48.825,35.625,0.4,,,"3V3_DIG|Pad C_WIFI_VDD33-1(42.88mm,32.45mm) on L1 TOP|Pad R_NRST-2(47.58mm,35mm) on L1 TOP"
TRACK,ROUTE_PLAN_C2_6L1_OK.csv|R64:3V3_DIG,3V3_DIG,Mid Layer 4,48.825,35.625,48.825,35.875,0.4,,,"3V3_DIG|Pad C_WIFI_VDD33-1(42.88mm,32.45mm) on L1 TOP|Pad R_NRST-2(47.58mm,35mm) on L1 TOP"
VIA,ROUTE_PLAN_C2_6L1_OK.csv|R64:3V3_DIG,3V3_DIG,Multi Layer,43.775,33.175,,,,0.6,0.3,"3V3_DIG|Pad C_WIFI_VDD33-1(42.88mm,32.45mm) on L1 TOP|Pad R_NRST-2(47.58mm,35mm) on L1 TOP"
TRACK,ROUTE_PLAN_C2_6L1_OK.csv|R65:3V3_DIG,3V3_DIG,Top Layer,32.175,32.375,32.425,32.375,0.4,,,"3V3_DIG|Pad C_WIFI_VDDIO1_HF-1(31.965mm,32.475mm) on L1 TOP|Pad CUP5_5-1(37.3mm,30.937mm) on L6 BOTTOM"
TRACK,ROUTE_PLAN_C2_6L1_OK.csv|R65:3V3_DIG,3V3_DIG,Top Layer,32.425,32.375,32.525,32.275,0.4,,,"3V3_DIG|Pad C_WIFI_VDDIO1_HF-1(31.965mm,32.475mm) on L1 TOP|Pad CUP5_5-1(37.3mm,30.937mm) on L6 BOTTOM"
TRACK,ROUTE_PLAN_C2_6L1_OK.csv|R65:3V3_DIG,3V3_DIG,Top Layer,32.525,32.275,32.525,32.225,0.4,,,"3V3_DIG|Pad C_WIFI_VDDIO1_HF-1(31.965mm,32.475mm) on L1 TOP|Pad CUP5_5-1(37.3mm,30.937mm) on L6 BOTTOM"
TRACK,ROUTE_PLAN_C2_6L1_OK.csv|R65:3V3_DIG,3V3_DIG,Top Layer,32.525,32.225,32.575,32.225,0.4,,,"3V3_DIG|Pad C_WIFI_VDDIO1_HF-1(31.965mm,32.475mm) on L1 TOP|Pad CUP5_5-1(37.3mm,30.937mm) on L6 BOTTOM"
TRACK,ROUTE_PLAN_C2_6L1_OK.csv|R65:3V3_DIG,3V3_DIG,Top Layer,32.575,32.225,32.575,32.175,0.4,,,"3V3_DIG|Pad C_WIFI_VDDIO1_HF-1(31.965mm,32.475mm) on L1 TOP|Pad CUP5_5-1(37.3mm,30.937mm) on L6 BOTTOM"
TRACK,ROUTE_PLAN_C2_6L1_OK.csv|R65:3V3_DIG,3V3_DIG,Top Layer,32.575,32.175,32.625,32.175,0.4,,,"3V3_DIG|Pad C_WIFI_VDDIO1_HF-1(31.965mm,32.475mm) on L1 TOP|Pad CUP5_5-1(37.3mm,30.937mm) on L6 BOTTOM"
TRACK,ROUTE_PLAN_C2_6L1_OK.csv|R65:3V3_DIG,3V3_DIG,Top Layer,32.625,32.175,32.625,32.125,0.4,,,"3V3_DIG|Pad C_WIFI_VDDIO1_HF-1(31.965mm,32.475mm) on L1 TOP|Pad CUP5_5-1(37.3mm,30.937mm) on L6 BOTTOM"
TRACK,ROUTE_PLAN_C2_6L1_OK.csv|R65:3V3_DIG,3V3_DIG,Top Layer,32.625,32.125,32.825,31.925,0.4,,,"3V3_DIG|Pad C_WIFI_VDDIO1_HF-1(31.965mm,32.475mm) on L1 TOP|Pad CUP5_5-1(37.3mm,30.937mm) on L6 BOTTOM"
TRACK,ROUTE_PLAN_C2_6L1_OK.csv|R65:3V3_DIG,3V3_DIG,Top Layer,32.825,31.925,34.225,31.925,0.4,,,"3V3_DIG|Pad C_WIFI_VDDIO1_HF-1(31.965mm,32.475mm) on L1 TOP|Pad CUP5_5-1(37.3mm,30.937mm) on L6 BOTTOM"
TRACK,ROUTE_PLAN_C2_6L1_OK.csv|R65:3V3_DIG,3V3_DIG,Bottom Layer,34.225,31.925,36.625,31.925,0.4,,,"3V3_DIG|Pad C_WIFI_VDDIO1_HF-1(31.965mm,32.475mm) on L1 TOP|Pad CUP5_5-1(37.3mm,30.937mm) on L6 BOTTOM"
TRACK,ROUTE_PLAN_C2_6L1_OK.csv|R65:3V3_DIG,3V3_DIG,Bottom Layer,36.625,31.925,36.975,31.575,0.4,,,"3V3_DIG|Pad C_WIFI_VDDIO1_HF-1(31.965mm,32.475mm) on L1 TOP|Pad CUP5_5-1(37.3mm,30.937mm) on L6 BOTTOM"
VIA,ROUTE_PLAN_C2_6L1_OK.csv|R65:3V3_DIG,3V3_DIG,Multi Layer,34.225,31.925,,,,0.6,0.3,"3V3_DIG|Pad C_WIFI_VDDIO1_HF-1(31.965mm,32.475mm) on L1 TOP|Pad CUP5_5-1(37.3mm,30.937mm) on L6 BOTTOM"
TRACK,ROUTE_PLAN_C2_6L1_OK.csv|R66:3V3_DIG,3V3_DIG,Top Layer,26.375,27.825,26.875,28.325,0.4,,,"3V3_DIG|Pad J_SWD-1(26.063mm,27.63mm) on L1 TOP|Pad C_WIFI_VDDIO1-2(30.08mm,32.45mm) on L1 TOP"
TRACK,ROUTE_PLAN_C2_6L1_OK.csv|R66:3V3_DIG,3V3_DIG,Mid Layer 4,26.875,28.325,29.175,30.625,0.4,,,"3V3_DIG|Pad J_SWD-1(26.063mm,27.63mm) on L1 TOP|Pad C_WIFI_VDDIO1-2(30.08mm,32.45mm) on L1 TOP"
TRACK,ROUTE_PLAN_C2_6L1_OK.csv|R66:3V3_DIG,3V3_DIG,Mid Layer 4,29.175,30.625,29.175,31.725,0.4,,,"3V3_DIG|Pad J_SWD-1(26.063mm,27.63mm) on L1 TOP|Pad C_WIFI_VDDIO1-2(30.08mm,32.45mm) on L1 TOP"
TRACK,ROUTE_PLAN_C2_6L1_OK.csv|R66:3V3_DIG,3V3_DIG,Top Layer,29.175,31.725,29.575,32.125,0.4,,,"3V3_DIG|Pad J_SWD-1(26.063mm,27.63mm) on L1 TOP|Pad C_WIFI_VDDIO1-2(30.08mm,32.45mm) on L1 TOP"
VIA,ROUTE_PLAN_C2_6L1_OK.csv|R66:3V3_DIG,3V3_DIG,Multi Layer,26.875,28.325,,,,0.6,0.3,"3V3_DIG|Pad J_SWD-1(26.063mm,27.63mm) on L1 TOP|Pad C_WIFI_VDDIO1-2(30.08mm,32.45mm) on L1 TOP"
VIA,ROUTE_PLAN_C2_6L1_OK.csv|R66:3V3_DIG,3V3_DIG,Multi Layer,29.175,31.725,,,,0.6,0.3,"3V3_DIG|Pad J_SWD-1(26.063mm,27.63mm) on L1 TOP|Pad C_WIFI_VDDIO1-2(30.08mm,32.45mm) on L1 TOP"
TRACK,ROUTE_PLAN_C2_6L1_OK.csv|R67:3V3_DIG,3V3_DIG,Mid Layer 4,58.325,39.725,60.475,39.725,0.4,,,"3V3_DIG|Pad R_KILL_PU-2(59.114mm,39.45mm) on L6 BOTTOM|Pad U_MCU1-73(65.818mm,40.5mm) on L1 TOP [Unplated]"
TRACK,ROUTE_PLAN_C2_6L1_OK.csv|R67:3V3_DIG,3V3_DIG,Mid Layer 4,60.475,39.725,61.375,40.625,0.4,,,"3V3_DIG|Pad R_KILL_PU-2(59.114mm,39.45mm) on L6 BOTTOM|Pad U_MCU1-73(65.818mm,40.5mm) on L1 TOP [Unplated]"
TRACK,ROUTE_PLAN_C2_6L1_OK.csv|R67:3V3_DIG,3V3_DIG,Mid Layer 4,61.375,40.625,63.825,40.625,0.4,,,"3V3_DIG|Pad R_KILL_PU-2(59.114mm,39.45mm) on L6 BOTTOM|Pad U_MCU1-73(65.818mm,40.5mm) on L1 TOP [Unplated]"
TRACK,ROUTE_PLAN_C2_6L1_OK.csv|R67:3V3_DIG,3V3_DIG,Mid Layer 4,63.825,40.625,63.975,40.475,0.4,,,"3V3_DIG|Pad R_KILL_PU-2(59.114mm,39.45mm) on L6 BOTTOM|Pad U_MCU1-73(65.818mm,40.5mm) on L1 TOP [Unplated]"
TRACK,ROUTE_PLAN_C2_6L1_OK.csv|R67:3V3_DIG,3V3_DIG,Mid Layer 4,63.975,40.475,65.225,40.475,0.4,,,"3V3_DIG|Pad R_KILL_PU-2(59.114mm,39.45mm) on L6 BOTTOM|Pad U_MCU1-73(65.818mm,40.5mm) on L1 TOP [Unplated]"
TRACK,ROUTE_PLAN_C2_6L1_OK.csv|R67:3V3_DIG,3V3_DIG,Mid Layer 4,65.225,40.475,66.775,42.025,0.4,,,"3V3_DIG|Pad R_KILL_PU-2(59.114mm,39.45mm) on L6 BOTTOM|Pad U_MCU1-73(65.818mm,40.5mm) on L1 TOP [Unplated]"
TRACK,ROUTE_PLAN_C2_6L1_OK.csv|R67:3V3_DIG,3V3_DIG,Top Layer,66.775,42.025,67.125,41.675,0.4,,,"3V3_DIG|Pad R_KILL_PU-2(59.114mm,39.45mm) on L6 BOTTOM|Pad U_MCU1-73(65.818mm,40.5mm) on L1 TOP [Unplated]"
VIA,ROUTE_PLAN_C2_6L1_OK.csv|R67:3V3_DIG,3V3_DIG,Multi Layer,66.775,42.025,,,,0.6,0.3,"3V3_DIG|Pad R_KILL_PU-2(59.114mm,39.45mm) on L6 BOTTOM|Pad U_MCU1-73(65.818mm,40.5mm) on L1 TOP [Unplated]"
TRACK,ROUTE_PLAN_C2_6L1_OK.csv|R68:3V3_DIG,3V3_DIG,Top Layer,51.025,38.975,52.475,38.975,0.15,,,"3V3_DIG|Pad UP2-6(51.062mm,39.699mm) on L6 BOTTOM|Pad R_KILL_PU-2(59.114mm,39.45mm) on L6 BOTTOM"
TRACK,ROUTE_PLAN_C2_6L1_OK.csv|R68:3V3_DIG,3V3_DIG,Top Layer,52.475,38.975,52.7219,38.7281,0.15,,,"3V3_DIG|Pad UP2-6(51.062mm,39.699mm) on L6 BOTTOM|Pad R_KILL_PU-2(59.114mm,39.45mm) on L6 BOTTOM"
TRACK,ROUTE_PLAN_C2_6L1_OK.csv|R68:3V3_DIG,3V3_DIG,Top Layer,52.7219,38.7281,54.325,37.125,0.15,,,"3V3_DIG|Pad UP2-6(51.062mm,39.699mm) on L6 BOTTOM|Pad R_KILL_PU-2(59.114mm,39.45mm) on L6 BOTTOM"
TRACK,ROUTE_PLAN_C2_6L1_OK.csv|R68:3V3_DIG,3V3_DIG,Top Layer,54.325,37.125,55.725,37.125,0.15,,,"3V3_DIG|Pad UP2-6(51.062mm,39.699mm) on L6 BOTTOM|Pad R_KILL_PU-2(59.114mm,39.45mm) on L6 BOTTOM"
TRACK,ROUTE_PLAN_C2_6L1_OK.csv|R68:3V3_DIG,3V3_DIG,Top Layer,55.725,37.125,57.925,39.325,0.15,,,"3V3_DIG|Pad UP2-6(51.062mm,39.699mm) on L6 BOTTOM|Pad R_KILL_PU-2(59.114mm,39.45mm) on L6 BOTTOM"
TRACK,ROUTE_PLAN_C2_6L1_OK.csv|R72:3V3_DIG,3V3_DIG,Bottom Layer,16.675,31.175,16.675,30.725,0.4,,,"3V3_DIG|Pad R_AL-2(16.684mm,31.475mm) on L6 BOTTOM|Pad J_SWD-1(26.063mm,27.63mm) on L1 TOP"
TRACK,ROUTE_PLAN_C2_6L1_OK.csv|R72:3V3_DIG,3V3_DIG,Mid Layer 4,16.675,30.725,17.3949,30.725,0.4,,,"3V3_DIG|Pad R_AL-2(16.684mm,31.475mm) on L6 BOTTOM|Pad J_SWD-1(26.063mm,27.63mm) on L1 TOP"
TRACK,ROUTE_PLAN_C2_6L1_OK.csv|R72:3V3_DIG,3V3_DIG,Mid Layer 4,17.3949,30.725,19.025,30.725,0.4,,,"3V3_DIG|Pad R_AL-2(16.684mm,31.475mm) on L6 BOTTOM|Pad J_SWD-1(26.063mm,27.63mm) on L1 TOP"
TRACK,ROUTE_PLAN_C2_6L1_OK.csv|R72:3V3_DIG,3V3_DIG,Mid Layer 4,19.025,30.725,19.36,30.39,0.4,,,"3V3_DIG|Pad R_AL-2(16.684mm,31.475mm) on L6 BOTTOM|Pad J_SWD-1(26.063mm,27.63mm) on L1 TOP"
TRACK,ROUTE_PLAN_C2_6L1_OK.csv|R72:3V3_DIG,3V3_DIG,Mid Layer 4,19.36,30.39,21.175,28.575,0.4,,,"3V3_DIG|Pad R_AL-2(16.684mm,31.475mm) on L6 BOTTOM|Pad J_SWD-1(26.063mm,27.63mm) on L1 TOP"
TRACK,ROUTE_PLAN_C2_6L1_OK.csv|R72:3V3_DIG,3V3_DIG,Mid Layer 4,21.175,28.575,26.675,28.575,0.4,,,"3V3_DIG|Pad R_AL-2(16.684mm,31.475mm) on L6 BOTTOM|Pad J_SWD-1(26.063mm,27.63mm) on L1 TOP"
VIA,ROUTE_PLAN_C2_6L1_OK.csv|R72:3V3_DIG,3V3_DIG,Multi Layer,16.675,30.725,,,,0.6,0.3,"3V3_DIG|Pad R_AL-2(16.684mm,31.475mm) on L6 BOTTOM|Pad J_SWD-1(26.063mm,27.63mm) on L1 TOP"
VIA,ROUTE_PLAN_C2_6L1_OK.csv|R73:3V3_DIG,3V3_DIG,Multi Layer,64.375,26.625,,,,0.6,0.3,"3V3_DIG|Pad U_MCU1-28(53.08mm,27.762mm) on L1 TOP [Unplated]|Pad U_MCU1-50(64.08mm,27.762mm) on L1 TOP [Unplated]"
TRACK,ROUTE_PLAN_C2_6L1_OK.csv|R90:INA_OUT_3,INA_OUT_3,Bottom Layer,44.125,24.025,44.325,24.025,0.2,,,"INA_OUT_3|Pad CL_3-2(43.45mm,24.75mm) on L6 BOTTOM|Pad Rservo_3-2(43.625mm,15.55mm) on L6 BOTTOM"
TRACK,ROUTE_PLAN_C2_6L1_OK.csv|R90:INA_OUT_3,INA_OUT_3,Bottom Layer,44.325,24.025,45.275,23.075,0.2,,,"INA_OUT_3|Pad CL_3-2(43.45mm,24.75mm) on L6 BOTTOM|Pad Rservo_3-2(43.625mm,15.55mm) on L6 BOTTOM"
TRACK,ROUTE_PLAN_C2_6L1_OK.csv|R90:INA_OUT_3,INA_OUT_3,Top Layer,45.275,23.075,45.275,19.875,0.2,,,"INA_OUT_3|Pad CL_3-2(43.45mm,24.75mm) on L6 BOTTOM|Pad Rservo_3-2(43.625mm,15.55mm) on L6 BOTTOM"
TRACK,ROUTE_PLAN_C2_6L1_OK.csv|R90:INA_OUT_3,INA_OUT_3,Top Layer,45.275,19.875,45.625,19.525,0.2,,,"INA_OUT_3|Pad CL_3-2(43.45mm,24.75mm) on L6 BOTTOM|Pad Rservo_3-2(43.625mm,15.55mm) on L6 BOTTOM"
TRACK,ROUTE_PLAN_C2_6L1_OK.csv|R90:INA_OUT_3,INA_OUT_3,Bottom Layer,45.625,19.525,45.625,16.675,0.2,,,"INA_OUT_3|Pad CL_3-2(43.45mm,24.75mm) on L6 BOTTOM|Pad Rservo_3-2(43.625mm,15.55mm) on L6 BOTTOM"
TRACK,ROUTE_PLAN_C2_6L1_OK.csv|R90:INA_OUT_3,INA_OUT_3,Bottom Layer,45.625,16.675,45.525,16.575,0.2,,,"INA_OUT_3|Pad CL_3-2(43.45mm,24.75mm) on L6 BOTTOM|Pad Rservo_3-2(43.625mm,15.55mm) on L6 BOTTOM"
TRACK,ROUTE_PLAN_C2_6L1_OK.csv|R90:INA_OUT_3,INA_OUT_3,Bottom Layer,45.525,16.575,45.475,16.575,0.2,,,"INA_OUT_3|Pad CL_3-2(43.45mm,24.75mm) on L6 BOTTOM|Pad Rservo_3-2(43.625mm,15.55mm) on L6 BOTTOM"
TRACK,ROUTE_PLAN_C2_6L1_OK.csv|R90:INA_OUT_3,INA_OUT_3,Bottom Layer,45.475,16.575,45.475,16.525,0.2,,,"INA_OUT_3|Pad CL_3-2(43.45mm,24.75mm) on L6 BOTTOM|Pad Rservo_3-2(43.625mm,15.55mm) on L6 BOTTOM"
TRACK,ROUTE_PLAN_C2_6L1_OK.csv|R90:INA_OUT_3,INA_OUT_3,Bottom Layer,45.475,16.525,45.425,16.525,0.2,,,"INA_OUT_3|Pad CL_3-2(43.45mm,24.75mm) on L6 BOTTOM|Pad Rservo_3-2(43.625mm,15.55mm) on L6 BOTTOM"
TRACK,ROUTE_PLAN_C2_6L1_OK.csv|R90:INA_OUT_3,INA_OUT_3,Bottom Layer,45.425,16.525,45.425,16.475,0.2,,,"INA_OUT_3|Pad CL_3-2(43.45mm,24.75mm) on L6 BOTTOM|Pad Rservo_3-2(43.625mm,15.55mm) on L6 BOTTOM"
TRACK,ROUTE_PLAN_C2_6L1_OK.csv|R90:INA_OUT_3,INA_OUT_3,Bottom Layer,45.425,16.475,45.325,16.475,0.2,,,"INA_OUT_3|Pad CL_3-2(43.45mm,24.75mm) on L6 BOTTOM|Pad Rservo_3-2(43.625mm,15.55mm) on L6 BOTTOM"
TRACK,ROUTE_PLAN_C2_6L1_OK.csv|R90:INA_OUT_3,INA_OUT_3,Bottom Layer,45.325,16.475,44.675,15.825,0.2,,,"INA_OUT_3|Pad CL_3-2(43.45mm,24.75mm) on L6 BOTTOM|Pad Rservo_3-2(43.625mm,15.55mm) on L6 BOTTOM"
TRACK,ROUTE_PLAN_C2_6L1_OK.csv|R90:INA_OUT_3,INA_OUT_3,Bottom Layer,44.675,15.825,43.875,15.825,0.2,,,"INA_OUT_3|Pad CL_3-2(43.45mm,24.75mm) on L6 BOTTOM|Pad Rservo_3-2(43.625mm,15.55mm) on L6 BOTTOM"
VIA,ROUTE_PLAN_C2_6L1_OK.csv|R90:INA_OUT_3,INA_OUT_3,Multi Layer,45.275,23.075,,,,0.6,0.3,"INA_OUT_3|Pad CL_3-2(43.45mm,24.75mm) on L6 BOTTOM|Pad Rservo_3-2(43.625mm,15.55mm) on L6 BOTTOM"
VIA,ROUTE_PLAN_C2_6L1_OK.csv|R90:INA_OUT_3,INA_OUT_3,Multi Layer,45.625,19.525,,,,0.6,0.3,"INA_OUT_3|Pad CL_3-2(43.45mm,24.75mm) on L6 BOTTOM|Pad Rservo_3-2(43.625mm,15.55mm) on L6 BOTTOM"
TRACK,ROUTE_PLAN_C2_6L1_OK.csv|R93:VREF_B_SRC,VREF_B_SRC,Mid Layer 2,32.825,12.575,32.825,11.675,0.15,,,"VREF_B_SRC|Pad R_VREF1-1(22.6mm,11.888mm) on L1 TOP|Pad R_VREF2-1(33.4mm,11.888mm) on L1 TOP"
TRACK,ROUTE_PLAN_C2_6L1_OK.csv|R93:VREF_B_SRC,VREF_B_SRC,Mid Layer 2,32.825,11.675,32.775,11.625,0.15,,,"VREF_B_SRC|Pad R_VREF1-1(22.6mm,11.888mm) on L1 TOP|Pad R_VREF2-1(33.4mm,11.888mm) on L1 TOP"
TRACK,ROUTE_PLAN_C2_6L1_OK.csv|R93:VREF_B_SRC,VREF_B_SRC,Top Layer,32.775,11.625,32.975,11.625,0.15,,,"VREF_B_SRC|Pad R_VREF1-1(22.6mm,11.888mm) on L1 TOP|Pad R_VREF2-1(33.4mm,11.888mm) on L1 TOP"
TRACK,ROUTE_PLAN_C2_6L1_OK.csv|R93:VREF_B_SRC,VREF_B_SRC,Top Layer,32.975,11.625,33.175,11.825,0.15,,,"VREF_B_SRC|Pad R_VREF1-1(22.6mm,11.888mm) on L1 TOP|Pad R_VREF2-1(33.4mm,11.888mm) on L1 TOP"
VIA,ROUTE_PLAN_C2_6L1_OK.csv|R93:VREF_B_SRC,VREF_B_SRC,Multi Layer,32.775,11.625,,,,0.45,0.2,"VREF_B_SRC|Pad R_VREF1-1(22.6mm,11.888mm) on L1 TOP|Pad R_VREF2-1(33.4mm,11.888mm) on L1 TOP"
TRACK,ROUTE_PLAN_C2_6L1_OK.csv|R94:VREF_B_SRC,VREF_B_SRC,Top Layer,43.975,11.675,43.625,11.675,0.15,,,"VREF_B_SRC|Pad R_VREF3-1(44.2mm,11.888mm) on L1 TOP|Pad R_VREF4-1(55mm,11.888mm) on L1 TOP"
TRACK,ROUTE_PLAN_C2_6L1_OK.csv|R94:VREF_B_SRC,VREF_B_SRC,Top Layer,43.625,11.675,43.575,11.625,0.15,,,"VREF_B_SRC|Pad R_VREF3-1(44.2mm,11.888mm) on L1 TOP|Pad R_VREF4-1(55mm,11.888mm) on L1 TOP"
TRACK,ROUTE_PLAN_C2_6L1_OK.csv|R94:VREF_B_SRC,VREF_B_SRC,Mid Layer 2,43.575,11.625,46.325,11.625,0.15,,,"VREF_B_SRC|Pad R_VREF3-1(44.2mm,11.888mm) on L1 TOP|Pad R_VREF4-1(55mm,11.888mm) on L1 TOP"
TRACK,ROUTE_PLAN_C2_6L1_OK.csv|R94:VREF_B_SRC,VREF_B_SRC,Mid Layer 2,46.325,11.625,48.125,13.425,0.15,,,"VREF_B_SRC|Pad R_VREF3-1(44.2mm,11.888mm) on L1 TOP|Pad R_VREF4-1(55mm,11.888mm) on L1 TOP"
TRACK,ROUTE_PLAN_C2_6L1_OK.csv|R94:VREF_B_SRC,VREF_B_SRC,Mid Layer 2,48.125,13.425,53.575,13.425,0.15,,,"VREF_B_SRC|Pad R_VREF3-1(44.2mm,11.888mm) on L1 TOP|Pad R_VREF4-1(55mm,11.888mm) on L1 TOP"
TRACK,ROUTE_PLAN_C2_6L1_OK.csv|R94:VREF_B_SRC,VREF_B_SRC,Mid Layer 2,53.575,13.425,54.425,12.575,0.15,,,"VREF_B_SRC|Pad R_VREF3-1(44.2mm,11.888mm) on L1 TOP|Pad R_VREF4-1(55mm,11.888mm) on L1 TOP"
TRACK,ROUTE_PLAN_C2_6L1_OK.csv|R94:VREF_B_SRC,VREF_B_SRC,Mid Layer 2,54.425,12.575,54.425,11.675,0.15,,,"VREF_B_SRC|Pad R_VREF3-1(44.2mm,11.888mm) on L1 TOP|Pad R_VREF4-1(55mm,11.888mm) on L1 TOP"
TRACK,ROUTE_PLAN_C2_6L1_OK.csv|R94:VREF_B_SRC,VREF_B_SRC,Mid Layer 2,54.425,11.675,54.375,11.625,0.15,,,"VREF_B_SRC|Pad R_VREF3-1(44.2mm,11.888mm) on L1 TOP|Pad R_VREF4-1(55mm,11.888mm) on L1 TOP"
TRACK,ROUTE_PLAN_C2_6L1_OK.csv|R94:VREF_B_SRC,VREF_B_SRC,Top Layer,54.375,11.625,54.575,11.625,0.15,,,"VREF_B_SRC|Pad R_VREF3-1(44.2mm,11.888mm) on L1 TOP|Pad R_VREF4-1(55mm,11.888mm) on L1 TOP"
TRACK,ROUTE_PLAN_C2_6L1_OK.csv|R94:VREF_B_SRC,VREF_B_SRC,Top Layer,54.575,11.625,54.775,11.825,0.15,,,"VREF_B_SRC|Pad R_VREF3-1(44.2mm,11.888mm) on L1 TOP|Pad R_VREF4-1(55mm,11.888mm) on L1 TOP"
VIA,ROUTE_PLAN_C2_6L1_OK.csv|R94:VREF_B_SRC,VREF_B_SRC,Multi Layer,43.575,11.625,,,,0.45,0.2,"VREF_B_SRC|Pad R_VREF3-1(44.2mm,11.888mm) on L1 TOP|Pad R_VREF4-1(55mm,11.888mm) on L1 TOP"
VIA,ROUTE_PLAN_C2_6L1_OK.csv|R94:VREF_B_SRC,VREF_B_SRC,Multi Layer,54.375,11.625,,,,0.45,0.2,"VREF_B_SRC|Pad R_VREF3-1(44.2mm,11.888mm) on L1 TOP|Pad R_VREF4-1(55mm,11.888mm) on L1 TOP"
TRACK,ROUTE_PLAN_C2_6L1_OK.csv|R95:VREF_B_SRC,VREF_B_SRC,Mid Layer 2,54.475,12.625,58.125,12.625,0.15,,,"VREF_B_SRC|Pad R_VREF4-1(55mm,11.888mm) on L1 TOP|Pad R_VREF5-1(65.8mm,11.888mm) on L1 TOP"
TRACK,ROUTE_PLAN_C2_6L1_OK.csv|R95:VREF_B_SRC,VREF_B_SRC,Mid Layer 2,58.125,12.625,58.925,13.425,0.15,,,"VREF_B_SRC|Pad R_VREF4-1(55mm,11.888mm) on L1 TOP|Pad R_VREF5-1(65.8mm,11.888mm) on L1 TOP"
TRACK,ROUTE_PLAN_C2_6L1_OK.csv|R95:VREF_B_SRC,VREF_B_SRC,Mid Layer 2,58.925,13.425,64.375,13.425,0.15,,,"VREF_B_SRC|Pad R_VREF4-1(55mm,11.888mm) on L1 TOP|Pad R_VREF5-1(65.8mm,11.888mm) on L1 TOP"
TRACK,ROUTE_PLAN_C2_6L1_OK.csv|R95:VREF_B_SRC,VREF_B_SRC,Mid Layer 2,64.375,13.425,65.225,12.575,0.15,,,"VREF_B_SRC|Pad R_VREF4-1(55mm,11.888mm) on L1 TOP|Pad R_VREF5-1(65.8mm,11.888mm) on L1 TOP"
TRACK,ROUTE_PLAN_C2_6L1_OK.csv|R95:VREF_B_SRC,VREF_B_SRC,Mid Layer 2,65.225,12.575,65.225,11.675,0.15,,,"VREF_B_SRC|Pad R_VREF4-1(55mm,11.888mm) on L1 TOP|Pad R_VREF5-1(65.8mm,11.888mm) on L1 TOP"
TRACK,ROUTE_PLAN_C2_6L1_OK.csv|R95:VREF_B_SRC,VREF_B_SRC,Mid Layer 2,65.225,11.675,65.175,11.625,0.15,,,"VREF_B_SRC|Pad R_VREF4-1(55mm,11.888mm) on L1 TOP|Pad R_VREF5-1(65.8mm,11.888mm) on L1 TOP"
TRACK,ROUTE_PLAN_C2_6L1_OK.csv|R95:VREF_B_SRC,VREF_B_SRC,Top Layer,65.175,11.625,65.375,11.625,0.15,,,"VREF_B_SRC|Pad R_VREF4-1(55mm,11.888mm) on L1 TOP|Pad R_VREF5-1(65.8mm,11.888mm) on L1 TOP"
TRACK,ROUTE_PLAN_C2_6L1_OK.csv|R95:VREF_B_SRC,VREF_B_SRC,Top Layer,65.375,11.625,65.575,11.825,0.15,,,"VREF_B_SRC|Pad R_VREF4-1(55mm,11.888mm) on L1 TOP|Pad R_VREF5-1(65.8mm,11.888mm) on L1 TOP"
VIA,ROUTE_PLAN_C2_6L1_OK.csv|R95:VREF_B_SRC,VREF_B_SRC,Multi Layer,65.175,11.625,,,,0.45,0.2,"VREF_B_SRC|Pad R_VREF4-1(55mm,11.888mm) on L1 TOP|Pad R_VREF5-1(65.8mm,11.888mm) on L1 TOP"
TRACK,ROUTE_PLAN_C2_6L1_OK.csv|R96:VREF_B_SRC,VREF_B_SRC,Mid Layer 2,32.875,12.625,36.475,12.625,0.2,,,"VREF_B_SRC|Pad R_VREF2-1(33.4mm,11.888mm) on L1 TOP|Pad R_VREF3-1(44.2mm,11.888mm) on L1 TOP"
TRACK,ROUTE_PLAN_C2_6L1_OK.csv|R96:VREF_B_SRC,VREF_B_SRC,Mid Layer 2,36.475,12.625,37.325,13.475,0.2,,,"VREF_B_SRC|Pad R_VREF2-1(33.4mm,11.888mm) on L1 TOP|Pad R_VREF3-1(44.2mm,11.888mm) on L1 TOP"
TRACK,ROUTE_PLAN_C2_6L1_OK.csv|R96:VREF_B_SRC,VREF_B_SRC,Mid Layer 2,37.325,13.475,42.775,13.475,0.2,,,"VREF_B_SRC|Pad R_VREF2-1(33.4mm,11.888mm) on L1 TOP|Pad R_VREF3-1(44.2mm,11.888mm) on L1 TOP"
TRACK,ROUTE_PLAN_C2_6L1_OK.csv|R96:VREF_B_SRC,VREF_B_SRC,Mid Layer 2,42.775,13.475,44.325,11.925,0.2,,,"VREF_B_SRC|Pad R_VREF2-1(33.4mm,11.888mm) on L1 TOP|Pad R_VREF3-1(44.2mm,11.888mm) on L1 TOP"
TRACK,ROUTE_PLAN_C2_6L1_OK.csv|R96:VREF_B_SRC,VREF_B_SRC,Mid Layer 2,44.325,11.925,44.325,11.675,0.2,,,"VREF_B_SRC|Pad R_VREF2-1(33.4mm,11.888mm) on L1 TOP|Pad R_VREF3-1(44.2mm,11.888mm) on L1 TOP"
TRACK,ROUTE_PLAN_C2_6L1_OK.csv|R97:WIFI_SPI_MOSI,WIFI_SPI_MOSI,Top Layer,38.675,44.625,38.675,44.125,0.15,,,"WIFI_SPI_MOSI|Pad U_WIFI1-27(38.315mm,45.016mm) on L1 TOP [Unplated]|Pad R_SPI_MOSI-1(57.08mm,25.538mm) on L1 TOP"
TRACK,ROUTE_PLAN_C2_6L1_OK.csv|R97:WIFI_SPI_MOSI,WIFI_SPI_MOSI,Top Layer,38.675,44.125,39.375,43.425,0.15,,,"WIFI_SPI_MOSI|Pad U_WIFI1-27(38.315mm,45.016mm) on L1 TOP [Unplated]|Pad R_SPI_MOSI-1(57.08mm,25.538mm) on L1 TOP"
TRACK,ROUTE_PLAN_C2_6L1_OK.csv|R97:WIFI_SPI_MOSI,WIFI_SPI_MOSI,Mid Layer 2,39.375,43.425,39.375,42.325,0.15,,,"WIFI_SPI_MOSI|Pad U_WIFI1-27(38.315mm,45.016mm) on L1 TOP [Unplated]|Pad R_SPI_MOSI-1(57.08mm,25.538mm) on L1 TOP"
TRACK,ROUTE_PLAN_C2_6L1_OK.csv|R97:WIFI_SPI_MOSI,WIFI_SPI_MOSI,Mid Layer 2,39.375,42.325,40.425,41.275,0.15,,,"WIFI_SPI_MOSI|Pad U_WIFI1-27(38.315mm,45.016mm) on L1 TOP [Unplated]|Pad R_SPI_MOSI-1(57.08mm,25.538mm) on L1 TOP"
TRACK,ROUTE_PLAN_C2_6L1_OK.csv|R97:WIFI_SPI_MOSI,WIFI_SPI_MOSI,Top Layer,40.425,41.275,40.425,38.675,0.15,,,"WIFI_SPI_MOSI|Pad U_WIFI1-27(38.315mm,45.016mm) on L1 TOP [Unplated]|Pad R_SPI_MOSI-1(57.08mm,25.538mm) on L1 TOP"
TRACK,ROUTE_PLAN_C2_6L1_OK.csv|R97:WIFI_SPI_MOSI,WIFI_SPI_MOSI,Mid Layer 2,40.425,38.675,43.375,35.725,0.15,,,"WIFI_SPI_MOSI|Pad U_WIFI1-27(38.315mm,45.016mm) on L1 TOP [Unplated]|Pad R_SPI_MOSI-1(57.08mm,25.538mm) on L1 TOP"
TRACK,ROUTE_PLAN_C2_6L1_OK.csv|R97:WIFI_SPI_MOSI,WIFI_SPI_MOSI,Mid Layer 2,43.375,35.725,43.425,35.725,0.15,,,"WIFI_SPI_MOSI|Pad U_WIFI1-27(38.315mm,45.016mm) on L1 TOP [Unplated]|Pad R_SPI_MOSI-1(57.08mm,25.538mm) on L1 TOP"
TRACK,ROUTE_PLAN_C2_6L1_OK.csv|R97:WIFI_SPI_MOSI,WIFI_SPI_MOSI,Mid Layer 2,43.425,35.725,46.225,32.925,0.15,,,"WIFI_SPI_MOSI|Pad U_WIFI1-27(38.315mm,45.016mm) on L1 TOP [Unplated]|Pad R_SPI_MOSI-1(57.08mm,25.538mm) on L1 TOP"
TRACK,ROUTE_PLAN_C2_6L1_OK.csv|R97:WIFI_SPI_MOSI,WIFI_SPI_MOSI,Mid Layer 2,46.225,32.925,46.225,30.575,0.15,,,"WIFI_SPI_MOSI|Pad U_WIFI1-27(38.315mm,45.016mm) on L1 TOP [Unplated]|Pad R_SPI_MOSI-1(57.08mm,25.538mm) on L1 TOP"
TRACK,ROUTE_PLAN_C2_6L1_OK.csv|R97:WIFI_SPI_MOSI,WIFI_SPI_MOSI,Mid Layer 2,46.225,30.575,48.075,28.725,0.15,,,"WIFI_SPI_MOSI|Pad U_WIFI1-27(38.315mm,45.016mm) on L1 TOP [Unplated]|Pad R_SPI_MOSI-1(57.08mm,25.538mm) on L1 TOP"
TRACK,ROUTE_PLAN_C2_6L1_OK.csv|R97:WIFI_SPI_MOSI,WIFI_SPI_MOSI,Mid Layer 2,48.075,28.725,48.6045,28.725,0.15,,,"WIFI_SPI_MOSI|Pad U_WIFI1-27(38.315mm,45.016mm) on L1 TOP [Unplated]|Pad R_SPI_MOSI-1(57.08mm,25.538mm) on L1 TOP"
TRACK,ROUTE_PLAN_C2_6L1_OK.csv|R97:WIFI_SPI_MOSI,WIFI_SPI_MOSI,Mid Layer 2,48.6045,28.725,50.575,28.725,0.15,,,"WIFI_SPI_MOSI|Pad U_WIFI1-27(38.315mm,45.016mm) on L1 TOP [Unplated]|Pad R_SPI_MOSI-1(57.08mm,25.538mm) on L1 TOP"
TRACK,ROUTE_PLAN_C2_6L1_OK.csv|R97:WIFI_SPI_MOSI,WIFI_SPI_MOSI,Mid Layer 2,50.575,28.725,53.2755,26.0245,0.15,,,"WIFI_SPI_MOSI|Pad U_WIFI1-27(38.315mm,45.016mm) on L1 TOP [Unplated]|Pad R_SPI_MOSI-1(57.08mm,25.538mm) on L1 TOP"
TRACK,ROUTE_PLAN_C2_6L1_OK.csv|R97:WIFI_SPI_MOSI,WIFI_SPI_MOSI,Mid Layer 2,53.2755,26.0245,54.075,25.225,0.15,,,"WIFI_SPI_MOSI|Pad U_WIFI1-27(38.315mm,45.016mm) on L1 TOP [Unplated]|Pad R_SPI_MOSI-1(57.08mm,25.538mm) on L1 TOP"
TRACK,ROUTE_PLAN_C2_6L1_OK.csv|R97:WIFI_SPI_MOSI,WIFI_SPI_MOSI,Mid Layer 2,54.075,25.225,57.325,25.225,0.15,,,"WIFI_SPI_MOSI|Pad U_WIFI1-27(38.315mm,45.016mm) on L1 TOP [Unplated]|Pad R_SPI_MOSI-1(57.08mm,25.538mm) on L1 TOP"
TRACK,ROUTE_PLAN_C2_6L1_OK.csv|R97:WIFI_SPI_MOSI,WIFI_SPI_MOSI,Mid Layer 2,57.325,25.225,57.675,25.575,0.15,,,"WIFI_SPI_MOSI|Pad U_WIFI1-27(38.315mm,45.016mm) on L1 TOP [Unplated]|Pad R_SPI_MOSI-1(57.08mm,25.538mm) on L1 TOP"
TRACK,ROUTE_PLAN_C2_6L1_OK.csv|R97:WIFI_SPI_MOSI,WIFI_SPI_MOSI,Top Layer,57.675,25.575,57.275,25.575,0.15,,,"WIFI_SPI_MOSI|Pad U_WIFI1-27(38.315mm,45.016mm) on L1 TOP [Unplated]|Pad R_SPI_MOSI-1(57.08mm,25.538mm) on L1 TOP"
VIA,ROUTE_PLAN_C2_6L1_OK.csv|R97:WIFI_SPI_MOSI,WIFI_SPI_MOSI,Multi Layer,39.375,43.425,,,,0.45,0.2,"WIFI_SPI_MOSI|Pad U_WIFI1-27(38.315mm,45.016mm) on L1 TOP [Unplated]|Pad R_SPI_MOSI-1(57.08mm,25.538mm) on L1 TOP"
VIA,ROUTE_PLAN_C2_6L1_OK.csv|R97:WIFI_SPI_MOSI,WIFI_SPI_MOSI,Multi Layer,40.425,41.275,,,,0.45,0.2,"WIFI_SPI_MOSI|Pad U_WIFI1-27(38.315mm,45.016mm) on L1 TOP [Unplated]|Pad R_SPI_MOSI-1(57.08mm,25.538mm) on L1 TOP"
VIA,ROUTE_PLAN_C2_6L1_OK.csv|R97:WIFI_SPI_MOSI,WIFI_SPI_MOSI,Multi Layer,40.425,38.675,,,,0.45,0.2,"WIFI_SPI_MOSI|Pad U_WIFI1-27(38.315mm,45.016mm) on L1 TOP [Unplated]|Pad R_SPI_MOSI-1(57.08mm,25.538mm) on L1 TOP"
VIA,ROUTE_PLAN_C2_6L1_OK.csv|R97:WIFI_SPI_MOSI,WIFI_SPI_MOSI,Multi Layer,57.675,25.575,,,,0.45,0.2,"WIFI_SPI_MOSI|Pad U_WIFI1-27(38.315mm,45.016mm) on L1 TOP [Unplated]|Pad R_SPI_MOSI-1(57.08mm,25.538mm) on L1 TOP"
TRACK,ROUTE_PLAN_C2_6L1_OK.csv|R99:DRL_AMP_OUT,DRL_AMP_OUT,Bottom Layer,13.775,13.475,13.725,13.425,0.2,,,"DRL_AMP_OUT|Pad C_DRL_FB-2(13.942mm,13.676mm) on L6 BOTTOM|Track (14.875mm,13.525mm)(15.106mm,13.756mm) on L3 SIGNAL"
TRACK,ROUTE_PLAN_C2_6L1_OK.csv|R99:DRL_AMP_OUT,DRL_AMP_OUT,Bottom Layer,13.725,13.425,13.725,13.278,0.2,,,"DRL_AMP_OUT|Pad C_DRL_FB-2(13.942mm,13.676mm) on L6 BOTTOM|Track (14.875mm,13.525mm)(15.106mm,13.756mm) on L3 SIGNAL"
TRACK,ROUTE_PLAN_C2_6L1_OK.csv|R99:DRL_AMP_OUT,DRL_AMP_OUT,Bottom Layer,13.725,13.278,13.725,13.225,0.2,,,"DRL_AMP_OUT|Pad C_DRL_FB-2(13.942mm,13.676mm) on L6 BOTTOM|Track (14.875mm,13.525mm)(15.106mm,13.756mm) on L3 SIGNAL"
TRACK,ROUTE_PLAN_C2_6L1_OK.csv|R99:DRL_AMP_OUT,DRL_AMP_OUT,Bottom Layer,13.725,13.225,13.45,12.95,0.2,,,"DRL_AMP_OUT|Pad C_DRL_FB-2(13.942mm,13.676mm) on L6 BOTTOM|Track (14.875mm,13.525mm)(15.106mm,13.756mm) on L3 SIGNAL"
TRACK,ROUTE_PLAN_C2_6L1_OK.csv|R99:DRL_AMP_OUT,DRL_AMP_OUT,Bottom Layer,13.45,12.95,13.225,12.725,0.2,,,"DRL_AMP_OUT|Pad C_DRL_FB-2(13.942mm,13.676mm) on L6 BOTTOM|Track (14.875mm,13.525mm)(15.106mm,13.756mm) on L3 SIGNAL"
TRACK,ROUTE_PLAN_C2_6L1_OK.csv|R99:DRL_AMP_OUT,DRL_AMP_OUT,Bottom Layer,13.225,12.725,13.225,11.525,0.2,,,"DRL_AMP_OUT|Pad C_DRL_FB-2(13.942mm,13.676mm) on L6 BOTTOM|Track (14.875mm,13.525mm)(15.106mm,13.756mm) on L3 SIGNAL"
TRACK,ROUTE_PLAN_C2_6L1_OK.csv|R99:DRL_AMP_OUT,DRL_AMP_OUT,Bottom Layer,13.225,11.525,13.325,11.425,0.2,,,"DRL_AMP_OUT|Pad C_DRL_FB-2(13.942mm,13.676mm) on L6 BOTTOM|Track (14.875mm,13.525mm)(15.106mm,13.756mm) on L3 SIGNAL"
TRACK,ROUTE_PLAN_C2_6L1_OK.csv|R99:DRL_AMP_OUT,DRL_AMP_OUT,Mid Layer 2,13.325,11.425,13.225,11.525,0.2,,,"DRL_AMP_OUT|Pad C_DRL_FB-2(13.942mm,13.676mm) on L6 BOTTOM|Track (14.875mm,13.525mm)(15.106mm,13.756mm) on L3 SIGNAL"
VIA,ROUTE_PLAN_C2_6L1_OK.csv|R99:DRL_AMP_OUT,DRL_AMP_OUT,Multi Layer,13.325,11.425,,,,0.6,0.3,"DRL_AMP_OUT|Pad C_DRL_FB-2(13.942mm,13.676mm) on L6 BOTTOM|Track (14.875mm,13.525mm)(15.106mm,13.756mm) on L3 SIGNAL"
TRACK,ROUTE_PLAN_C2_6L3_OK.csv|R11:3V0_ANA,3V0_ANA,Top Layer,20.525,19.275,20.675,19.425,0.4,,,"3V0_ANA|Via (20.344mm,19.136mm) from L1 TOP to L6 BOTTOM|Pad CCU2-2(20.85mm,19.55mm) on L1 TOP"
TRACK,ROUTE_PLAN_C2_6L3_OK.csv|R15:3V0_ANA,3V0_ANA,Bottom Layer,19.875,19.675,19.975,19.675,0.4,,,"3V0_ANA|Pad CU_11-2(19.679mm,19.85mm) on L6 BOTTOM|Track (20.344mm,19.136mm)(20.65mm,19.85mm) on L6 BOTTOM"
TRACK,ROUTE_PLAN_C2_6L3_OK.csv|R15:3V0_ANA,3V0_ANA,Bottom Layer,19.975,19.675,20.275,19.375,0.4,,,"3V0_ANA|Pad CU_11-2(19.679mm,19.85mm) on L6 BOTTOM|Track (20.344mm,19.136mm)(20.65mm,19.85mm) on L6 BOTTOM"
TRACK,ROUTE_PLAN_C2_6L3_OK.csv|R16:3V0_ANA,3V0_ANA,Top Layer,20.775,19.775,20.775,20.375,0.15,,,"3V0_ANA|Pad CCU2-2(20.85mm,19.55mm) on L1 TOP|Pad CCU1-1(20.871mm,20.55mm) on L1 TOP"
TRACK,ROUTE_PLAN_C2_6L3_OK.csv|R26:3V0_ANA,3V0_ANA,Mid Layer 4,16.175,16.725,17.175,16.725,0.15,,,"3V0_ANA|Via (15.938mm,16.855mm) from L1 TOP to L6 BOTTOM|Via (15.95mm,12.55mm) from L1 TOP to L6 BOTTOM"
TRACK,ROUTE_PLAN_C2_6L3_OK.csv|R26:3V0_ANA,3V0_ANA,Mid Layer 4,17.175,16.725,17.825,16.075,0.15,,,"3V0_ANA|Via (15.938mm,16.855mm) from L1 TOP to L6 BOTTOM|Via (15.95mm,12.55mm) from L1 TOP to L6 BOTTOM"
TRACK,ROUTE_PLAN_C2_6L3_OK.csv|R26:3V0_ANA,3V0_ANA,Mid Layer 4,17.825,16.075,17.825,14.675,0.15,,,"3V0_ANA|Via (15.938mm,16.855mm) from L1 TOP to L6 BOTTOM|Via (15.95mm,12.55mm) from L1 TOP to L6 BOTTOM"
TRACK,ROUTE_PLAN_C2_6L3_OK.csv|R26:3V0_ANA,3V0_ANA,Mid Layer 4,17.825,14.675,16.125,12.975,0.15,,,"3V0_ANA|Via (15.938mm,16.855mm) from L1 TOP to L6 BOTTOM|Via (15.95mm,12.55mm) from L1 TOP to L6 BOTTOM"
TRACK,ROUTE_PLAN_C2_6L3_OK.csv|R26:3V0_ANA,3V0_ANA,Mid Layer 4,16.125,12.975,16.125,12.775,0.15,,,"3V0_ANA|Via (15.938mm,16.855mm) from L1 TOP to L6 BOTTOM|Via (15.95mm,12.55mm) from L1 TOP to L6 BOTTOM"
TRACK,ROUTE_PLAN_C2_6L3_OK.csv|R30:VSYS,VSYS,Mid Layer 4,52.375,41.325,52.7219,41.325,0.4,,,"VSYS|Pad CUP4_1-1(53.412mm,41.384mm) on L4 BOTTOM GND|Pad R_EN1_1-1(64.969mm,40.25mm) on L4 BOTTOM GND"
TRACK,ROUTE_PLAN_C2_6L3_OK.csv|R30:VSYS,VSYS,Mid Layer 4,52.7219,41.325,57.575,41.325,0.4,,,"VSYS|Pad CUP4_1-1(53.412mm,41.384mm) on L4 BOTTOM GND|Pad R_EN1_1-1(64.969mm,40.25mm) on L4 BOTTOM GND"
TRACK,ROUTE_PLAN_C2_6L3_OK.csv|R30:VSYS,VSYS,Mid Layer 4,57.575,41.325,59.125,42.875,0.4,,,"VSYS|Pad CUP4_1-1(53.412mm,41.384mm) on L4 BOTTOM GND|Pad R_EN1_1-1(64.969mm,40.25mm) on L4 BOTTOM GND"
TRACK,ROUTE_PLAN_C2_6L3_OK.csv|R30:VSYS,VSYS,Mid Layer 4,59.125,42.875,61.725,42.875,0.4,,,"VSYS|Pad CUP4_1-1(53.412mm,41.384mm) on L4 BOTTOM GND|Pad R_EN1_1-1(64.969mm,40.25mm) on L4 BOTTOM GND"
TRACK,ROUTE_PLAN_C2_6L3_OK.csv|R30:VSYS,VSYS,Mid Layer 4,61.725,42.875,62.725,41.875,0.4,,,"VSYS|Pad CUP4_1-1(53.412mm,41.384mm) on L4 BOTTOM GND|Pad R_EN1_1-1(64.969mm,40.25mm) on L4 BOTTOM GND"
TRACK,ROUTE_PLAN_C2_6L3_OK.csv|R30:VSYS,VSYS,Bottom Layer,62.725,41.875,63.075,41.875,0.4,,,"VSYS|Pad CUP4_1-1(53.412mm,41.384mm) on L4 BOTTOM GND|Pad R_EN1_1-1(64.969mm,40.25mm) on L4 BOTTOM GND"
TRACK,ROUTE_PLAN_C2_6L3_OK.csv|R30:VSYS,VSYS,Bottom Layer,63.075,41.875,63.625,41.325,0.4,,,"VSYS|Pad CUP4_1-1(53.412mm,41.384mm) on L4 BOTTOM GND|Pad R_EN1_1-1(64.969mm,40.25mm) on L4 BOTTOM GND"
TRACK,ROUTE_PLAN_C2_6L3_OK.csv|R30:VSYS,VSYS,Bottom Layer,63.625,41.325,64.225,41.325,0.4,,,"VSYS|Pad CUP4_1-1(53.412mm,41.384mm) on L4 BOTTOM GND|Pad R_EN1_1-1(64.969mm,40.25mm) on L4 BOTTOM GND"
VIA,ROUTE_PLAN_C2_6L3_OK.csv|R30:VSYS,VSYS,Multi Layer,62.725,41.875,,,,0.6,0.3,"VSYS|Pad CUP4_1-1(53.412mm,41.384mm) on L4 BOTTOM GND|Pad R_EN1_1-1(64.969mm,40.25mm) on L4 BOTTOM GND"
TRACK,ROUTE_PLAN_C2_6L3_OK.csv|R36:NetC2_EN1_1,NetC2_EN1_1,Mid Layer 2,62.725,37.325,62.975,37.075,0.2,,,"NetC2_EN1_1|Pad U_EN1-3(63.8mm,37.325mm) on L4 BOTTOM GND|Pad C2_EN1-1(64.09mm,35.95mm) on L4 BOTTOM GND"
TRACK,ROUTE_PLAN_C2_6L3_OK.csv|R36:NetC2_EN1_1,NetC2_EN1_1,Mid Layer 2,62.975,37.075,63.075,37.075,0.2,,,"NetC2_EN1_1|Pad U_EN1-3(63.8mm,37.325mm) on L4 BOTTOM GND|Pad C2_EN1-1(64.09mm,35.95mm) on L4 BOTTOM GND"
TRACK,ROUTE_PLAN_C2_6L3_OK.csv|R36:NetC2_EN1_1,NetC2_EN1_1,Mid Layer 2,63.075,37.075,63.375,36.775,0.2,,,"NetC2_EN1_1|Pad U_EN1-3(63.8mm,37.325mm) on L4 BOTTOM GND|Pad C2_EN1-1(64.09mm,35.95mm) on L4 BOTTOM GND"
TRACK,ROUTE_PLAN_C2_6L3_OK.csv|R36:NetC2_EN1_1,NetC2_EN1_1,Mid Layer 2,63.375,36.775,63.375,35.875,0.2,,,"NetC2_EN1_1|Pad U_EN1-3(63.8mm,37.325mm) on L4 BOTTOM GND|Pad C2_EN1-1(64.09mm,35.95mm) on L4 BOTTOM GND"
VIA,ROUTE_PLAN_C2_6L3_OK.csv|R36:NetC2_EN1_1,NetC2_EN1_1,Multi Layer,62.725,37.325,,,,0.6,0.3,"NetC2_EN1_1|Pad U_EN1-3(63.8mm,37.325mm) on L4 BOTTOM GND|Pad C2_EN1-1(64.09mm,35.95mm) on L4 BOTTOM GND"
TRACK,ROUTE_PLAN_C2_6L3_OK.csv|R61:MCU_SWDIO,MCU_SWDIO,Top Layer,24.425,27.625,24.025,27.625,0.15,,,"MCU_SWDIO|Pad J_SWD-2(24.793mm,27.63mm) on L1 TOP|Pad U_MCU1-72(65.818mm,40mm) on L1 TOP [Unplated]"
TRACK,ROUTE_PLAN_C2_6L3_OK.csv|R61:MCU_SWDIO,MCU_SWDIO,Mid Layer 4,24.025,27.625,28.525,27.625,0.15,,,"MCU_SWDIO|Pad J_SWD-2(24.793mm,27.63mm) on L1 TOP|Pad U_MCU1-72(65.818mm,40mm) on L1 TOP [Unplated]"
TRACK,ROUTE_PLAN_C2_6L3_OK.csv|R61:MCU_SWDIO,MCU_SWDIO,Mid Layer 4,28.525,27.625,32.125,31.225,0.15,,,"MCU_SWDIO|Pad J_SWD-2(24.793mm,27.63mm) on L1 TOP|Pad U_MCU1-72(65.818mm,40mm) on L1 TOP [Unplated]"
TRACK,ROUTE_PLAN_C2_6L3_OK.csv|R61:MCU_SWDIO,MCU_SWDIO,Mid Layer 4,32.125,31.225,34.625,31.225,0.15,,,"MCU_SWDIO|Pad J_SWD-2(24.793mm,27.63mm) on L1 TOP|Pad U_MCU1-72(65.818mm,40mm) on L1 TOP [Unplated]"
TRACK,ROUTE_PLAN_C2_6L3_OK.csv|R61:MCU_SWDIO,MCU_SWDIO,Mid Layer 4,34.625,31.225,34.975,31.575,0.15,,,"MCU_SWDIO|Pad J_SWD-2(24.793mm,27.63mm) on L1 TOP|Pad U_MCU1-72(65.818mm,40mm) on L1 TOP [Unplated]"
TRACK,ROUTE_PLAN_C2_6L3_OK.csv|R61:MCU_SWDIO,MCU_SWDIO,Mid Layer 4,34.975,31.575,38.625,31.575,0.15,,,"MCU_SWDIO|Pad J_SWD-2(24.793mm,27.63mm) on L1 TOP|Pad U_MCU1-72(65.818mm,40mm) on L1 TOP [Unplated]"
TRACK,ROUTE_PLAN_C2_6L3_OK.csv|R61:MCU_SWDIO,MCU_SWDIO,Mid Layer 4,38.625,31.575,38.825,31.375,0.15,,,"MCU_SWDIO|Pad J_SWD-2(24.793mm,27.63mm) on L1 TOP|Pad U_MCU1-72(65.818mm,40mm) on L1 TOP [Unplated]"
TRACK,ROUTE_PLAN_C2_6L3_OK.csv|R61:MCU_SWDIO,MCU_SWDIO,Mid Layer 4,38.825,31.375,39.575,31.375,0.15,,,"MCU_SWDIO|Pad J_SWD-2(24.793mm,27.63mm) on L1 TOP|Pad U_MCU1-72(65.818mm,40mm) on L1 TOP [Unplated]"
TRACK,ROUTE_PLAN_C2_6L3_OK.csv|R61:MCU_SWDIO,MCU_SWDIO,Mid Layer 4,39.575,31.375,39.775,31.575,0.15,,,"MCU_SWDIO|Pad J_SWD-2(24.793mm,27.63mm) on L1 TOP|Pad U_MCU1-72(65.818mm,40mm) on L1 TOP [Unplated]"
TRACK,ROUTE_PLAN_C2_6L3_OK.csv|R61:MCU_SWDIO,MCU_SWDIO,Mid Layer 4,39.775,31.575,40.675,31.575,0.15,,,"MCU_SWDIO|Pad J_SWD-2(24.793mm,27.63mm) on L1 TOP|Pad U_MCU1-72(65.818mm,40mm) on L1 TOP [Unplated]"
TRACK,ROUTE_PLAN_C2_6L3_OK.csv|R61:MCU_SWDIO,MCU_SWDIO,Mid Layer 4,40.675,31.575,41.175,31.075,0.15,,,"MCU_SWDIO|Pad J_SWD-2(24.793mm,27.63mm) on L1 TOP|Pad U_MCU1-72(65.818mm,40mm) on L1 TOP [Unplated]"
TRACK,ROUTE_PLAN_C2_6L3_OK.csv|R61:MCU_SWDIO,MCU_SWDIO,Mid Layer 4,41.175,31.075,46.025,31.075,0.15,,,"MCU_SWDIO|Pad J_SWD-2(24.793mm,27.63mm) on L1 TOP|Pad U_MCU1-72(65.818mm,40mm) on L1 TOP [Unplated]"
TRACK,ROUTE_PLAN_C2_6L3_OK.csv|R61:MCU_SWDIO,MCU_SWDIO,Mid Layer 4,46.025,31.075,48.225,33.275,0.15,,,"MCU_SWDIO|Pad J_SWD-2(24.793mm,27.63mm) on L1 TOP|Pad U_MCU1-72(65.818mm,40mm) on L1 TOP [Unplated]"
TRACK,ROUTE_PLAN_C2_6L3_OK.csv|R61:MCU_SWDIO,MCU_SWDIO,Mid Layer 4,48.225,33.275,48.6045,33.275,0.15,,,"MCU_SWDIO|Pad J_SWD-2(24.793mm,27.63mm) on L1 TOP|Pad U_MCU1-72(65.818mm,40mm) on L1 TOP [Unplated]"
TRACK,ROUTE_PLAN_C2_6L3_OK.csv|R61:MCU_SWDIO,MCU_SWDIO,Mid Layer 4,48.6045,33.275,51.925,33.275,0.15,,,"MCU_SWDIO|Pad J_SWD-2(24.793mm,27.63mm) on L1 TOP|Pad U_MCU1-72(65.818mm,40mm) on L1 TOP [Unplated]"
TRACK,ROUTE_PLAN_C2_6L3_OK.csv|R61:MCU_SWDIO,MCU_SWDIO,Mid Layer 4,51.925,33.275,52.575,33.925,0.15,,,"MCU_SWDIO|Pad J_SWD-2(24.793mm,27.63mm) on L1 TOP|Pad U_MCU1-72(65.818mm,40mm) on L1 TOP [Unplated]"
TRACK,ROUTE_PLAN_C2_6L3_OK.csv|R61:MCU_SWDIO,MCU_SWDIO,Mid Layer 4,52.575,33.925,54.525,33.925,0.15,,,"MCU_SWDIO|Pad J_SWD-2(24.793mm,27.63mm) on L1 TOP|Pad U_MCU1-72(65.818mm,40mm) on L1 TOP [Unplated]"
TRACK,ROUTE_PLAN_C2_6L3_OK.csv|R61:MCU_SWDIO,MCU_SWDIO,Top Layer,54.525,33.925,59.875,39.275,0.15,,,"MCU_SWDIO|Pad J_SWD-2(24.793mm,27.63mm) on L1 TOP|Pad U_MCU1-72(65.818mm,40mm) on L1 TOP [Unplated]"
TRACK,ROUTE_PLAN_C2_6L3_OK.csv|R61:MCU_SWDIO,MCU_SWDIO,Top Layer,59.875,39.275,62.075,39.275,0.15,,,"MCU_SWDIO|Pad J_SWD-2(24.793mm,27.63mm) on L1 TOP|Pad U_MCU1-72(65.818mm,40mm) on L1 TOP [Unplated]"
TRACK,ROUTE_PLAN_C2_6L3_OK.csv|R61:MCU_SWDIO,MCU_SWDIO,Top Layer,62.075,39.275,62.625,39.825,0.15,,,"MCU_SWDIO|Pad J_SWD-2(24.793mm,27.63mm) on L1 TOP|Pad U_MCU1-72(65.818mm,40mm) on L1 TOP [Unplated]"
TRACK,ROUTE_PLAN_C2_6L3_OK.csv|R61:MCU_SWDIO,MCU_SWDIO,Mid Layer 2,62.625,39.825,64.725,41.925,0.15,,,"MCU_SWDIO|Pad J_SWD-2(24.793mm,27.63mm) on L1 TOP|Pad U_MCU1-72(65.818mm,40mm) on L1 TOP [Unplated]"
TRACK,ROUTE_PLAN_C2_6L3_OK.csv|R61:MCU_SWDIO,MCU_SWDIO,Mid Layer 2,64.725,41.925,64.725,42.125,0.15,,,"MCU_SWDIO|Pad J_SWD-2(24.793mm,27.63mm) on L1 TOP|Pad U_MCU1-72(65.818mm,40mm) on L1 TOP [Unplated]"
TRACK,ROUTE_PLAN_C2_6L3_OK.csv|R61:MCU_SWDIO,MCU_SWDIO,Top Layer,64.725,42.125,64.725,40.225,0.15,,,"MCU_SWDIO|Pad J_SWD-2(24.793mm,27.63mm) on L1 TOP|Pad U_MCU1-72(65.818mm,40mm) on L1 TOP [Unplated]"
TRACK,ROUTE_PLAN_C2_6L3_OK.csv|R61:MCU_SWDIO,MCU_SWDIO,Top Layer,64.725,40.225,64.875,40.075,0.15,,,"MCU_SWDIO|Pad J_SWD-2(24.793mm,27.63mm) on L1 TOP|Pad U_MCU1-72(65.818mm,40mm) on L1 TOP [Unplated]"
TRACK,ROUTE_PLAN_C2_6L3_OK.csv|R61:MCU_SWDIO,MCU_SWDIO,Top Layer,64.875,40.075,65.125,40.075,0.15,,,"MCU_SWDIO|Pad J_SWD-2(24.793mm,27.63mm) on L1 TOP|Pad U_MCU1-72(65.818mm,40mm) on L1 TOP [Unplated]"
VIA,ROUTE_PLAN_C2_6L3_OK.csv|R61:MCU_SWDIO,MCU_SWDIO,Multi Layer,24.025,27.625,,,,0.45,0.2,"MCU_SWDIO|Pad J_SWD-2(24.793mm,27.63mm) on L1 TOP|Pad U_MCU1-72(65.818mm,40mm) on L1 TOP [Unplated]"
VIA,ROUTE_PLAN_C2_6L3_OK.csv|R61:MCU_SWDIO,MCU_SWDIO,Multi Layer,54.525,33.925,,,,0.45,0.2,"MCU_SWDIO|Pad J_SWD-2(24.793mm,27.63mm) on L1 TOP|Pad U_MCU1-72(65.818mm,40mm) on L1 TOP [Unplated]"
VIA,ROUTE_PLAN_C2_6L3_OK.csv|R61:MCU_SWDIO,MCU_SWDIO,Multi Layer,62.625,39.825,,,,0.45,0.2,"MCU_SWDIO|Pad J_SWD-2(24.793mm,27.63mm) on L1 TOP|Pad U_MCU1-72(65.818mm,40mm) on L1 TOP [Unplated]"
VIA,ROUTE_PLAN_C2_6L3_OK.csv|R61:MCU_SWDIO,MCU_SWDIO,Multi Layer,64.725,42.125,,,,0.45,0.2,"MCU_SWDIO|Pad J_SWD-2(24.793mm,27.63mm) on L1 TOP|Pad U_MCU1-72(65.818mm,40mm) on L1 TOP [Unplated]"
TRACK,ROUTE_PLAN_C2_6L3_OK.csv|R62:FG_ALRT,FG_ALRT,Bottom Layer,18.675,31.425,18.675,30.39,0.15,,,"FG_ALRT|Track (17.975mm,31.475mm)(18.425mm,31.475mm) on L6 BOTTOM|Pad U_MCU1-81(61.58mm,43.238mm) on L1 TOP [Unplated]"
TRACK,ROUTE_PLAN_C2_6L3_OK.csv|R62:FG_ALRT,FG_ALRT,Bottom Layer,18.675,30.39,18.675,29.975,0.15,,,"FG_ALRT|Track (17.975mm,31.475mm)(18.425mm,31.475mm) on L6 BOTTOM|Pad U_MCU1-81(61.58mm,43.238mm) on L1 TOP [Unplated]"
TRACK,ROUTE_PLAN_C2_6L3_OK.csv|R62:FG_ALRT,FG_ALRT,Mid Layer 2,18.675,29.975,24.025,29.975,0.15,,,"FG_ALRT|Track (17.975mm,31.475mm)(18.425mm,31.475mm) on L6 BOTTOM|Pad U_MCU1-81(61.58mm,43.238mm) on L1 TOP [Unplated]"
TRACK,ROUTE_PLAN_C2_6L3_OK.csv|R62:FG_ALRT,FG_ALRT,Mid Layer 2,24.025,29.975,26.575,27.425,0.15,,,"FG_ALRT|Track (17.975mm,31.475mm)(18.425mm,31.475mm) on L6 BOTTOM|Pad U_MCU1-81(61.58mm,43.238mm) on L1 TOP [Unplated]"
TRACK,ROUTE_PLAN_C2_6L3_OK.csv|R62:FG_ALRT,FG_ALRT,Mid Layer 2,26.575,27.425,35.775,27.425,0.15,,,"FG_ALRT|Track (17.975mm,31.475mm)(18.425mm,31.475mm) on L6 BOTTOM|Pad U_MCU1-81(61.58mm,43.238mm) on L1 TOP [Unplated]"
TRACK,ROUTE_PLAN_C2_6L3_OK.csv|R62:FG_ALRT,FG_ALRT,Mid Layer 2,35.775,27.425,38.025,29.675,0.15,,,"FG_ALRT|Track (17.975mm,31.475mm)(18.425mm,31.475mm) on L6 BOTTOM|Pad U_MCU1-81(61.58mm,43.238mm) on L1 TOP [Unplated]"
TRACK,ROUTE_PLAN_C2_6L3_OK.csv|R62:FG_ALRT,FG_ALRT,Mid Layer 2,38.025,29.675,39.925,29.675,0.15,,,"FG_ALRT|Track (17.975mm,31.475mm)(18.425mm,31.475mm) on L6 BOTTOM|Pad U_MCU1-81(61.58mm,43.238mm) on L1 TOP [Unplated]"
TRACK,ROUTE_PLAN_C2_6L3_OK.csv|R62:FG_ALRT,FG_ALRT,Mid Layer 4,39.925,29.675,42.025,29.675,0.15,,,"FG_ALRT|Track (17.975mm,31.475mm)(18.425mm,31.475mm) on L6 BOTTOM|Pad U_MCU1-81(61.58mm,43.238mm) on L1 TOP [Unplated]"
TRACK,ROUTE_PLAN_C2_6L3_OK.csv|R62:FG_ALRT,FG_ALRT,Mid Layer 4,42.025,29.675,42.575,29.125,0.15,,,"FG_ALRT|Track (17.975mm,31.475mm)(18.425mm,31.475mm) on L6 BOTTOM|Pad U_MCU1-81(61.58mm,43.238mm) on L1 TOP [Unplated]"
TRACK,ROUTE_PLAN_C2_6L3_OK.csv|R62:FG_ALRT,FG_ALRT,Mid Layer 4,42.575,29.125,48.6045,29.125,0.15,,,"FG_ALRT|Track (17.975mm,31.475mm)(18.425mm,31.475mm) on L6 BOTTOM|Pad U_MCU1-81(61.58mm,43.238mm) on L1 TOP [Unplated]"
TRACK,ROUTE_PLAN_C2_6L3_OK.csv|R62:FG_ALRT,FG_ALRT,Mid Layer 4,48.6045,29.125,49.725,29.125,0.15,,,"FG_ALRT|Track (17.975mm,31.475mm)(18.425mm,31.475mm) on L6 BOTTOM|Pad U_MCU1-81(61.58mm,43.238mm) on L1 TOP [Unplated]"
TRACK,ROUTE_PLAN_C2_6L3_OK.csv|R62:FG_ALRT,FG_ALRT,Mid Layer 4,49.725,29.125,50.625,28.225,0.15,,,"FG_ALRT|Track (17.975mm,31.475mm)(18.425mm,31.475mm) on L6 BOTTOM|Pad U_MCU1-81(61.58mm,43.238mm) on L1 TOP [Unplated]"
TRACK,ROUTE_PLAN_C2_6L3_OK.csv|R62:FG_ALRT,FG_ALRT,Mid Layer 4,50.625,28.225,50.625,27.825,0.15,,,"FG_ALRT|Track (17.975mm,31.475mm)(18.425mm,31.475mm) on L6 BOTTOM|Pad U_MCU1-81(61.58mm,43.238mm) on L1 TOP [Unplated]"
TRACK,ROUTE_PLAN_C2_6L3_OK.csv|R62:FG_ALRT,FG_ALRT,Top Layer,50.625,27.825,51.275,28.475,0.15,,,"FG_ALRT|Track (17.975mm,31.475mm)(18.425mm,31.475mm) on L6 BOTTOM|Pad U_MCU1-81(61.58mm,43.238mm) on L1 TOP [Unplated]"
TRACK,ROUTE_PLAN_C2_6L3_OK.csv|R62:FG_ALRT,FG_ALRT,Top Layer,51.275,28.475,51.375,28.475,0.15,,,"FG_ALRT|Track (17.975mm,31.475mm)(18.425mm,31.475mm) on L6 BOTTOM|Pad U_MCU1-81(61.58mm,43.238mm) on L1 TOP [Unplated]"
TRACK,ROUTE_PLAN_C2_6L3_OK.csv|R62:FG_ALRT,FG_ALRT,Top Layer,51.375,28.475,51.875,28.975,0.15,,,"FG_ALRT|Track (17.975mm,31.475mm)(18.425mm,31.475mm) on L6 BOTTOM|Pad U_MCU1-81(61.58mm,43.238mm) on L1 TOP [Unplated]"
TRACK,ROUTE_PLAN_C2_6L3_OK.csv|R62:FG_ALRT,FG_ALRT,Top Layer,51.875,28.975,51.875,30.025,0.15,,,"FG_ALRT|Track (17.975mm,31.475mm)(18.425mm,31.475mm) on L6 BOTTOM|Pad U_MCU1-81(61.58mm,43.238mm) on L1 TOP [Unplated]"
TRACK,ROUTE_PLAN_C2_6L3_OK.csv|R62:FG_ALRT,FG_ALRT,Top Layer,51.875,30.025,53.925,32.075,0.15,,,"FG_ALRT|Track (17.975mm,31.475mm)(18.425mm,31.475mm) on L6 BOTTOM|Pad U_MCU1-81(61.58mm,43.238mm) on L1 TOP [Unplated]"
TRACK,ROUTE_PLAN_C2_6L3_OK.csv|R62:FG_ALRT,FG_ALRT,Top Layer,53.925,32.075,53.925,32.825,0.15,,,"FG_ALRT|Track (17.975mm,31.475mm)(18.425mm,31.475mm) on L6 BOTTOM|Pad U_MCU1-81(61.58mm,43.238mm) on L1 TOP [Unplated]"
TRACK,ROUTE_PLAN_C2_6L3_OK.csv|R62:FG_ALRT,FG_ALRT,Top Layer,53.925,32.825,54.475,33.375,0.15,,,"FG_ALRT|Track (17.975mm,31.475mm)(18.425mm,31.475mm) on L6 BOTTOM|Pad U_MCU1-81(61.58mm,43.238mm) on L1 TOP [Unplated]"
TRACK,ROUTE_PLAN_C2_6L3_OK.csv|R62:FG_ALRT,FG_ALRT,Top Layer,54.475,33.375,57.825,33.375,0.15,,,"FG_ALRT|Track (17.975mm,31.475mm)(18.425mm,31.475mm) on L6 BOTTOM|Pad U_MCU1-81(61.58mm,43.238mm) on L1 TOP [Unplated]"
TRACK,ROUTE_PLAN_C2_6L3_OK.csv|R62:FG_ALRT,FG_ALRT,Top Layer,57.825,33.375,58.925,34.475,0.15,,,"FG_ALRT|Track (17.975mm,31.475mm)(18.425mm,31.475mm) on L6 BOTTOM|Pad U_MCU1-81(61.58mm,43.238mm) on L1 TOP [Unplated]"
TRACK,ROUTE_PLAN_C2_6L3_OK.csv|R62:FG_ALRT,FG_ALRT,Mid Layer 2,58.925,34.475,61.175,36.725,0.15,,,"FG_ALRT|Track (17.975mm,31.475mm)(18.425mm,31.475mm) on L6 BOTTOM|Pad U_MCU1-81(61.58mm,43.238mm) on L1 TOP [Unplated]"
TRACK,ROUTE_PLAN_C2_6L3_OK.csv|R62:FG_ALRT,FG_ALRT,Mid Layer 2,61.175,36.725,61.175,41.375,0.15,,,"FG_ALRT|Track (17.975mm,31.475mm)(18.425mm,31.475mm) on L6 BOTTOM|Pad U_MCU1-81(61.58mm,43.238mm) on L1 TOP [Unplated]"
TRACK,ROUTE_PLAN_C2_6L3_OK.csv|R62:FG_ALRT,FG_ALRT,Top Layer,61.175,41.375,61.175,41.975,0.15,,,"FG_ALRT|Track (17.975mm,31.475mm)(18.425mm,31.475mm) on L6 BOTTOM|Pad U_MCU1-81(61.58mm,43.238mm) on L1 TOP [Unplated]"
TRACK,ROUTE_PLAN_C2_6L3_OK.csv|R62:FG_ALRT,FG_ALRT,Top Layer,61.175,41.975,61.525,42.325,0.15,,,"FG_ALRT|Track (17.975mm,31.475mm)(18.425mm,31.475mm) on L6 BOTTOM|Pad U_MCU1-81(61.58mm,43.238mm) on L1 TOP [Unplated]"
TRACK,ROUTE_PLAN_C2_6L3_OK.csv|R62:FG_ALRT,FG_ALRT,Top Layer,61.525,42.325,61.525,42.525,0.15,,,"FG_ALRT|Track (17.975mm,31.475mm)(18.425mm,31.475mm) on L6 BOTTOM|Pad U_MCU1-81(61.58mm,43.238mm) on L1 TOP [Unplated]"
VIA,ROUTE_PLAN_C2_6L3_OK.csv|R62:FG_ALRT,FG_ALRT,Multi Layer,18.675,29.975,,,,0.45,0.2,"FG_ALRT|Track (17.975mm,31.475mm)(18.425mm,31.475mm) on L6 BOTTOM|Pad U_MCU1-81(61.58mm,43.238mm) on L1 TOP [Unplated]"
VIA,ROUTE_PLAN_C2_6L3_OK.csv|R62:FG_ALRT,FG_ALRT,Multi Layer,39.925,29.675,,,,0.45,0.2,"FG_ALRT|Track (17.975mm,31.475mm)(18.425mm,31.475mm) on L6 BOTTOM|Pad U_MCU1-81(61.58mm,43.238mm) on L1 TOP [Unplated]"
VIA,ROUTE_PLAN_C2_6L3_OK.csv|R62:FG_ALRT,FG_ALRT,Multi Layer,50.625,27.825,,,,0.45,0.2,"FG_ALRT|Track (17.975mm,31.475mm)(18.425mm,31.475mm) on L6 BOTTOM|Pad U_MCU1-81(61.58mm,43.238mm) on L1 TOP [Unplated]"
VIA,ROUTE_PLAN_C2_6L3_OK.csv|R62:FG_ALRT,FG_ALRT,Multi Layer,58.925,34.475,,,,0.45,0.2,"FG_ALRT|Track (17.975mm,31.475mm)(18.425mm,31.475mm) on L6 BOTTOM|Pad U_MCU1-81(61.58mm,43.238mm) on L1 TOP [Unplated]"
VIA,ROUTE_PLAN_C2_6L3_OK.csv|R62:FG_ALRT,FG_ALRT,Multi Layer,61.175,41.375,,,,0.45,0.2,"FG_ALRT|Track (17.975mm,31.475mm)(18.425mm,31.475mm) on L6 BOTTOM|Pad U_MCU1-81(61.58mm,43.238mm) on L1 TOP [Unplated]"
TRACK,ROUTE_PLAN_C2_6L3_OK.csv|R64:NetPWR_BTN_N_A,NetPWR_BTN_N_A,Top Layer,18.175,29.325,23.825,29.325,0.15,,,"NetPWR_BTN_N_A|Track (12.175mm,29.525mm)(17.225mm,29.525mm) on L1 TOP|Pad U_EN1-2(63.8mm,37.975mm) on L6 BOTTOM"
TRACK,ROUTE_PLAN_C2_6L3_OK.csv|R64:NetPWR_BTN_N_A,NetPWR_BTN_N_A,Mid Layer 2,23.825,29.325,23.975,29.325,0.15,,,"NetPWR_BTN_N_A|Track (12.175mm,29.525mm)(17.225mm,29.525mm) on L1 TOP|Pad U_EN1-2(63.8mm,37.975mm) on L6 BOTTOM"
TRACK,ROUTE_PLAN_C2_6L3_OK.csv|R64:NetPWR_BTN_N_A,NetPWR_BTN_N_A,Mid Layer 2,23.975,29.325,28.025,25.275,0.15,,,"NetPWR_BTN_N_A|Track (12.175mm,29.525mm)(17.225mm,29.525mm) on L1 TOP|Pad U_EN1-2(63.8mm,37.975mm) on L6 BOTTOM"
TRACK,ROUTE_PLAN_C2_6L3_OK.csv|R64:NetPWR_BTN_N_A,NetPWR_BTN_N_A,Mid Layer 2,28.025,25.275,37.475,25.275,0.15,,,"NetPWR_BTN_N_A|Track (12.175mm,29.525mm)(17.225mm,29.525mm) on L1 TOP|Pad U_EN1-2(63.8mm,37.975mm) on L6 BOTTOM"
TRACK,ROUTE_PLAN_C2_6L3_OK.csv|R64:NetPWR_BTN_N_A,NetPWR_BTN_N_A,Mid Layer 2,37.475,25.275,37.575,25.175,0.15,,,"NetPWR_BTN_N_A|Track (12.175mm,29.525mm)(17.225mm,29.525mm) on L1 TOP|Pad U_EN1-2(63.8mm,37.975mm) on L6 BOTTOM"
TRACK,ROUTE_PLAN_C2_6L3_OK.csv|R64:NetPWR_BTN_N_A,NetPWR_BTN_N_A,Mid Layer 2,37.575,25.175,38.125,25.175,0.15,,,"NetPWR_BTN_N_A|Track (12.175mm,29.525mm)(17.225mm,29.525mm) on L1 TOP|Pad U_EN1-2(63.8mm,37.975mm) on L6 BOTTOM"
TRACK,ROUTE_PLAN_C2_6L3_OK.csv|R64:NetPWR_BTN_N_A,NetPWR_BTN_N_A,Mid Layer 2,38.125,25.175,38.225,25.275,0.15,,,"NetPWR_BTN_N_A|Track (12.175mm,29.525mm)(17.225mm,29.525mm) on L1 TOP|Pad U_EN1-2(63.8mm,37.975mm) on L6 BOTTOM"
TRACK,ROUTE_PLAN_C2_6L3_OK.csv|R64:NetPWR_BTN_N_A,NetPWR_BTN_N_A,Mid Layer 2,38.225,25.275,44.175,25.275,0.15,,,"NetPWR_BTN_N_A|Track (12.175mm,29.525mm)(17.225mm,29.525mm) on L1 TOP|Pad U_EN1-2(63.8mm,37.975mm) on L6 BOTTOM"
TRACK,ROUTE_PLAN_C2_6L3_OK.csv|R64:NetPWR_BTN_N_A,NetPWR_BTN_N_A,Mid Layer 2,44.175,25.275,44.775,24.675,0.15,,,"NetPWR_BTN_N_A|Track (12.175mm,29.525mm)(17.225mm,29.525mm) on L1 TOP|Pad U_EN1-2(63.8mm,37.975mm) on L6 BOTTOM"
TRACK,ROUTE_PLAN_C2_6L3_OK.csv|R64:NetPWR_BTN_N_A,NetPWR_BTN_N_A,Bottom Layer,44.775,24.675,46.575,22.875,0.15,,,"NetPWR_BTN_N_A|Track (12.175mm,29.525mm)(17.225mm,29.525mm) on L1 TOP|Pad U_EN1-2(63.8mm,37.975mm) on L6 BOTTOM"
TRACK,ROUTE_PLAN_C2_6L3_OK.csv|R64:NetPWR_BTN_N_A,NetPWR_BTN_N_A,Mid Layer 2,46.575,22.875,49.975,22.875,0.15,,,"NetPWR_BTN_N_A|Track (12.175mm,29.525mm)(17.225mm,29.525mm) on L1 TOP|Pad U_EN1-2(63.8mm,37.975mm) on L6 BOTTOM"
TRACK,ROUTE_PLAN_C2_6L3_OK.csv|R64:NetPWR_BTN_N_A,NetPWR_BTN_N_A,Mid Layer 2,49.975,22.875,50.025,22.825,0.15,,,"NetPWR_BTN_N_A|Track (12.175mm,29.525mm)(17.225mm,29.525mm) on L1 TOP|Pad U_EN1-2(63.8mm,37.975mm) on L6 BOTTOM"
TRACK,ROUTE_PLAN_C2_6L3_OK.csv|R64:NetPWR_BTN_N_A,NetPWR_BTN_N_A,Mid Layer 2,50.025,22.825,58.275,22.825,0.15,,,"NetPWR_BTN_N_A|Track (12.175mm,29.525mm)(17.225mm,29.525mm) on L1 TOP|Pad U_EN1-2(63.8mm,37.975mm) on L6 BOTTOM"
TRACK,ROUTE_PLAN_C2_6L3_OK.csv|R64:NetPWR_BTN_N_A,NetPWR_BTN_N_A,Mid Layer 2,58.275,22.825,60.225,24.775,0.15,,,"NetPWR_BTN_N_A|Track (12.175mm,29.525mm)(17.225mm,29.525mm) on L1 TOP|Pad U_EN1-2(63.8mm,37.975mm) on L6 BOTTOM"
TRACK,ROUTE_PLAN_C2_6L3_OK.csv|R64:NetPWR_BTN_N_A,NetPWR_BTN_N_A,Mid Layer 2,60.225,24.775,60.375,24.775,0.15,,,"NetPWR_BTN_N_A|Track (12.175mm,29.525mm)(17.225mm,29.525mm) on L1 TOP|Pad U_EN1-2(63.8mm,37.975mm) on L6 BOTTOM"
TRACK,ROUTE_PLAN_C2_6L3_OK.csv|R64:NetPWR_BTN_N_A,NetPWR_BTN_N_A,Mid Layer 2,60.375,24.775,61.6245,26.0245,0.15,,,"NetPWR_BTN_N_A|Track (12.175mm,29.525mm)(17.225mm,29.525mm) on L1 TOP|Pad U_EN1-2(63.8mm,37.975mm) on L6 BOTTOM"
TRACK,ROUTE_PLAN_C2_6L3_OK.csv|R64:NetPWR_BTN_N_A,NetPWR_BTN_N_A,Mid Layer 2,61.6245,26.0245,62.025,26.425,0.15,,,"NetPWR_BTN_N_A|Track (12.175mm,29.525mm)(17.225mm,29.525mm) on L1 TOP|Pad U_EN1-2(63.8mm,37.975mm) on L6 BOTTOM"
TRACK,ROUTE_PLAN_C2_6L3_OK.csv|R64:NetPWR_BTN_N_A,NetPWR_BTN_N_A,Mid Layer 2,62.025,26.425,62.025,37.675,0.15,,,"NetPWR_BTN_N_A|Track (12.175mm,29.525mm)(17.225mm,29.525mm) on L1 TOP|Pad U_EN1-2(63.8mm,37.975mm) on L6 BOTTOM"
TRACK,ROUTE_PLAN_C2_6L3_OK.csv|R64:NetPWR_BTN_N_A,NetPWR_BTN_N_A,Mid Layer 2,62.025,37.675,62.475,38.125,0.15,,,"NetPWR_BTN_N_A|Track (12.175mm,29.525mm)(17.225mm,29.525mm) on L1 TOP|Pad U_EN1-2(63.8mm,37.975mm) on L6 BOTTOM"
TRACK,ROUTE_PLAN_C2_6L3_OK.csv|R64:NetPWR_BTN_N_A,NetPWR_BTN_N_A,Mid Layer 2,62.475,38.125,62.775,38.125,0.15,,,"NetPWR_BTN_N_A|Track (12.175mm,29.525mm)(17.225mm,29.525mm) on L1 TOP|Pad U_EN1-2(63.8mm,37.975mm) on L6 BOTTOM"
TRACK,ROUTE_PLAN_C2_6L3_OK.csv|R64:NetPWR_BTN_N_A,NetPWR_BTN_N_A,Bottom Layer,62.775,38.125,62.825,38.075,0.15,,,"NetPWR_BTN_N_A|Track (12.175mm,29.525mm)(17.225mm,29.525mm) on L1 TOP|Pad U_EN1-2(63.8mm,37.975mm) on L6 BOTTOM"
TRACK,ROUTE_PLAN_C2_6L3_OK.csv|R64:NetPWR_BTN_N_A,NetPWR_BTN_N_A,Bottom Layer,62.825,38.075,63.225,38.075,0.15,,,"NetPWR_BTN_N_A|Track (12.175mm,29.525mm)(17.225mm,29.525mm) on L1 TOP|Pad U_EN1-2(63.8mm,37.975mm) on L6 BOTTOM"
VIA,ROUTE_PLAN_C2_6L3_OK.csv|R64:NetPWR_BTN_N_A,NetPWR_BTN_N_A,Multi Layer,23.825,29.325,,,,0.45,0.2,"NetPWR_BTN_N_A|Track (12.175mm,29.525mm)(17.225mm,29.525mm) on L1 TOP|Pad U_EN1-2(63.8mm,37.975mm) on L6 BOTTOM"
VIA,ROUTE_PLAN_C2_6L3_OK.csv|R64:NetPWR_BTN_N_A,NetPWR_BTN_N_A,Multi Layer,44.775,24.675,,,,0.45,0.2,"NetPWR_BTN_N_A|Track (12.175mm,29.525mm)(17.225mm,29.525mm) on L1 TOP|Pad U_EN1-2(63.8mm,37.975mm) on L6 BOTTOM"
VIA,ROUTE_PLAN_C2_6L3_OK.csv|R64:NetPWR_BTN_N_A,NetPWR_BTN_N_A,Multi Layer,46.575,22.875,,,,0.45,0.2,"NetPWR_BTN_N_A|Track (12.175mm,29.525mm)(17.225mm,29.525mm) on L1 TOP|Pad U_EN1-2(63.8mm,37.975mm) on L6 BOTTOM"
VIA,ROUTE_PLAN_C2_6L3_OK.csv|R64:NetPWR_BTN_N_A,NetPWR_BTN_N_A,Multi Layer,62.775,38.125,,,,0.45,0.2,"NetPWR_BTN_N_A|Track (12.175mm,29.525mm)(17.225mm,29.525mm) on L1 TOP|Pad U_EN1-2(63.8mm,37.975mm) on L6 BOTTOM"
TRACK,ROUTE_PLAN_C2_6L3_OK.csv|R73:GND,GND,Bottom Layer,12.475,40.175,12.775,40.175,0.3,,,"GND|Pad UP1-4(12.2mm,40.15mm) on L6 BOTTOM|Via (13.1mm,39.9mm) from L1 TOP to L6 BOTTOM"
TRACK,ROUTE_PLAN_C2_6L3_OK.csv|R74:GND,GND,Top Layer,45.475,42.225,45.725,42.225,0.3,,,"GND|Pad C_WIFI_VDDIO2-1(45.18mm,42.8mm) on L1 TOP|Via (45.924mm,42.215mm) from L1 TOP to L6 BOTTOM"
TRACK,ROUTE_PLAN_C2_6L3_OK.csv|R75:GND,GND,Top Layer,54.075,20.375,54.075,19.775,0.3,,,"GND|Pad CCU8-2(54.029mm,20.55mm) on L1 TOP|Pad CCU7-1(54.05mm,19.55mm) on L1 TOP"
TRACK,ROUTE_PLAN_C2_6L3_OK.csv|R76:GND,GND,Top Layer,64.825,20.375,64.825,19.775,0.3,,,"GND|Pad CCU10-2(64.829mm,20.55mm) on L1 TOP|Pad CCU9-1(64.85mm,19.55mm) on L1 TOP"
TRACK,ROUTE_PLAN_C2_6L3_OK.csv|R77:GND,GND,Top Layer,32.475,20.375,32.475,19.775,0.3,,,"GND|Pad CCU4-2(32.429mm,20.55mm) on L1 TOP|Pad CCU3-1(32.45mm,19.55mm) on L1 TOP"
TRACK,ROUTE_PLAN_C2_6L3_OK.csv|R78:GND,GND,Top Layer,12.175,25.525,12.425,25.525,0.3,,,"GND|Pad PWR_BTN_N-C(11.71mm,25.746mm) on L1 TOP|Via (12.705mm,25.512mm) from L1 TOP to L6 BOTTOM"
TRACK,ROUTE_PLAN_C2_6L3_OK.csv|R79:GND,GND,Top Layer,45.825,35.225,45.825,35.875,0.3,,,"GND|Pad C_NRST-2(45.801mm,35mm) on L1 TOP|Via (45.906mm,36.07mm) from L1 TOP to L6 BOTTOM"
TRACK,ROUTE_PLAN_C2_6L3_OK.csv|R80:GND,GND,Top Layer,51.775,24.575,51.775,24.075,0.3,,,"GND|Pad C_ADC4-2(51.68mm,24.923mm) on L1 TOP|Via (53.031mm,24.652mm) from L1 TOP to L6 BOTTOM"
TRACK,ROUTE_PLAN_C2_6L3_OK.csv|R80:GND,GND,Top Layer,51.775,24.075,53.675,22.175,0.3,,,"GND|Pad C_ADC4-2(51.68mm,24.923mm) on L1 TOP|Via (53.031mm,24.652mm) from L1 TOP to L6 BOTTOM"
TRACK,ROUTE_PLAN_C2_6L3_OK.csv|R80:GND,GND,Top Layer,53.675,22.175,56.325,22.175,0.3,,,"GND|Pad C_ADC4-2(51.68mm,24.923mm) on L1 TOP|Via (53.031mm,24.652mm) from L1 TOP to L6 BOTTOM"
TRACK,ROUTE_PLAN_C2_6L3_OK.csv|R80:GND,GND,Bottom Layer,56.325,22.175,56.325,22.525,0.3,,,"GND|Pad C_ADC4-2(51.68mm,24.923mm) on L1 TOP|Via (53.031mm,24.652mm) from L1 TOP to L6 BOTTOM"
TRACK,ROUTE_PLAN_C2_6L3_OK.csv|R80:GND,GND,Bottom Layer,56.325,22.525,54.275,24.575,0.3,,,"GND|Pad C_ADC4-2(51.68mm,24.923mm) on L1 TOP|Via (53.031mm,24.652mm) from L1 TOP to L6 BOTTOM"
TRACK,ROUTE_PLAN_C2_6L3_OK.csv|R80:GND,GND,Bottom Layer,54.275,24.575,53.275,24.575,0.3,,,"GND|Pad C_ADC4-2(51.68mm,24.923mm) on L1 TOP|Via (53.031mm,24.652mm) from L1 TOP to L6 BOTTOM"
VIA,ROUTE_PLAN_C2_6L3_OK.csv|R80:GND,GND,Multi Layer,56.325,22.175,,,,0.6,0.3,"GND|Pad C_ADC4-2(51.68mm,24.923mm) on L1 TOP|Via (53.031mm,24.652mm) from L1 TOP to L6 BOTTOM"
TRACK,ROUTE_PLAN_C2_6L3_OK.csv|R84:GND,GND,Bottom Layer,50.575,39.425,50.575,39.175,0.15,,,"GND|Pad UP2-7(50.562mm,39.699mm) on L6 BOTTOM|Via (51.912mm,38.134mm) from L1 TOP to L6 BOTTOM"
TRACK,ROUTE_PLAN_C2_6L3_OK.csv|R84:GND,GND,Bottom Layer,50.575,39.175,50.925,38.825,0.15,,,"GND|Pad UP2-7(50.562mm,39.699mm) on L6 BOTTOM|Via (51.912mm,38.134mm) from L1 TOP to L6 BOTTOM"
TRACK,ROUTE_PLAN_C2_6L3_OK.csv|R84:GND,GND,Bottom Layer,50.925,38.825,51.325,38.825,0.15,,,"GND|Pad UP2-7(50.562mm,39.699mm) on L6 BOTTOM|Via (51.912mm,38.134mm) from L1 TOP to L6 BOTTOM"
TRACK,ROUTE_PLAN_C2_6L3_OK.csv|R84:GND,GND,Bottom Layer,51.325,38.825,51.725,38.425,0.15,,,"GND|Pad UP2-7(50.562mm,39.699mm) on L6 BOTTOM|Via (51.912mm,38.134mm) from L1 TOP to L6 BOTTOM"
TRACK,ROUTE_PLAN_C2_6L5_OK.csv|R103:INA_OUT_1,INA_OUT_1,Top Layer,21.925,25.725,21.925,25.275,0.2,,,"INA_OUT_1|Via (21.825mm,25.975mm) from L1 TOP to L6 BOTTOM|Pad Rservo_1-2(22.125mm,15.55mm) on L6 BOTTOM"
TRACK,ROUTE_PLAN_C2_6L5_OK.csv|R103:INA_OUT_1,INA_OUT_1,Top Layer,21.925,25.275,23.775,23.425,0.2,,,"INA_OUT_1|Via (21.825mm,25.975mm) from L1 TOP to L6 BOTTOM|Pad Rservo_1-2(22.125mm,15.55mm) on L6 BOTTOM"
TRACK,ROUTE_PLAN_C2_6L5_OK.csv|R103:INA_OUT_1,INA_OUT_1,Top Layer,23.775,23.425,23.775,20.275,0.2,,,"INA_OUT_1|Via (21.825mm,25.975mm) from L1 TOP to L6 BOTTOM|Pad Rservo_1-2(22.125mm,15.55mm) on L6 BOTTOM"
TRACK,ROUTE_PLAN_C2_6L5_OK.csv|R103:INA_OUT_1,INA_OUT_1,Top Layer,23.775,20.275,24.125,19.925,0.2,,,"INA_OUT_1|Via (21.825mm,25.975mm) from L1 TOP to L6 BOTTOM|Pad Rservo_1-2(22.125mm,15.55mm) on L6 BOTTOM"
TRACK,ROUTE_PLAN_C2_6L5_OK.csv|R103:INA_OUT_1,INA_OUT_1,Top Layer,24.125,19.925,24.125,19.525,0.2,,,"INA_OUT_1|Via (21.825mm,25.975mm) from L1 TOP to L6 BOTTOM|Pad Rservo_1-2(22.125mm,15.55mm) on L6 BOTTOM"
TRACK,ROUTE_PLAN_C2_6L5_OK.csv|R103:INA_OUT_1,INA_OUT_1,Bottom Layer,24.125,19.525,24.125,16.675,0.2,,,"INA_OUT_1|Via (21.825mm,25.975mm) from L1 TOP to L6 BOTTOM|Pad Rservo_1-2(22.125mm,15.55mm) on L6 BOTTOM"
TRACK,ROUTE_PLAN_C2_6L5_OK.csv|R103:INA_OUT_1,INA_OUT_1,Bottom Layer,24.125,16.675,23.275,15.825,0.2,,,"INA_OUT_1|Via (21.825mm,25.975mm) from L1 TOP to L6 BOTTOM|Pad Rservo_1-2(22.125mm,15.55mm) on L6 BOTTOM"
TRACK,ROUTE_PLAN_C2_6L5_OK.csv|R103:INA_OUT_1,INA_OUT_1,Bottom Layer,23.275,15.825,22.375,15.825,0.2,,,"INA_OUT_1|Via (21.825mm,25.975mm) from L1 TOP to L6 BOTTOM|Pad Rservo_1-2(22.125mm,15.55mm) on L6 BOTTOM"
VIA,ROUTE_PLAN_C2_6L5_OK.csv|R103:INA_OUT_1,INA_OUT_1,Multi Layer,24.125,19.525,,,,0.6,0.3,"INA_OUT_1|Via (21.825mm,25.975mm) from L1 TOP to L6 BOTTOM|Pad Rservo_1-2(22.125mm,15.55mm) on L6 BOTTOM"
TRACK,ROUTE_PLAN_C2_6L5_OK.csv|R104:MCU_WIFI_CS,MCU_WIFI_CS,Top Layer,56.625,28.475,56.625,28.725,0.18,,,"MCU_WIFI_CS|Pad U_MCU1-35(56.58mm,27.762mm) on L1 TOP [Unplated]|Pad R_SPI_CS-2(58.48mm,26.562mm) on L1 TOP"
TRACK,ROUTE_PLAN_C2_6L5_OK.csv|R104:MCU_WIFI_CS,MCU_WIFI_CS,Top Layer,56.625,28.725,57.075,29.175,0.18,,,"MCU_WIFI_CS|Pad U_MCU1-35(56.58mm,27.762mm) on L1 TOP [Unplated]|Pad R_SPI_CS-2(58.48mm,26.562mm) on L1 TOP"
TRACK,ROUTE_PLAN_C2_6L5_OK.csv|R104:MCU_WIFI_CS,MCU_WIFI_CS,Mid Layer 2,57.075,29.175,59.225,27.025,0.18,,,"MCU_WIFI_CS|Pad U_MCU1-35(56.58mm,27.762mm) on L1 TOP [Unplated]|Pad R_SPI_CS-2(58.48mm,26.562mm) on L1 TOP"
TRACK,ROUTE_PLAN_C2_6L5_OK.csv|R104:MCU_WIFI_CS,MCU_WIFI_CS,Mid Layer 2,59.225,27.025,59.225,26.375,0.18,,,"MCU_WIFI_CS|Pad U_MCU1-35(56.58mm,27.762mm) on L1 TOP [Unplated]|Pad R_SPI_CS-2(58.48mm,26.562mm) on L1 TOP"
TRACK,ROUTE_PLAN_C2_6L5_OK.csv|R104:MCU_WIFI_CS,MCU_WIFI_CS,Top Layer,59.225,26.375,58.675,26.375,0.18,,,"MCU_WIFI_CS|Pad U_MCU1-35(56.58mm,27.762mm) on L1 TOP [Unplated]|Pad R_SPI_CS-2(58.48mm,26.562mm) on L1 TOP"
VIA,ROUTE_PLAN_C2_6L5_OK.csv|R104:MCU_WIFI_CS,MCU_WIFI_CS,Multi Layer,57.075,29.175,,,,0.6,0.3,"MCU_WIFI_CS|Pad U_MCU1-35(56.58mm,27.762mm) on L1 TOP [Unplated]|Pad R_SPI_CS-2(58.48mm,26.562mm) on L1 TOP"
VIA,ROUTE_PLAN_C2_6L5_OK.csv|R104:MCU_WIFI_CS,MCU_WIFI_CS,Multi Layer,59.225,26.375,,,,0.6,0.3,"MCU_WIFI_CS|Pad U_MCU1-35(56.58mm,27.762mm) on L1 TOP [Unplated]|Pad R_SPI_CS-2(58.48mm,26.562mm) on L1 TOP"
TRACK,ROUTE_PLAN_C2_6L5_OK.csv|R107:I2C_SCL,I2C_SCL,Bottom Layer,18.075,32.575,18.425,32.575,0.2,,,"I2C_SCL|Pad R_SCL-1(17.812mm,32.575mm) on L4 BOTTOM GND|Pad UP4-7(18.775mm,32.525mm) on L4 BOTTOM GND"
TRACK,ROUTE_PLAN_C2_6L5_OK.csv|R108:I2C_SDA,I2C_SDA,Bottom Layer,18.075,33.325,18.125,33.275,0.2,,,"I2C_SDA|Pad R_SDA-1(17.812mm,33.575mm) on L4 BOTTOM GND|Pad UP4-8(18.775mm,33.025mm) on L4 BOTTOM GND"
TRACK,ROUTE_PLAN_C2_6L5_OK.csv|R108:I2C_SDA,I2C_SDA,Bottom Layer,18.125,33.275,18.275,33.275,0.2,,,"I2C_SDA|Pad R_SDA-1(17.812mm,33.575mm) on L4 BOTTOM GND|Pad UP4-8(18.775mm,33.025mm) on L4 BOTTOM GND"
TRACK,ROUTE_PLAN_C2_6L5_OK.csv|R108:I2C_SDA,I2C_SDA,Bottom Layer,18.275,33.275,18.425,33.125,0.2,,,"I2C_SDA|Pad R_SDA-1(17.812mm,33.575mm) on L4 BOTTOM GND|Pad UP4-8(18.775mm,33.025mm) on L4 BOTTOM GND"
TRACK,ROUTE_PLAN_C2_6L5_OK.csv|R109:MCU_NRST,MCU_NRST,Top Layer,48.775,35.025,49.625,35.025,0.2,,,"MCU_NRST|Pad R_NRST-1(48.58mm,35mm) on L1 TOP|Pad U_MCU1-14(50.342mm,35mm) on L1 TOP [Unplated]"
TRACK,ROUTE_PLAN_C2_6L5_OK.csv|R10:3V0_ANA,3V0_ANA,Top Layer,19.825,20.025,20.375,19.475,0.4,,,"3V0_ANA|Pad INA1-5(19.675mm,20.55mm) on L1 TOP|Track (20.775mm,19.775mm)(20.775mm,20.375mm) on L1 TOP"
TRACK,ROUTE_PLAN_C2_6L5_OK.csv|R10:3V0_ANA,3V0_ANA,Top Layer,20.375,19.475,20.425,19.475,0.4,,,"3V0_ANA|Pad INA1-5(19.675mm,20.55mm) on L1 TOP|Track (20.775mm,19.775mm)(20.775mm,20.375mm) on L1 TOP"
TRACK,ROUTE_PLAN_C2_6L5_OK.csv|R110:NetQ_SHDN_1,NetQ_SHDN_1,Bottom Layer,52.975,38.725,52.875,38.825,0.15,,,"NetQ_SHDN_1|Pad R_SHDN_PD-2(53.19mm,38.45mm) on L4 BOTTOM GND|Track (54.525mm,37.025mm)(54.825mm,37.025mm) on L4 BOTTOM GND"
TRACK,ROUTE_PLAN_C2_6L5_OK.csv|R110:NetQ_SHDN_1,NetQ_SHDN_1,Bottom Layer,52.875,38.825,52.7219,38.825,0.15,,,"NetQ_SHDN_1|Pad R_SHDN_PD-2(53.19mm,38.45mm) on L4 BOTTOM GND|Track (54.525mm,37.025mm)(54.825mm,37.025mm) on L4 BOTTOM GND"
TRACK,ROUTE_PLAN_C2_6L5_OK.csv|R110:NetQ_SHDN_1,NetQ_SHDN_1,Bottom Layer,52.7219,38.825,52.525,38.825,0.15,,,"NetQ_SHDN_1|Pad R_SHDN_PD-2(53.19mm,38.45mm) on L4 BOTTOM GND|Track (54.525mm,37.025mm)(54.825mm,37.025mm) on L4 BOTTOM GND"
TRACK,ROUTE_PLAN_C2_6L5_OK.csv|R110:NetQ_SHDN_1,NetQ_SHDN_1,Bottom Layer,52.525,38.825,52.225,39.125,0.15,,,"NetQ_SHDN_1|Pad R_SHDN_PD-2(53.19mm,38.45mm) on L4 BOTTOM GND|Track (54.525mm,37.025mm)(54.825mm,37.025mm) on L4 BOTTOM GND"
TRACK,ROUTE_PLAN_C2_6L5_OK.csv|R110:NetQ_SHDN_1,NetQ_SHDN_1,Bottom Layer,52.225,39.125,52.225,39.625,0.15,,,"NetQ_SHDN_1|Pad R_SHDN_PD-2(53.19mm,38.45mm) on L4 BOTTOM GND|Track (54.525mm,37.025mm)(54.825mm,37.025mm) on L4 BOTTOM GND"
TRACK,ROUTE_PLAN_C2_6L5_OK.csv|R110:NetQ_SHDN_1,NetQ_SHDN_1,Mid Layer 2,52.225,39.625,52.7219,39.1281,0.15,,,"NetQ_SHDN_1|Pad R_SHDN_PD-2(53.19mm,38.45mm) on L4 BOTTOM GND|Track (54.525mm,37.025mm)(54.825mm,37.025mm) on L4 BOTTOM GND"
TRACK,ROUTE_PLAN_C2_6L5_OK.csv|R110:NetQ_SHDN_1,NetQ_SHDN_1,Mid Layer 2,52.7219,39.1281,54.075,37.775,0.15,,,"NetQ_SHDN_1|Pad R_SHDN_PD-2(53.19mm,38.45mm) on L4 BOTTOM GND|Track (54.525mm,37.025mm)(54.825mm,37.025mm) on L4 BOTTOM GND"
TRACK,ROUTE_PLAN_C2_6L5_OK.csv|R110:NetQ_SHDN_1,NetQ_SHDN_1,Mid Layer 2,54.075,37.775,54.925,37.775,0.15,,,"NetQ_SHDN_1|Pad R_SHDN_PD-2(53.19mm,38.45mm) on L4 BOTTOM GND|Track (54.525mm,37.025mm)(54.825mm,37.025mm) on L4 BOTTOM GND"
TRACK,ROUTE_PLAN_C2_6L5_OK.csv|R110:NetQ_SHDN_1,NetQ_SHDN_1,Bottom Layer,54.925,37.775,54.925,37.275,0.15,,,"NetQ_SHDN_1|Pad R_SHDN_PD-2(53.19mm,38.45mm) on L4 BOTTOM GND|Track (54.525mm,37.025mm)(54.825mm,37.025mm) on L4 BOTTOM GND"
VIA,ROUTE_PLAN_C2_6L5_OK.csv|R110:NetQ_SHDN_1,NetQ_SHDN_1,Multi Layer,52.225,39.625,,,,0.45,0.2,"NetQ_SHDN_1|Pad R_SHDN_PD-2(53.19mm,38.45mm) on L4 BOTTOM GND|Track (54.525mm,37.025mm)(54.825mm,37.025mm) on L4 BOTTOM GND"
VIA,ROUTE_PLAN_C2_6L5_OK.csv|R110:NetQ_SHDN_1,NetQ_SHDN_1,Multi Layer,54.925,37.775,,,,0.45,0.2,"NetQ_SHDN_1|Pad R_SHDN_PD-2(53.19mm,38.45mm) on L4 BOTTOM GND|Track (54.525mm,37.025mm)(54.825mm,37.025mm) on L4 BOTTOM GND"
TRACK,ROUTE_PLAN_C2_6L5_OK.csv|R111:DRL_AMP_OUT,DRL_AMP_OUT,Bottom Layer,15.625,15.775,16.375,15.025,0.2,,,"DRL_AMP_OUT|Via (15.525mm,16.025mm) from L1 TOP to L6 BOTTOM|Track (16.925mm,14.475mm)(17.675mm,14.475mm) on L6 BOTTOM"
TRACK,ROUTE_PLAN_C2_6L5_OK.csv|R111:DRL_AMP_OUT,DRL_AMP_OUT,Bottom Layer,16.375,15.025,16.375,14.625,0.2,,,"DRL_AMP_OUT|Via (15.525mm,16.025mm) from L1 TOP to L6 BOTTOM|Track (16.925mm,14.475mm)(17.675mm,14.475mm) on L6 BOTTOM"
TRACK,ROUTE_PLAN_C2_6L5_OK.csv|R112:DRL_SUM,DRL_SUM,Bottom Layer,11.425,16.375,11.375,16.325,0.2,,,"DRL_SUM|Pad R_DRL_FB-1(11.72mm,16.793mm) on L4 BOTTOM GND|Pad C_DRL_FB-1(13.142mm,13.676mm) on L4 BOTTOM GND"
TRACK,ROUTE_PLAN_C2_6L5_OK.csv|R112:DRL_SUM,DRL_SUM,Bottom Layer,11.375,16.325,11.375,15.975,0.2,,,"DRL_SUM|Pad R_DRL_FB-1(11.72mm,16.793mm) on L4 BOTTOM GND|Pad C_DRL_FB-1(13.142mm,13.676mm) on L4 BOTTOM GND"
TRACK,ROUTE_PLAN_C2_6L5_OK.csv|R112:DRL_SUM,DRL_SUM,Bottom Layer,11.375,15.975,11.025,15.625,0.2,,,"DRL_SUM|Pad R_DRL_FB-1(11.72mm,16.793mm) on L4 BOTTOM GND|Pad C_DRL_FB-1(13.142mm,13.676mm) on L4 BOTTOM GND"
TRACK,ROUTE_PLAN_C2_6L5_OK.csv|R112:DRL_SUM,DRL_SUM,Bottom Layer,11.025,15.625,11.025,14.725,0.2,,,"DRL_SUM|Pad R_DRL_FB-1(11.72mm,16.793mm) on L4 BOTTOM GND|Pad C_DRL_FB-1(13.142mm,13.676mm) on L4 BOTTOM GND"
TRACK,ROUTE_PLAN_C2_6L5_OK.csv|R112:DRL_SUM,DRL_SUM,Bottom Layer,11.025,14.725,11.9058,13.8442,0.2,,,"DRL_SUM|Pad R_DRL_FB-1(11.72mm,16.793mm) on L4 BOTTOM GND|Pad C_DRL_FB-1(13.142mm,13.676mm) on L4 BOTTOM GND"
TRACK,ROUTE_PLAN_C2_6L5_OK.csv|R112:DRL_SUM,DRL_SUM,Bottom Layer,11.9058,13.8442,12.025,13.725,0.2,,,"DRL_SUM|Pad R_DRL_FB-1(11.72mm,16.793mm) on L4 BOTTOM GND|Pad C_DRL_FB-1(13.142mm,13.676mm) on L4 BOTTOM GND"
TRACK,ROUTE_PLAN_C2_6L5_OK.csv|R112:DRL_SUM,DRL_SUM,Bottom Layer,12.025,13.725,12.975,13.725,0.2,,,"DRL_SUM|Pad R_DRL_FB-1(11.72mm,16.793mm) on L4 BOTTOM GND|Pad C_DRL_FB-1(13.142mm,13.676mm) on L4 BOTTOM GND"
TRACK,ROUTE_PLAN_C2_6L5_OK.csv|R113:NetLED_CHG_A,NetLED_CHG_A,Bottom Layer,18.475,40.425,21.825,40.425,0.2,,,"NetLED_CHG_A|Pad R_CHG_LED-2(18.2mm,40.65mm) on L4 BOTTOM GND|Pad LED_CHG-A(25.428mm,44.5mm) on L1 TOP"
TRACK,ROUTE_PLAN_C2_6L5_OK.csv|R113:NetLED_CHG_A,NetLED_CHG_A,Bottom Layer,21.825,40.425,21.975,40.275,0.2,,,"NetLED_CHG_A|Pad R_CHG_LED-2(18.2mm,40.65mm) on L4 BOTTOM GND|Pad LED_CHG-A(25.428mm,44.5mm) on L1 TOP"
TRACK,ROUTE_PLAN_C2_6L5_OK.csv|R113:NetLED_CHG_A,NetLED_CHG_A,Mid Layer 4,21.975,40.275,24.025,42.325,0.2,,,"NetLED_CHG_A|Pad R_CHG_LED-2(18.2mm,40.65mm) on L4 BOTTOM GND|Pad LED_CHG-A(25.428mm,44.5mm) on L1 TOP"
TRACK,ROUTE_PLAN_C2_6L5_OK.csv|R113:NetLED_CHG_A,NetLED_CHG_A,Mid Layer 4,24.025,42.325,24.025,43.225,0.2,,,"NetLED_CHG_A|Pad R_CHG_LED-2(18.2mm,40.65mm) on L4 BOTTOM GND|Pad LED_CHG-A(25.428mm,44.5mm) on L1 TOP"
TRACK,ROUTE_PLAN_C2_6L5_OK.csv|R113:NetLED_CHG_A,NetLED_CHG_A,Top Layer,24.025,43.225,24.775,43.975,0.2,,,"NetLED_CHG_A|Pad R_CHG_LED-2(18.2mm,40.65mm) on L4 BOTTOM GND|Pad LED_CHG-A(25.428mm,44.5mm) on L1 TOP"
VIA,ROUTE_PLAN_C2_6L5_OK.csv|R113:NetLED_CHG_A,NetLED_CHG_A,Multi Layer,21.975,40.275,,,,0.6,0.3,"NetLED_CHG_A|Pad R_CHG_LED-2(18.2mm,40.65mm) on L4 BOTTOM GND|Pad LED_CHG-A(25.428mm,44.5mm) on L1 TOP"
VIA,ROUTE_PLAN_C2_6L5_OK.csv|R113:NetLED_CHG_A,NetLED_CHG_A,Multi Layer,24.025,43.225,,,,0.6,0.3,"NetLED_CHG_A|Pad R_CHG_LED-2(18.2mm,40.65mm) on L4 BOTTOM GND|Pad LED_CHG-A(25.428mm,44.5mm) on L1 TOP"
TRACK,ROUTE_PLAN_C2_6L5_OK.csv|R114:MCU_SHUTDOWN,MCU_SHUTDOWN,Bottom Layer,53.375,36.975,53.375,36.425,0.2,,,"MCU_SHUTDOWN|Pad R_SHDN_G-2(53.214mm,37.25mm) on L4 BOTTOM GND|Pad U_MCU1-86(59.08mm,43.238mm) on L1 TOP [Unplated]"
TRACK,ROUTE_PLAN_C2_6L5_OK.csv|R114:MCU_SHUTDOWN,MCU_SHUTDOWN,Mid Layer 4,53.375,36.425,54.275,37.325,0.2,,,"MCU_SHUTDOWN|Pad R_SHDN_G-2(53.214mm,37.25mm) on L4 BOTTOM GND|Pad U_MCU1-86(59.08mm,43.238mm) on L1 TOP [Unplated]"
TRACK,ROUTE_PLAN_C2_6L5_OK.csv|R114:MCU_SHUTDOWN,MCU_SHUTDOWN,Mid Layer 4,54.275,37.325,54.275,38.125,0.2,,,"MCU_SHUTDOWN|Pad R_SHDN_G-2(53.214mm,37.25mm) on L4 BOTTOM GND|Pad U_MCU1-86(59.08mm,43.238mm) on L1 TOP [Unplated]"
TRACK,ROUTE_PLAN_C2_6L5_OK.csv|R114:MCU_SHUTDOWN,MCU_SHUTDOWN,Mid Layer 4,54.275,38.125,55.175,39.025,0.2,,,"MCU_SHUTDOWN|Pad R_SHDN_G-2(53.214mm,37.25mm) on L4 BOTTOM GND|Pad U_MCU1-86(59.08mm,43.238mm) on L1 TOP [Unplated]"
TRACK,ROUTE_PLAN_C2_6L5_OK.csv|R114:MCU_SHUTDOWN,MCU_SHUTDOWN,Mid Layer 4,55.175,39.025,56.375,39.025,0.2,,,"MCU_SHUTDOWN|Pad R_SHDN_G-2(53.214mm,37.25mm) on L4 BOTTOM GND|Pad U_MCU1-86(59.08mm,43.238mm) on L1 TOP [Unplated]"
TRACK,ROUTE_PLAN_C2_6L5_OK.csv|R114:MCU_SHUTDOWN,MCU_SHUTDOWN,Mid Layer 4,56.375,39.025,58.475,41.125,0.2,,,"MCU_SHUTDOWN|Pad R_SHDN_G-2(53.214mm,37.25mm) on L4 BOTTOM GND|Pad U_MCU1-86(59.08mm,43.238mm) on L1 TOP [Unplated]"
TRACK,ROUTE_PLAN_C2_6L5_OK.csv|R114:MCU_SHUTDOWN,MCU_SHUTDOWN,Top Layer,58.475,41.125,58.475,41.775,0.2,,,"MCU_SHUTDOWN|Pad R_SHDN_G-2(53.214mm,37.25mm) on L4 BOTTOM GND|Pad U_MCU1-86(59.08mm,43.238mm) on L1 TOP [Unplated]"
TRACK,ROUTE_PLAN_C2_6L5_OK.csv|R114:MCU_SHUTDOWN,MCU_SHUTDOWN,Top Layer,58.475,41.775,59.075,42.375,0.2,,,"MCU_SHUTDOWN|Pad R_SHDN_G-2(53.214mm,37.25mm) on L4 BOTTOM GND|Pad U_MCU1-86(59.08mm,43.238mm) on L1 TOP [Unplated]"
TRACK,ROUTE_PLAN_C2_6L5_OK.csv|R114:MCU_SHUTDOWN,MCU_SHUTDOWN,Top Layer,59.075,42.375,59.075,42.525,0.2,,,"MCU_SHUTDOWN|Pad R_SHDN_G-2(53.214mm,37.25mm) on L4 BOTTOM GND|Pad U_MCU1-86(59.08mm,43.238mm) on L1 TOP [Unplated]"
VIA,ROUTE_PLAN_C2_6L5_OK.csv|R114:MCU_SHUTDOWN,MCU_SHUTDOWN,Multi Layer,53.375,36.425,,,,0.6,0.3,"MCU_SHUTDOWN|Pad R_SHDN_G-2(53.214mm,37.25mm) on L4 BOTTOM GND|Pad U_MCU1-86(59.08mm,43.238mm) on L1 TOP [Unplated]"
VIA,ROUTE_PLAN_C2_6L5_OK.csv|R114:MCU_SHUTDOWN,MCU_SHUTDOWN,Multi Layer,58.475,41.125,,,,0.6,0.3,"MCU_SHUTDOWN|Pad R_SHDN_G-2(53.214mm,37.25mm) on L4 BOTTOM GND|Pad U_MCU1-86(59.08mm,43.238mm) on L1 TOP [Unplated]"
TRACK,ROUTE_PLAN_C2_6L5_OK.csv|R115:WIFI_CHIP_EN,WIFI_CHIP_EN,Mid Layer 4,45.225,36.875,45.225,38.575,0.15,,,"WIFI_CHIP_EN|Pad R_WIFI_EN_PD-1(45.78mm,37.4mm) on L1 TOP|Pad U_MCU1-87(58.58mm,43.238mm) on L1 TOP [Unplated]"
TRACK,ROUTE_PLAN_C2_6L5_OK.csv|R115:WIFI_CHIP_EN,WIFI_CHIP_EN,Mid Layer 4,45.225,38.575,48.6045,41.9545,0.15,,,"WIFI_CHIP_EN|Pad R_WIFI_EN_PD-1(45.78mm,37.4mm) on L1 TOP|Pad U_MCU1-87(58.58mm,43.238mm) on L1 TOP [Unplated]"
TRACK,ROUTE_PLAN_C2_6L5_OK.csv|R115:WIFI_CHIP_EN,WIFI_CHIP_EN,Mid Layer 4,48.6045,41.9545,48.9019,42.2519,0.15,,,"WIFI_CHIP_EN|Pad R_WIFI_EN_PD-1(45.78mm,37.4mm) on L1 TOP|Pad U_MCU1-87(58.58mm,43.238mm) on L1 TOP [Unplated]"
TRACK,ROUTE_PLAN_C2_6L5_OK.csv|R115:WIFI_CHIP_EN,WIFI_CHIP_EN,Mid Layer 4,48.9019,42.2519,48.925,42.275,0.15,,,"WIFI_CHIP_EN|Pad R_WIFI_EN_PD-1(45.78mm,37.4mm) on L1 TOP|Pad U_MCU1-87(58.58mm,43.238mm) on L1 TOP [Unplated]"
TRACK,ROUTE_PLAN_C2_6L5_OK.csv|R115:WIFI_CHIP_EN,WIFI_CHIP_EN,Mid Layer 4,48.925,42.275,52.7219,42.275,0.15,,,"WIFI_CHIP_EN|Pad R_WIFI_EN_PD-1(45.78mm,37.4mm) on L1 TOP|Pad U_MCU1-87(58.58mm,43.238mm) on L1 TOP [Unplated]"
TRACK,ROUTE_PLAN_C2_6L5_OK.csv|R115:WIFI_CHIP_EN,WIFI_CHIP_EN,Mid Layer 4,52.7219,42.275,55.975,42.275,0.15,,,"WIFI_CHIP_EN|Pad R_WIFI_EN_PD-1(45.78mm,37.4mm) on L1 TOP|Pad U_MCU1-87(58.58mm,43.238mm) on L1 TOP [Unplated]"
TRACK,ROUTE_PLAN_C2_6L5_OK.csv|R115:WIFI_CHIP_EN,WIFI_CHIP_EN,Mid Layer 4,55.975,42.275,58.275,44.575,0.15,,,"WIFI_CHIP_EN|Pad R_WIFI_EN_PD-1(45.78mm,37.4mm) on L1 TOP|Pad U_MCU1-87(58.58mm,43.238mm) on L1 TOP [Unplated]"
TRACK,ROUTE_PLAN_C2_6L5_OK.csv|R115:WIFI_CHIP_EN,WIFI_CHIP_EN,Top Layer,58.275,44.575,58.275,44.475,0.15,,,"WIFI_CHIP_EN|Pad R_WIFI_EN_PD-1(45.78mm,37.4mm) on L1 TOP|Pad U_MCU1-87(58.58mm,43.238mm) on L1 TOP [Unplated]"
TRACK,ROUTE_PLAN_C2_6L5_OK.csv|R115:WIFI_CHIP_EN,WIFI_CHIP_EN,Top Layer,58.275,44.475,58.525,44.225,0.15,,,"WIFI_CHIP_EN|Pad R_WIFI_EN_PD-1(45.78mm,37.4mm) on L1 TOP|Pad U_MCU1-87(58.58mm,43.238mm) on L1 TOP [Unplated]"
TRACK,ROUTE_PLAN_C2_6L5_OK.csv|R115:WIFI_CHIP_EN,WIFI_CHIP_EN,Top Layer,58.525,44.225,58.525,43.975,0.15,,,"WIFI_CHIP_EN|Pad R_WIFI_EN_PD-1(45.78mm,37.4mm) on L1 TOP|Pad U_MCU1-87(58.58mm,43.238mm) on L1 TOP [Unplated]"
VIA,ROUTE_PLAN_C2_6L5_OK.csv|R115:WIFI_CHIP_EN,WIFI_CHIP_EN,Multi Layer,45.225,36.875,,,,0.45,0.2,"WIFI_CHIP_EN|Pad R_WIFI_EN_PD-1(45.78mm,37.4mm) on L1 TOP|Pad U_MCU1-87(58.58mm,43.238mm) on L1 TOP [Unplated]"
VIA,ROUTE_PLAN_C2_6L5_OK.csv|R115:WIFI_CHIP_EN,WIFI_CHIP_EN,Multi Layer,58.275,44.575,,,,0.45,0.2,"WIFI_CHIP_EN|Pad R_WIFI_EN_PD-1(45.78mm,37.4mm) on L1 TOP|Pad U_MCU1-87(58.58mm,43.238mm) on L1 TOP [Unplated]"
TRACK,ROUTE_PLAN_C2_6L5_OK.csv|R116:AFE_EN,AFE_EN,Bottom Layer,37.125,26.375,36.775,26.025,0.2,,,"AFE_EN|Track (36.875mm,27.175mm)(37.125mm,26.925mm) on L6 BOTTOM|Pad U_MCU1-85(59.58mm,43.238mm) on L1 TOP [Unplated]"
TRACK,ROUTE_PLAN_C2_6L5_OK.csv|R116:AFE_EN,AFE_EN,Mid Layer 2,36.775,26.025,38.125,27.375,0.2,,,"AFE_EN|Track (36.875mm,27.175mm)(37.125mm,26.925mm) on L6 BOTTOM|Pad U_MCU1-85(59.58mm,43.238mm) on L1 TOP [Unplated]"
TRACK,ROUTE_PLAN_C2_6L5_OK.csv|R116:AFE_EN,AFE_EN,Mid Layer 2,38.125,27.375,41.475,27.375,0.2,,,"AFE_EN|Track (36.875mm,27.175mm)(37.125mm,26.925mm) on L6 BOTTOM|Pad U_MCU1-85(59.58mm,43.238mm) on L1 TOP [Unplated]"
TRACK,ROUTE_PLAN_C2_6L5_OK.csv|R116:AFE_EN,AFE_EN,Mid Layer 2,41.475,27.375,44.375,30.275,0.2,,,"AFE_EN|Track (36.875mm,27.175mm)(37.125mm,26.925mm) on L6 BOTTOM|Pad U_MCU1-85(59.58mm,43.238mm) on L1 TOP [Unplated]"
TRACK,ROUTE_PLAN_C2_6L5_OK.csv|R116:AFE_EN,AFE_EN,Mid Layer 2,44.375,30.275,44.375,30.425,0.2,,,"AFE_EN|Track (36.875mm,27.175mm)(37.125mm,26.925mm) on L6 BOTTOM|Pad U_MCU1-85(59.58mm,43.238mm) on L1 TOP [Unplated]"
TRACK,ROUTE_PLAN_C2_6L5_OK.csv|R116:AFE_EN,AFE_EN,Bottom Layer,44.375,30.425,45.325,30.425,0.2,,,"AFE_EN|Track (36.875mm,27.175mm)(37.125mm,26.925mm) on L6 BOTTOM|Pad U_MCU1-85(59.58mm,43.238mm) on L1 TOP [Unplated]"
TRACK,ROUTE_PLAN_C2_6L5_OK.csv|R116:AFE_EN,AFE_EN,Bottom Layer,45.325,30.425,48.125,33.225,0.2,,,"AFE_EN|Track (36.875mm,27.175mm)(37.125mm,26.925mm) on L6 BOTTOM|Pad U_MCU1-85(59.58mm,43.238mm) on L1 TOP [Unplated]"
TRACK,ROUTE_PLAN_C2_6L5_OK.csv|R116:AFE_EN,AFE_EN,Bottom Layer,48.125,33.225,48.6045,33.225,0.2,,,"AFE_EN|Track (36.875mm,27.175mm)(37.125mm,26.925mm) on L6 BOTTOM|Pad U_MCU1-85(59.58mm,43.238mm) on L1 TOP [Unplated]"
TRACK,ROUTE_PLAN_C2_6L5_OK.csv|R116:AFE_EN,AFE_EN,Bottom Layer,48.6045,33.225,50.875,33.225,0.2,,,"AFE_EN|Track (36.875mm,27.175mm)(37.125mm,26.925mm) on L6 BOTTOM|Pad U_MCU1-85(59.58mm,43.238mm) on L1 TOP [Unplated]"
TRACK,ROUTE_PLAN_C2_6L5_OK.csv|R116:AFE_EN,AFE_EN,Bottom Layer,50.875,33.225,51.725,34.075,0.2,,,"AFE_EN|Track (36.875mm,27.175mm)(37.125mm,26.925mm) on L6 BOTTOM|Pad U_MCU1-85(59.58mm,43.238mm) on L1 TOP [Unplated]"
TRACK,ROUTE_PLAN_C2_6L5_OK.csv|R116:AFE_EN,AFE_EN,Mid Layer 2,51.725,34.075,53.625,34.075,0.2,,,"AFE_EN|Track (36.875mm,27.175mm)(37.125mm,26.925mm) on L6 BOTTOM|Pad U_MCU1-85(59.58mm,43.238mm) on L1 TOP [Unplated]"
TRACK,ROUTE_PLAN_C2_6L5_OK.csv|R116:AFE_EN,AFE_EN,Mid Layer 2,53.625,34.075,59.575,40.025,0.2,,,"AFE_EN|Track (36.875mm,27.175mm)(37.125mm,26.925mm) on L6 BOTTOM|Pad U_MCU1-85(59.58mm,43.238mm) on L1 TOP [Unplated]"
TRACK,ROUTE_PLAN_C2_6L5_OK.csv|R116:AFE_EN,AFE_EN,Mid Layer 2,59.575,40.025,59.575,41.625,0.2,,,"AFE_EN|Track (36.875mm,27.175mm)(37.125mm,26.925mm) on L6 BOTTOM|Pad U_MCU1-85(59.58mm,43.238mm) on L1 TOP [Unplated]"
TRACK,ROUTE_PLAN_C2_6L5_OK.csv|R116:AFE_EN,AFE_EN,Top Layer,59.575,41.625,59.575,42.525,0.2,,,"AFE_EN|Track (36.875mm,27.175mm)(37.125mm,26.925mm) on L6 BOTTOM|Pad U_MCU1-85(59.58mm,43.238mm) on L1 TOP [Unplated]"
VIA,ROUTE_PLAN_C2_6L5_OK.csv|R116:AFE_EN,AFE_EN,Multi Layer,36.775,26.025,,,,0.6,0.3,"AFE_EN|Track (36.875mm,27.175mm)(37.125mm,26.925mm) on L6 BOTTOM|Pad U_MCU1-85(59.58mm,43.238mm) on L1 TOP [Unplated]"
VIA,ROUTE_PLAN_C2_6L5_OK.csv|R116:AFE_EN,AFE_EN,Multi Layer,44.375,30.425,,,,0.6,0.3,"AFE_EN|Track (36.875mm,27.175mm)(37.125mm,26.925mm) on L6 BOTTOM|Pad U_MCU1-85(59.58mm,43.238mm) on L1 TOP [Unplated]"
VIA,ROUTE_PLAN_C2_6L5_OK.csv|R116:AFE_EN,AFE_EN,Multi Layer,51.725,34.075,,,,0.6,0.3,"AFE_EN|Track (36.875mm,27.175mm)(37.125mm,26.925mm) on L6 BOTTOM|Pad U_MCU1-85(59.58mm,43.238mm) on L1 TOP [Unplated]"
VIA,ROUTE_PLAN_C2_6L5_OK.csv|R116:AFE_EN,AFE_EN,Multi Layer,59.575,41.625,,,,0.6,0.3,"AFE_EN|Track (36.875mm,27.175mm)(37.125mm,26.925mm) on L6 BOTTOM|Pad U_MCU1-85(59.58mm,43.238mm) on L1 TOP [Unplated]"
TRACK,ROUTE_PLAN_C2_6L5_OK.csv|R117:GND,GND,Bottom Layer,12.775,40.525,12.775,40.225,0.3,,,"GND|Pad UP1-5(12.85mm,40.8mm) on L6 BOTTOM|Via (13.1mm,39.9mm) from L1 TOP to L6 BOTTOM"
TRACK,ROUTE_PLAN_C2_6L5_OK.csv|R118:GND,GND,Bottom Layer,13.275,38.575,13.275,38.275,0.15,,,"GND|Via (13.1mm,38.9mm) from L1 TOP to L6 BOTTOM|Pad UP1-15(13.35mm,38mm) on L6 BOTTOM"
TRACK,ROUTE_PLAN_C2_6L5_OK.csv|R119:GND,GND,Bottom Layer,14.275,40.225,14.275,40.375,0.3,,,"GND|Via (14.1mm,39.9mm) from L1 TOP to L6 BOTTOM|Pad UP1-8(14.35mm,40.8mm) on L6 BOTTOM"
TRACK,ROUTE_PLAN_C2_6L5_OK.csv|R119:GND,GND,Bottom Layer,14.275,40.375,14.325,40.425,0.3,,,"GND|Via (14.1mm,39.9mm) from L1 TOP to L6 BOTTOM|Pad UP1-8(14.35mm,40.8mm) on L6 BOTTOM"
TRACK,ROUTE_PLAN_C2_6L5_OK.csv|R119:GND,GND,Bottom Layer,14.325,40.425,14.325,40.525,0.3,,,"GND|Via (14.1mm,39.9mm) from L1 TOP to L6 BOTTOM|Pad UP1-8(14.35mm,40.8mm) on L6 BOTTOM"
TRACK,ROUTE_PLAN_C2_6L5_OK.csv|R11:3V3_DIG,3V3_DIG,Mid Layer 4,48.875,37.225,52.075,37.225,0.4,,,"3V3_DIG|Track (48.825mm,36.725mm)(48.825mm,38.825mm) on L1 TOP|Track (49.375mm,39.075mm)(49.625mm,39.075mm) on L1 TOP"
TRACK,ROUTE_PLAN_C2_6L5_OK.csv|R11:3V3_DIG,3V3_DIG,Top Layer,52.075,37.225,52.675,37.825,0.4,,,"3V3_DIG|Track (48.825mm,36.725mm)(48.825mm,38.825mm) on L1 TOP|Track (49.375mm,39.075mm)(49.625mm,39.075mm) on L1 TOP"
TRACK,ROUTE_PLAN_C2_6L5_OK.csv|R11:3V3_DIG,3V3_DIG,Top Layer,52.675,37.825,52.675,38.3685,0.4,,,"3V3_DIG|Track (48.825mm,36.725mm)(48.825mm,38.825mm) on L1 TOP|Track (49.375mm,39.075mm)(49.625mm,39.075mm) on L1 TOP"
TRACK,ROUTE_PLAN_C2_6L5_OK.csv|R11:3V3_DIG,3V3_DIG,Top Layer,52.675,38.3685,52.675,38.675,0.4,,,"3V3_DIG|Track (48.825mm,36.725mm)(48.825mm,38.825mm) on L1 TOP|Track (49.375mm,39.075mm)(49.625mm,39.075mm) on L1 TOP"
VIA,ROUTE_PLAN_C2_6L5_OK.csv|R11:3V3_DIG,3V3_DIG,Multi Layer,52.075,37.225,,,,0.6,0.3,"3V3_DIG|Track (48.825mm,36.725mm)(48.825mm,38.825mm) on L1 TOP|Track (49.375mm,39.075mm)(49.625mm,39.075mm) on L1 TOP"
TRACK,ROUTE_PLAN_C2_6L5_OK.csv|R120:GND,GND,Top Layer,52.575,44.825,52.575,43.975,0.15,,,"GND|Track (52.459mm,45.03mm)(53.053mm,45.088mm) on L1 TOP|Pad U_MCU1-99(52.58mm,43.238mm) on L1 TOP [Unplated]"
TRACK,ROUTE_PLAN_C2_6L5_OK.csv|R14:3V0_ANA,3V0_ANA,Bottom Layer,12.925,14.525,12.425,14.525,0.4,,,"3V0_ANA|Pad C_DRL_DEC-1(13.106mm,14.528mm) on L6 BOTTOM|Via (15.95mm,12.55mm) from L1 TOP to L6 BOTTOM"
TRACK,ROUTE_PLAN_C2_6L5_OK.csv|R14:3V0_ANA,3V0_ANA,Bottom Layer,12.425,14.525,12.375,14.475,0.4,,,"3V0_ANA|Pad C_DRL_DEC-1(13.106mm,14.528mm) on L6 BOTTOM|Via (15.95mm,12.55mm) from L1 TOP to L6 BOTTOM"
TRACK,ROUTE_PLAN_C2_6L5_OK.csv|R14:3V0_ANA,3V0_ANA,Mid Layer 4,12.375,14.475,13.45,14.475,0.4,,,"3V0_ANA|Pad C_DRL_DEC-1(13.106mm,14.528mm) on L6 BOTTOM|Via (15.95mm,12.55mm) from L1 TOP to L6 BOTTOM"
TRACK,ROUTE_PLAN_C2_6L5_OK.csv|R14:3V0_ANA,3V0_ANA,Mid Layer 4,13.45,14.475,15.1058,14.475,0.4,,,"3V0_ANA|Pad C_DRL_DEC-1(13.106mm,14.528mm) on L6 BOTTOM|Via (15.95mm,12.55mm) from L1 TOP to L6 BOTTOM"
TRACK,ROUTE_PLAN_C2_6L5_OK.csv|R14:3V0_ANA,3V0_ANA,Mid Layer 4,15.1058,14.475,16.125,14.475,0.4,,,"3V0_ANA|Pad C_DRL_DEC-1(13.106mm,14.528mm) on L6 BOTTOM|Via (15.95mm,12.55mm) from L1 TOP to L6 BOTTOM"
TRACK,ROUTE_PLAN_C2_6L5_OK.csv|R14:3V0_ANA,3V0_ANA,Mid Layer 4,16.125,14.475,16.825,13.775,0.4,,,"3V0_ANA|Pad C_DRL_DEC-1(13.106mm,14.528mm) on L6 BOTTOM|Via (15.95mm,12.55mm) from L1 TOP to L6 BOTTOM"
VIA,ROUTE_PLAN_C2_6L5_OK.csv|R14:3V0_ANA,3V0_ANA,Multi Layer,12.375,14.475,,,,0.6,0.3,"3V0_ANA|Pad C_DRL_DEC-1(13.106mm,14.528mm) on L6 BOTTOM|Via (15.95mm,12.55mm) from L1 TOP to L6 BOTTOM"
TRACK,ROUTE_PLAN_C2_6L5_OK.csv|R27:TS,TS,Bottom Layer,11.075,38.375,11.725,38.375,0.2,,,"TS|Pad R_TS_SER-2(10.8mm,38.15mm) on L6 BOTTOM|Pad UP1-1(12.2mm,38.65mm) on L6 BOTTOM"
TRACK,ROUTE_PLAN_C2_6L5_OK.csv|R27:TS,TS,Bottom Layer,11.725,38.375,11.925,38.575,0.2,,,"TS|Pad R_TS_SER-2(10.8mm,38.15mm) on L6 BOTTOM|Pad UP1-1(12.2mm,38.65mm) on L6 BOTTOM"
TRACK,ROUTE_PLAN_C2_6L5_OK.csv|R29:DRL_SUM,DRL_SUM,Bottom Layer,24.675,12.125,25.175,12.125,0.2,,,"DRL_SUM|Pad R_DRL_VA1-2(24.255mm,12.305mm) on L6 BOTTOM|Pad R_DRL_VB1-2(25.625mm,14.086mm) on L6 BOTTOM"
TRACK,ROUTE_PLAN_C2_6L5_OK.csv|R29:DRL_SUM,DRL_SUM,Top Layer,25.175,12.125,25.425,12.375,0.2,,,"DRL_SUM|Pad R_DRL_VA1-2(24.255mm,12.305mm) on L6 BOTTOM|Pad R_DRL_VB1-2(25.625mm,14.086mm) on L6 BOTTOM"
TRACK,ROUTE_PLAN_C2_6L5_OK.csv|R29:DRL_SUM,DRL_SUM,Top Layer,25.425,12.375,25.575,12.375,0.2,,,"DRL_SUM|Pad R_DRL_VA1-2(24.255mm,12.305mm) on L6 BOTTOM|Pad R_DRL_VB1-2(25.625mm,14.086mm) on L6 BOTTOM"
TRACK,ROUTE_PLAN_C2_6L5_OK.csv|R29:DRL_SUM,DRL_SUM,Top Layer,25.575,12.375,26.025,12.825,0.2,,,"DRL_SUM|Pad R_DRL_VA1-2(24.255mm,12.305mm) on L6 BOTTOM|Pad R_DRL_VB1-2(25.625mm,14.086mm) on L6 BOTTOM"
TRACK,ROUTE_PLAN_C2_6L5_OK.csv|R29:DRL_SUM,DRL_SUM,Top Layer,26.025,12.825,26.025,14.075,0.2,,,"DRL_SUM|Pad R_DRL_VA1-2(24.255mm,12.305mm) on L6 BOTTOM|Pad R_DRL_VB1-2(25.625mm,14.086mm) on L6 BOTTOM"
TRACK,ROUTE_PLAN_C2_6L5_OK.csv|R29:DRL_SUM,DRL_SUM,Top Layer,26.025,14.075,26.425,14.475,0.2,,,"DRL_SUM|Pad R_DRL_VA1-2(24.255mm,12.305mm) on L6 BOTTOM|Pad R_DRL_VB1-2(25.625mm,14.086mm) on L6 BOTTOM"
TRACK,ROUTE_PLAN_C2_6L5_OK.csv|R29:DRL_SUM,DRL_SUM,Bottom Layer,26.425,14.475,25.925,14.475,0.2,,,"DRL_SUM|Pad R_DRL_VA1-2(24.255mm,12.305mm) on L6 BOTTOM|Pad R_DRL_VB1-2(25.625mm,14.086mm) on L6 BOTTOM"
VIA,ROUTE_PLAN_C2_6L5_OK.csv|R29:DRL_SUM,DRL_SUM,Multi Layer,25.175,12.125,,,,0.6,0.3,"DRL_SUM|Pad R_DRL_VA1-2(24.255mm,12.305mm) on L6 BOTTOM|Pad R_DRL_VB1-2(25.625mm,14.086mm) on L6 BOTTOM"
VIA,ROUTE_PLAN_C2_6L5_OK.csv|R29:DRL_SUM,DRL_SUM,Multi Layer,26.425,14.475,,,,0.6,0.3,"DRL_SUM|Pad R_DRL_VA1-2(24.255mm,12.305mm) on L6 BOTTOM|Pad R_DRL_VB1-2(25.625mm,14.086mm) on L6 BOTTOM"
TRACK,ROUTE_PLAN_C2_6L5_OK.csv|R35:WIFI_UART_RX,WIFI_UART_RX,Bottom Layer,43.375,40.625,43.375,40.225,0.2,,,"WIFI_UART_RX|Pad R_WIFI_UART_TX_LINK-1(43.226mm,40.805mm) on L6 BOTTOM|Pad TP_WIFI_UART_RX-TP(47.268mm,37.227mm) on L6 BOTTOM"
TRACK,ROUTE_PLAN_C2_6L5_OK.csv|R35:WIFI_UART_RX,WIFI_UART_RX,Bottom Layer,43.375,40.225,43.525,40.075,0.2,,,"WIFI_UART_RX|Pad R_WIFI_UART_TX_LINK-1(43.226mm,40.805mm) on L6 BOTTOM|Pad TP_WIFI_UART_RX-TP(47.268mm,37.227mm) on L6 BOTTOM"
TRACK,ROUTE_PLAN_C2_6L5_OK.csv|R35:WIFI_UART_RX,WIFI_UART_RX,Top Layer,43.525,40.075,45.325,40.075,0.2,,,"WIFI_UART_RX|Pad R_WIFI_UART_TX_LINK-1(43.226mm,40.805mm) on L6 BOTTOM|Pad TP_WIFI_UART_RX-TP(47.268mm,37.227mm) on L6 BOTTOM"
TRACK,ROUTE_PLAN_C2_6L5_OK.csv|R35:WIFI_UART_RX,WIFI_UART_RX,Top Layer,45.325,40.075,47.075,38.325,0.2,,,"WIFI_UART_RX|Pad R_WIFI_UART_TX_LINK-1(43.226mm,40.805mm) on L6 BOTTOM|Pad TP_WIFI_UART_RX-TP(47.268mm,37.227mm) on L6 BOTTOM"
TRACK,ROUTE_PLAN_C2_6L5_OK.csv|R35:WIFI_UART_RX,WIFI_UART_RX,Bottom Layer,47.075,38.325,47.075,37.825,0.2,,,"WIFI_UART_RX|Pad R_WIFI_UART_TX_LINK-1(43.226mm,40.805mm) on L6 BOTTOM|Pad TP_WIFI_UART_RX-TP(47.268mm,37.227mm) on L6 BOTTOM"
VIA,ROUTE_PLAN_C2_6L5_OK.csv|R35:WIFI_UART_RX,WIFI_UART_RX,Multi Layer,43.525,40.075,,,,0.6,0.3,"WIFI_UART_RX|Pad R_WIFI_UART_TX_LINK-1(43.226mm,40.805mm) on L6 BOTTOM|Pad TP_WIFI_UART_RX-TP(47.268mm,37.227mm) on L6 BOTTOM"
VIA,ROUTE_PLAN_C2_6L5_OK.csv|R35:WIFI_UART_RX,WIFI_UART_RX,Multi Layer,47.075,38.325,,,,0.6,0.3,"WIFI_UART_RX|Pad R_WIFI_UART_TX_LINK-1(43.226mm,40.805mm) on L6 BOTTOM|Pad TP_WIFI_UART_RX-TP(47.268mm,37.227mm) on L6 BOTTOM"
TRACK,ROUTE_PLAN_C2_6L5_OK.csv|R37:SYS_EN,SYS_EN,Bottom Layer,43.725,37.725,43.775,37.675,0.2,,,"SYS_EN|Track (43.975mm,38.075mm)(43.975mm,38.175mm) on L6 BOTTOM|Pad UP2-5(51.562mm,39.699mm) on L6 BOTTOM"
TRACK,ROUTE_PLAN_C2_6L5_OK.csv|R37:SYS_EN,SYS_EN,Mid Layer 2,43.775,37.675,46.475,40.375,0.2,,,"SYS_EN|Track (43.975mm,38.075mm)(43.975mm,38.175mm) on L6 BOTTOM|Pad UP2-5(51.562mm,39.699mm) on L6 BOTTOM"
TRACK,ROUTE_PLAN_C2_6L5_OK.csv|R37:SYS_EN,SYS_EN,Mid Layer 2,46.475,40.375,48.6045,40.375,0.2,,,"SYS_EN|Track (43.975mm,38.075mm)(43.975mm,38.175mm) on L6 BOTTOM|Pad UP2-5(51.562mm,39.699mm) on L6 BOTTOM"
TRACK,ROUTE_PLAN_C2_6L5_OK.csv|R37:SYS_EN,SYS_EN,Mid Layer 2,48.6045,40.375,48.9019,40.375,0.2,,,"SYS_EN|Track (43.975mm,38.075mm)(43.975mm,38.175mm) on L6 BOTTOM|Pad UP2-5(51.562mm,39.699mm) on L6 BOTTOM"
TRACK,ROUTE_PLAN_C2_6L5_OK.csv|R37:SYS_EN,SYS_EN,Mid Layer 2,48.9019,40.375,52.025,40.375,0.2,,,"SYS_EN|Track (43.975mm,38.075mm)(43.975mm,38.175mm) on L6 BOTTOM|Pad UP2-5(51.562mm,39.699mm) on L6 BOTTOM"
TRACK,ROUTE_PLAN_C2_6L5_OK.csv|R37:SYS_EN,SYS_EN,Bottom Layer,52.025,40.375,51.675,40.025,0.2,,,"SYS_EN|Track (43.975mm,38.075mm)(43.975mm,38.175mm) on L6 BOTTOM|Pad UP2-5(51.562mm,39.699mm) on L6 BOTTOM"
VIA,ROUTE_PLAN_C2_6L5_OK.csv|R37:SYS_EN,SYS_EN,Multi Layer,43.775,37.675,,,,0.6,0.3,"SYS_EN|Track (43.975mm,38.075mm)(43.975mm,38.175mm) on L6 BOTTOM|Pad UP2-5(51.562mm,39.699mm) on L6 BOTTOM"
VIA,ROUTE_PLAN_C2_6L5_OK.csv|R37:SYS_EN,SYS_EN,Multi Layer,52.025,40.375,,,,0.6,0.3,"SYS_EN|Track (43.975mm,38.075mm)(43.975mm,38.175mm) on L6 BOTTOM|Pad UP2-5(51.562mm,39.699mm) on L6 BOTTOM"
TRACK,ROUTE_PLAN_C2_6L5_OK.csv|R40:BAT_TEMP,BAT_TEMP,Bottom Layer,11.125,37.375,11.375,37.625,0.2,,,"BAT_TEMP|Pad R_TS_BOTTOM-2(10.903mm,37.098mm) on L6 BOTTOM|Pad J_Li-Po-2(24.369mm,37.994mm) on Multi-Layer"
TRACK,ROUTE_PLAN_C2_6L5_OK.csv|R40:BAT_TEMP,BAT_TEMP,Bottom Layer,11.375,37.625,11.625,37.625,0.2,,,"BAT_TEMP|Pad R_TS_BOTTOM-2(10.903mm,37.098mm) on L6 BOTTOM|Pad J_Li-Po-2(24.369mm,37.994mm) on Multi-Layer"
TRACK,ROUTE_PLAN_C2_6L5_OK.csv|R40:BAT_TEMP,BAT_TEMP,Mid Layer 4,11.625,37.625,15.025,37.625,0.2,,,"BAT_TEMP|Pad R_TS_BOTTOM-2(10.903mm,37.098mm) on L6 BOTTOM|Pad J_Li-Po-2(24.369mm,37.994mm) on Multi-Layer"
TRACK,ROUTE_PLAN_C2_6L5_OK.csv|R40:BAT_TEMP,BAT_TEMP,Mid Layer 4,15.025,37.625,15.075,37.575,0.2,,,"BAT_TEMP|Pad R_TS_BOTTOM-2(10.903mm,37.098mm) on L6 BOTTOM|Pad J_Li-Po-2(24.369mm,37.994mm) on Multi-Layer"
TRACK,ROUTE_PLAN_C2_6L5_OK.csv|R40:BAT_TEMP,BAT_TEMP,Mid Layer 4,15.075,37.575,16.3,37.575,0.2,,,"BAT_TEMP|Pad R_TS_BOTTOM-2(10.903mm,37.098mm) on L6 BOTTOM|Pad J_Li-Po-2(24.369mm,37.994mm) on Multi-Layer"
TRACK,ROUTE_PLAN_C2_6L5_OK.csv|R40:BAT_TEMP,BAT_TEMP,Mid Layer 4,16.3,37.575,17.775,37.575,0.2,,,"BAT_TEMP|Pad R_TS_BOTTOM-2(10.903mm,37.098mm) on L6 BOTTOM|Pad J_Li-Po-2(24.369mm,37.994mm) on Multi-Layer"
TRACK,ROUTE_PLAN_C2_6L5_OK.csv|R40:BAT_TEMP,BAT_TEMP,Mid Layer 4,17.775,37.575,18.425,38.225,0.2,,,"BAT_TEMP|Pad R_TS_BOTTOM-2(10.903mm,37.098mm) on L6 BOTTOM|Pad J_Li-Po-2(24.369mm,37.994mm) on Multi-Layer"
TRACK,ROUTE_PLAN_C2_6L5_OK.csv|R40:BAT_TEMP,BAT_TEMP,Mid Layer 4,18.425,38.225,23.625,38.225,0.2,,,"BAT_TEMP|Pad R_TS_BOTTOM-2(10.903mm,37.098mm) on L6 BOTTOM|Pad J_Li-Po-2(24.369mm,37.994mm) on Multi-Layer"
VIA,ROUTE_PLAN_C2_6L5_OK.csv|R40:BAT_TEMP,BAT_TEMP,Multi Layer,11.625,37.625,,,,0.6,0.3,"BAT_TEMP|Pad R_TS_BOTTOM-2(10.903mm,37.098mm) on L6 BOTTOM|Pad J_Li-Po-2(24.369mm,37.994mm) on Multi-Layer"
TRACK,ROUTE_PLAN_C2_6L5_OK.csv|R41:WIFI_SPI_RDY,WIFI_SPI_RDY,Top Layer,42.525,39.575,43.025,39.575,0.2,,,"WIFI_SPI_RDY|Pad U_WIFI1-21(42.126mm,39.935mm) on L1 TOP [Unplated]|Pad U_MCU1-89(57.58mm,43.238mm) on L1 TOP [Unplated]"
TRACK,ROUTE_PLAN_C2_6L5_OK.csv|R41:WIFI_SPI_RDY,WIFI_SPI_RDY,Top Layer,43.025,39.575,43.175,39.425,0.2,,,"WIFI_SPI_RDY|Pad U_WIFI1-21(42.126mm,39.935mm) on L1 TOP [Unplated]|Pad U_MCU1-89(57.58mm,43.238mm) on L1 TOP [Unplated]"
TRACK,ROUTE_PLAN_C2_6L5_OK.csv|R41:WIFI_SPI_RDY,WIFI_SPI_RDY,Top Layer,43.175,39.425,44.125,39.425,0.2,,,"WIFI_SPI_RDY|Pad U_WIFI1-21(42.126mm,39.935mm) on L1 TOP [Unplated]|Pad U_MCU1-89(57.58mm,43.238mm) on L1 TOP [Unplated]"
TRACK,ROUTE_PLAN_C2_6L5_OK.csv|R41:WIFI_SPI_RDY,WIFI_SPI_RDY,Mid Layer 4,44.125,39.425,46.575,41.875,0.2,,,"WIFI_SPI_RDY|Pad U_WIFI1-21(42.126mm,39.935mm) on L1 TOP [Unplated]|Pad U_MCU1-89(57.58mm,43.238mm) on L1 TOP [Unplated]"
TRACK,ROUTE_PLAN_C2_6L5_OK.csv|R41:WIFI_SPI_RDY,WIFI_SPI_RDY,Mid Layer 4,46.575,41.875,47.875,41.875,0.2,,,"WIFI_SPI_RDY|Pad U_WIFI1-21(42.126mm,39.935mm) on L1 TOP [Unplated]|Pad U_MCU1-89(57.58mm,43.238mm) on L1 TOP [Unplated]"
TRACK,ROUTE_PLAN_C2_6L5_OK.csv|R41:WIFI_SPI_RDY,WIFI_SPI_RDY,Mid Layer 4,47.875,41.875,48.6045,42.6045,0.2,,,"WIFI_SPI_RDY|Pad U_WIFI1-21(42.126mm,39.935mm) on L1 TOP [Unplated]|Pad U_MCU1-89(57.58mm,43.238mm) on L1 TOP [Unplated]"
TRACK,ROUTE_PLAN_C2_6L5_OK.csv|R41:WIFI_SPI_RDY,WIFI_SPI_RDY,Mid Layer 4,48.6045,42.6045,48.925,42.925,0.2,,,"WIFI_SPI_RDY|Pad U_WIFI1-21(42.126mm,39.935mm) on L1 TOP [Unplated]|Pad U_MCU1-89(57.58mm,43.238mm) on L1 TOP [Unplated]"
TRACK,ROUTE_PLAN_C2_6L5_OK.csv|R41:WIFI_SPI_RDY,WIFI_SPI_RDY,Top Layer,48.925,42.925,51.025,42.925,0.2,,,"WIFI_SPI_RDY|Pad U_WIFI1-21(42.126mm,39.935mm) on L1 TOP [Unplated]|Pad U_MCU1-89(57.58mm,43.238mm) on L1 TOP [Unplated]"
TRACK,ROUTE_PLAN_C2_6L5_OK.csv|R41:WIFI_SPI_RDY,WIFI_SPI_RDY,Top Layer,51.025,42.925,51.4515,42.4985,0.2,,,"WIFI_SPI_RDY|Pad U_WIFI1-21(42.126mm,39.935mm) on L1 TOP [Unplated]|Pad U_MCU1-89(57.58mm,43.238mm) on L1 TOP [Unplated]"
TRACK,ROUTE_PLAN_C2_6L5_OK.csv|R41:WIFI_SPI_RDY,WIFI_SPI_RDY,Top Layer,51.4515,42.4985,51.775,42.175,0.2,,,"WIFI_SPI_RDY|Pad U_WIFI1-21(42.126mm,39.935mm) on L1 TOP [Unplated]|Pad U_MCU1-89(57.58mm,43.238mm) on L1 TOP [Unplated]"
TRACK,ROUTE_PLAN_C2_6L5_OK.csv|R41:WIFI_SPI_RDY,WIFI_SPI_RDY,Top Layer,51.775,42.175,52.7219,42.175,0.2,,,"WIFI_SPI_RDY|Pad U_WIFI1-21(42.126mm,39.935mm) on L1 TOP [Unplated]|Pad U_MCU1-89(57.58mm,43.238mm) on L1 TOP [Unplated]"
TRACK,ROUTE_PLAN_C2_6L5_OK.csv|R41:WIFI_SPI_RDY,WIFI_SPI_RDY,Top Layer,52.7219,42.175,57.375,42.175,0.2,,,"WIFI_SPI_RDY|Pad U_WIFI1-21(42.126mm,39.935mm) on L1 TOP [Unplated]|Pad U_MCU1-89(57.58mm,43.238mm) on L1 TOP [Unplated]"
TRACK,ROUTE_PLAN_C2_6L5_OK.csv|R41:WIFI_SPI_RDY,WIFI_SPI_RDY,Top Layer,57.375,42.175,57.575,42.375,0.2,,,"WIFI_SPI_RDY|Pad U_WIFI1-21(42.126mm,39.935mm) on L1 TOP [Unplated]|Pad U_MCU1-89(57.58mm,43.238mm) on L1 TOP [Unplated]"
TRACK,ROUTE_PLAN_C2_6L5_OK.csv|R41:WIFI_SPI_RDY,WIFI_SPI_RDY,Top Layer,57.575,42.375,57.575,42.525,0.2,,,"WIFI_SPI_RDY|Pad U_WIFI1-21(42.126mm,39.935mm) on L1 TOP [Unplated]|Pad U_MCU1-89(57.58mm,43.238mm) on L1 TOP [Unplated]"
VIA,ROUTE_PLAN_C2_6L5_OK.csv|R41:WIFI_SPI_RDY,WIFI_SPI_RDY,Multi Layer,44.125,39.425,,,,0.6,0.3,"WIFI_SPI_RDY|Pad U_WIFI1-21(42.126mm,39.935mm) on L1 TOP [Unplated]|Pad U_MCU1-89(57.58mm,43.238mm) on L1 TOP [Unplated]"
VIA,ROUTE_PLAN_C2_6L5_OK.csv|R41:WIFI_SPI_RDY,WIFI_SPI_RDY,Multi Layer,48.925,42.925,,,,0.6,0.3,"WIFI_SPI_RDY|Pad U_WIFI1-21(42.126mm,39.935mm) on L1 TOP [Unplated]|Pad U_MCU1-89(57.58mm,43.238mm) on L1 TOP [Unplated]"
TRACK,ROUTE_PLAN_C2_6L5_OK.csv|R46:3V3_DIG VIP,3V3_DIG,Mid Layer 4,11.875,42.225,11.875,42.1,0.15,,,"3V3_DIG|Pad R_PGOOD-2(11.927mm,42.299mm) on L6 BOTTOM|Track (16.775mm,32.825mm)(16.775mm,33.325mm) on L6 BOTTOM"
TRACK,ROUTE_PLAN_C2_6L5_OK.csv|R46:3V3_DIG VIP,3V3_DIG,Mid Layer 4,11.875,42.1,11.875,38.975,0.15,,,"3V3_DIG|Pad R_PGOOD-2(11.927mm,42.299mm) on L6 BOTTOM|Track (16.775mm,32.825mm)(16.775mm,33.325mm) on L6 BOTTOM"
TRACK,ROUTE_PLAN_C2_6L5_OK.csv|R46:3V3_DIG VIP,3V3_DIG,Mid Layer 4,11.875,38.975,10.9,38.0,0.15,,,"3V3_DIG|Pad R_PGOOD-2(11.927mm,42.299mm) on L6 BOTTOM|Track (16.775mm,32.825mm)(16.775mm,33.325mm) on L6 BOTTOM"
TRACK,ROUTE_PLAN_C2_6L5_OK.csv|R46:3V3_DIG VIP,3V3_DIG,Mid Layer 4,10.9,38.0,10.875,37.975,0.15,,,"3V3_DIG|Pad R_PGOOD-2(11.927mm,42.299mm) on L6 BOTTOM|Track (16.775mm,32.825mm)(16.775mm,33.325mm) on L6 BOTTOM"
TRACK,ROUTE_PLAN_C2_6L5_OK.csv|R46:3V3_DIG VIP,3V3_DIG,Mid Layer 4,10.875,37.975,10.875,37.325,0.15,,,"3V3_DIG|Pad R_PGOOD-2(11.927mm,42.299mm) on L6 BOTTOM|Track (16.775mm,32.825mm)(16.775mm,33.325mm) on L6 BOTTOM"
TRACK,ROUTE_PLAN_C2_6L5_OK.csv|R46:3V3_DIG VIP,3V3_DIG,Mid Layer 4,10.875,37.325,10.9,37.3,0.15,,,"3V3_DIG|Pad R_PGOOD-2(11.927mm,42.299mm) on L6 BOTTOM|Track (16.775mm,32.825mm)(16.775mm,33.325mm) on L6 BOTTOM"
TRACK,ROUTE_PLAN_C2_6L5_OK.csv|R46:3V3_DIG VIP,3V3_DIG,Mid Layer 4,10.9,37.3,11.5,36.7,0.15,,,"3V3_DIG|Pad R_PGOOD-2(11.927mm,42.299mm) on L6 BOTTOM|Track (16.775mm,32.825mm)(16.775mm,33.325mm) on L6 BOTTOM"
TRACK,ROUTE_PLAN_C2_6L5_OK.csv|R46:3V3_DIG VIP,3V3_DIG,Mid Layer 4,11.5,36.7,11.625,36.575,0.15,,,"3V3_DIG|Pad R_PGOOD-2(11.927mm,42.299mm) on L6 BOTTOM|Track (16.775mm,32.825mm)(16.775mm,33.325mm) on L6 BOTTOM"
TRACK,ROUTE_PLAN_C2_6L5_OK.csv|R46:3V3_DIG VIP,3V3_DIG,Mid Layer 4,11.625,36.575,13.325,36.575,0.15,,,"3V3_DIG|Pad R_PGOOD-2(11.927mm,42.299mm) on L6 BOTTOM|Track (16.775mm,32.825mm)(16.775mm,33.325mm) on L6 BOTTOM"
TRACK,ROUTE_PLAN_C2_6L5_OK.csv|R46:3V3_DIG VIP,3V3_DIG,Mid Layer 4,13.325,36.575,15.125,34.775,0.15,,,"3V3_DIG|Pad R_PGOOD-2(11.927mm,42.299mm) on L6 BOTTOM|Track (16.775mm,32.825mm)(16.775mm,33.325mm) on L6 BOTTOM"
TRACK,ROUTE_PLAN_C2_6L5_OK.csv|R46:3V3_DIG VIP,3V3_DIG,Mid Layer 4,15.125,34.775,15.125,34.375,0.15,,,"3V3_DIG|Pad R_PGOOD-2(11.927mm,42.299mm) on L6 BOTTOM|Track (16.775mm,32.825mm)(16.775mm,33.325mm) on L6 BOTTOM"
TRACK,ROUTE_PLAN_C2_6L5_OK.csv|R46:3V3_DIG VIP,3V3_DIG,Mid Layer 4,15.125,34.375,16.875,32.625,0.15,,,"3V3_DIG|Pad R_PGOOD-2(11.927mm,42.299mm) on L6 BOTTOM|Track (16.775mm,32.825mm)(16.775mm,33.325mm) on L6 BOTTOM"
VIA,ROUTE_PLAN_C2_6L5_OK.csv|R46:3V3_DIG VIP,3V3_DIG,Multi Layer,11.875,42.225,,,,0.45,0.2,"3V3_DIG|Pad R_PGOOD-2(11.927mm,42.299mm) on L6 BOTTOM|Track (16.775mm,32.825mm)(16.775mm,33.325mm) on L6 BOTTOM"
VIA,ROUTE_PLAN_C2_6L5_OK.csv|R46:3V3_DIG VIP,3V3_DIG,Multi Layer,16.875,32.625,,,,0.45,0.2,"3V3_DIG|Pad R_PGOOD-2(11.927mm,42.299mm) on L6 BOTTOM|Track (16.775mm,32.825mm)(16.775mm,33.325mm) on L6 BOTTOM"
TRACK,ROUTE_PLAN_C2_6L5_OK.csv|R52:GND,GND,Top Layer,51.025,36.975,51.275,36.975,0.15,,,"GND|Pad U_MCU1-10(50.342mm,37mm) on L1 TOP [Unplated]|Via (51.912mm,38.134mm) from L1 TOP to L6 BOTTOM"
TRACK,ROUTE_PLAN_C2_6L5_OK.csv|R52:GND,GND,Top Layer,51.275,36.975,51.725,36.525,0.15,,,"GND|Pad U_MCU1-10(50.342mm,37mm) on L1 TOP [Unplated]|Via (51.912mm,38.134mm) from L1 TOP to L6 BOTTOM"
TRACK,ROUTE_PLAN_C2_6L5_OK.csv|R52:GND,GND,Top Layer,51.725,36.525,51.725,36.375,0.15,,,"GND|Pad U_MCU1-10(50.342mm,37mm) on L1 TOP [Unplated]|Via (51.912mm,38.134mm) from L1 TOP to L6 BOTTOM"
TRACK,ROUTE_PLAN_C2_6L5_OK.csv|R52:GND,GND,Bottom Layer,51.725,36.375,51.725,36.525,0.15,,,"GND|Pad U_MCU1-10(50.342mm,37mm) on L1 TOP [Unplated]|Via (51.912mm,38.134mm) from L1 TOP to L6 BOTTOM"
TRACK,ROUTE_PLAN_C2_6L5_OK.csv|R52:GND,GND,Bottom Layer,51.725,36.525,51.375,36.875,0.15,,,"GND|Pad U_MCU1-10(50.342mm,37mm) on L1 TOP [Unplated]|Via (51.912mm,38.134mm) from L1 TOP to L6 BOTTOM"
TRACK,ROUTE_PLAN_C2_6L5_OK.csv|R52:GND,GND,Bottom Layer,51.375,36.875,51.375,37.575,0.15,,,"GND|Pad U_MCU1-10(50.342mm,37mm) on L1 TOP [Unplated]|Via (51.912mm,38.134mm) from L1 TOP to L6 BOTTOM"
TRACK,ROUTE_PLAN_C2_6L5_OK.csv|R52:GND,GND,Bottom Layer,51.375,37.575,51.425,37.625,0.15,,,"GND|Pad U_MCU1-10(50.342mm,37mm) on L1 TOP [Unplated]|Via (51.912mm,38.134mm) from L1 TOP to L6 BOTTOM"
TRACK,ROUTE_PLAN_C2_6L5_OK.csv|R52:GND,GND,Bottom Layer,51.425,37.625,51.425,37.675,0.15,,,"GND|Pad U_MCU1-10(50.342mm,37mm) on L1 TOP [Unplated]|Via (51.912mm,38.134mm) from L1 TOP to L6 BOTTOM"
TRACK,ROUTE_PLAN_C2_6L5_OK.csv|R52:GND,GND,Bottom Layer,51.425,37.675,51.675,37.925,0.15,,,"GND|Pad U_MCU1-10(50.342mm,37mm) on L1 TOP [Unplated]|Via (51.912mm,38.134mm) from L1 TOP to L6 BOTTOM"
VIA,ROUTE_PLAN_C2_6L5_OK.csv|R52:GND,GND,Multi Layer,51.725,36.375,,,,0.6,0.3,"GND|Pad U_MCU1-10(50.342mm,37mm) on L1 TOP [Unplated]|Via (51.912mm,38.134mm) from L1 TOP to L6 BOTTOM"
TRACK,ROUTE_PLAN_C2_6L5_OK.csv|R53:GND,GND,Top Layer,53.275,25.325,53.475,25.325,0.3,,,"GND|Track (53.031mm,24.652mm)(53.08mm,25.321mm) on L1 TOP|Pad C_ADC5-2(54.58mm,25.877mm) on L1 TOP"
TRACK,ROUTE_PLAN_C2_6L5_OK.csv|R53:GND,GND,Top Layer,53.475,25.325,53.975,25.825,0.3,,,"GND|Track (53.031mm,24.652mm)(53.08mm,25.321mm) on L1 TOP|Pad C_ADC5-2(54.58mm,25.877mm) on L1 TOP"
TRACK,ROUTE_PLAN_C2_6L5_OK.csv|R53:GND,GND,Top Layer,53.975,25.825,54.225,25.825,0.3,,,"GND|Track (53.031mm,24.652mm)(53.08mm,25.321mm) on L1 TOP|Pad C_ADC5-2(54.58mm,25.877mm) on L1 TOP"
TRACK,ROUTE_PLAN_C2_6L5_OK.csv|R55:GND,GND,Bottom Layer,14.425,41.075,14.425,41.725,0.15,,,"GND|Track (14.325mm,40.425mm)(14.325mm,40.525mm) on L6 BOTTOM|Pad C_OUT_-2(16.6mm,40.6mm) on L6 BOTTOM"
TRACK,ROUTE_PLAN_C2_6L5_OK.csv|R55:GND,GND,Bottom Layer,14.425,41.725,14.8,42.1,0.15,,,"GND|Track (14.325mm,40.425mm)(14.325mm,40.525mm) on L6 BOTTOM|Pad C_OUT_-2(16.6mm,40.6mm) on L6 BOTTOM"
TRACK,ROUTE_PLAN_C2_6L5_OK.csv|R55:GND,GND,Bottom Layer,14.8,42.1,16.725,44.025,0.15,,,"GND|Track (14.325mm,40.425mm)(14.325mm,40.525mm) on L6 BOTTOM|Pad C_OUT_-2(16.6mm,40.6mm) on L6 BOTTOM"
TRACK,ROUTE_PLAN_C2_6L5_OK.csv|R55:GND,GND,Bottom Layer,16.725,44.025,18.675,44.025,0.15,,,"GND|Track (14.325mm,40.425mm)(14.325mm,40.525mm) on L6 BOTTOM|Pad C_OUT_-2(16.6mm,40.6mm) on L6 BOTTOM"
TRACK,ROUTE_PLAN_C2_6L5_OK.csv|R55:GND,GND,Bottom Layer,18.675,44.025,19.675,45.025,0.15,,,"GND|Track (14.325mm,40.425mm)(14.325mm,40.525mm) on L6 BOTTOM|Pad C_OUT_-2(16.6mm,40.6mm) on L6 BOTTOM"
TRACK,ROUTE_PLAN_C2_6L5_OK.csv|R55:GND,GND,Top Layer,19.675,45.025,20.475,45.025,0.15,,,"GND|Track (14.325mm,40.425mm)(14.325mm,40.525mm) on L6 BOTTOM|Pad C_OUT_-2(16.6mm,40.6mm) on L6 BOTTOM"
TRACK,ROUTE_PLAN_C2_6L5_OK.csv|R55:GND,GND,Top Layer,20.475,45.025,21.175,44.325,0.15,,,"GND|Track (14.325mm,40.425mm)(14.325mm,40.525mm) on L6 BOTTOM|Pad C_OUT_-2(16.6mm,40.6mm) on L6 BOTTOM"
TRACK,ROUTE_PLAN_C2_6L5_OK.csv|R55:GND,GND,Top Layer,21.175,44.325,21.175,43.225,0.15,,,"GND|Track (14.325mm,40.425mm)(14.325mm,40.525mm) on L6 BOTTOM|Pad C_OUT_-2(16.6mm,40.6mm) on L6 BOTTOM"
TRACK,ROUTE_PLAN_C2_6L5_OK.csv|R55:GND,GND,Bottom Layer,21.175,43.225,20.025,42.075,0.15,,,"GND|Track (14.325mm,40.425mm)(14.325mm,40.525mm) on L6 BOTTOM|Pad C_OUT_-2(16.6mm,40.6mm) on L6 BOTTOM"
TRACK,ROUTE_PLAN_C2_6L5_OK.csv|R55:GND,GND,Bottom Layer,20.025,42.075,20.025,42.025,0.15,,,"GND|Track (14.325mm,40.425mm)(14.325mm,40.525mm) on L6 BOTTOM|Pad C_OUT_-2(16.6mm,40.6mm) on L6 BOTTOM"
TRACK,ROUTE_PLAN_C2_6L5_OK.csv|R55:GND,GND,Bottom Layer,20.025,42.025,19.275,41.275,0.15,,,"GND|Track (14.325mm,40.425mm)(14.325mm,40.525mm) on L6 BOTTOM|Pad C_OUT_-2(16.6mm,40.6mm) on L6 BOTTOM"
TRACK,ROUTE_PLAN_C2_6L5_OK.csv|R55:GND,GND,Bottom Layer,19.275,41.275,17.725,41.275,0.15,,,"GND|Track (14.325mm,40.425mm)(14.325mm,40.525mm) on L6 BOTTOM|Pad C_OUT_-2(16.6mm,40.6mm) on L6 BOTTOM"
TRACK,ROUTE_PLAN_C2_6L5_OK.csv|R55:GND,GND,Bottom Layer,17.725,41.275,17.725,41.225,0.15,,,"GND|Track (14.325mm,40.425mm)(14.325mm,40.525mm) on L6 BOTTOM|Pad C_OUT_-2(16.6mm,40.6mm) on L6 BOTTOM"
TRACK,ROUTE_PLAN_C2_6L5_OK.csv|R55:GND,GND,Bottom Layer,17.725,41.225,17.625,41.225,0.15,,,"GND|Track (14.325mm,40.425mm)(14.325mm,40.525mm) on L6 BOTTOM|Pad C_OUT_-2(16.6mm,40.6mm) on L6 BOTTOM"
TRACK,ROUTE_PLAN_C2_6L5_OK.csv|R55:GND,GND,Bottom Layer,17.625,41.225,17.625,41.175,0.15,,,"GND|Track (14.325mm,40.425mm)(14.325mm,40.525mm) on L6 BOTTOM|Pad C_OUT_-2(16.6mm,40.6mm) on L6 BOTTOM"
TRACK,ROUTE_PLAN_C2_6L5_OK.csv|R55:GND,GND,Bottom Layer,17.625,41.175,17.475,41.175,0.15,,,"GND|Track (14.325mm,40.425mm)(14.325mm,40.525mm) on L6 BOTTOM|Pad C_OUT_-2(16.6mm,40.6mm) on L6 BOTTOM"
TRACK,ROUTE_PLAN_C2_6L5_OK.csv|R55:GND,GND,Bottom Layer,17.475,41.175,17.225,40.925,0.15,,,"GND|Track (14.325mm,40.425mm)(14.325mm,40.525mm) on L6 BOTTOM|Pad C_OUT_-2(16.6mm,40.6mm) on L6 BOTTOM"
VIA,ROUTE_PLAN_C2_6L5_OK.csv|R55:GND,GND,Multi Layer,19.675,45.025,,,,0.45,0.2,"GND|Track (14.325mm,40.425mm)(14.325mm,40.525mm) on L6 BOTTOM|Pad C_OUT_-2(16.6mm,40.6mm) on L6 BOTTOM"
VIA,ROUTE_PLAN_C2_6L5_OK.csv|R55:GND,GND,Multi Layer,21.175,43.225,,,,0.45,0.2,"GND|Track (14.325mm,40.425mm)(14.325mm,40.525mm) on L6 BOTTOM|Pad C_OUT_-2(16.6mm,40.6mm) on L6 BOTTOM"
TRACK,ROUTE_PLAN_C2_6L5_OK.csv|R66:GND,GND,Top Layer,64.825,19.775,64.825,22.675,0.3,,,"GND|Track (64.825mm,19.775mm)(64.825mm,20.375mm) on L1 TOP|Track (65.08mm,25.521mm)(66.049mm,25.984mm) on L1 TOP"
TRACK,ROUTE_PLAN_C2_6L5_OK.csv|R66:GND,GND,Top Layer,64.825,22.675,64.325,23.175,0.3,,,"GND|Track (64.825mm,19.775mm)(64.825mm,20.375mm) on L1 TOP|Track (65.08mm,25.521mm)(66.049mm,25.984mm) on L1 TOP"
TRACK,ROUTE_PLAN_C2_6L5_OK.csv|R66:GND,GND,Top Layer,64.325,23.175,64.325,24.625,0.3,,,"GND|Track (64.825mm,19.775mm)(64.825mm,20.375mm) on L1 TOP|Track (65.08mm,25.521mm)(66.049mm,25.984mm) on L1 TOP"
TRACK,ROUTE_PLAN_C2_6L5_OK.csv|R66:GND,GND,Top Layer,64.325,24.625,65.025,25.325,0.3,,,"GND|Track (64.825mm,19.775mm)(64.825mm,20.375mm) on L1 TOP|Track (65.08mm,25.521mm)(66.049mm,25.984mm) on L1 TOP"
TRACK,ROUTE_PLAN_C2_6L5_OK.csv|R69:NetCH_3_2,NetCH_3_2,Bottom Layer,40.675,22.675,40.875,22.875,0.2,,,"NetCH_3_2|Pad RG_3-1(40.4mm,22.45mm) on L4 BOTTOM GND|Pad CH_3-2(41.6mm,21.518mm) on L4 BOTTOM GND"
TRACK,ROUTE_PLAN_C2_6L5_OK.csv|R69:NetCH_3_2,NetCH_3_2,Bottom Layer,40.875,22.875,40.875,22.925,0.2,,,"NetCH_3_2|Pad RG_3-1(40.4mm,22.45mm) on L4 BOTTOM GND|Pad CH_3-2(41.6mm,21.518mm) on L4 BOTTOM GND"
TRACK,ROUTE_PLAN_C2_6L5_OK.csv|R69:NetCH_3_2,NetCH_3_2,Bottom Layer,40.875,22.925,41.075,23.125,0.2,,,"NetCH_3_2|Pad RG_3-1(40.4mm,22.45mm) on L4 BOTTOM GND|Pad CH_3-2(41.6mm,21.518mm) on L4 BOTTOM GND"
TRACK,ROUTE_PLAN_C2_6L5_OK.csv|R69:NetCH_3_2,NetCH_3_2,Bottom Layer,41.075,23.125,42.075,23.125,0.2,,,"NetCH_3_2|Pad RG_3-1(40.4mm,22.45mm) on L4 BOTTOM GND|Pad CH_3-2(41.6mm,21.518mm) on L4 BOTTOM GND"
TRACK,ROUTE_PLAN_C2_6L5_OK.csv|R69:NetCH_3_2,NetCH_3_2,Bottom Layer,42.075,23.125,42.325,22.875,0.2,,,"NetCH_3_2|Pad RG_3-1(40.4mm,22.45mm) on L4 BOTTOM GND|Pad CH_3-2(41.6mm,21.518mm) on L4 BOTTOM GND"
TRACK,ROUTE_PLAN_C2_6L5_OK.csv|R69:NetCH_3_2,NetCH_3_2,Bottom Layer,42.325,22.875,42.325,21.925,0.2,,,"NetCH_3_2|Pad RG_3-1(40.4mm,22.45mm) on L4 BOTTOM GND|Pad CH_3-2(41.6mm,21.518mm) on L4 BOTTOM GND"
TRACK,ROUTE_PLAN_C2_6L5_OK.csv|R69:NetCH_3_2,NetCH_3_2,Bottom Layer,42.325,21.925,42.075,21.675,0.2,,,"NetCH_3_2|Pad RG_3-1(40.4mm,22.45mm) on L4 BOTTOM GND|Pad CH_3-2(41.6mm,21.518mm) on L4 BOTTOM GND"
TRACK,ROUTE_PLAN_C2_6L5_OK.csv|R69:NetCH_3_2,NetCH_3_2,Bottom Layer,42.075,21.675,41.875,21.675,0.2,,,"NetCH_3_2|Pad RG_3-1(40.4mm,22.45mm) on L4 BOTTOM GND|Pad CH_3-2(41.6mm,21.518mm) on L4 BOTTOM GND"
TRACK,ROUTE_PLAN_C2_6L5_OK.csv|R72:VREF_B_SRC,VREF_B_SRC,Bottom Layer,13.925,15.175,14.225,15.175,0.2,,,"VREF_B_SRC|Pad R_ref-2(13.7mm,15.4mm) on L4 BOTTOM GND|Pad U_DRL1-3(14.75mm,14.08mm) on L4 BOTTOM GND"
TRACK,ROUTE_PLAN_C2_6L5_OK.csv|R72:VREF_B_SRC,VREF_B_SRC,Bottom Layer,14.225,15.175,14.475,14.925,0.2,,,"VREF_B_SRC|Pad R_ref-2(13.7mm,15.4mm) on L4 BOTTOM GND|Pad U_DRL1-3(14.75mm,14.08mm) on L4 BOTTOM GND"
TRACK,ROUTE_PLAN_C2_6L5_OK.csv|R72:VREF_B_SRC,VREF_B_SRC,Bottom Layer,14.475,14.925,14.475,14.625,0.2,,,"VREF_B_SRC|Pad R_ref-2(13.7mm,15.4mm) on L4 BOTTOM GND|Pad U_DRL1-3(14.75mm,14.08mm) on L4 BOTTOM GND"
TRACK,ROUTE_PLAN_C2_6L5_OK.csv|R75:BAT_TEMP VIP,BAT_TEMP,Top Layer,11.475,37.925,11.475,38.525,0.15,,,"BAT_TEMP|Pad R_TS_BOTTOM-2(10.903mm,37.098mm) on L6 BOTTOM|Track (11.075mm,39.375mm)(11.075mm,39.675mm) on L6 BOTTOM"
TRACK,ROUTE_PLAN_C2_6L5_OK.csv|R75:BAT_TEMP VIP,BAT_TEMP,Top Layer,11.475,38.525,10.9,39.1,0.15,,,"BAT_TEMP|Pad R_TS_BOTTOM-2(10.903mm,37.098mm) on L6 BOTTOM|Track (11.075mm,39.375mm)(11.075mm,39.675mm) on L6 BOTTOM"
TRACK,ROUTE_PLAN_C2_6L5_OK.csv|R75:BAT_TEMP VIP,BAT_TEMP,Top Layer,10.9,39.1,10.825,39.175,0.15,,,"BAT_TEMP|Pad R_TS_BOTTOM-2(10.903mm,37.098mm) on L6 BOTTOM|Track (11.075mm,39.375mm)(11.075mm,39.675mm) on L6 BOTTOM"
VIA,ROUTE_PLAN_C2_6L5_OK.csv|R75:BAT_TEMP VIP,BAT_TEMP,Multi Layer,10.825,39.175,,,,0.45,0.2,"BAT_TEMP|Pad R_TS_BOTTOM-2(10.903mm,37.098mm) on L6 BOTTOM|Track (11.075mm,39.375mm)(11.075mm,39.675mm) on L6 BOTTOM"
TRACK,ROUTE_PLAN_C2_6L5_OK.csv|R75:Vc_5,Vc_5,Top Layer,66.975,18.825,66.975,19.775,0.2,,,"Vc_5|Pad RDD15-1(66.788mm,18.6mm) on L1 TOP|Pad R_DRL_VC5-1(67.3mm,20.575mm) on L6 BOTTOM"
TRACK,ROUTE_PLAN_C2_6L5_OK.csv|R75:Vc_5,Vc_5,Bottom Layer,66.975,19.775,66.975,20.275,0.2,,,"Vc_5|Pad RDD15-1(66.788mm,18.6mm) on L1 TOP|Pad R_DRL_VC5-1(67.3mm,20.575mm) on L6 BOTTOM"
VIA,ROUTE_PLAN_C2_6L5_OK.csv|R75:Vc_5,Vc_5,Multi Layer,66.975,19.775,,,,0.6,0.3,"Vc_5|Pad RDD15-1(66.788mm,18.6mm) on L1 TOP|Pad R_DRL_VC5-1(67.3mm,20.575mm) on L6 BOTTOM"
TRACK,ROUTE_PLAN_C2_6L5_OK.csv|R76:ADC_EMG5,ADC_EMG5,Top Layer,53.575,28.475,53.575,28.675,0.2,,,"ADC_EMG5|Pad U_MCU1-29(53.58mm,27.762mm) on L1 TOP [Unplated]|Pad C_ADC5-1(54.58mm,24.923mm) on L1 TOP"
TRACK,ROUTE_PLAN_C2_6L5_OK.csv|R76:ADC_EMG5,ADC_EMG5,Top Layer,53.575,28.675,54.575,29.675,0.2,,,"ADC_EMG5|Pad U_MCU1-29(53.58mm,27.762mm) on L1 TOP [Unplated]|Pad C_ADC5-1(54.58mm,24.923mm) on L1 TOP"
TRACK,ROUTE_PLAN_C2_6L5_OK.csv|R76:ADC_EMG5,ADC_EMG5,Top Layer,54.575,29.675,55.475,29.675,0.2,,,"ADC_EMG5|Pad U_MCU1-29(53.58mm,27.762mm) on L1 TOP [Unplated]|Pad C_ADC5-1(54.58mm,24.923mm) on L1 TOP"
TRACK,ROUTE_PLAN_C2_6L5_OK.csv|R76:ADC_EMG5,ADC_EMG5,Top Layer,55.475,29.675,55.975,29.175,0.2,,,"ADC_EMG5|Pad U_MCU1-29(53.58mm,27.762mm) on L1 TOP [Unplated]|Pad C_ADC5-1(54.58mm,24.923mm) on L1 TOP"
TRACK,ROUTE_PLAN_C2_6L5_OK.csv|R76:ADC_EMG5,ADC_EMG5,Mid Layer 2,55.975,29.175,58.325,26.825,0.2,,,"ADC_EMG5|Pad U_MCU1-29(53.58mm,27.762mm) on L1 TOP [Unplated]|Pad C_ADC5-1(54.58mm,24.923mm) on L1 TOP"
TRACK,ROUTE_PLAN_C2_6L5_OK.csv|R76:ADC_EMG5,ADC_EMG5,Mid Layer 2,58.325,26.825,58.325,26.0245,0.2,,,"ADC_EMG5|Pad U_MCU1-29(53.58mm,27.762mm) on L1 TOP [Unplated]|Pad C_ADC5-1(54.58mm,24.923mm) on L1 TOP"
TRACK,ROUTE_PLAN_C2_6L5_OK.csv|R76:ADC_EMG5,ADC_EMG5,Mid Layer 2,58.325,26.0245,58.325,25.275,0.2,,,"ADC_EMG5|Pad U_MCU1-29(53.58mm,27.762mm) on L1 TOP [Unplated]|Pad C_ADC5-1(54.58mm,24.923mm) on L1 TOP"
TRACK,ROUTE_PLAN_C2_6L5_OK.csv|R76:ADC_EMG5,ADC_EMG5,Mid Layer 2,58.325,25.275,56.625,23.575,0.2,,,"ADC_EMG5|Pad U_MCU1-29(53.58mm,27.762mm) on L1 TOP [Unplated]|Pad C_ADC5-1(54.58mm,24.923mm) on L1 TOP"
TRACK,ROUTE_PLAN_C2_6L5_OK.csv|R76:ADC_EMG5,ADC_EMG5,Top Layer,56.625,23.575,56.425,23.775,0.2,,,"ADC_EMG5|Pad U_MCU1-29(53.58mm,27.762mm) on L1 TOP [Unplated]|Pad C_ADC5-1(54.58mm,24.923mm) on L1 TOP"
TRACK,ROUTE_PLAN_C2_6L5_OK.csv|R76:ADC_EMG5,ADC_EMG5,Top Layer,56.425,23.775,56.025,23.775,0.2,,,"ADC_EMG5|Pad U_MCU1-29(53.58mm,27.762mm) on L1 TOP [Unplated]|Pad C_ADC5-1(54.58mm,24.923mm) on L1 TOP"
TRACK,ROUTE_PLAN_C2_6L5_OK.csv|R76:ADC_EMG5,ADC_EMG5,Top Layer,56.025,23.775,55.575,24.225,0.2,,,"ADC_EMG5|Pad U_MCU1-29(53.58mm,27.762mm) on L1 TOP [Unplated]|Pad C_ADC5-1(54.58mm,24.923mm) on L1 TOP"
VIA,ROUTE_PLAN_C2_6L5_OK.csv|R76:ADC_EMG5,ADC_EMG5,Multi Layer,55.975,29.175,,,,0.6,0.3,"ADC_EMG5|Pad U_MCU1-29(53.58mm,27.762mm) on L1 TOP [Unplated]|Pad C_ADC5-1(54.58mm,24.923mm) on L1 TOP"
VIA,ROUTE_PLAN_C2_6L5_OK.csv|R76:ADC_EMG5,ADC_EMG5,Multi Layer,56.625,23.575,,,,0.6,0.3,"ADC_EMG5|Pad U_MCU1-29(53.58mm,27.762mm) on L1 TOP [Unplated]|Pad C_ADC5-1(54.58mm,24.923mm) on L1 TOP"
TRACK,ROUTE_PLAN_C2_6L5_OK.csv|R77:NetCservo_4_1,NetCservo_4_1,Bottom Layer,52.575,22.375,53.275,22.375,0.15,,,"NetCservo_4_1|Pad Cservo_4-1(52.075mm,23.15mm) on L4 BOTTOM GND [Unplated]|Pad U3-6(54.85mm,21.7mm) on L4 BOTTOM GND"
TRACK,ROUTE_PLAN_C2_6L5_OK.csv|R77:NetCservo_4_1,NetCservo_4_1,Bottom Layer,53.275,22.375,53.825,21.825,0.15,,,"NetCservo_4_1|Pad Cservo_4-1(52.075mm,23.15mm) on L4 BOTTOM GND [Unplated]|Pad U3-6(54.85mm,21.7mm) on L4 BOTTOM GND"
TRACK,ROUTE_PLAN_C2_6L5_OK.csv|R77:NetCservo_4_1,NetCservo_4_1,Bottom Layer,53.825,21.825,54.025,21.825,0.15,,,"NetCservo_4_1|Pad Cservo_4-1(52.075mm,23.15mm) on L4 BOTTOM GND [Unplated]|Pad U3-6(54.85mm,21.7mm) on L4 BOTTOM GND"
TRACK,ROUTE_PLAN_C2_6L5_OK.csv|R80:NetJ_REF_1,NetJ_REF_1,Top Layer,11.575,12.925,11.575,15.025,0.2,,,"NetJ_REF_1|Pad J_REF-1(11.93mm,12.2mm) on Multi-Layer|Pad R_ref-1(12.7mm,15.4mm) on L4 BOTTOM GND"
TRACK,ROUTE_PLAN_C2_6L5_OK.csv|R80:NetJ_REF_1,NetJ_REF_1,Top Layer,11.575,15.025,11.825,15.275,0.2,,,"NetJ_REF_1|Pad J_REF-1(11.93mm,12.2mm) on Multi-Layer|Pad R_ref-1(12.7mm,15.4mm) on L4 BOTTOM GND"
TRACK,ROUTE_PLAN_C2_6L5_OK.csv|R80:NetJ_REF_1,NetJ_REF_1,Bottom Layer,11.825,15.275,11.9058,15.275,0.2,,,"NetJ_REF_1|Pad J_REF-1(11.93mm,12.2mm) on Multi-Layer|Pad R_ref-1(12.7mm,15.4mm) on L4 BOTTOM GND"
TRACK,ROUTE_PLAN_C2_6L5_OK.csv|R80:NetJ_REF_1,NetJ_REF_1,Bottom Layer,11.9058,15.275,12.475,15.275,0.2,,,"NetJ_REF_1|Pad J_REF-1(11.93mm,12.2mm) on Multi-Layer|Pad R_ref-1(12.7mm,15.4mm) on L4 BOTTOM GND"
VIA,ROUTE_PLAN_C2_6L5_OK.csv|R80:NetJ_REF_1,NetJ_REF_1,Multi Layer,11.825,15.275,,,,0.6,0.3,"NetJ_REF_1|Pad J_REF-1(11.93mm,12.2mm) on Multi-Layer|Pad R_ref-1(12.7mm,15.4mm) on L4 BOTTOM GND"
TRACK,ROUTE_PLAN_C2_6L5_OK.csv|R83:VREF_B_SRC,VREF_B_SRC,Top Layer,12.925,20.025,13.075,20.025,0.15,,,"VREF_B_SRC|Pad Free-TP_VREF_B_SRC(12.5mm,20.2mm) on L1 TOP|Pad R_ref-2(13.7mm,15.4mm) on L4 BOTTOM GND"
TRACK,ROUTE_PLAN_C2_6L5_OK.csv|R83:VREF_B_SRC,VREF_B_SRC,Top Layer,13.075,20.025,13.325,19.775,0.15,,,"VREF_B_SRC|Pad Free-TP_VREF_B_SRC(12.5mm,20.2mm) on L1 TOP|Pad R_ref-2(13.7mm,15.4mm) on L4 BOTTOM GND"
TRACK,ROUTE_PLAN_C2_6L5_OK.csv|R83:VREF_B_SRC,VREF_B_SRC,Top Layer,13.325,19.775,13.375,19.775,0.15,,,"VREF_B_SRC|Pad Free-TP_VREF_B_SRC(12.5mm,20.2mm) on L1 TOP|Pad R_ref-2(13.7mm,15.4mm) on L4 BOTTOM GND"
TRACK,ROUTE_PLAN_C2_6L5_OK.csv|R83:VREF_B_SRC,VREF_B_SRC,Top Layer,13.375,19.775,14.325,18.825,0.15,,,"VREF_B_SRC|Pad Free-TP_VREF_B_SRC(12.5mm,20.2mm) on L1 TOP|Pad R_ref-2(13.7mm,15.4mm) on L4 BOTTOM GND"
TRACK,ROUTE_PLAN_C2_6L5_OK.csv|R83:VREF_B_SRC,VREF_B_SRC,Top Layer,14.325,18.825,14.325,18.43,0.15,,,"VREF_B_SRC|Pad Free-TP_VREF_B_SRC(12.5mm,20.2mm) on L1 TOP|Pad R_ref-2(13.7mm,15.4mm) on L4 BOTTOM GND"
TRACK,ROUTE_PLAN_C2_6L5_OK.csv|R83:VREF_B_SRC,VREF_B_SRC,Top Layer,14.325,18.43,14.325,15.778,0.15,,,"VREF_B_SRC|Pad Free-TP_VREF_B_SRC(12.5mm,20.2mm) on L1 TOP|Pad R_ref-2(13.7mm,15.4mm) on L4 BOTTOM GND"
TRACK,ROUTE_PLAN_C2_6L5_OK.csv|R83:VREF_B_SRC,VREF_B_SRC,Top Layer,14.325,15.778,14.325,15.325,0.15,,,"VREF_B_SRC|Pad Free-TP_VREF_B_SRC(12.5mm,20.2mm) on L1 TOP|Pad R_ref-2(13.7mm,15.4mm) on L4 BOTTOM GND"
TRACK,ROUTE_PLAN_C2_6L5_OK.csv|R83:VREF_B_SRC,VREF_B_SRC,Bottom Layer,14.325,15.325,14.275,15.275,0.15,,,"VREF_B_SRC|Pad Free-TP_VREF_B_SRC(12.5mm,20.2mm) on L1 TOP|Pad R_ref-2(13.7mm,15.4mm) on L4 BOTTOM GND"
VIA,ROUTE_PLAN_C2_6L5_OK.csv|R83:VREF_B_SRC,VREF_B_SRC,Multi Layer,14.325,15.325,,,,0.45,0.2,"VREF_B_SRC|Pad Free-TP_VREF_B_SRC(12.5mm,20.2mm) on L1 TOP|Pad R_ref-2(13.7mm,15.4mm) on L4 BOTTOM GND"
TRACK,ROUTE_PLAN_C2_6L5_OK.csv|R84:VBAT_CELL,VBAT_CELL,Bottom Layer,12.125,39.275,12.125,39.575,0.4,,,"VBAT_CELL|Pad UP1-2(12.2mm,39.15mm) on L4 BOTTOM GND|Pad UP1-3(12.2mm,39.65mm) on L4 BOTTOM GND"
TRACK,ROUTE_PLAN_C2_6L5_OK.csv|R86:3V3_DIG,3V3_DIG,Bottom Layer,50.075,40.875,50.075,40.675,0.15,,,"3V3_DIG|Pad U_MCU1-6(50.342mm,39mm) on L1 TOP [Unplated]|Pad UP2-6(51.062mm,39.699mm) on L6 BOTTOM"
TRACK,ROUTE_PLAN_C2_6L5_OK.csv|R86:3V3_DIG,3V3_DIG,Bottom Layer,50.075,40.675,50.375,40.375,0.15,,,"3V3_DIG|Pad U_MCU1-6(50.342mm,39mm) on L1 TOP [Unplated]|Pad UP2-6(51.062mm,39.699mm) on L6 BOTTOM"
TRACK,ROUTE_PLAN_C2_6L5_OK.csv|R86:3V3_DIG,3V3_DIG,Bottom Layer,50.375,40.375,50.875,40.375,0.15,,,"3V3_DIG|Pad U_MCU1-6(50.342mm,39mm) on L1 TOP [Unplated]|Pad UP2-6(51.062mm,39.699mm) on L6 BOTTOM"
TRACK,ROUTE_PLAN_C2_6L5_OK.csv|R86:3V3_DIG,3V3_DIG,Bottom Layer,50.875,40.375,50.975,40.275,0.15,,,"3V3_DIG|Pad U_MCU1-6(50.342mm,39mm) on L1 TOP [Unplated]|Pad UP2-6(51.062mm,39.699mm) on L6 BOTTOM"
TRACK,ROUTE_PLAN_C2_6L5_OK.csv|R86:3V3_DIG,3V3_DIG,Bottom Layer,50.975,40.275,50.975,40.025,0.15,,,"3V3_DIG|Pad U_MCU1-6(50.342mm,39mm) on L1 TOP [Unplated]|Pad UP2-6(51.062mm,39.699mm) on L6 BOTTOM"
TRACK,ROUTE_PLAN_C2_6L5_OK.csv|R87:VBUS,VBUS,Bottom Layer,13.975,36.625,13.975,36.7,0.4,,,"VBUS|Pad C_IN_-1(13.95mm,36.4mm) on L4 BOTTOM GND|Pad UP1-13(14.35mm,38mm) on L4 BOTTOM GND"
TRACK,ROUTE_PLAN_C2_6L5_OK.csv|R87:VBUS,VBUS,Bottom Layer,13.975,36.7,13.975,37.125,0.4,,,"VBUS|Pad C_IN_-1(13.95mm,36.4mm) on L4 BOTTOM GND|Pad UP1-13(14.35mm,38mm) on L4 BOTTOM GND"
TRACK,ROUTE_PLAN_C2_6L5_OK.csv|R87:VBUS,VBUS,Bottom Layer,13.975,37.125,14.375,37.525,0.4,,,"VBUS|Pad C_IN_-1(13.95mm,36.4mm) on L4 BOTTOM GND|Pad UP1-13(14.35mm,38mm) on L4 BOTTOM GND"
TRACK,ROUTE_PLAN_C2_6L5_OK.csv|R87:VBUS,VBUS,Bottom Layer,14.375,37.525,14.375,37.725,0.4,,,"VBUS|Pad C_IN_-1(13.95mm,36.4mm) on L4 BOTTOM GND|Pad UP1-13(14.35mm,38mm) on L4 BOTTOM GND"
TRACK,ROUTE_PLAN_C2_6L5_OK.csv|R89:3V3_DIG,3V3_DIG,Top Layer,43.575,42.175,44.225,42.175,0.15,,,"3V3_DIG|Pad C_WIFI_VDDIO2-2(43.28mm,42.8mm) on L1 TOP|Pad C_WIFI_VDDIO2_HF-2(43.305mm,44.8mm) on L1 TOP"
TRACK,ROUTE_PLAN_C2_6L5_OK.csv|R89:3V3_DIG,3V3_DIG,Top Layer,44.225,42.175,44.775,41.625,0.15,,,"3V3_DIG|Pad C_WIFI_VDDIO2-2(43.28mm,42.8mm) on L1 TOP|Pad C_WIFI_VDDIO2_HF-2(43.305mm,44.8mm) on L1 TOP"
TRACK,ROUTE_PLAN_C2_6L5_OK.csv|R89:3V3_DIG,3V3_DIG,Top Layer,44.775,41.625,46.225,41.625,0.15,,,"3V3_DIG|Pad C_WIFI_VDDIO2-2(43.28mm,42.8mm) on L1 TOP|Pad C_WIFI_VDDIO2_HF-2(43.305mm,44.8mm) on L1 TOP"
TRACK,ROUTE_PLAN_C2_6L5_OK.csv|R89:3V3_DIG,3V3_DIG,Top Layer,46.225,41.625,47.525,42.925,0.15,,,"3V3_DIG|Pad C_WIFI_VDDIO2-2(43.28mm,42.8mm) on L1 TOP|Pad C_WIFI_VDDIO2_HF-2(43.305mm,44.8mm) on L1 TOP"
TRACK,ROUTE_PLAN_C2_6L5_OK.csv|R89:3V3_DIG,3V3_DIG,Top Layer,47.525,42.925,47.525,43.225,0.15,,,"3V3_DIG|Pad C_WIFI_VDDIO2-2(43.28mm,42.8mm) on L1 TOP|Pad C_WIFI_VDDIO2_HF-2(43.305mm,44.8mm) on L1 TOP"
TRACK,ROUTE_PLAN_C2_6L5_OK.csv|R89:3V3_DIG,3V3_DIG,Mid Layer 4,47.525,43.225,44.125,43.225,0.15,,,"3V3_DIG|Pad C_WIFI_VDDIO2-2(43.28mm,42.8mm) on L1 TOP|Pad C_WIFI_VDDIO2_HF-2(43.305mm,44.8mm) on L1 TOP"
TRACK,ROUTE_PLAN_C2_6L5_OK.csv|R89:3V3_DIG,3V3_DIG,Mid Layer 4,44.125,43.225,42.625,44.725,0.15,,,"3V3_DIG|Pad C_WIFI_VDDIO2-2(43.28mm,42.8mm) on L1 TOP|Pad C_WIFI_VDDIO2_HF-2(43.305mm,44.8mm) on L1 TOP"
TRACK,ROUTE_PLAN_C2_6L5_OK.csv|R89:3V3_DIG,3V3_DIG,Top Layer,42.625,44.725,43.075,44.725,0.15,,,"3V3_DIG|Pad C_WIFI_VDDIO2-2(43.28mm,42.8mm) on L1 TOP|Pad C_WIFI_VDDIO2_HF-2(43.305mm,44.8mm) on L1 TOP"
VIA,ROUTE_PLAN_C2_6L5_OK.csv|R89:3V3_DIG,3V3_DIG,Multi Layer,47.525,43.225,,,,0.45,0.2,"3V3_DIG|Pad C_WIFI_VDDIO2-2(43.28mm,42.8mm) on L1 TOP|Pad C_WIFI_VDDIO2_HF-2(43.305mm,44.8mm) on L1 TOP"
VIA,ROUTE_PLAN_C2_6L5_OK.csv|R89:3V3_DIG,3V3_DIG,Multi Layer,42.625,44.725,,,,0.45,0.2,"3V3_DIG|Pad C_WIFI_VDDIO2-2(43.28mm,42.8mm) on L1 TOP|Pad C_WIFI_VDDIO2_HF-2(43.305mm,44.8mm) on L1 TOP"
TRACK,ROUTE_PLAN_C2_6L5_OK.csv|R92:VSYS,VSYS,Bottom Layer,42.975,38.725,42.975,39.375,0.4,,,"VSYS|Pad R_EN-1(43.198mm,38.442mm) on L4 BOTTOM GND|Pad U_UV1-6(43.973mm,41.792mm) on L4 BOTTOM GND"
TRACK,ROUTE_PLAN_C2_6L5_OK.csv|R92:VSYS,VSYS,Bottom Layer,42.975,39.375,42.425,39.925,0.4,,,"VSYS|Pad R_EN-1(43.198mm,38.442mm) on L4 BOTTOM GND|Pad U_UV1-6(43.973mm,41.792mm) on L4 BOTTOM GND"
TRACK,ROUTE_PLAN_C2_6L5_OK.csv|R92:VSYS,VSYS,Bottom Layer,42.425,39.925,42.425,41.975,0.4,,,"VSYS|Pad R_EN-1(43.198mm,38.442mm) on L4 BOTTOM GND|Pad U_UV1-6(43.973mm,41.792mm) on L4 BOTTOM GND"
TRACK,ROUTE_PLAN_C2_6L5_OK.csv|R92:VSYS,VSYS,Bottom Layer,42.425,41.975,43.175,42.725,0.4,,,"VSYS|Pad R_EN-1(43.198mm,38.442mm) on L4 BOTTOM GND|Pad U_UV1-6(43.973mm,41.792mm) on L4 BOTTOM GND"
TRACK,ROUTE_PLAN_C2_6L5_OK.csv|R94:VSYS,VSYS,Bottom Layer,43.575,41.625,43.125,41.625,0.15,,,"VSYS|Track (44.325mm,41.675mm)(44.775mm,41.675mm) on L4 BOTTOM GND|Pad UP2-4(51.562mm,41.169mm) on L4 BOTTOM GND"
TRACK,ROUTE_PLAN_C2_6L5_OK.csv|R94:VSYS,VSYS,Mid Layer 2,43.125,41.625,46.625,41.625,0.15,,,"VSYS|Track (44.325mm,41.675mm)(44.775mm,41.675mm) on L4 BOTTOM GND|Pad UP2-4(51.562mm,41.169mm) on L4 BOTTOM GND"
TRACK,ROUTE_PLAN_C2_6L5_OK.csv|R94:VSYS,VSYS,Mid Layer 2,46.625,41.625,46.875,41.375,0.15,,,"VSYS|Track (44.325mm,41.675mm)(44.775mm,41.675mm) on L4 BOTTOM GND|Pad UP2-4(51.562mm,41.169mm) on L4 BOTTOM GND"
TRACK,ROUTE_PLAN_C2_6L5_OK.csv|R94:VSYS,VSYS,Mid Layer 2,46.875,41.375,48.6045,41.375,0.15,,,"VSYS|Track (44.325mm,41.675mm)(44.775mm,41.675mm) on L4 BOTTOM GND|Pad UP2-4(51.562mm,41.169mm) on L4 BOTTOM GND"
TRACK,ROUTE_PLAN_C2_6L5_OK.csv|R94:VSYS,VSYS,Mid Layer 2,48.6045,41.375,48.9019,41.375,0.15,,,"VSYS|Track (44.325mm,41.675mm)(44.775mm,41.675mm) on L4 BOTTOM GND|Pad UP2-4(51.562mm,41.169mm) on L4 BOTTOM GND"
TRACK,ROUTE_PLAN_C2_6L5_OK.csv|R94:VSYS,VSYS,Mid Layer 2,48.9019,41.375,52.075,41.375,0.15,,,"VSYS|Track (44.325mm,41.675mm)(44.775mm,41.675mm) on L4 BOTTOM GND|Pad UP2-4(51.562mm,41.169mm) on L4 BOTTOM GND"
VIA,ROUTE_PLAN_C2_6L5_OK.csv|R94:VSYS,VSYS,Multi Layer,43.125,41.625,,,,0.45,0.2,"VSYS|Track (44.325mm,41.675mm)(44.775mm,41.675mm) on L4 BOTTOM GND|Pad UP2-4(51.562mm,41.169mm) on L4 BOTTOM GND"
VIA,ROUTE_PLAN_C2_6L5_OK.csv|R94:VSYS,VSYS,Multi Layer,52.075,41.375,,,,0.45,0.2,"VSYS|Track (44.325mm,41.675mm)(44.775mm,41.675mm) on L4 BOTTOM GND|Pad UP2-4(51.562mm,41.169mm) on L4 BOTTOM GND"
TRACK,ROUTE_PLAN_C2_6L5_OK.csv|R95:Vservo_3,Vservo_3,Bottom Layer,38.125,18.375,37.825,18.075,0.15,,,"Vservo_3|Pad U2-14(38.95mm,18.45mm) on L4 BOTTOM GND|Pad Cservo_3-2(44.675mm,17.65mm) on L4 BOTTOM GND [Unplated]"
TRACK,ROUTE_PLAN_C2_6L5_OK.csv|R95:Vservo_3,Vservo_3,Top Layer,37.825,18.075,38.275,18.525,0.15,,,"Vservo_3|Pad U2-14(38.95mm,18.45mm) on L4 BOTTOM GND|Pad Cservo_3-2(44.675mm,17.65mm) on L4 BOTTOM GND [Unplated]"
TRACK,ROUTE_PLAN_C2_6L5_OK.csv|R95:Vservo_3,Vservo_3,Top Layer,38.275,18.525,38.275,20.075,0.15,,,"Vservo_3|Pad U2-14(38.95mm,18.45mm) on L4 BOTTOM GND|Pad Cservo_3-2(44.675mm,17.65mm) on L4 BOTTOM GND [Unplated]"
TRACK,ROUTE_PLAN_C2_6L5_OK.csv|R95:Vservo_3,Vservo_3,Top Layer,38.275,20.075,36.925,21.425,0.15,,,"Vservo_3|Pad U2-14(38.95mm,18.45mm) on L4 BOTTOM GND|Pad Cservo_3-2(44.675mm,17.65mm) on L4 BOTTOM GND [Unplated]"
TRACK,ROUTE_PLAN_C2_6L5_OK.csv|R95:Vservo_3,Vservo_3,Top Layer,36.925,21.425,36.925,22.175,0.15,,,"Vservo_3|Pad U2-14(38.95mm,18.45mm) on L4 BOTTOM GND|Pad Cservo_3-2(44.675mm,17.65mm) on L4 BOTTOM GND [Unplated]"
TRACK,ROUTE_PLAN_C2_6L5_OK.csv|R95:Vservo_3,Vservo_3,Top Layer,36.925,22.175,38.125,23.375,0.15,,,"Vservo_3|Pad U2-14(38.95mm,18.45mm) on L4 BOTTOM GND|Pad Cservo_3-2(44.675mm,17.65mm) on L4 BOTTOM GND [Unplated]"
TRACK,ROUTE_PLAN_C2_6L5_OK.csv|R95:Vservo_3,Vservo_3,Bottom Layer,38.125,23.375,40.425,25.675,0.15,,,"Vservo_3|Pad U2-14(38.95mm,18.45mm) on L4 BOTTOM GND|Pad Cservo_3-2(44.675mm,17.65mm) on L4 BOTTOM GND [Unplated]"
TRACK,ROUTE_PLAN_C2_6L5_OK.csv|R95:Vservo_3,Vservo_3,Bottom Layer,40.425,25.675,40.425,25.725,0.15,,,"Vservo_3|Pad U2-14(38.95mm,18.45mm) on L4 BOTTOM GND|Pad Cservo_3-2(44.675mm,17.65mm) on L4 BOTTOM GND [Unplated]"
TRACK,ROUTE_PLAN_C2_6L5_OK.csv|R95:Vservo_3,Vservo_3,Bottom Layer,40.425,25.725,41.675,26.975,0.15,,,"Vservo_3|Pad U2-14(38.95mm,18.45mm) on L4 BOTTOM GND|Pad Cservo_3-2(44.675mm,17.65mm) on L4 BOTTOM GND [Unplated]"
TRACK,ROUTE_PLAN_C2_6L5_OK.csv|R95:Vservo_3,Vservo_3,Bottom Layer,41.675,26.975,46.475,26.975,0.15,,,"Vservo_3|Pad U2-14(38.95mm,18.45mm) on L4 BOTTOM GND|Pad Cservo_3-2(44.675mm,17.65mm) on L4 BOTTOM GND [Unplated]"
TRACK,ROUTE_PLAN_C2_6L5_OK.csv|R95:Vservo_3,Vservo_3,Bottom Layer,46.475,26.975,46.975,26.475,0.15,,,"Vservo_3|Pad U2-14(38.95mm,18.45mm) on L4 BOTTOM GND|Pad Cservo_3-2(44.675mm,17.65mm) on L4 BOTTOM GND [Unplated]"
TRACK,ROUTE_PLAN_C2_6L5_OK.csv|R95:Vservo_3,Vservo_3,Bottom Layer,46.975,26.475,47.825,26.475,0.15,,,"Vservo_3|Pad U2-14(38.95mm,18.45mm) on L4 BOTTOM GND|Pad Cservo_3-2(44.675mm,17.65mm) on L4 BOTTOM GND [Unplated]"
TRACK,ROUTE_PLAN_C2_6L5_OK.csv|R95:Vservo_3,Vservo_3,Bottom Layer,47.825,26.475,48.125,26.175,0.15,,,"Vservo_3|Pad U2-14(38.95mm,18.45mm) on L4 BOTTOM GND|Pad Cservo_3-2(44.675mm,17.65mm) on L4 BOTTOM GND [Unplated]"
TRACK,ROUTE_PLAN_C2_6L5_OK.csv|R95:Vservo_3,Vservo_3,Bottom Layer,48.125,26.175,48.125,23.075,0.15,,,"Vservo_3|Pad U2-14(38.95mm,18.45mm) on L4 BOTTOM GND|Pad Cservo_3-2(44.675mm,17.65mm) on L4 BOTTOM GND [Unplated]"
TRACK,ROUTE_PLAN_C2_6L5_OK.csv|R95:Vservo_3,Vservo_3,Bottom Layer,48.125,23.075,47.325,22.275,0.15,,,"Vservo_3|Pad U2-14(38.95mm,18.45mm) on L4 BOTTOM GND|Pad Cservo_3-2(44.675mm,17.65mm) on L4 BOTTOM GND [Unplated]"
TRACK,ROUTE_PLAN_C2_6L5_OK.csv|R95:Vservo_3,Vservo_3,Top Layer,47.325,22.275,47.225,22.175,0.15,,,"Vservo_3|Pad U2-14(38.95mm,18.45mm) on L4 BOTTOM GND|Pad Cservo_3-2(44.675mm,17.65mm) on L4 BOTTOM GND [Unplated]"
TRACK,ROUTE_PLAN_C2_6L5_OK.csv|R95:Vservo_3,Vservo_3,Top Layer,47.225,22.175,47.225,16.375,0.15,,,"Vservo_3|Pad U2-14(38.95mm,18.45mm) on L4 BOTTOM GND|Pad Cservo_3-2(44.675mm,17.65mm) on L4 BOTTOM GND [Unplated]"
TRACK,ROUTE_PLAN_C2_6L5_OK.csv|R95:Vservo_3,Vservo_3,Top Layer,47.225,16.375,46.875,16.025,0.15,,,"Vservo_3|Pad U2-14(38.95mm,18.45mm) on L4 BOTTOM GND|Pad Cservo_3-2(44.675mm,17.65mm) on L4 BOTTOM GND [Unplated]"
TRACK,ROUTE_PLAN_C2_6L5_OK.csv|R95:Vservo_3,Vservo_3,Mid Layer 2,46.875,16.025,46.875,16.075,0.15,,,"Vservo_3|Pad U2-14(38.95mm,18.45mm) on L4 BOTTOM GND|Pad Cservo_3-2(44.675mm,17.65mm) on L4 BOTTOM GND [Unplated]"
TRACK,ROUTE_PLAN_C2_6L5_OK.csv|R95:Vservo_3,Vservo_3,Mid Layer 2,46.875,16.075,45.375,17.575,0.15,,,"Vservo_3|Pad U2-14(38.95mm,18.45mm) on L4 BOTTOM GND|Pad Cservo_3-2(44.675mm,17.65mm) on L4 BOTTOM GND [Unplated]"
TRACK,ROUTE_PLAN_C2_6L5_OK.csv|R95:Vservo_3,Vservo_3,Mid Layer 2,45.375,17.575,43.725,17.575,0.15,,,"Vservo_3|Pad U2-14(38.95mm,18.45mm) on L4 BOTTOM GND|Pad Cservo_3-2(44.675mm,17.65mm) on L4 BOTTOM GND [Unplated]"
TRACK,ROUTE_PLAN_C2_6L5_OK.csv|R95:Vservo_3,Vservo_3,Bottom Layer,43.725,17.575,44.175,17.575,0.15,,,"Vservo_3|Pad U2-14(38.95mm,18.45mm) on L4 BOTTOM GND|Pad Cservo_3-2(44.675mm,17.65mm) on L4 BOTTOM GND [Unplated]"
VIA,ROUTE_PLAN_C2_6L5_OK.csv|R95:Vservo_3,Vservo_3,Multi Layer,37.825,18.075,,,,0.45,0.2,"Vservo_3|Pad U2-14(38.95mm,18.45mm) on L4 BOTTOM GND|Pad Cservo_3-2(44.675mm,17.65mm) on L4 BOTTOM GND [Unplated]"
VIA,ROUTE_PLAN_C2_6L5_OK.csv|R95:Vservo_3,Vservo_3,Multi Layer,38.125,23.375,,,,0.45,0.2,"Vservo_3|Pad U2-14(38.95mm,18.45mm) on L4 BOTTOM GND|Pad Cservo_3-2(44.675mm,17.65mm) on L4 BOTTOM GND [Unplated]"
VIA,ROUTE_PLAN_C2_6L5_OK.csv|R95:Vservo_3,Vservo_3,Multi Layer,47.325,22.275,,,,0.45,0.2,"Vservo_3|Pad U2-14(38.95mm,18.45mm) on L4 BOTTOM GND|Pad Cservo_3-2(44.675mm,17.65mm) on L4 BOTTOM GND [Unplated]"
VIA,ROUTE_PLAN_C2_6L5_OK.csv|R95:Vservo_3,Vservo_3,Multi Layer,46.875,16.025,,,,0.45,0.2,"Vservo_3|Pad U2-14(38.95mm,18.45mm) on L4 BOTTOM GND|Pad Cservo_3-2(44.675mm,17.65mm) on L4 BOTTOM GND [Unplated]"
VIA,ROUTE_PLAN_C2_6L5_OK.csv|R95:Vservo_3,Vservo_3,Multi Layer,43.725,17.575,,,,0.45,0.2,"Vservo_3|Pad U2-14(38.95mm,18.45mm) on L4 BOTTOM GND|Pad Cservo_3-2(44.675mm,17.65mm) on L4 BOTTOM GND [Unplated]"
TRACK,ROUTE_PLAN_C2_6L5_OK.csv|R99:NetINA1_2,NetINA1_2,Top Layer,18.325,16.375,18.325,16.825,0.2,,,"NetINA1_2|Pad INA1-2(18.375mm,15.85mm) on L1 TOP|Pad RDD2-2(25mm,15mm) on L1 TOP"
TRACK,ROUTE_PLAN_C2_6L5_OK.csv|R99:NetINA1_2,NetINA1_2,Top Layer,18.325,16.825,18.225,16.925,0.2,,,"NetINA1_2|Pad INA1-2(18.375mm,15.85mm) on L1 TOP|Pad RDD2-2(25mm,15mm) on L1 TOP"
TRACK,ROUTE_PLAN_C2_6L5_OK.csv|R99:NetINA1_2,NetINA1_2,Mid Layer 2,18.225,16.925,18.925,16.925,0.2,,,"NetINA1_2|Pad INA1-2(18.375mm,15.85mm) on L1 TOP|Pad RDD2-2(25mm,15mm) on L1 TOP"
TRACK,ROUTE_PLAN_C2_6L5_OK.csv|R99:NetINA1_2,NetINA1_2,Mid Layer 2,18.925,16.925,20.475,15.375,0.2,,,"NetINA1_2|Pad INA1-2(18.375mm,15.85mm) on L1 TOP|Pad RDD2-2(25mm,15mm) on L1 TOP"
TRACK,ROUTE_PLAN_C2_6L5_OK.csv|R99:NetINA1_2,NetINA1_2,Mid Layer 2,20.475,15.375,25.575,15.375,0.2,,,"NetINA1_2|Pad INA1-2(18.375mm,15.85mm) on L1 TOP|Pad RDD2-2(25mm,15mm) on L1 TOP"
TRACK,ROUTE_PLAN_C2_6L5_OK.csv|R99:NetINA1_2,NetINA1_2,Mid Layer 2,25.575,15.375,25.725,15.225,0.2,,,"NetINA1_2|Pad INA1-2(18.375mm,15.85mm) on L1 TOP|Pad RDD2-2(25mm,15mm) on L1 TOP"
TRACK,ROUTE_PLAN_C2_6L5_OK.csv|R99:NetINA1_2,NetINA1_2,Top Layer,25.725,15.225,25.225,15.225,0.2,,,"NetINA1_2|Pad INA1-2(18.375mm,15.85mm) on L1 TOP|Pad RDD2-2(25mm,15mm) on L1 TOP"
VIA,ROUTE_PLAN_C2_6L5_OK.csv|R99:NetINA1_2,NetINA1_2,Multi Layer,18.225,16.925,,,,0.6,0.3,"NetINA1_2|Pad INA1-2(18.375mm,15.85mm) on L1 TOP|Pad RDD2-2(25mm,15mm) on L1 TOP"
VIA,ROUTE_PLAN_C2_6L5_OK.csv|R99:NetINA1_2,NetINA1_2,Multi Layer,25.725,15.225,,,,0.6,0.3,"NetINA1_2|Pad INA1-2(18.375mm,15.85mm) on L1 TOP|Pad RDD2-2(25mm,15mm) on L1 TOP"
TRACK,ROUTE_PLAN_C2_6L5_OK.csv|R9:3V3_DIG,3V3_DIG,Mid Layer 4,48.725,36.075,48.725,37.525,0.4,,,"3V3_DIG|Track (48.825mm,35.625mm)(48.825mm,35.875mm) on L5 POWER SIGNAL|Track (48.825mm,36.725mm)(48.825mm,38.825mm) on L1 TOP"
TRACK,ROUTE_PLAN_C2_6L5_OK.csv|R9:3V3_DIG,3V3_DIG,Mid Layer 4,48.725,37.525,48.6045,37.6455,0.4,,,"3V3_DIG|Track (48.825mm,35.625mm)(48.825mm,35.875mm) on L5 POWER SIGNAL|Track (48.825mm,36.725mm)(48.825mm,38.825mm) on L1 TOP"
TRACK,ROUTE_PLAN_C2_6L5_OK.csv|R9:3V3_DIG,3V3_DIG,Mid Layer 4,48.6045,37.6455,48.175,38.075,0.4,,,"3V3_DIG|Track (48.825mm,35.625mm)(48.825mm,35.875mm) on L5 POWER SIGNAL|Track (48.825mm,36.725mm)(48.825mm,38.825mm) on L1 TOP"
TRACK,ROUTE_PLAN_C2_6L5_OK.csv|R9:3V3_DIG,3V3_DIG,Bottom Layer,48.175,38.075,48.6045,38.075,0.4,,,"3V3_DIG|Track (48.825mm,35.625mm)(48.825mm,35.875mm) on L5 POWER SIGNAL|Track (48.825mm,36.725mm)(48.825mm,38.825mm) on L1 TOP"
TRACK,ROUTE_PLAN_C2_6L5_OK.csv|R9:3V3_DIG,3V3_DIG,Bottom Layer,48.6045,38.075,48.675,38.075,0.4,,,"3V3_DIG|Track (48.825mm,35.625mm)(48.825mm,35.875mm) on L5 POWER SIGNAL|Track (48.825mm,36.725mm)(48.825mm,38.825mm) on L1 TOP"
VIA,ROUTE_PLAN_C2_6L5_OK.csv|R9:3V3_DIG,3V3_DIG,Multi Layer,48.175,38.075,,,,0.6,0.3,"3V3_DIG|Track (48.825mm,35.625mm)(48.825mm,35.875mm) on L5 POWER SIGNAL|Track (48.825mm,36.725mm)(48.825mm,38.825mm) on L1 TOP"
TRACK,ROUTE_PLAN_C2_6L6A_OK.csv|R11:VREF_A,VREF_A,Mid Layer 2,13.275,19.225,14.125,20.075,0.2,,,"VREF_A|Via (13.025mm,19.075mm) from L1 TOP to L6 BOTTOM|Track (16.425mm,19.825mm)(16.625mm,19.825mm) on L6 BOTTOM"
TRACK,ROUTE_PLAN_C2_6L6A_OK.csv|R11:VREF_A,VREF_A,Mid Layer 2,14.125,20.075,15.975,20.075,0.2,,,"VREF_A|Via (13.025mm,19.075mm) from L1 TOP to L6 BOTTOM|Track (16.425mm,19.825mm)(16.625mm,19.825mm) on L6 BOTTOM"
TRACK,ROUTE_PLAN_C2_6L6A_OK.csv|R11:VREF_A,VREF_A,Bottom Layer,15.975,20.075,16.025,20.075,0.2,,,"VREF_A|Via (13.025mm,19.075mm) from L1 TOP to L6 BOTTOM|Track (16.425mm,19.825mm)(16.625mm,19.825mm) on L6 BOTTOM"
VIA,ROUTE_PLAN_C2_6L6A_OK.csv|R11:VREF_A,VREF_A,Multi Layer,15.975,20.075,,,,0.6,0.3,"VREF_A|Via (13.025mm,19.075mm) from L1 TOP to L6 BOTTOM|Track (16.425mm,19.825mm)(16.625mm,19.825mm) on L6 BOTTOM"
TRACK,ROUTE_PLAN_C2_6L6A_OK.csv|R25:3V3_DIG VIP,3V3_DIG,Bottom Layer,37.625,31.575,38.375,32.325,0.4,,,"3V3_DIG|Track (36.625mm,31.925mm)(36.975mm,31.575mm) on L6 BOTTOM|Track (40.825mm,32.725mm)(40.825mm,33.225mm) on L1 TOP"
TRACK,ROUTE_PLAN_C2_6L6A_OK.csv|R25:3V3_DIG VIP,3V3_DIG,Bottom Layer,38.375,32.325,38.375,32.825,0.4,,,"3V3_DIG|Track (36.625mm,31.925mm)(36.975mm,31.575mm) on L6 BOTTOM|Track (40.825mm,32.725mm)(40.825mm,33.225mm) on L1 TOP"
TRACK,ROUTE_PLAN_C2_6L6A_OK.csv|R25:3V3_DIG VIP,3V3_DIG,Bottom Layer,38.375,32.825,39.175,33.625,0.4,,,"3V3_DIG|Track (36.625mm,31.925mm)(36.975mm,31.575mm) on L6 BOTTOM|Track (40.825mm,32.725mm)(40.825mm,33.225mm) on L1 TOP"
TRACK,ROUTE_PLAN_C2_6L6A_OK.csv|R25:3V3_DIG VIP,3V3_DIG,Bottom Layer,39.175,33.625,40.675,33.625,0.4,,,"3V3_DIG|Track (36.625mm,31.925mm)(36.975mm,31.575mm) on L6 BOTTOM|Track (40.825mm,32.725mm)(40.825mm,33.225mm) on L1 TOP"
VIA,ROUTE_PLAN_C2_6L6A_OK.csv|R25:3V3_DIG VIP,3V3_DIG,Multi Layer,40.675,33.625,,,,0.6,0.3,"3V3_DIG|Track (36.625mm,31.925mm)(36.975mm,31.575mm) on L6 BOTTOM|Track (40.825mm,32.725mm)(40.825mm,33.225mm) on L1 TOP"
TRACK,ROUTE_PLAN_C2_6L6A_OK.csv|R29:VBAT_CELL VIP,VBAT_CELL,Mid Layer 4,13.025,41.775,15.325,41.775,0.4,,,"VBAT_CELL|Pad C_BAT-1(12.933mm,42.079mm) on L6 BOTTOM|Pad J_Li-Po-3(24.369mm,40.534mm) on Multi-Layer"
TRACK,ROUTE_PLAN_C2_6L6A_OK.csv|R29:VBAT_CELL VIP,VBAT_CELL,Mid Layer 4,15.325,41.775,16.3,40.8,0.4,,,"VBAT_CELL|Pad C_BAT-1(12.933mm,42.079mm) on L6 BOTTOM|Pad J_Li-Po-3(24.369mm,40.534mm) on Multi-Layer"
TRACK,ROUTE_PLAN_C2_6L6A_OK.csv|R29:VBAT_CELL VIP,VBAT_CELL,Mid Layer 4,16.3,40.8,16.675,40.425,0.4,,,"VBAT_CELL|Pad C_BAT-1(12.933mm,42.079mm) on L6 BOTTOM|Pad J_Li-Po-3(24.369mm,40.534mm) on Multi-Layer"
TRACK,ROUTE_PLAN_C2_6L6A_OK.csv|R29:VBAT_CELL VIP,VBAT_CELL,Mid Layer 4,16.675,40.425,20.575,40.425,0.4,,,"VBAT_CELL|Pad C_BAT-1(12.933mm,42.079mm) on L6 BOTTOM|Pad J_Li-Po-3(24.369mm,40.534mm) on Multi-Layer"
TRACK,ROUTE_PLAN_C2_6L6A_OK.csv|R29:VBAT_CELL VIP,VBAT_CELL,Mid Layer 4,20.575,40.425,21.525,39.475,0.4,,,"VBAT_CELL|Pad C_BAT-1(12.933mm,42.079mm) on L6 BOTTOM|Pad J_Li-Po-3(24.369mm,40.534mm) on Multi-Layer"
TRACK,ROUTE_PLAN_C2_6L6A_OK.csv|R29:VBAT_CELL VIP,VBAT_CELL,Mid Layer 4,21.525,39.475,23.175,39.475,0.4,,,"VBAT_CELL|Pad C_BAT-1(12.933mm,42.079mm) on L6 BOTTOM|Pad J_Li-Po-3(24.369mm,40.534mm) on Multi-Layer"
TRACK,ROUTE_PLAN_C2_6L6A_OK.csv|R29:VBAT_CELL VIP,VBAT_CELL,Mid Layer 4,23.175,39.475,23.775,40.075,0.4,,,"VBAT_CELL|Pad C_BAT-1(12.933mm,42.079mm) on L6 BOTTOM|Pad J_Li-Po-3(24.369mm,40.534mm) on Multi-Layer"
VIA,ROUTE_PLAN_C2_6L6A_OK.csv|R29:VBAT_CELL VIP,VBAT_CELL,Multi Layer,13.025,41.775,,,,0.6,0.3,"VBAT_CELL|Pad C_BAT-1(12.933mm,42.079mm) on L6 BOTTOM|Pad J_Li-Po-3(24.369mm,40.534mm) on Multi-Layer"
TRACK,ROUTE_PLAN_C2_6L6A_OK.csv|R30:VSYS,VSYS,Mid Layer 2,23.975,39.425,25.125,39.425,0.15,,,"VSYS|Track (23.875mm,39.475mm)(23.925mm,39.425mm) on L3 SIGNAL|Track (42.975mm,38.725mm)(42.975mm,39.375mm) on L6 BOTTOM"
TRACK,ROUTE_PLAN_C2_6L6A_OK.csv|R30:VSYS,VSYS,Mid Layer 4,25.125,39.425,25.775,39.425,0.15,,,"VSYS|Track (23.875mm,39.475mm)(23.925mm,39.425mm) on L3 SIGNAL|Track (42.975mm,38.725mm)(42.975mm,39.375mm) on L6 BOTTOM"
TRACK,ROUTE_PLAN_C2_6L6A_OK.csv|R30:VSYS,VSYS,Mid Layer 4,25.775,39.425,26.475,40.125,0.15,,,"VSYS|Track (23.875mm,39.475mm)(23.925mm,39.425mm) on L3 SIGNAL|Track (42.975mm,38.725mm)(42.975mm,39.375mm) on L6 BOTTOM"
TRACK,ROUTE_PLAN_C2_6L6A_OK.csv|R30:VSYS,VSYS,Mid Layer 4,26.475,40.125,32.825,40.125,0.15,,,"VSYS|Track (23.875mm,39.475mm)(23.925mm,39.425mm) on L3 SIGNAL|Track (42.975mm,38.725mm)(42.975mm,39.375mm) on L6 BOTTOM"
TRACK,ROUTE_PLAN_C2_6L6A_OK.csv|R30:VSYS,VSYS,Mid Layer 4,32.825,40.125,33.525,39.425,0.15,,,"VSYS|Track (23.875mm,39.475mm)(23.925mm,39.425mm) on L3 SIGNAL|Track (42.975mm,38.725mm)(42.975mm,39.375mm) on L6 BOTTOM"
TRACK,ROUTE_PLAN_C2_6L6A_OK.csv|R30:VSYS,VSYS,Mid Layer 4,33.525,39.425,40.825,39.425,0.15,,,"VSYS|Track (23.875mm,39.475mm)(23.925mm,39.425mm) on L3 SIGNAL|Track (42.975mm,38.725mm)(42.975mm,39.375mm) on L6 BOTTOM"
TRACK,ROUTE_PLAN_C2_6L6A_OK.csv|R30:VSYS,VSYS,Mid Layer 4,40.825,39.425,42.925,41.525,0.15,,,"VSYS|Track (23.875mm,39.475mm)(23.925mm,39.425mm) on L3 SIGNAL|Track (42.975mm,38.725mm)(42.975mm,39.375mm) on L6 BOTTOM"
VIA,ROUTE_PLAN_C2_6L6A_OK.csv|R30:VSYS,VSYS,Multi Layer,25.125,39.425,,,,0.6,0.3,"VSYS|Track (23.875mm,39.475mm)(23.925mm,39.425mm) on L3 SIGNAL|Track (42.975mm,38.725mm)(42.975mm,39.375mm) on L6 BOTTOM"
TRACK,ROUTE_PLAN_C2_6L6A_OK.csv|R34:VREF_B_SRC,VREF_B_SRC,Mid Layer 2,13.275,21.875,15.125,21.875,0.15,,,"VREF_B_SRC|Via (14.325mm,15.325mm) from L1 TOP to L6 BOTTOM|Pad R_VREF1-1(22.6mm,11.888mm) on L1 TOP"
TRACK,ROUTE_PLAN_C2_6L6A_OK.csv|R34:VREF_B_SRC,VREF_B_SRC,Mid Layer 2,15.125,21.875,15.725,22.475,0.15,,,"VREF_B_SRC|Via (14.325mm,15.325mm) from L1 TOP to L6 BOTTOM|Pad R_VREF1-1(22.6mm,11.888mm) on L1 TOP"
TRACK,ROUTE_PLAN_C2_6L6A_OK.csv|R34:VREF_B_SRC,VREF_B_SRC,Mid Layer 2,15.725,22.475,24.425,22.475,0.15,,,"VREF_B_SRC|Via (14.325mm,15.325mm) from L1 TOP to L6 BOTTOM|Pad R_VREF1-1(22.6mm,11.888mm) on L1 TOP"
TRACK,ROUTE_PLAN_C2_6L6A_OK.csv|R34:VREF_B_SRC,VREF_B_SRC,Top Layer,24.425,22.475,25.225,22.475,0.15,,,"VREF_B_SRC|Via (14.325mm,15.325mm) from L1 TOP to L6 BOTTOM|Pad R_VREF1-1(22.6mm,11.888mm) on L1 TOP"
TRACK,ROUTE_PLAN_C2_6L6A_OK.csv|R34:VREF_B_SRC,VREF_B_SRC,Top Layer,25.225,22.475,28.025,25.275,0.15,,,"VREF_B_SRC|Via (14.325mm,15.325mm) from L1 TOP to L6 BOTTOM|Pad R_VREF1-1(22.6mm,11.888mm) on L1 TOP"
TRACK,ROUTE_PLAN_C2_6L6A_OK.csv|R34:VREF_B_SRC,VREF_B_SRC,Top Layer,28.025,25.275,32.125,25.275,0.15,,,"VREF_B_SRC|Via (14.325mm,15.325mm) from L1 TOP to L6 BOTTOM|Pad R_VREF1-1(22.6mm,11.888mm) on L1 TOP"
TRACK,ROUTE_PLAN_C2_6L6A_OK.csv|R34:VREF_B_SRC,VREF_B_SRC,Top Layer,32.125,25.275,34.975,22.425,0.15,,,"VREF_B_SRC|Via (14.325mm,15.325mm) from L1 TOP to L6 BOTTOM|Pad R_VREF1-1(22.6mm,11.888mm) on L1 TOP"
TRACK,ROUTE_PLAN_C2_6L6A_OK.csv|R34:VREF_B_SRC,VREF_B_SRC,Bottom Layer,34.975,22.425,35.775,22.425,0.15,,,"VREF_B_SRC|Via (14.325mm,15.325mm) from L1 TOP to L6 BOTTOM|Pad R_VREF1-1(22.6mm,11.888mm) on L1 TOP"
TRACK,ROUTE_PLAN_C2_6L6A_OK.csv|R34:VREF_B_SRC,VREF_B_SRC,Bottom Layer,35.775,22.425,36.475,21.725,0.15,,,"VREF_B_SRC|Via (14.325mm,15.325mm) from L1 TOP to L6 BOTTOM|Pad R_VREF1-1(22.6mm,11.888mm) on L1 TOP"
TRACK,ROUTE_PLAN_C2_6L6A_OK.csv|R34:VREF_B_SRC,VREF_B_SRC,Bottom Layer,36.475,21.725,36.475,18.375,0.15,,,"VREF_B_SRC|Via (14.325mm,15.325mm) from L1 TOP to L6 BOTTOM|Pad R_VREF1-1(22.6mm,11.888mm) on L1 TOP"
TRACK,ROUTE_PLAN_C2_6L6A_OK.csv|R34:VREF_B_SRC,VREF_B_SRC,Bottom Layer,36.475,18.375,37.125,17.725,0.15,,,"VREF_B_SRC|Via (14.325mm,15.325mm) from L1 TOP to L6 BOTTOM|Pad R_VREF1-1(22.6mm,11.888mm) on L1 TOP"
TRACK,ROUTE_PLAN_C2_6L6A_OK.csv|R34:VREF_B_SRC,VREF_B_SRC,Top Layer,37.125,17.725,36.975,17.575,0.15,,,"VREF_B_SRC|Via (14.325mm,15.325mm) from L1 TOP to L6 BOTTOM|Pad R_VREF1-1(22.6mm,11.888mm) on L1 TOP"
TRACK,ROUTE_PLAN_C2_6L6A_OK.csv|R34:VREF_B_SRC,VREF_B_SRC,Top Layer,36.975,17.575,36.975,14.225,0.15,,,"VREF_B_SRC|Via (14.325mm,15.325mm) from L1 TOP to L6 BOTTOM|Pad R_VREF1-1(22.6mm,11.888mm) on L1 TOP"
TRACK,ROUTE_PLAN_C2_6L6A_OK.csv|R34:VREF_B_SRC,VREF_B_SRC,Top Layer,36.975,14.225,36.325,13.575,0.15,,,"VREF_B_SRC|Via (14.325mm,15.325mm) from L1 TOP to L6 BOTTOM|Pad R_VREF1-1(22.6mm,11.888mm) on L1 TOP"
TRACK,ROUTE_PLAN_C2_6L6A_OK.csv|R34:VREF_B_SRC,VREF_B_SRC,Mid Layer 2,36.325,13.575,36.325,13.525,0.15,,,"VREF_B_SRC|Via (14.325mm,15.325mm) from L1 TOP to L6 BOTTOM|Pad R_VREF1-1(22.6mm,11.888mm) on L1 TOP"
TRACK,ROUTE_PLAN_C2_6L6A_OK.csv|R34:VREF_B_SRC,VREF_B_SRC,Mid Layer 2,36.325,13.525,35.775,12.975,0.15,,,"VREF_B_SRC|Via (14.325mm,15.325mm) from L1 TOP to L6 BOTTOM|Pad R_VREF1-1(22.6mm,11.888mm) on L1 TOP"
TRACK,ROUTE_PLAN_C2_6L6A_OK.csv|R34:VREF_B_SRC,VREF_B_SRC,Mid Layer 2,35.775,12.975,32.525,12.975,0.15,,,"VREF_B_SRC|Via (14.325mm,15.325mm) from L1 TOP to L6 BOTTOM|Pad R_VREF1-1(22.6mm,11.888mm) on L1 TOP"
TRACK,ROUTE_PLAN_C2_6L6A_OK.csv|R34:VREF_B_SRC,VREF_B_SRC,Bottom Layer,32.525,12.975,32.025,12.975,0.15,,,"VREF_B_SRC|Via (14.325mm,15.325mm) from L1 TOP to L6 BOTTOM|Pad R_VREF1-1(22.6mm,11.888mm) on L1 TOP"
TRACK,ROUTE_PLAN_C2_6L6A_OK.csv|R34:VREF_B_SRC,VREF_B_SRC,Bottom Layer,32.025,12.975,31.575,13.425,0.15,,,"VREF_B_SRC|Via (14.325mm,15.325mm) from L1 TOP to L6 BOTTOM|Pad R_VREF1-1(22.6mm,11.888mm) on L1 TOP"
TRACK,ROUTE_PLAN_C2_6L6A_OK.csv|R34:VREF_B_SRC,VREF_B_SRC,Bottom Layer,31.575,13.425,26.275,13.425,0.15,,,"VREF_B_SRC|Via (14.325mm,15.325mm) from L1 TOP to L6 BOTTOM|Pad R_VREF1-1(22.6mm,11.888mm) on L1 TOP"
TRACK,ROUTE_PLAN_C2_6L6A_OK.csv|R34:VREF_B_SRC,VREF_B_SRC,Bottom Layer,26.275,13.425,25.975,13.125,0.15,,,"VREF_B_SRC|Via (14.325mm,15.325mm) from L1 TOP to L6 BOTTOM|Pad R_VREF1-1(22.6mm,11.888mm) on L1 TOP"
TRACK,ROUTE_PLAN_C2_6L6A_OK.csv|R34:VREF_B_SRC,VREF_B_SRC,Bottom Layer,25.975,13.125,25.325,13.125,0.15,,,"VREF_B_SRC|Via (14.325mm,15.325mm) from L1 TOP to L6 BOTTOM|Pad R_VREF1-1(22.6mm,11.888mm) on L1 TOP"
TRACK,ROUTE_PLAN_C2_6L6A_OK.csv|R34:VREF_B_SRC,VREF_B_SRC,Top Layer,25.325,13.125,24.325,13.125,0.15,,,"VREF_B_SRC|Via (14.325mm,15.325mm) from L1 TOP to L6 BOTTOM|Pad R_VREF1-1(22.6mm,11.888mm) on L1 TOP"
TRACK,ROUTE_PLAN_C2_6L6A_OK.csv|R34:VREF_B_SRC,VREF_B_SRC,Top Layer,24.325,13.125,23.475,12.275,0.15,,,"VREF_B_SRC|Via (14.325mm,15.325mm) from L1 TOP to L6 BOTTOM|Pad R_VREF1-1(22.6mm,11.888mm) on L1 TOP"
TRACK,ROUTE_PLAN_C2_6L6A_OK.csv|R34:VREF_B_SRC,VREF_B_SRC,Top Layer,23.475,12.275,23.075,12.275,0.15,,,"VREF_B_SRC|Via (14.325mm,15.325mm) from L1 TOP to L6 BOTTOM|Pad R_VREF1-1(22.6mm,11.888mm) on L1 TOP"
TRACK,ROUTE_PLAN_C2_6L6A_OK.csv|R34:VREF_B_SRC,VREF_B_SRC,Top Layer,23.075,12.275,22.825,12.025,0.15,,,"VREF_B_SRC|Via (14.325mm,15.325mm) from L1 TOP to L6 BOTTOM|Pad R_VREF1-1(22.6mm,11.888mm) on L1 TOP"
VIA,ROUTE_PLAN_C2_6L6A_OK.csv|R34:VREF_B_SRC,VREF_B_SRC,Multi Layer,24.425,22.475,,,,0.45,0.2,"VREF_B_SRC|Via (14.325mm,15.325mm) from L1 TOP to L6 BOTTOM|Pad R_VREF1-1(22.6mm,11.888mm) on L1 TOP"
VIA,ROUTE_PLAN_C2_6L6A_OK.csv|R34:VREF_B_SRC,VREF_B_SRC,Multi Layer,34.975,22.425,,,,0.45,0.2,"VREF_B_SRC|Via (14.325mm,15.325mm) from L1 TOP to L6 BOTTOM|Pad R_VREF1-1(22.6mm,11.888mm) on L1 TOP"
VIA,ROUTE_PLAN_C2_6L6A_OK.csv|R34:VREF_B_SRC,VREF_B_SRC,Multi Layer,37.125,17.725,,,,0.45,0.2,"VREF_B_SRC|Via (14.325mm,15.325mm) from L1 TOP to L6 BOTTOM|Pad R_VREF1-1(22.6mm,11.888mm) on L1 TOP"
VIA,ROUTE_PLAN_C2_6L6A_OK.csv|R34:VREF_B_SRC,VREF_B_SRC,Multi Layer,36.325,13.575,,,,0.45,0.2,"VREF_B_SRC|Via (14.325mm,15.325mm) from L1 TOP to L6 BOTTOM|Pad R_VREF1-1(22.6mm,11.888mm) on L1 TOP"
VIA,ROUTE_PLAN_C2_6L6A_OK.csv|R34:VREF_B_SRC,VREF_B_SRC,Multi Layer,32.525,12.975,,,,0.45,0.2,"VREF_B_SRC|Via (14.325mm,15.325mm) from L1 TOP to L6 BOTTOM|Pad R_VREF1-1(22.6mm,11.888mm) on L1 TOP"
VIA,ROUTE_PLAN_C2_6L6A_OK.csv|R34:VREF_B_SRC,VREF_B_SRC,Multi Layer,25.325,13.125,,,,0.45,0.2,"VREF_B_SRC|Via (14.325mm,15.325mm) from L1 TOP to L6 BOTTOM|Pad R_VREF1-1(22.6mm,11.888mm) on L1 TOP"
TRACK,ROUTE_PLAN_C2_6L6A_OK.csv|R35:VREF_B_SRC,VREF_B_SRC,Mid Layer 2,33.325,12.925,33.325,12.725,0.2,,,"VREF_B_SRC|Pad R_VREF1-1(22.6mm,11.888mm) on L1 TOP|Via (32.775mm,11.625mm) from L1 TOP to L6 BOTTOM"
TRACK,ROUTE_PLAN_C2_6L6A_OK.csv|R43:DRL_SUM VIP,DRL_SUM,Top Layer,25.725,17.575,25.725,16.325,0.2,,,"DRL_SUM|Pad R_DRL_VC1-2(25.55mm,17.637mm) on L6 BOTTOM|Via (26.425mm,14.475mm) from L1 TOP to L6 BOTTOM"
TRACK,ROUTE_PLAN_C2_6L6A_OK.csv|R43:DRL_SUM VIP,DRL_SUM,Top Layer,25.725,16.325,26.475,15.575,0.2,,,"DRL_SUM|Pad R_DRL_VC1-2(25.55mm,17.637mm) on L6 BOTTOM|Via (26.425mm,14.475mm) from L1 TOP to L6 BOTTOM"
TRACK,ROUTE_PLAN_C2_6L6A_OK.csv|R43:DRL_SUM VIP,DRL_SUM,Top Layer,26.475,15.575,26.475,14.775,0.2,,,"DRL_SUM|Pad R_DRL_VC1-2(25.55mm,17.637mm) on L6 BOTTOM|Via (26.425mm,14.475mm) from L1 TOP to L6 BOTTOM"
VIA,ROUTE_PLAN_C2_6L6A_OK.csv|R43:DRL_SUM VIP,DRL_SUM,Multi Layer,25.725,17.575,,,,0.6,0.3,"DRL_SUM|Pad R_DRL_VC1-2(25.55mm,17.637mm) on L6 BOTTOM|Via (26.425mm,14.475mm) from L1 TOP to L6 BOTTOM"
TRACK,ROUTE_PLAN_C2_6L6A_OK.csv|R49:DRL_SUM VIP,DRL_SUM,Mid Layer 2,67.475,21.975,67.475,20.375,0.2,,,"DRL_SUM|Pad R_DRL_VC5-2(67.3mm,22.025mm) on L6 BOTTOM|Track (68.125mm,11.925mm)(68.125mm,12.775mm) on L6 BOTTOM"
TRACK,ROUTE_PLAN_C2_6L6A_OK.csv|R49:DRL_SUM VIP,DRL_SUM,Mid Layer 2,67.475,20.375,68.375,19.475,0.2,,,"DRL_SUM|Pad R_DRL_VC5-2(67.3mm,22.025mm) on L6 BOTTOM|Track (68.125mm,11.925mm)(68.125mm,12.775mm) on L6 BOTTOM"
TRACK,ROUTE_PLAN_C2_6L6A_OK.csv|R49:DRL_SUM VIP,DRL_SUM,Mid Layer 2,68.375,19.475,68.375,13.525,0.2,,,"DRL_SUM|Pad R_DRL_VC5-2(67.3mm,22.025mm) on L6 BOTTOM|Track (68.125mm,11.925mm)(68.125mm,12.775mm) on L6 BOTTOM"
TRACK,ROUTE_PLAN_C2_6L6A_OK.csv|R49:DRL_SUM VIP,DRL_SUM,Mid Layer 2,68.375,13.525,68.225,13.375,0.2,,,"DRL_SUM|Pad R_DRL_VC5-2(67.3mm,22.025mm) on L6 BOTTOM|Track (68.125mm,11.925mm)(68.125mm,12.775mm) on L6 BOTTOM"
VIA,ROUTE_PLAN_C2_6L6A_OK.csv|R49:DRL_SUM VIP,DRL_SUM,Multi Layer,67.475,21.975,,,,0.6,0.3,"DRL_SUM|Pad R_DRL_VC5-2(67.3mm,22.025mm) on L6 BOTTOM|Track (68.125mm,11.925mm)(68.125mm,12.775mm) on L6 BOTTOM"
VIA,ROUTE_PLAN_C2_6L6A_OK.csv|R49:DRL_SUM VIP,DRL_SUM,Multi Layer,68.225,13.375,,,,0.6,0.3,"DRL_SUM|Pad R_DRL_VC5-2(67.3mm,22.025mm) on L6 BOTTOM|Track (68.125mm,11.925mm)(68.125mm,12.775mm) on L6 BOTTOM"
TRACK,ROUTE_PLAN_C2_6L6A_OK.csv|R51:DRL_SUM,DRL_SUM,Bottom Layer,15.025,17.425,15.375,17.775,0.2,,,"DRL_SUM|Track (14.225mm,17.675mm)(14.475mm,17.425mm) on L6 BOTTOM|Pad R_DRL_VC1-2(25.55mm,17.637mm) on L6 BOTTOM"
TRACK,ROUTE_PLAN_C2_6L6A_OK.csv|R51:DRL_SUM,DRL_SUM,Mid Layer 2,15.375,17.775,15.925,18.325,0.2,,,"DRL_SUM|Track (14.225mm,17.675mm)(14.475mm,17.425mm) on L6 BOTTOM|Pad R_DRL_VC1-2(25.55mm,17.637mm) on L6 BOTTOM"
TRACK,ROUTE_PLAN_C2_6L6A_OK.csv|R51:DRL_SUM,DRL_SUM,Mid Layer 2,15.925,18.325,17.375,18.325,0.2,,,"DRL_SUM|Track (14.225mm,17.675mm)(14.475mm,17.425mm) on L6 BOTTOM|Pad R_DRL_VC1-2(25.55mm,17.637mm) on L6 BOTTOM"
TRACK,ROUTE_PLAN_C2_6L6A_OK.csv|R51:DRL_SUM,DRL_SUM,Mid Layer 2,17.375,18.325,17.48,18.43,0.2,,,"DRL_SUM|Track (14.225mm,17.675mm)(14.475mm,17.425mm) on L6 BOTTOM|Pad R_DRL_VC1-2(25.55mm,17.637mm) on L6 BOTTOM"
TRACK,ROUTE_PLAN_C2_6L6A_OK.csv|R51:DRL_SUM,DRL_SUM,Mid Layer 2,17.48,18.43,19.825,20.775,0.2,,,"DRL_SUM|Track (14.225mm,17.675mm)(14.475mm,17.425mm) on L6 BOTTOM|Pad R_DRL_VC1-2(25.55mm,17.637mm) on L6 BOTTOM"
TRACK,ROUTE_PLAN_C2_6L6A_OK.csv|R51:DRL_SUM,DRL_SUM,Mid Layer 2,19.825,20.775,22.125,20.775,0.2,,,"DRL_SUM|Track (14.225mm,17.675mm)(14.475mm,17.425mm) on L6 BOTTOM|Pad R_DRL_VC1-2(25.55mm,17.637mm) on L6 BOTTOM"
TRACK,ROUTE_PLAN_C2_6L6A_OK.csv|R51:DRL_SUM,DRL_SUM,Mid Layer 2,22.125,20.775,22.175,20.825,0.2,,,"DRL_SUM|Track (14.225mm,17.675mm)(14.475mm,17.425mm) on L6 BOTTOM|Pad R_DRL_VC1-2(25.55mm,17.637mm) on L6 BOTTOM"
TRACK,ROUTE_PLAN_C2_6L6A_OK.csv|R51:DRL_SUM,DRL_SUM,Mid Layer 2,22.175,20.825,23.925,20.825,0.2,,,"DRL_SUM|Track (14.225mm,17.675mm)(14.475mm,17.425mm) on L6 BOTTOM|Pad R_DRL_VC1-2(25.55mm,17.637mm) on L6 BOTTOM"
TRACK,ROUTE_PLAN_C2_6L6A_OK.csv|R51:DRL_SUM,DRL_SUM,Mid Layer 2,23.925,20.825,25.475,19.275,0.2,,,"DRL_SUM|Track (14.225mm,17.675mm)(14.475mm,17.425mm) on L6 BOTTOM|Pad R_DRL_VC1-2(25.55mm,17.637mm) on L6 BOTTOM"
TRACK,ROUTE_PLAN_C2_6L6A_OK.csv|R51:DRL_SUM,DRL_SUM,Mid Layer 2,25.475,19.275,25.475,17.775,0.2,,,"DRL_SUM|Track (14.225mm,17.675mm)(14.475mm,17.425mm) on L6 BOTTOM|Pad R_DRL_VC1-2(25.55mm,17.637mm) on L6 BOTTOM"
VIA,ROUTE_PLAN_C2_6L6A_OK.csv|R51:DRL_SUM,DRL_SUM,Multi Layer,15.375,17.775,,,,0.6,0.3,"DRL_SUM|Track (14.225mm,17.675mm)(14.475mm,17.425mm) on L6 BOTTOM|Pad R_DRL_VC1-2(25.55mm,17.637mm) on L6 BOTTOM"
TRACK,ROUTE_PLAN_C2_6L6A_OK.csv|R7:VREF_A,VREF_A,Mid Layer 2,57.875,19.275,57.875,19.175,0.2,,,"VREF_A|Via (56.125mm,20.975mm) from L1 TOP to L6 BOTTOM|Track (59.525mm,21.025mm)(59.725mm,21.025mm) on L6 BOTTOM"
TRACK,ROUTE_PLAN_C2_6L6A_OK.csv|R7:VREF_A,VREF_A,Mid Layer 2,57.875,19.175,58.225,18.825,0.2,,,"VREF_A|Via (56.125mm,20.975mm) from L1 TOP to L6 BOTTOM|Track (59.525mm,21.025mm)(59.725mm,21.025mm) on L6 BOTTOM"
TRACK,ROUTE_PLAN_C2_6L6A_OK.csv|R7:VREF_A,VREF_A,Mid Layer 2,58.225,18.825,59.075,18.825,0.2,,,"VREF_A|Via (56.125mm,20.975mm) from L1 TOP to L6 BOTTOM|Track (59.525mm,21.025mm)(59.725mm,21.025mm) on L6 BOTTOM"
TRACK,ROUTE_PLAN_C2_6L6A_OK.csv|R7:VREF_A,VREF_A,Bottom Layer,59.075,18.825,59.075,19.025,0.2,,,"VREF_A|Via (56.125mm,20.975mm) from L1 TOP to L6 BOTTOM|Track (59.525mm,21.025mm)(59.725mm,21.025mm) on L6 BOTTOM"
TRACK,ROUTE_PLAN_C2_6L6A_OK.csv|R7:VREF_A,VREF_A,Bottom Layer,59.075,19.025,59.225,19.175,0.2,,,"VREF_A|Via (56.125mm,20.975mm) from L1 TOP to L6 BOTTOM|Track (59.525mm,21.025mm)(59.725mm,21.025mm) on L6 BOTTOM"
TRACK,ROUTE_PLAN_C2_6L6A_OK.csv|R7:VREF_A,VREF_A,Bottom Layer,59.225,19.175,59.225,19.325,0.2,,,"VREF_A|Via (56.125mm,20.975mm) from L1 TOP to L6 BOTTOM|Track (59.525mm,21.025mm)(59.725mm,21.025mm) on L6 BOTTOM"
TRACK,ROUTE_PLAN_C2_6L6A_OK.csv|R7:VREF_A,VREF_A,Bottom Layer,59.225,19.325,59.275,19.325,0.2,,,"VREF_A|Via (56.125mm,20.975mm) from L1 TOP to L6 BOTTOM|Track (59.525mm,21.025mm)(59.725mm,21.025mm) on L6 BOTTOM"
TRACK,ROUTE_PLAN_C2_6L6A_OK.csv|R7:VREF_A,VREF_A,Bottom Layer,59.275,19.325,59.275,19.475,0.2,,,"VREF_A|Via (56.125mm,20.975mm) from L1 TOP to L6 BOTTOM|Track (59.525mm,21.025mm)(59.725mm,21.025mm) on L6 BOTTOM"
TRACK,ROUTE_PLAN_C2_6L6A_OK.csv|R7:VREF_A,VREF_A,Bottom Layer,59.275,19.475,59.325,19.475,0.2,,,"VREF_A|Via (56.125mm,20.975mm) from L1 TOP to L6 BOTTOM|Track (59.525mm,21.025mm)(59.725mm,21.025mm) on L6 BOTTOM"
TRACK,ROUTE_PLAN_C2_6L6A_OK.csv|R7:VREF_A,VREF_A,Bottom Layer,59.325,19.475,59.325,19.675,0.2,,,"VREF_A|Via (56.125mm,20.975mm) from L1 TOP to L6 BOTTOM|Track (59.525mm,21.025mm)(59.725mm,21.025mm) on L6 BOTTOM"
TRACK,ROUTE_PLAN_C2_6L6A_OK.csv|R7:VREF_A,VREF_A,Bottom Layer,59.325,19.675,59.425,19.775,0.2,,,"VREF_A|Via (56.125mm,20.975mm) from L1 TOP to L6 BOTTOM|Track (59.525mm,21.025mm)(59.725mm,21.025mm) on L6 BOTTOM"
VIA,ROUTE_PLAN_C2_6L6A_OK.csv|R7:VREF_A,VREF_A,Multi Layer,59.075,18.825,,,,0.6,0.3,"VREF_A|Via (56.125mm,20.975mm) from L1 TOP to L6 BOTTOM|Track (59.525mm,21.025mm)(59.725mm,21.025mm) on L6 BOTTOM"
TRACK,ROUTE_PLAN_C2_6L6A_OK.csv|R8:VOUT_5,VOUT_5,Top Layer,57.775,24.075,57.775,23.725,0.2,,,"VOUT_5|Track (56.725mm,24.525mm)(57.125mm,24.525mm) on L1 TOP|Track (59.525mm,22.475mm)(59.725mm,22.475mm) on L6 BOTTOM"
TRACK,ROUTE_PLAN_C2_6L6A_OK.csv|R8:VOUT_5,VOUT_5,Top Layer,57.775,23.725,57.925,23.575,0.2,,,"VOUT_5|Track (56.725mm,24.525mm)(57.125mm,24.525mm) on L1 TOP|Track (59.525mm,22.475mm)(59.725mm,22.475mm) on L6 BOTTOM"
VIA,ROUTE_PLAN_C2_6L6A_OK.csv|R8:VOUT_5,VOUT_5,Multi Layer,57.925,23.575,,,,0.6,0.3,"VOUT_5|Track (56.725mm,24.525mm)(57.125mm,24.525mm) on L1 TOP|Track (59.525mm,22.475mm)(59.725mm,22.475mm) on L6 BOTTOM"
TRACK,ROUTE_PLAN_C2_6L7B_OK.csv|R0:Vservo_2 VIP,Vservo_2,Top Layer,27.575,22.625,27.575,20.125,0.2,,,"Vservo_2|Pad Cservo_2-2(27.525mm,23.15mm) on L6 BOTTOM [Unplated]|Pad INA2-6(29.825mm,20.55mm) on L1 TOP"
TRACK,ROUTE_PLAN_C2_6L7B_OK.csv|R0:Vservo_2 VIP,Vservo_2,Top Layer,27.575,20.125,28.125,19.575,0.2,,,"Vservo_2|Pad Cservo_2-2(27.525mm,23.15mm) on L6 BOTTOM [Unplated]|Pad INA2-6(29.825mm,20.55mm) on L1 TOP"
TRACK,ROUTE_PLAN_C2_6L7B_OK.csv|R0:Vservo_2 VIP,Vservo_2,Top Layer,28.125,19.575,29.525,19.575,0.2,,,"Vservo_2|Pad Cservo_2-2(27.525mm,23.15mm) on L6 BOTTOM [Unplated]|Pad INA2-6(29.825mm,20.55mm) on L1 TOP"
TRACK,ROUTE_PLAN_C2_6L7B_OK.csv|R0:Vservo_2 VIP,Vservo_2,Top Layer,29.525,19.575,29.775,19.825,0.2,,,"Vservo_2|Pad Cservo_2-2(27.525mm,23.15mm) on L6 BOTTOM [Unplated]|Pad INA2-6(29.825mm,20.55mm) on L1 TOP"
TRACK,ROUTE_PLAN_C2_6L7B_OK.csv|R0:Vservo_2 VIP,Vservo_2,Top Layer,29.775,19.825,29.775,20.025,0.2,,,"Vservo_2|Pad Cservo_2-2(27.525mm,23.15mm) on L6 BOTTOM [Unplated]|Pad INA2-6(29.825mm,20.55mm) on L1 TOP"
VIA,ROUTE_PLAN_C2_6L7B_OK.csv|R0:Vservo_2 VIP,Vservo_2,Multi Layer,27.575,22.625,,,,0.6,0.3,"Vservo_2|Pad Cservo_2-2(27.525mm,23.15mm) on L6 BOTTOM [Unplated]|Pad INA2-6(29.825mm,20.55mm) on L1 TOP"
TRACK,ROUTE_PLAN_C2_6L7B_OK.csv|R102:DRL_SUM,DRL_SUM,Bottom Layer,56.225,17.425,56.425,17.625,0.15,,,"DRL_SUM|Track (57.225mm,13.125mm)(57.225mm,13.975mm) on L6 BOTTOM|Via (68.225mm,13.375mm) from L1 TOP to L6 BOTTOM"
TRACK,ROUTE_PLAN_C2_6L7B_OK.csv|R102:DRL_SUM,DRL_SUM,Mid Layer 2,56.425,17.625,57.325,18.525,0.15,,,"DRL_SUM|Track (57.225mm,13.125mm)(57.225mm,13.975mm) on L6 BOTTOM|Via (68.225mm,13.375mm) from L1 TOP to L6 BOTTOM"
TRACK,ROUTE_PLAN_C2_6L7B_OK.csv|R102:DRL_SUM,DRL_SUM,Mid Layer 2,57.325,18.525,57.325,20.975,0.15,,,"DRL_SUM|Track (57.225mm,13.125mm)(57.225mm,13.975mm) on L6 BOTTOM|Via (68.225mm,13.375mm) from L1 TOP to L6 BOTTOM"
TRACK,ROUTE_PLAN_C2_6L7B_OK.csv|R102:DRL_SUM,DRL_SUM,Mid Layer 2,57.325,20.975,60.325,23.975,0.15,,,"DRL_SUM|Track (57.225mm,13.125mm)(57.225mm,13.975mm) on L6 BOTTOM|Via (68.225mm,13.375mm) from L1 TOP to L6 BOTTOM"
TRACK,ROUTE_PLAN_C2_6L7B_OK.csv|R102:DRL_SUM,DRL_SUM,Mid Layer 2,60.325,23.975,61.225,23.975,0.15,,,"DRL_SUM|Track (57.225mm,13.125mm)(57.225mm,13.975mm) on L6 BOTTOM|Via (68.225mm,13.375mm) from L1 TOP to L6 BOTTOM"
TRACK,ROUTE_PLAN_C2_6L7B_OK.csv|R102:DRL_SUM,DRL_SUM,Mid Layer 2,61.225,23.975,63.725,21.475,0.15,,,"DRL_SUM|Track (57.225mm,13.125mm)(57.225mm,13.975mm) on L6 BOTTOM|Via (68.225mm,13.375mm) from L1 TOP to L6 BOTTOM"
TRACK,ROUTE_PLAN_C2_6L7B_OK.csv|R102:DRL_SUM,DRL_SUM,Mid Layer 2,63.725,21.475,66.725,21.475,0.15,,,"DRL_SUM|Track (57.225mm,13.125mm)(57.225mm,13.975mm) on L6 BOTTOM|Via (68.225mm,13.375mm) from L1 TOP to L6 BOTTOM"
TRACK,ROUTE_PLAN_C2_6L7B_OK.csv|R102:DRL_SUM,DRL_SUM,Mid Layer 2,66.725,21.475,67.375,20.825,0.15,,,"DRL_SUM|Track (57.225mm,13.125mm)(57.225mm,13.975mm) on L6 BOTTOM|Via (68.225mm,13.375mm) from L1 TOP to L6 BOTTOM"
VIA,ROUTE_PLAN_C2_6L7B_OK.csv|R102:DRL_SUM,DRL_SUM,Multi Layer,56.425,17.625,,,,0.45,0.2,"DRL_SUM|Track (57.225mm,13.125mm)(57.225mm,13.975mm) on L6 BOTTOM|Via (68.225mm,13.375mm) from L1 TOP to L6 BOTTOM"
TRACK,ROUTE_PLAN_C2_6L7B_OK.csv|R103:DRL_SUM,DRL_SUM,Top Layer,25.975,17.725,27.625,17.725,0.15,,,"DRL_SUM|Via (26.425mm,14.475mm) from L1 TOP to L6 BOTTOM|Via (35.525mm,13.625mm) from L1 TOP to L6 BOTTOM"
TRACK,ROUTE_PLAN_C2_6L7B_OK.csv|R103:DRL_SUM,DRL_SUM,Top Layer,27.625,17.725,27.925,18.025,0.15,,,"DRL_SUM|Via (26.425mm,14.475mm) from L1 TOP to L6 BOTTOM|Via (35.525mm,13.625mm) from L1 TOP to L6 BOTTOM"
TRACK,ROUTE_PLAN_C2_6L7B_OK.csv|R103:DRL_SUM,DRL_SUM,Top Layer,27.925,18.025,28.675,18.025,0.15,,,"DRL_SUM|Via (26.425mm,14.475mm) from L1 TOP to L6 BOTTOM|Via (35.525mm,13.625mm) from L1 TOP to L6 BOTTOM"
TRACK,ROUTE_PLAN_C2_6L7B_OK.csv|R103:DRL_SUM,DRL_SUM,Top Layer,28.675,18.025,29.125,17.575,0.15,,,"DRL_SUM|Via (26.425mm,14.475mm) from L1 TOP to L6 BOTTOM|Via (35.525mm,13.625mm) from L1 TOP to L6 BOTTOM"
TRACK,ROUTE_PLAN_C2_6L7B_OK.csv|R103:DRL_SUM,DRL_SUM,Mid Layer 2,29.125,17.575,33.475,17.575,0.15,,,"DRL_SUM|Via (26.425mm,14.475mm) from L1 TOP to L6 BOTTOM|Via (35.525mm,13.625mm) from L1 TOP to L6 BOTTOM"
TRACK,ROUTE_PLAN_C2_6L7B_OK.csv|R103:DRL_SUM,DRL_SUM,Mid Layer 2,33.475,17.575,33.575,17.675,0.15,,,"DRL_SUM|Via (26.425mm,14.475mm) from L1 TOP to L6 BOTTOM|Via (35.525mm,13.625mm) from L1 TOP to L6 BOTTOM"
TRACK,ROUTE_PLAN_C2_6L7B_OK.csv|R103:DRL_SUM,DRL_SUM,Mid Layer 2,33.575,17.675,34.125,17.675,0.15,,,"DRL_SUM|Via (26.425mm,14.475mm) from L1 TOP to L6 BOTTOM|Via (35.525mm,13.625mm) from L1 TOP to L6 BOTTOM"
VIA,ROUTE_PLAN_C2_6L7B_OK.csv|R103:DRL_SUM,DRL_SUM,Multi Layer,29.125,17.575,,,,0.45,0.2,"DRL_SUM|Via (26.425mm,14.475mm) from L1 TOP to L6 BOTTOM|Via (35.525mm,13.625mm) from L1 TOP to L6 BOTTOM"
TRACK,ROUTE_PLAN_C2_6L7B_OK.csv|R12:INA_OUT_5 VIP,INA_OUT_5,Top Layer,65.475,24.275,65.475,20.975,0.2,,,"INA_OUT_5|Pad CL_5-2(65.05mm,24.75mm) on L6 BOTTOM|Pad Rservo_5-2(65.225mm,15.55mm) on L6 BOTTOM"
TRACK,ROUTE_PLAN_C2_6L7B_OK.csv|R12:INA_OUT_5 VIP,INA_OUT_5,Top Layer,65.475,20.975,65.625,20.825,0.2,,,"INA_OUT_5|Pad CL_5-2(65.05mm,24.75mm) on L6 BOTTOM|Pad Rservo_5-2(65.225mm,15.55mm) on L6 BOTTOM"
TRACK,ROUTE_PLAN_C2_6L7B_OK.csv|R12:INA_OUT_5 VIP,INA_OUT_5,Top Layer,65.625,20.825,65.625,19.125,0.2,,,"INA_OUT_5|Pad CL_5-2(65.05mm,24.75mm) on L6 BOTTOM|Pad Rservo_5-2(65.225mm,15.55mm) on L6 BOTTOM"
TRACK,ROUTE_PLAN_C2_6L7B_OK.csv|R12:INA_OUT_5 VIP,INA_OUT_5,Mid Layer 2,65.625,19.125,65.625,18.575,0.2,,,"INA_OUT_5|Pad CL_5-2(65.05mm,24.75mm) on L6 BOTTOM|Pad Rservo_5-2(65.225mm,15.55mm) on L6 BOTTOM"
TRACK,ROUTE_PLAN_C2_6L7B_OK.csv|R12:INA_OUT_5 VIP,INA_OUT_5,Mid Layer 2,65.625,18.575,65.175,18.125,0.2,,,"INA_OUT_5|Pad CL_5-2(65.05mm,24.75mm) on L6 BOTTOM|Pad Rservo_5-2(65.225mm,15.55mm) on L6 BOTTOM"
TRACK,ROUTE_PLAN_C2_6L7B_OK.csv|R12:INA_OUT_5 VIP,INA_OUT_5,Mid Layer 2,65.175,18.125,65.175,16.375,0.2,,,"INA_OUT_5|Pad CL_5-2(65.05mm,24.75mm) on L6 BOTTOM|Pad Rservo_5-2(65.225mm,15.55mm) on L6 BOTTOM"
TRACK,ROUTE_PLAN_C2_6L7B_OK.csv|R12:INA_OUT_5 VIP,INA_OUT_5,Bottom Layer,65.175,16.375,65.175,15.825,0.2,,,"INA_OUT_5|Pad CL_5-2(65.05mm,24.75mm) on L6 BOTTOM|Pad Rservo_5-2(65.225mm,15.55mm) on L6 BOTTOM"
VIA,ROUTE_PLAN_C2_6L7B_OK.csv|R12:INA_OUT_5 VIP,INA_OUT_5,Multi Layer,65.475,24.275,,,,0.6,0.3,"INA_OUT_5|Pad CL_5-2(65.05mm,24.75mm) on L6 BOTTOM|Pad Rservo_5-2(65.225mm,15.55mm) on L6 BOTTOM"
VIA,ROUTE_PLAN_C2_6L7B_OK.csv|R12:INA_OUT_5 VIP,INA_OUT_5,Multi Layer,65.625,19.125,,,,0.6,0.3,"INA_OUT_5|Pad CL_5-2(65.05mm,24.75mm) on L6 BOTTOM|Pad Rservo_5-2(65.225mm,15.55mm) on L6 BOTTOM"
VIA,ROUTE_PLAN_C2_6L7B_OK.csv|R12:INA_OUT_5 VIP,INA_OUT_5,Multi Layer,65.175,16.375,,,,0.6,0.3,"INA_OUT_5|Pad CL_5-2(65.05mm,24.75mm) on L6 BOTTOM|Pad Rservo_5-2(65.225mm,15.55mm) on L6 BOTTOM"
TRACK,ROUTE_PLAN_C2_6L7B_OK.csv|R13:INA_OUT_5,INA_OUT_5,Top Layer,60.925,22.075,60.925,22.325,0.2,,,"INA_OUT_5|Pad RH_5-1(60.821mm,21.75mm) on L1 TOP|Pad CL_5-2(65.05mm,24.75mm) on L6 BOTTOM"
TRACK,ROUTE_PLAN_C2_6L7B_OK.csv|R13:INA_OUT_5,INA_OUT_5,Top Layer,60.925,22.325,61.925,23.325,0.2,,,"INA_OUT_5|Pad RH_5-1(60.821mm,21.75mm) on L1 TOP|Pad CL_5-2(65.05mm,24.75mm) on L6 BOTTOM"
TRACK,ROUTE_PLAN_C2_6L7B_OK.csv|R13:INA_OUT_5,INA_OUT_5,Top Layer,61.925,23.325,63.275,23.325,0.2,,,"INA_OUT_5|Pad RH_5-1(60.821mm,21.75mm) on L1 TOP|Pad CL_5-2(65.05mm,24.75mm) on L6 BOTTOM"
TRACK,ROUTE_PLAN_C2_6L7B_OK.csv|R13:INA_OUT_5,INA_OUT_5,Mid Layer 2,63.275,23.325,64.025,24.075,0.2,,,"INA_OUT_5|Pad RH_5-1(60.821mm,21.75mm) on L1 TOP|Pad CL_5-2(65.05mm,24.75mm) on L6 BOTTOM"
TRACK,ROUTE_PLAN_C2_6L7B_OK.csv|R13:INA_OUT_5,INA_OUT_5,Mid Layer 2,64.025,24.075,65.275,24.075,0.2,,,"INA_OUT_5|Pad RH_5-1(60.821mm,21.75mm) on L1 TOP|Pad CL_5-2(65.05mm,24.75mm) on L6 BOTTOM"
VIA,ROUTE_PLAN_C2_6L7B_OK.csv|R13:INA_OUT_5,INA_OUT_5,Multi Layer,63.275,23.325,,,,0.6,0.3,"INA_OUT_5|Pad RH_5-1(60.821mm,21.75mm) on L1 TOP|Pad CL_5-2(65.05mm,24.75mm) on L6 BOTTOM"
TRACK,ROUTE_PLAN_C2_6L7B_OK.csv|R15:INA_OUT_5,INA_OUT_5,Top Layer,60.825,21.475,60.825,21.075,0.2,,,"INA_OUT_5|Pad RH_5-1(60.821mm,21.75mm) on L1 TOP|Pad INA5-8(60.925mm,20.55mm) on L1 TOP"
TRACK,ROUTE_PLAN_C2_6L7B_OK.csv|R16:NetINA3_3,NetINA3_3,Top Layer,40.625,16.375,40.625,16.625,0.2,,,"NetINA3_3|Pad INA3-3(40.625mm,15.85mm) on L1 TOP|Track (46.575mm,17.025mm)(46.575mm,18.375mm) on L1 TOP"
TRACK,ROUTE_PLAN_C2_6L7B_OK.csv|R16:NetINA3_3,NetINA3_3,Top Layer,40.625,16.625,40.925,16.925,0.2,,,"NetINA3_3|Pad INA3-3(40.625mm,15.85mm) on L1 TOP|Track (46.575mm,17.025mm)(46.575mm,18.375mm) on L1 TOP"
TRACK,ROUTE_PLAN_C2_6L7B_OK.csv|R16:NetINA3_3,NetINA3_3,Top Layer,40.925,16.925,44.525,16.925,0.2,,,"NetINA3_3|Pad INA3-3(40.625mm,15.85mm) on L1 TOP|Track (46.575mm,17.025mm)(46.575mm,18.375mm) on L1 TOP"
TRACK,ROUTE_PLAN_C2_6L7B_OK.csv|R16:NetINA3_3,NetINA3_3,Top Layer,44.525,16.925,45.325,17.725,0.2,,,"NetINA3_3|Pad INA3-3(40.625mm,15.85mm) on L1 TOP|Track (46.575mm,17.025mm)(46.575mm,18.375mm) on L1 TOP"
TRACK,ROUTE_PLAN_C2_6L7B_OK.csv|R16:NetINA3_3,NetINA3_3,Top Layer,45.325,17.725,46.475,17.725,0.2,,,"NetINA3_3|Pad INA3-3(40.625mm,15.85mm) on L1 TOP|Track (46.575mm,17.025mm)(46.575mm,18.375mm) on L1 TOP"
TRACK,ROUTE_PLAN_C2_6L7B_OK.csv|R17:NetINA4_2,NetINA4_2,Top Layer,50.775,16.375,50.775,16.625,0.2,,,"NetINA4_2|Pad INA4-2(50.775mm,15.85mm) on L1 TOP|Pad RDD11-2(57.4mm,15mm) on L1 TOP"
TRACK,ROUTE_PLAN_C2_6L7B_OK.csv|R17:NetINA4_2,NetINA4_2,Top Layer,50.775,16.625,51.025,16.875,0.2,,,"NetINA4_2|Pad INA4-2(50.775mm,15.85mm) on L1 TOP|Pad RDD11-2(57.4mm,15mm) on L1 TOP"
TRACK,ROUTE_PLAN_C2_6L7B_OK.csv|R17:NetINA4_2,NetINA4_2,Top Layer,51.025,16.875,53.975,16.875,0.2,,,"NetINA4_2|Pad INA4-2(50.775mm,15.85mm) on L1 TOP|Pad RDD11-2(57.4mm,15mm) on L1 TOP"
TRACK,ROUTE_PLAN_C2_6L7B_OK.csv|R17:NetINA4_2,NetINA4_2,Mid Layer 2,53.975,16.875,55.625,15.225,0.2,,,"NetINA4_2|Pad INA4-2(50.775mm,15.85mm) on L1 TOP|Pad RDD11-2(57.4mm,15mm) on L1 TOP"
TRACK,ROUTE_PLAN_C2_6L7B_OK.csv|R17:NetINA4_2,NetINA4_2,Mid Layer 2,55.625,15.225,57.175,15.225,0.2,,,"NetINA4_2|Pad INA4-2(50.775mm,15.85mm) on L1 TOP|Pad RDD11-2(57.4mm,15mm) on L1 TOP"
TRACK,ROUTE_PLAN_C2_6L7B_OK.csv|R17:NetINA4_2,NetINA4_2,Mid Layer 2,57.175,15.225,57.725,15.775,0.2,,,"NetINA4_2|Pad INA4-2(50.775mm,15.85mm) on L1 TOP|Pad RDD11-2(57.4mm,15mm) on L1 TOP"
TRACK,ROUTE_PLAN_C2_6L7B_OK.csv|R17:NetINA4_2,NetINA4_2,Top Layer,57.725,15.775,57.725,15.475,0.2,,,"NetINA4_2|Pad INA4-2(50.775mm,15.85mm) on L1 TOP|Pad RDD11-2(57.4mm,15mm) on L1 TOP"
TRACK,ROUTE_PLAN_C2_6L7B_OK.csv|R17:NetINA4_2,NetINA4_2,Top Layer,57.725,15.475,57.525,15.275,0.2,,,"NetINA4_2|Pad INA4-2(50.775mm,15.85mm) on L1 TOP|Pad RDD11-2(57.4mm,15mm) on L1 TOP"
VIA,ROUTE_PLAN_C2_6L7B_OK.csv|R17:NetINA4_2,NetINA4_2,Multi Layer,53.975,16.875,,,,0.6,0.3,"NetINA4_2|Pad INA4-2(50.775mm,15.85mm) on L1 TOP|Pad RDD11-2(57.4mm,15mm) on L1 TOP"
VIA,ROUTE_PLAN_C2_6L7B_OK.csv|R17:NetINA4_2,NetINA4_2,Multi Layer,57.725,15.775,,,,0.6,0.3,"NetINA4_2|Pad INA4-2(50.775mm,15.85mm) on L1 TOP|Pad RDD11-2(57.4mm,15mm) on L1 TOP"
TRACK,ROUTE_PLAN_C2_6L7B_OK.csv|R18:NetINA5_7,NetINA5_7,Top Layer,61.575,21.075,61.575,21.275,0.2,,,"NetINA5_7|Pad INA5-7(61.575mm,20.55mm) on L1 TOP|Track (62.075mm,22.075mm)(62.575mm,22.075mm) on L1 TOP"
TRACK,ROUTE_PLAN_C2_6L7B_OK.csv|R18:NetINA5_7,NetINA5_7,Top Layer,61.575,21.275,61.625,21.325,0.2,,,"NetINA5_7|Pad INA5-7(61.575mm,20.55mm) on L1 TOP|Track (62.075mm,22.075mm)(62.575mm,22.075mm) on L1 TOP"
TRACK,ROUTE_PLAN_C2_6L7B_OK.csv|R18:NetINA5_7,NetINA5_7,Top Layer,61.625,21.325,61.625,21.475,0.2,,,"NetINA5_7|Pad INA5-7(61.575mm,20.55mm) on L1 TOP|Track (62.075mm,22.075mm)(62.575mm,22.075mm) on L1 TOP"
TRACK,ROUTE_PLAN_C2_6L7B_OK.csv|R19:NetINA2_7,NetINA2_7,Top Layer,29.175,21.075,29.175,21.275,0.2,,,"NetINA2_7|Pad INA2-7(29.175mm,20.55mm) on L1 TOP|Track (29.675mm,22.075mm)(30.175mm,22.075mm) on L1 TOP"
TRACK,ROUTE_PLAN_C2_6L7B_OK.csv|R19:NetINA2_7,NetINA2_7,Top Layer,29.175,21.275,29.225,21.325,0.2,,,"NetINA2_7|Pad INA2-7(29.175mm,20.55mm) on L1 TOP|Track (29.675mm,22.075mm)(30.175mm,22.075mm) on L1 TOP"
TRACK,ROUTE_PLAN_C2_6L7B_OK.csv|R19:NetINA2_7,NetINA2_7,Top Layer,29.225,21.325,29.225,21.475,0.2,,,"NetINA2_7|Pad INA2-7(29.175mm,20.55mm) on L1 TOP|Track (29.675mm,22.075mm)(30.175mm,22.075mm) on L1 TOP"
TRACK,ROUTE_PLAN_C2_6L7B_OK.csv|R1:Vservo_5,Vservo_5,Bottom Layer,61.375,18.525,61.875,18.525,0.2,,,"Vservo_5|Pad U3-14(60.55mm,18.45mm) on L6 BOTTOM|Pad INA5-6(62.225mm,20.55mm) on L1 TOP"
TRACK,ROUTE_PLAN_C2_6L7B_OK.csv|R1:Vservo_5,Vservo_5,Top Layer,61.875,18.525,61.875,19.525,0.2,,,"Vservo_5|Pad U3-14(60.55mm,18.45mm) on L6 BOTTOM|Pad INA5-6(62.225mm,20.55mm) on L1 TOP"
TRACK,ROUTE_PLAN_C2_6L7B_OK.csv|R1:Vservo_5,Vservo_5,Top Layer,61.875,19.525,62.175,19.825,0.2,,,"Vservo_5|Pad U3-14(60.55mm,18.45mm) on L6 BOTTOM|Pad INA5-6(62.225mm,20.55mm) on L1 TOP"
TRACK,ROUTE_PLAN_C2_6L7B_OK.csv|R1:Vservo_5,Vservo_5,Top Layer,62.175,19.825,62.175,20.025,0.2,,,"Vservo_5|Pad U3-14(60.55mm,18.45mm) on L6 BOTTOM|Pad INA5-6(62.225mm,20.55mm) on L1 TOP"
VIA,ROUTE_PLAN_C2_6L7B_OK.csv|R1:Vservo_5,Vservo_5,Multi Layer,61.875,18.525,,,,0.6,0.3,"Vservo_5|Pad U3-14(60.55mm,18.45mm) on L6 BOTTOM|Pad INA5-6(62.225mm,20.55mm) on L1 TOP"
TRACK,ROUTE_PLAN_C2_6L7B_OK.csv|R20:NetINA4_7,NetINA4_7,Top Layer,50.775,21.075,50.775,21.325,0.2,,,"NetINA4_7|Pad INA4-7(50.775mm,20.55mm) on L1 TOP|Pad RL_4-1(51.8mm,21.7mm) on L1 TOP"
TRACK,ROUTE_PLAN_C2_6L7B_OK.csv|R20:NetINA4_7,NetINA4_7,Top Layer,50.775,21.325,51.025,21.575,0.2,,,"NetINA4_7|Pad INA4-7(50.775mm,20.55mm) on L1 TOP|Pad RL_4-1(51.8mm,21.7mm) on L1 TOP"
TRACK,ROUTE_PLAN_C2_6L7B_OK.csv|R20:NetINA4_7,NetINA4_7,Top Layer,51.025,21.575,51.575,21.575,0.2,,,"NetINA4_7|Pad INA4-7(50.775mm,20.55mm) on L1 TOP|Pad RL_4-1(51.8mm,21.7mm) on L1 TOP"
TRACK,ROUTE_PLAN_C2_6L7B_OK.csv|R21:NetINA2_2,NetINA2_2,Top Layer,29.175,16.375,29.175,16.625,0.2,,,"NetINA2_2|Pad INA2-2(29.175mm,15.85mm) on L1 TOP|Pad RDD5-2(35.8mm,15mm) on L1 TOP"
TRACK,ROUTE_PLAN_C2_6L7B_OK.csv|R21:NetINA2_2,NetINA2_2,Top Layer,29.175,16.625,31.425,18.875,0.2,,,"NetINA2_2|Pad INA2-2(29.175mm,15.85mm) on L1 TOP|Pad RDD5-2(35.8mm,15mm) on L1 TOP"
TRACK,ROUTE_PLAN_C2_6L7B_OK.csv|R21:NetINA2_2,NetINA2_2,Top Layer,31.425,18.875,33.875,18.875,0.2,,,"NetINA2_2|Pad INA2-2(29.175mm,15.85mm) on L1 TOP|Pad RDD5-2(35.8mm,15mm) on L1 TOP"
TRACK,ROUTE_PLAN_C2_6L7B_OK.csv|R21:NetINA2_2,NetINA2_2,Top Layer,33.875,18.875,34.325,19.325,0.2,,,"NetINA2_2|Pad INA2-2(29.175mm,15.85mm) on L1 TOP|Pad RDD5-2(35.8mm,15mm) on L1 TOP"
TRACK,ROUTE_PLAN_C2_6L7B_OK.csv|R21:NetINA2_2,NetINA2_2,Top Layer,34.325,19.325,36.575,19.325,0.2,,,"NetINA2_2|Pad INA2-2(29.175mm,15.85mm) on L1 TOP|Pad RDD5-2(35.8mm,15mm) on L1 TOP"
TRACK,ROUTE_PLAN_C2_6L7B_OK.csv|R21:NetINA2_2,NetINA2_2,Top Layer,36.575,19.325,37.175,18.725,0.2,,,"NetINA2_2|Pad INA2-2(29.175mm,15.85mm) on L1 TOP|Pad RDD5-2(35.8mm,15mm) on L1 TOP"
TRACK,ROUTE_PLAN_C2_6L7B_OK.csv|R21:NetINA2_2,NetINA2_2,Mid Layer 2,37.175,18.725,37.075,18.725,0.2,,,"NetINA2_2|Pad INA2-2(29.175mm,15.85mm) on L1 TOP|Pad RDD5-2(35.8mm,15mm) on L1 TOP"
TRACK,ROUTE_PLAN_C2_6L7B_OK.csv|R21:NetINA2_2,NetINA2_2,Mid Layer 2,37.075,18.725,36.225,17.875,0.2,,,"NetINA2_2|Pad INA2-2(29.175mm,15.85mm) on L1 TOP|Pad RDD5-2(35.8mm,15mm) on L1 TOP"
TRACK,ROUTE_PLAN_C2_6L7B_OK.csv|R21:NetINA2_2,NetINA2_2,Mid Layer 2,36.225,17.875,36.225,15.975,0.2,,,"NetINA2_2|Pad INA2-2(29.175mm,15.85mm) on L1 TOP|Pad RDD5-2(35.8mm,15mm) on L1 TOP"
TRACK,ROUTE_PLAN_C2_6L7B_OK.csv|R21:NetINA2_2,NetINA2_2,Top Layer,36.225,15.975,36.225,15.575,0.2,,,"NetINA2_2|Pad INA2-2(29.175mm,15.85mm) on L1 TOP|Pad RDD5-2(35.8mm,15mm) on L1 TOP"
TRACK,ROUTE_PLAN_C2_6L7B_OK.csv|R21:NetINA2_2,NetINA2_2,Top Layer,36.225,15.575,35.925,15.275,0.2,,,"NetINA2_2|Pad INA2-2(29.175mm,15.85mm) on L1 TOP|Pad RDD5-2(35.8mm,15mm) on L1 TOP"
VIA,ROUTE_PLAN_C2_6L7B_OK.csv|R21:NetINA2_2,NetINA2_2,Multi Layer,37.175,18.725,,,,0.6,0.3,"NetINA2_2|Pad INA2-2(29.175mm,15.85mm) on L1 TOP|Pad RDD5-2(35.8mm,15mm) on L1 TOP"
VIA,ROUTE_PLAN_C2_6L7B_OK.csv|R21:NetINA2_2,NetINA2_2,Multi Layer,36.225,15.975,,,,0.6,0.3,"NetINA2_2|Pad INA2-2(29.175mm,15.85mm) on L1 TOP|Pad RDD5-2(35.8mm,15mm) on L1 TOP"
TRACK,ROUTE_PLAN_C2_6L7B_OK.csv|R23:NetINA5_3,NetINA5_3,Top Layer,62.175,16.375,62.175,16.875,0.2,,,"NetINA5_3|Pad INA5-3(62.225mm,15.85mm) on L1 TOP|Track (67.775mm,17.025mm)(67.775mm,18.375mm) on L1 TOP"
TRACK,ROUTE_PLAN_C2_6L7B_OK.csv|R23:NetINA5_3,NetINA5_3,Top Layer,62.175,16.875,62.125,16.925,0.2,,,"NetINA5_3|Pad INA5-3(62.225mm,15.85mm) on L1 TOP|Track (67.775mm,17.025mm)(67.775mm,18.375mm) on L1 TOP"
TRACK,ROUTE_PLAN_C2_6L7B_OK.csv|R23:NetINA5_3,NetINA5_3,Mid Layer 2,62.125,16.925,63.525,16.925,0.2,,,"NetINA5_3|Pad INA5-3(62.225mm,15.85mm) on L1 TOP|Track (67.775mm,17.025mm)(67.775mm,18.375mm) on L1 TOP"
TRACK,ROUTE_PLAN_C2_6L7B_OK.csv|R23:NetINA5_3,NetINA5_3,Mid Layer 2,63.525,16.925,64.825,15.625,0.2,,,"NetINA5_3|Pad INA5-3(62.225mm,15.85mm) on L1 TOP|Track (67.775mm,17.025mm)(67.775mm,18.375mm) on L1 TOP"
TRACK,ROUTE_PLAN_C2_6L7B_OK.csv|R23:NetINA5_3,NetINA5_3,Mid Layer 2,64.825,15.625,65.475,15.625,0.2,,,"NetINA5_3|Pad INA5-3(62.225mm,15.85mm) on L1 TOP|Track (67.775mm,17.025mm)(67.775mm,18.375mm) on L1 TOP"
TRACK,ROUTE_PLAN_C2_6L7B_OK.csv|R23:NetINA5_3,NetINA5_3,Mid Layer 2,65.475,15.625,67.425,17.575,0.2,,,"NetINA5_3|Pad INA5-3(62.225mm,15.85mm) on L1 TOP|Track (67.775mm,17.025mm)(67.775mm,18.375mm) on L1 TOP"
TRACK,ROUTE_PLAN_C2_6L7B_OK.csv|R23:NetINA5_3,NetINA5_3,Top Layer,67.425,17.575,67.675,17.575,0.2,,,"NetINA5_3|Pad INA5-3(62.225mm,15.85mm) on L1 TOP|Track (67.775mm,17.025mm)(67.775mm,18.375mm) on L1 TOP"
VIA,ROUTE_PLAN_C2_6L7B_OK.csv|R23:NetINA5_3,NetINA5_3,Multi Layer,62.125,16.925,,,,0.6,0.3,"NetINA5_3|Pad INA5-3(62.225mm,15.85mm) on L1 TOP|Track (67.775mm,17.025mm)(67.775mm,18.375mm) on L1 TOP"
VIA,ROUTE_PLAN_C2_6L7B_OK.csv|R23:NetINA5_3,NetINA5_3,Multi Layer,67.425,17.575,,,,0.6,0.3,"NetINA5_3|Pad INA5-3(62.225mm,15.85mm) on L1 TOP|Track (67.775mm,17.025mm)(67.775mm,18.375mm) on L1 TOP"
TRACK,ROUTE_PLAN_C2_6L7B_OK.csv|R24:NetINA4_7,NetINA4_7,Top Layer,50.075,21.575,50.475,21.575,0.2,,,"NetINA4_7|Pad RH_4-2(49.779mm,21.75mm) on L1 TOP|Pad RL_4-1(51.8mm,21.7mm) on L1 TOP"
TRACK,ROUTE_PLAN_C2_6L7B_OK.csv|R24:NetINA4_7,NetINA4_7,Top Layer,50.475,21.575,50.675,21.375,0.2,,,"NetINA4_7|Pad RH_4-2(49.779mm,21.75mm) on L1 TOP|Pad RL_4-1(51.8mm,21.7mm) on L1 TOP"
TRACK,ROUTE_PLAN_C2_6L7B_OK.csv|R25:NetINA3_2,NetINA3_2,Top Layer,39.925,16.375,39.925,16.925,0.2,,,"NetINA3_2|Pad INA3-2(39.975mm,15.85mm) on L1 TOP|Pad RDD8-2(46.6mm,15mm) on L1 TOP"
TRACK,ROUTE_PLAN_C2_6L7B_OK.csv|R25:NetINA3_2,NetINA3_2,Mid Layer 2,39.925,16.925,44.975,16.925,0.2,,,"NetINA3_2|Pad INA3-2(39.975mm,15.85mm) on L1 TOP|Pad RDD8-2(46.6mm,15mm) on L1 TOP"
TRACK,ROUTE_PLAN_C2_6L7B_OK.csv|R25:NetINA3_2,NetINA3_2,Mid Layer 2,44.975,16.925,45.975,15.925,0.2,,,"NetINA3_2|Pad INA3-2(39.975mm,15.85mm) on L1 TOP|Pad RDD8-2(46.6mm,15mm) on L1 TOP"
TRACK,ROUTE_PLAN_C2_6L7B_OK.csv|R25:NetINA3_2,NetINA3_2,Top Layer,45.975,15.925,46.625,15.275,0.2,,,"NetINA3_2|Pad INA3-2(39.975mm,15.85mm) on L1 TOP|Pad RDD8-2(46.6mm,15mm) on L1 TOP"
VIA,ROUTE_PLAN_C2_6L7B_OK.csv|R25:NetINA3_2,NetINA3_2,Multi Layer,39.925,16.925,,,,0.6,0.3,"NetINA3_2|Pad INA3-2(39.975mm,15.85mm) on L1 TOP|Pad RDD8-2(46.6mm,15mm) on L1 TOP"
VIA,ROUTE_PLAN_C2_6L7B_OK.csv|R25:NetINA3_2,NetINA3_2,Multi Layer,45.975,15.925,,,,0.6,0.3,"NetINA3_2|Pad INA3-2(39.975mm,15.85mm) on L1 TOP|Pad RDD8-2(46.6mm,15mm) on L1 TOP"
TRACK,ROUTE_PLAN_C2_6L7B_OK.csv|R26:NetINA5_2,NetINA5_2,Top Layer,61.475,16.375,61.475,16.625,0.15,,,"NetINA5_2|Pad INA5-2(61.575mm,15.85mm) on L1 TOP|Pad RDD14-2(67.8mm,15mm) on L1 TOP"
TRACK,ROUTE_PLAN_C2_6L7B_OK.csv|R26:NetINA5_2,NetINA5_2,Top Layer,61.475,16.625,61.425,16.625,0.15,,,"NetINA5_2|Pad INA5-2(61.575mm,15.85mm) on L1 TOP|Pad RDD14-2(67.8mm,15mm) on L1 TOP"
TRACK,ROUTE_PLAN_C2_6L7B_OK.csv|R26:NetINA5_2,NetINA5_2,Top Layer,61.425,16.625,61.425,17.325,0.15,,,"NetINA5_2|Pad INA5-2(61.575mm,15.85mm) on L1 TOP|Pad RDD14-2(67.8mm,15mm) on L1 TOP"
TRACK,ROUTE_PLAN_C2_6L7B_OK.csv|R26:NetINA5_2,NetINA5_2,Top Layer,61.425,17.325,61.875,17.775,0.15,,,"NetINA5_2|Pad INA5-2(61.575mm,15.85mm) on L1 TOP|Pad RDD14-2(67.8mm,15mm) on L1 TOP"
TRACK,ROUTE_PLAN_C2_6L7B_OK.csv|R26:NetINA5_2,NetINA5_2,Top Layer,61.875,17.775,64.375,17.775,0.15,,,"NetINA5_2|Pad INA5-2(61.575mm,15.85mm) on L1 TOP|Pad RDD14-2(67.8mm,15mm) on L1 TOP"
TRACK,ROUTE_PLAN_C2_6L7B_OK.csv|R26:NetINA5_2,NetINA5_2,Mid Layer 2,64.375,17.775,64.675,18.075,0.15,,,"NetINA5_2|Pad INA5-2(61.575mm,15.85mm) on L1 TOP|Pad RDD14-2(67.8mm,15mm) on L1 TOP"
TRACK,ROUTE_PLAN_C2_6L7B_OK.csv|R26:NetINA5_2,NetINA5_2,Mid Layer 2,64.675,18.075,64.675,19.275,0.15,,,"NetINA5_2|Pad INA5-2(61.575mm,15.85mm) on L1 TOP|Pad RDD14-2(67.8mm,15mm) on L1 TOP"
TRACK,ROUTE_PLAN_C2_6L7B_OK.csv|R26:NetINA5_2,NetINA5_2,Mid Layer 2,64.675,19.275,65.625,20.225,0.15,,,"NetINA5_2|Pad INA5-2(61.575mm,15.85mm) on L1 TOP|Pad RDD14-2(67.8mm,15mm) on L1 TOP"
TRACK,ROUTE_PLAN_C2_6L7B_OK.csv|R26:NetINA5_2,NetINA5_2,Mid Layer 2,65.625,20.225,66.225,20.225,0.15,,,"NetINA5_2|Pad INA5-2(61.575mm,15.85mm) on L1 TOP|Pad RDD14-2(67.8mm,15mm) on L1 TOP"
TRACK,ROUTE_PLAN_C2_6L7B_OK.csv|R26:NetINA5_2,NetINA5_2,Top Layer,66.225,20.225,66.325,20.225,0.15,,,"NetINA5_2|Pad INA5-2(61.575mm,15.85mm) on L1 TOP|Pad RDD14-2(67.8mm,15mm) on L1 TOP"
TRACK,ROUTE_PLAN_C2_6L7B_OK.csv|R26:NetINA5_2,NetINA5_2,Top Layer,66.325,20.225,66.575,20.475,0.15,,,"NetINA5_2|Pad INA5-2(61.575mm,15.85mm) on L1 TOP|Pad RDD14-2(67.8mm,15mm) on L1 TOP"
TRACK,ROUTE_PLAN_C2_6L7B_OK.csv|R26:NetINA5_2,NetINA5_2,Top Layer,66.575,20.475,67.325,20.475,0.15,,,"NetINA5_2|Pad INA5-2(61.575mm,15.85mm) on L1 TOP|Pad RDD14-2(67.8mm,15mm) on L1 TOP"
TRACK,ROUTE_PLAN_C2_6L7B_OK.csv|R26:NetINA5_2,NetINA5_2,Top Layer,67.325,20.475,68.425,19.375,0.15,,,"NetINA5_2|Pad INA5-2(61.575mm,15.85mm) on L1 TOP|Pad RDD14-2(67.8mm,15mm) on L1 TOP"
TRACK,ROUTE_PLAN_C2_6L7B_OK.csv|R26:NetINA5_2,NetINA5_2,Top Layer,68.425,19.375,68.425,15.775,0.15,,,"NetINA5_2|Pad INA5-2(61.575mm,15.85mm) on L1 TOP|Pad RDD14-2(67.8mm,15mm) on L1 TOP"
TRACK,ROUTE_PLAN_C2_6L7B_OK.csv|R26:NetINA5_2,NetINA5_2,Top Layer,68.425,15.775,67.925,15.275,0.15,,,"NetINA5_2|Pad INA5-2(61.575mm,15.85mm) on L1 TOP|Pad RDD14-2(67.8mm,15mm) on L1 TOP"
VIA,ROUTE_PLAN_C2_6L7B_OK.csv|R26:NetINA5_2,NetINA5_2,Multi Layer,64.375,17.775,,,,0.45,0.2,"NetINA5_2|Pad INA5-2(61.575mm,15.85mm) on L1 TOP|Pad RDD14-2(67.8mm,15mm) on L1 TOP"
VIA,ROUTE_PLAN_C2_6L7B_OK.csv|R26:NetINA5_2,NetINA5_2,Multi Layer,66.225,20.225,,,,0.45,0.2,"NetINA5_2|Pad INA5-2(61.575mm,15.85mm) on L1 TOP|Pad RDD14-2(67.8mm,15mm) on L1 TOP"
TRACK,ROUTE_PLAN_C2_6L7B_OK.csv|R27:NetINA3_7,NetINA3_7,Top Layer,39.975,21.075,39.975,21.275,0.2,,,"NetINA3_7|Pad INA3-7(39.975mm,20.55mm) on L1 TOP|Track (40.475mm,22.075mm)(40.975mm,22.075mm) on L1 TOP"
TRACK,ROUTE_PLAN_C2_6L7B_OK.csv|R27:NetINA3_7,NetINA3_7,Top Layer,39.975,21.275,40.025,21.325,0.2,,,"NetINA3_7|Pad INA3-7(39.975mm,20.55mm) on L1 TOP|Track (40.475mm,22.075mm)(40.975mm,22.075mm) on L1 TOP"
TRACK,ROUTE_PLAN_C2_6L7B_OK.csv|R27:NetINA3_7,NetINA3_7,Top Layer,40.025,21.325,40.025,21.475,0.2,,,"NetINA3_7|Pad INA3-7(39.975mm,20.55mm) on L1 TOP|Track (40.475mm,22.075mm)(40.975mm,22.075mm) on L1 TOP"
TRACK,ROUTE_PLAN_C2_6L7B_OK.csv|R29:NetCservo_3_1,NetCservo_3_1,Bottom Layer,42.225,16.875,42.225,16.075,0.2,,,"NetCservo_3_1|Pad Cservo_3-1(41.725mm,17.65mm) on L6 BOTTOM [Unplated]|Pad Rservo_3-1(42.775mm,15.55mm) on L6 BOTTOM"
TRACK,ROUTE_PLAN_C2_6L7B_OK.csv|R29:NetCservo_3_1,NetCservo_3_1,Bottom Layer,42.225,16.075,42.475,15.825,0.2,,,"NetCservo_3_1|Pad Cservo_3-1(41.725mm,17.65mm) on L6 BOTTOM [Unplated]|Pad Rservo_3-1(42.775mm,15.55mm) on L6 BOTTOM"
TRACK,ROUTE_PLAN_C2_6L7B_OK.csv|R2:Vservo_4,Vservo_4,Bottom Layer,49.275,22.375,49.275,20.775,0.2,,,"Vservo_4|Pad Cservo_4-2(49.125mm,23.15mm) on L6 BOTTOM [Unplated]|Pad INA4-6(51.425mm,20.55mm) on L1 TOP"
TRACK,ROUTE_PLAN_C2_6L7B_OK.csv|R2:Vservo_4,Vservo_4,Top Layer,49.275,20.775,49.475,20.575,0.2,,,"Vservo_4|Pad Cservo_4-2(49.125mm,23.15mm) on L6 BOTTOM [Unplated]|Pad INA4-6(51.425mm,20.55mm) on L1 TOP"
TRACK,ROUTE_PLAN_C2_6L7B_OK.csv|R2:Vservo_4,Vservo_4,Top Layer,49.475,20.575,49.475,19.825,0.2,,,"Vservo_4|Pad Cservo_4-2(49.125mm,23.15mm) on L6 BOTTOM [Unplated]|Pad INA4-6(51.425mm,20.55mm) on L1 TOP"
TRACK,ROUTE_PLAN_C2_6L7B_OK.csv|R2:Vservo_4,Vservo_4,Top Layer,49.475,19.825,49.725,19.575,0.2,,,"Vservo_4|Pad Cservo_4-2(49.125mm,23.15mm) on L6 BOTTOM [Unplated]|Pad INA4-6(51.425mm,20.55mm) on L1 TOP"
TRACK,ROUTE_PLAN_C2_6L7B_OK.csv|R2:Vservo_4,Vservo_4,Top Layer,49.725,19.575,51.125,19.575,0.2,,,"Vservo_4|Pad Cservo_4-2(49.125mm,23.15mm) on L6 BOTTOM [Unplated]|Pad INA4-6(51.425mm,20.55mm) on L1 TOP"
TRACK,ROUTE_PLAN_C2_6L7B_OK.csv|R2:Vservo_4,Vservo_4,Top Layer,51.125,19.575,51.375,19.825,0.2,,,"Vservo_4|Pad Cservo_4-2(49.125mm,23.15mm) on L6 BOTTOM [Unplated]|Pad INA4-6(51.425mm,20.55mm) on L1 TOP"
TRACK,ROUTE_PLAN_C2_6L7B_OK.csv|R2:Vservo_4,Vservo_4,Top Layer,51.375,19.825,51.375,20.025,0.2,,,"Vservo_4|Pad Cservo_4-2(49.125mm,23.15mm) on L6 BOTTOM [Unplated]|Pad INA4-6(51.425mm,20.55mm) on L1 TOP"
VIA,ROUTE_PLAN_C2_6L7B_OK.csv|R2:Vservo_4,Vservo_4,Multi Layer,49.275,20.775,,,,0.6,0.3,"Vservo_4|Pad Cservo_4-2(49.125mm,23.15mm) on L6 BOTTOM [Unplated]|Pad INA4-6(51.425mm,20.55mm) on L1 TOP"
TRACK,ROUTE_PLAN_C2_6L7B_OK.csv|R30:NetCservo_5_1,NetCservo_5_1,Bottom Layer,61.375,19.175,61.425,19.175,0.2,,,"NetCservo_5_1|Pad U3-13(60.55mm,19.1mm) on L6 BOTTOM|Pad Cservo_5-1(63.325mm,17.65mm) on L6 BOTTOM [Unplated]"
TRACK,ROUTE_PLAN_C2_6L7B_OK.csv|R30:NetCservo_5_1,NetCservo_5_1,Bottom Layer,61.425,19.175,61.475,19.225,0.2,,,"NetCservo_5_1|Pad U3-13(60.55mm,19.1mm) on L6 BOTTOM|Pad Cservo_5-1(63.325mm,17.65mm) on L6 BOTTOM [Unplated]"
TRACK,ROUTE_PLAN_C2_6L7B_OK.csv|R30:NetCservo_5_1,NetCservo_5_1,Bottom Layer,61.475,19.225,61.575,19.225,0.2,,,"NetCservo_5_1|Pad U3-13(60.55mm,19.1mm) on L6 BOTTOM|Pad Cservo_5-1(63.325mm,17.65mm) on L6 BOTTOM [Unplated]"
TRACK,ROUTE_PLAN_C2_6L7B_OK.csv|R30:NetCservo_5_1,NetCservo_5_1,Bottom Layer,61.575,19.225,61.625,19.275,0.2,,,"NetCservo_5_1|Pad U3-13(60.55mm,19.1mm) on L6 BOTTOM|Pad Cservo_5-1(63.325mm,17.65mm) on L6 BOTTOM [Unplated]"
TRACK,ROUTE_PLAN_C2_6L7B_OK.csv|R30:NetCservo_5_1,NetCservo_5_1,Bottom Layer,61.625,19.275,62.225,19.275,0.2,,,"NetCservo_5_1|Pad U3-13(60.55mm,19.1mm) on L6 BOTTOM|Pad Cservo_5-1(63.325mm,17.65mm) on L6 BOTTOM [Unplated]"
TRACK,ROUTE_PLAN_C2_6L7B_OK.csv|R30:NetCservo_5_1,NetCservo_5_1,Bottom Layer,62.225,19.275,62.825,18.675,0.2,,,"NetCservo_5_1|Pad U3-13(60.55mm,19.1mm) on L6 BOTTOM|Pad Cservo_5-1(63.325mm,17.65mm) on L6 BOTTOM [Unplated]"
TRACK,ROUTE_PLAN_C2_6L7B_OK.csv|R30:NetCservo_5_1,NetCservo_5_1,Bottom Layer,62.825,18.675,62.825,18.425,0.2,,,"NetCservo_5_1|Pad U3-13(60.55mm,19.1mm) on L6 BOTTOM|Pad Cservo_5-1(63.325mm,17.65mm) on L6 BOTTOM [Unplated]"
TRACK,ROUTE_PLAN_C2_6L7B_OK.csv|R31:NetCservo_5_1,NetCservo_5_1,Bottom Layer,63.825,16.875,63.825,16.075,0.2,,,"NetCservo_5_1|Pad Cservo_5-1(63.325mm,17.65mm) on L6 BOTTOM [Unplated]|Pad Rservo_5-1(64.375mm,15.55mm) on L6 BOTTOM"
TRACK,ROUTE_PLAN_C2_6L7B_OK.csv|R31:NetCservo_5_1,NetCservo_5_1,Bottom Layer,63.825,16.075,64.075,15.825,0.2,,,"NetCservo_5_1|Pad Cservo_5-1(63.325mm,17.65mm) on L6 BOTTOM [Unplated]|Pad Rservo_5-1(64.375mm,15.55mm) on L6 BOTTOM"
TRACK,ROUTE_PLAN_C2_6L7B_OK.csv|R32:NetCservo_3_1,NetCservo_3_1,Bottom Layer,39.775,19.075,40.575,19.075,0.2,,,"NetCservo_3_1|Pad U2-13(38.95mm,19.1mm) on L6 BOTTOM|Pad Cservo_3-1(41.725mm,17.65mm) on L6 BOTTOM [Unplated]"
TRACK,ROUTE_PLAN_C2_6L7B_OK.csv|R32:NetCservo_3_1,NetCservo_3_1,Bottom Layer,40.575,19.075,41.225,18.425,0.2,,,"NetCservo_3_1|Pad U2-13(38.95mm,19.1mm) on L6 BOTTOM|Pad Cservo_3-1(41.725mm,17.65mm) on L6 BOTTOM [Unplated]"
TRACK,ROUTE_PLAN_C2_6L7B_OK.csv|R33:NetCL_2_1,NetCL_2_1,Bottom Layer,29.075,19.125,29.225,19.125,0.2,,,"NetCL_2_1|Pad RGN_2-1(28.8mm,19.35mm) on L6 BOTTOM|Pad CL_2-1(30.65mm,16.05mm) on L6 BOTTOM"
TRACK,ROUTE_PLAN_C2_6L7B_OK.csv|R33:NetCL_2_1,NetCL_2_1,Bottom Layer,29.225,19.125,29.825,18.525,0.2,,,"NetCL_2_1|Pad RGN_2-1(28.8mm,19.35mm) on L6 BOTTOM|Pad CL_2-1(30.65mm,16.05mm) on L6 BOTTOM"
TRACK,ROUTE_PLAN_C2_6L7B_OK.csv|R33:NetCL_2_1,NetCL_2_1,Bottom Layer,29.825,18.525,29.825,16.975,0.2,,,"NetCL_2_1|Pad RGN_2-1(28.8mm,19.35mm) on L6 BOTTOM|Pad CL_2-1(30.65mm,16.05mm) on L6 BOTTOM"
TRACK,ROUTE_PLAN_C2_6L7B_OK.csv|R33:NetCL_2_1,NetCL_2_1,Bottom Layer,29.825,16.975,30.025,16.775,0.2,,,"NetCL_2_1|Pad RGN_2-1(28.8mm,19.35mm) on L6 BOTTOM|Pad CL_2-1(30.65mm,16.05mm) on L6 BOTTOM"
TRACK,ROUTE_PLAN_C2_6L7B_OK.csv|R34:NetCL_4_1,NetCL_4_1,Bottom Layer,50.675,19.125,50.825,19.125,0.2,,,"NetCL_4_1|Pad RGN_4-1(50.4mm,19.35mm) on L6 BOTTOM|Pad CL_4-1(52.25mm,16.05mm) on L6 BOTTOM"
TRACK,ROUTE_PLAN_C2_6L7B_OK.csv|R34:NetCL_4_1,NetCL_4_1,Bottom Layer,50.825,19.125,51.425,18.525,0.2,,,"NetCL_4_1|Pad RGN_4-1(50.4mm,19.35mm) on L6 BOTTOM|Pad CL_4-1(52.25mm,16.05mm) on L6 BOTTOM"
TRACK,ROUTE_PLAN_C2_6L7B_OK.csv|R34:NetCL_4_1,NetCL_4_1,Bottom Layer,51.425,18.525,51.425,16.975,0.2,,,"NetCL_4_1|Pad RGN_4-1(50.4mm,19.35mm) on L6 BOTTOM|Pad CL_4-1(52.25mm,16.05mm) on L6 BOTTOM"
TRACK,ROUTE_PLAN_C2_6L7B_OK.csv|R34:NetCL_4_1,NetCL_4_1,Bottom Layer,51.425,16.975,51.625,16.775,0.2,,,"NetCL_4_1|Pad RGN_4-1(50.4mm,19.35mm) on L6 BOTTOM|Pad CL_4-1(52.25mm,16.05mm) on L6 BOTTOM"
TRACK,ROUTE_PLAN_C2_6L7B_OK.csv|R35:NetCH_5_2,NetCH_5_2,Bottom Layer,63.475,21.475,64.725,21.475,0.2,,,"NetCH_5_2|Pad CH_5-2(63.2mm,21.518mm) on L6 BOTTOM|Pad RGN_5-2(65mm,21.45mm) on L6 BOTTOM"
TRACK,ROUTE_PLAN_C2_6L7B_OK.csv|R36:NetCH_2_2,NetCH_2_2,Bottom Layer,30.875,18.175,30.875,18.075,0.2,,,"NetCH_2_2|Pad CH_2-2(30.6mm,18.418mm) on L6 BOTTOM|Track (32.075mm,19.125mm)(32.425mm,19.125mm) on L6 BOTTOM"
TRACK,ROUTE_PLAN_C2_6L7B_OK.csv|R36:NetCH_2_2,NetCH_2_2,Bottom Layer,30.875,18.075,31.275,17.675,0.2,,,"NetCH_2_2|Pad CH_2-2(30.6mm,18.418mm) on L6 BOTTOM|Track (32.075mm,19.125mm)(32.425mm,19.125mm) on L6 BOTTOM"
TRACK,ROUTE_PLAN_C2_6L7B_OK.csv|R36:NetCH_2_2,NetCH_2_2,Bottom Layer,31.275,17.675,33.725,17.675,0.2,,,"NetCH_2_2|Pad CH_2-2(30.6mm,18.418mm) on L6 BOTTOM|Track (32.075mm,19.125mm)(32.425mm,19.125mm) on L6 BOTTOM"
TRACK,ROUTE_PLAN_C2_6L7B_OK.csv|R36:NetCH_2_2,NetCH_2_2,Bottom Layer,33.725,17.675,33.925,17.875,0.2,,,"NetCH_2_2|Pad CH_2-2(30.6mm,18.418mm) on L6 BOTTOM|Track (32.075mm,19.125mm)(32.425mm,19.125mm) on L6 BOTTOM"
TRACK,ROUTE_PLAN_C2_6L7B_OK.csv|R36:NetCH_2_2,NetCH_2_2,Bottom Layer,33.925,17.875,34.225,17.875,0.2,,,"NetCH_2_2|Pad CH_2-2(30.6mm,18.418mm) on L6 BOTTOM|Track (32.075mm,19.125mm)(32.425mm,19.125mm) on L6 BOTTOM"
TRACK,ROUTE_PLAN_C2_6L7B_OK.csv|R36:NetCH_2_2,NetCH_2_2,Bottom Layer,34.225,17.875,34.525,18.175,0.2,,,"NetCH_2_2|Pad CH_2-2(30.6mm,18.418mm) on L6 BOTTOM|Track (32.075mm,19.125mm)(32.425mm,19.125mm) on L6 BOTTOM"
TRACK,ROUTE_PLAN_C2_6L7B_OK.csv|R36:NetCH_2_2,NetCH_2_2,Bottom Layer,34.525,18.175,34.525,18.775,0.2,,,"NetCH_2_2|Pad CH_2-2(30.6mm,18.418mm) on L6 BOTTOM|Track (32.075mm,19.125mm)(32.425mm,19.125mm) on L6 BOTTOM"
TRACK,ROUTE_PLAN_C2_6L7B_OK.csv|R36:NetCH_2_2,NetCH_2_2,Bottom Layer,34.525,18.775,34.225,19.075,0.2,,,"NetCH_2_2|Pad CH_2-2(30.6mm,18.418mm) on L6 BOTTOM|Track (32.075mm,19.125mm)(32.425mm,19.125mm) on L6 BOTTOM"
TRACK,ROUTE_PLAN_C2_6L7B_OK.csv|R36:NetCH_2_2,NetCH_2_2,Bottom Layer,34.225,19.075,34.075,19.075,0.2,,,"NetCH_2_2|Pad CH_2-2(30.6mm,18.418mm) on L6 BOTTOM|Track (32.075mm,19.125mm)(32.425mm,19.125mm) on L6 BOTTOM"
TRACK,ROUTE_PLAN_C2_6L7B_OK.csv|R37:NetCH_5_2,NetCH_5_2,Top Layer,59.425,21.975,60.675,23.225,0.2,,,"NetCH_5_2|Track (59.225mm,21.775mm)(59.725mm,21.775mm) on L6 BOTTOM|Pad RG_5-1(62mm,22.45mm) on L6 BOTTOM"
TRACK,ROUTE_PLAN_C2_6L7B_OK.csv|R37:NetCH_5_2,NetCH_5_2,Bottom Layer,60.675,23.225,61.275,23.225,0.2,,,"NetCH_5_2|Track (59.225mm,21.775mm)(59.725mm,21.775mm) on L6 BOTTOM|Pad RG_5-1(62mm,22.45mm) on L6 BOTTOM"
TRACK,ROUTE_PLAN_C2_6L7B_OK.csv|R37:NetCH_5_2,NetCH_5_2,Bottom Layer,61.275,23.225,61.825,22.675,0.2,,,"NetCH_5_2|Track (59.225mm,21.775mm)(59.725mm,21.775mm) on L6 BOTTOM|Pad RG_5-1(62mm,22.45mm) on L6 BOTTOM"
VIA,ROUTE_PLAN_C2_6L7B_OK.csv|R37:NetCH_5_2,NetCH_5_2,Multi Layer,60.675,23.225,,,,0.6,0.3,"NetCH_5_2|Track (59.225mm,21.775mm)(59.725mm,21.775mm) on L6 BOTTOM|Pad RG_5-1(62mm,22.45mm) on L6 BOTTOM"
TRACK,ROUTE_PLAN_C2_6L7B_OK.csv|R38:NetCH_4_2 VIP,NetCH_4_2,Top Layer,50.425,18.375,51.425,18.375,0.2,,,"NetCH_4_2|Pad RGN_4-2(50.4mm,18.35mm) on L6 BOTTOM|Pad CH_4-2(52.2mm,18.418mm) on L6 BOTTOM"
TRACK,ROUTE_PLAN_C2_6L7B_OK.csv|R38:NetCH_4_2 VIP,NetCH_4_2,Top Layer,51.425,18.375,52.125,17.675,0.2,,,"NetCH_4_2|Pad RGN_4-2(50.4mm,18.35mm) on L6 BOTTOM|Pad CH_4-2(52.2mm,18.418mm) on L6 BOTTOM"
TRACK,ROUTE_PLAN_C2_6L7B_OK.csv|R38:NetCH_4_2 VIP,NetCH_4_2,Bottom Layer,52.125,17.675,52.125,18.175,0.2,,,"NetCH_4_2|Pad RGN_4-2(50.4mm,18.35mm) on L6 BOTTOM|Pad CH_4-2(52.2mm,18.418mm) on L6 BOTTOM"
VIA,ROUTE_PLAN_C2_6L7B_OK.csv|R38:NetCH_4_2 VIP,NetCH_4_2,Multi Layer,50.425,18.375,,,,0.6,0.3,"NetCH_4_2|Pad RGN_4-2(50.4mm,18.35mm) on L6 BOTTOM|Pad CH_4-2(52.2mm,18.418mm) on L6 BOTTOM"
VIA,ROUTE_PLAN_C2_6L7B_OK.csv|R38:NetCH_4_2 VIP,NetCH_4_2,Multi Layer,52.125,17.675,,,,0.6,0.3,"NetCH_4_2|Pad RGN_4-2(50.4mm,18.35mm) on L6 BOTTOM|Pad CH_4-2(52.2mm,18.418mm) on L6 BOTTOM"
TRACK,ROUTE_PLAN_C2_6L7B_OK.csv|R39:NetCH_4_2,NetCH_4_2,Top Layer,52.375,17.825,53.425,18.875,0.2,,,"NetCH_4_2|Pad CH_4-2(52.2mm,18.418mm) on L6 BOTTOM|Track (53.675mm,19.125mm)(54.025mm,19.125mm) on L6 BOTTOM"
TRACK,ROUTE_PLAN_C2_6L7B_OK.csv|R39:NetCH_4_2,NetCH_4_2,Top Layer,53.425,18.875,55.475,18.875,0.2,,,"NetCH_4_2|Pad CH_4-2(52.2mm,18.418mm) on L6 BOTTOM|Track (53.675mm,19.125mm)(54.025mm,19.125mm) on L6 BOTTOM"
TRACK,ROUTE_PLAN_C2_6L7B_OK.csv|R39:NetCH_4_2,NetCH_4_2,Top Layer,55.475,18.875,56.125,19.525,0.2,,,"NetCH_4_2|Pad CH_4-2(52.2mm,18.418mm) on L6 BOTTOM|Track (53.675mm,19.125mm)(54.025mm,19.125mm) on L6 BOTTOM"
TRACK,ROUTE_PLAN_C2_6L7B_OK.csv|R39:NetCH_4_2,NetCH_4_2,Top Layer,56.125,19.525,56.525,19.525,0.2,,,"NetCH_4_2|Pad CH_4-2(52.2mm,18.418mm) on L6 BOTTOM|Track (53.675mm,19.125mm)(54.025mm,19.125mm) on L6 BOTTOM"
TRACK,ROUTE_PLAN_C2_6L7B_OK.csv|R39:NetCH_4_2,NetCH_4_2,Bottom Layer,56.525,19.525,56.275,19.525,0.2,,,"NetCH_4_2|Pad CH_4-2(52.2mm,18.418mm) on L6 BOTTOM|Track (53.675mm,19.125mm)(54.025mm,19.125mm) on L6 BOTTOM"
TRACK,ROUTE_PLAN_C2_6L7B_OK.csv|R39:NetCH_4_2,NetCH_4_2,Bottom Layer,56.275,19.525,55.925,19.175,0.2,,,"NetCH_4_2|Pad CH_4-2(52.2mm,18.418mm) on L6 BOTTOM|Track (53.675mm,19.125mm)(54.025mm,19.125mm) on L6 BOTTOM"
TRACK,ROUTE_PLAN_C2_6L7B_OK.csv|R39:NetCH_4_2,NetCH_4_2,Bottom Layer,55.925,19.175,55.675,19.175,0.2,,,"NetCH_4_2|Pad CH_4-2(52.2mm,18.418mm) on L6 BOTTOM|Track (53.675mm,19.125mm)(54.025mm,19.125mm) on L6 BOTTOM"
VIA,ROUTE_PLAN_C2_6L7B_OK.csv|R39:NetCH_4_2,NetCH_4_2,Multi Layer,56.525,19.525,,,,0.6,0.3,"NetCH_4_2|Pad CH_4-2(52.2mm,18.418mm) on L6 BOTTOM|Track (53.675mm,19.125mm)(54.025mm,19.125mm) on L6 BOTTOM"
TRACK,ROUTE_PLAN_C2_6L7B_OK.csv|R3:Vservo_2,Vservo_2,Mid Layer 2,27.825,22.775,32.025,22.775,0.2,,,"Vservo_2|Pad INA2-6(29.825mm,20.55mm) on L1 TOP|Pad U2-7(33.25mm,22.35mm) on L6 BOTTOM"
TRACK,ROUTE_PLAN_C2_6L7B_OK.csv|R3:Vservo_2,Vservo_2,Mid Layer 2,32.025,22.775,32.175,22.925,0.2,,,"Vservo_2|Pad INA2-6(29.825mm,20.55mm) on L1 TOP|Pad U2-7(33.25mm,22.35mm) on L6 BOTTOM"
TRACK,ROUTE_PLAN_C2_6L7B_OK.csv|R3:Vservo_2,Vservo_2,Bottom Layer,32.175,22.925,32.575,22.525,0.2,,,"Vservo_2|Pad INA2-6(29.825mm,20.55mm) on L1 TOP|Pad U2-7(33.25mm,22.35mm) on L6 BOTTOM"
VIA,ROUTE_PLAN_C2_6L7B_OK.csv|R3:Vservo_2,Vservo_2,Multi Layer,32.175,22.925,,,,0.6,0.3,"Vservo_2|Pad INA2-6(29.825mm,20.55mm) on L1 TOP|Pad U2-7(33.25mm,22.35mm) on L6 BOTTOM"
TRACK,ROUTE_PLAN_C2_6L7B_OK.csv|R40:NetCH_2_2,NetCH_2_2,Bottom Layer,28.525,18.575,28.375,18.575,0.2,,,"NetCH_2_2|Pad RGN_2-2(28.8mm,18.35mm) on L6 BOTTOM|Pad CH_2-2(30.6mm,18.418mm) on L6 BOTTOM"
TRACK,ROUTE_PLAN_C2_6L7B_OK.csv|R40:NetCH_2_2,NetCH_2_2,Bottom Layer,28.375,18.575,28.025,18.925,0.2,,,"NetCH_2_2|Pad RGN_2-2(28.8mm,18.35mm) on L6 BOTTOM|Pad CH_2-2(30.6mm,18.418mm) on L6 BOTTOM"
TRACK,ROUTE_PLAN_C2_6L7B_OK.csv|R40:NetCH_2_2,NetCH_2_2,Bottom Layer,28.025,18.925,28.025,19.825,0.2,,,"NetCH_2_2|Pad RGN_2-2(28.8mm,18.35mm) on L6 BOTTOM|Pad CH_2-2(30.6mm,18.418mm) on L6 BOTTOM"
TRACK,ROUTE_PLAN_C2_6L7B_OK.csv|R40:NetCH_2_2,NetCH_2_2,Bottom Layer,28.025,19.825,28.275,20.075,0.2,,,"NetCH_2_2|Pad RGN_2-2(28.8mm,18.35mm) on L6 BOTTOM|Pad CH_2-2(30.6mm,18.418mm) on L6 BOTTOM"
TRACK,ROUTE_PLAN_C2_6L7B_OK.csv|R40:NetCH_2_2,NetCH_2_2,Bottom Layer,28.275,20.075,31.025,20.075,0.2,,,"NetCH_2_2|Pad RGN_2-2(28.8mm,18.35mm) on L6 BOTTOM|Pad CH_2-2(30.6mm,18.418mm) on L6 BOTTOM"
TRACK,ROUTE_PLAN_C2_6L7B_OK.csv|R40:NetCH_2_2,NetCH_2_2,Bottom Layer,31.025,20.075,31.525,19.575,0.2,,,"NetCH_2_2|Pad RGN_2-2(28.8mm,18.35mm) on L6 BOTTOM|Pad CH_2-2(30.6mm,18.418mm) on L6 BOTTOM"
TRACK,ROUTE_PLAN_C2_6L7B_OK.csv|R41:NetCH_5_2,NetCH_5_2,Mid Layer 2,60.775,22.975,63.175,20.575,0.2,,,"NetCH_5_2|Pad RG_5-1(62mm,22.45mm) on L6 BOTTOM|Pad CH_5-2(63.2mm,21.518mm) on L6 BOTTOM"
TRACK,ROUTE_PLAN_C2_6L7B_OK.csv|R41:NetCH_5_2,NetCH_5_2,Mid Layer 2,63.175,20.575,63.175,19.425,0.2,,,"NetCH_5_2|Pad RG_5-1(62mm,22.45mm) on L6 BOTTOM|Pad CH_5-2(63.2mm,21.518mm) on L6 BOTTOM"
TRACK,ROUTE_PLAN_C2_6L7B_OK.csv|R41:NetCH_5_2,NetCH_5_2,Bottom Layer,63.175,19.425,63.175,21.275,0.2,,,"NetCH_5_2|Pad RG_5-1(62mm,22.45mm) on L6 BOTTOM|Pad CH_5-2(63.2mm,21.518mm) on L6 BOTTOM"
VIA,ROUTE_PLAN_C2_6L7B_OK.csv|R41:NetCH_5_2,NetCH_5_2,Multi Layer,63.175,19.425,,,,0.6,0.3,"NetCH_5_2|Pad RG_5-1(62mm,22.45mm) on L6 BOTTOM|Pad CH_5-2(63.2mm,21.518mm) on L6 BOTTOM"
TRACK,ROUTE_PLAN_C2_6L7B_OK.csv|R43:VOUT_4,VOUT_4,Top Layer,47.975,24.125,47.975,20.775,0.2,,,"VOUT_4|Track (49.275mm,24.875mm)(49.275mm,25.125mm) on L1 TOP|Pad CH_4-1(52.2mm,19.282mm) on L6 BOTTOM"
TRACK,ROUTE_PLAN_C2_6L7B_OK.csv|R43:VOUT_4,VOUT_4,Top Layer,47.975,20.775,48.725,20.025,0.2,,,"VOUT_4|Track (49.275mm,24.875mm)(49.275mm,25.125mm) on L1 TOP|Pad CH_4-1(52.2mm,19.282mm) on L6 BOTTOM"
TRACK,ROUTE_PLAN_C2_6L7B_OK.csv|R43:VOUT_4,VOUT_4,Bottom Layer,48.725,20.025,49.925,20.025,0.2,,,"VOUT_4|Track (49.275mm,24.875mm)(49.275mm,25.125mm) on L1 TOP|Pad CH_4-1(52.2mm,19.282mm) on L6 BOTTOM"
TRACK,ROUTE_PLAN_C2_6L7B_OK.csv|R43:VOUT_4,VOUT_4,Bottom Layer,49.925,20.025,49.975,20.075,0.2,,,"VOUT_4|Track (49.275mm,24.875mm)(49.275mm,25.125mm) on L1 TOP|Pad CH_4-1(52.2mm,19.282mm) on L6 BOTTOM"
TRACK,ROUTE_PLAN_C2_6L7B_OK.csv|R43:VOUT_4,VOUT_4,Bottom Layer,49.975,20.075,51.375,20.075,0.2,,,"VOUT_4|Track (49.275mm,24.875mm)(49.275mm,25.125mm) on L1 TOP|Pad CH_4-1(52.2mm,19.282mm) on L6 BOTTOM"
TRACK,ROUTE_PLAN_C2_6L7B_OK.csv|R43:VOUT_4,VOUT_4,Bottom Layer,51.375,20.075,51.925,19.525,0.2,,,"VOUT_4|Track (49.275mm,24.875mm)(49.275mm,25.125mm) on L1 TOP|Pad CH_4-1(52.2mm,19.282mm) on L6 BOTTOM"
VIA,ROUTE_PLAN_C2_6L7B_OK.csv|R43:VOUT_4,VOUT_4,Multi Layer,48.725,20.025,,,,0.6,0.3,"VOUT_4|Track (49.275mm,24.875mm)(49.275mm,25.125mm) on L1 TOP|Pad CH_4-1(52.2mm,19.282mm) on L6 BOTTOM"
TRACK,ROUTE_PLAN_C2_6L7B_OK.csv|R44:VOUT_3,VOUT_3,Bottom Layer,38.125,22.475,37.875,22.475,0.2,,,"VOUT_3|Pad U2-8(38.95mm,22.35mm) on L6 BOTTOM|Pad RG_3-2(40.4mm,21.45mm) on L6 BOTTOM"
TRACK,ROUTE_PLAN_C2_6L7B_OK.csv|R44:VOUT_3,VOUT_3,Bottom Layer,37.875,22.475,37.025,23.325,0.2,,,"VOUT_3|Pad U2-8(38.95mm,22.35mm) on L6 BOTTOM|Pad RG_3-2(40.4mm,21.45mm) on L6 BOTTOM"
TRACK,ROUTE_PLAN_C2_6L7B_OK.csv|R44:VOUT_3,VOUT_3,Bottom Layer,37.025,23.325,35.175,23.325,0.2,,,"VOUT_3|Pad U2-8(38.95mm,22.35mm) on L6 BOTTOM|Pad RG_3-2(40.4mm,21.45mm) on L6 BOTTOM"
TRACK,ROUTE_PLAN_C2_6L7B_OK.csv|R44:VOUT_3,VOUT_3,Mid Layer 2,35.175,23.325,34.825,23.325,0.2,,,"VOUT_3|Pad U2-8(38.95mm,22.35mm) on L6 BOTTOM|Pad RG_3-2(40.4mm,21.45mm) on L6 BOTTOM"
TRACK,ROUTE_PLAN_C2_6L7B_OK.csv|R44:VOUT_3,VOUT_3,Mid Layer 2,34.825,23.325,33.775,22.275,0.2,,,"VOUT_3|Pad U2-8(38.95mm,22.35mm) on L6 BOTTOM|Pad RG_3-2(40.4mm,21.45mm) on L6 BOTTOM"
TRACK,ROUTE_PLAN_C2_6L7B_OK.csv|R44:VOUT_3,VOUT_3,Mid Layer 2,33.775,22.275,33.775,20.625,0.2,,,"VOUT_3|Pad U2-8(38.95mm,22.35mm) on L6 BOTTOM|Pad RG_3-2(40.4mm,21.45mm) on L6 BOTTOM"
TRACK,ROUTE_PLAN_C2_6L7B_OK.csv|R44:VOUT_3,VOUT_3,Mid Layer 2,33.775,20.625,34.325,20.075,0.2,,,"VOUT_3|Pad U2-8(38.95mm,22.35mm) on L6 BOTTOM|Pad RG_3-2(40.4mm,21.45mm) on L6 BOTTOM"
TRACK,ROUTE_PLAN_C2_6L7B_OK.csv|R44:VOUT_3,VOUT_3,Mid Layer 2,34.325,20.075,35.275,20.075,0.2,,,"VOUT_3|Pad U2-8(38.95mm,22.35mm) on L6 BOTTOM|Pad RG_3-2(40.4mm,21.45mm) on L6 BOTTOM"
TRACK,ROUTE_PLAN_C2_6L7B_OK.csv|R44:VOUT_3,VOUT_3,Bottom Layer,35.275,20.075,35.275,18.575,0.2,,,"VOUT_3|Pad U2-8(38.95mm,22.35mm) on L6 BOTTOM|Pad RG_3-2(40.4mm,21.45mm) on L6 BOTTOM"
TRACK,ROUTE_PLAN_C2_6L7B_OK.csv|R44:VOUT_3,VOUT_3,Bottom Layer,35.275,18.575,36.775,17.075,0.2,,,"VOUT_3|Pad U2-8(38.95mm,22.35mm) on L6 BOTTOM|Pad RG_3-2(40.4mm,21.45mm) on L6 BOTTOM"
TRACK,ROUTE_PLAN_C2_6L7B_OK.csv|R44:VOUT_3,VOUT_3,Bottom Layer,36.775,17.075,37.675,17.075,0.2,,,"VOUT_3|Pad U2-8(38.95mm,22.35mm) on L6 BOTTOM|Pad RG_3-2(40.4mm,21.45mm) on L6 BOTTOM"
TRACK,ROUTE_PLAN_C2_6L7B_OK.csv|R44:VOUT_3,VOUT_3,Top Layer,37.675,17.075,38.075,17.475,0.2,,,"VOUT_3|Pad U2-8(38.95mm,22.35mm) on L6 BOTTOM|Pad RG_3-2(40.4mm,21.45mm) on L6 BOTTOM"
TRACK,ROUTE_PLAN_C2_6L7B_OK.csv|R44:VOUT_3,VOUT_3,Top Layer,38.075,17.475,39.325,17.475,0.2,,,"VOUT_3|Pad U2-8(38.95mm,22.35mm) on L6 BOTTOM|Pad RG_3-2(40.4mm,21.45mm) on L6 BOTTOM"
TRACK,ROUTE_PLAN_C2_6L7B_OK.csv|R44:VOUT_3,VOUT_3,Top Layer,39.325,17.475,41.225,19.375,0.2,,,"VOUT_3|Pad U2-8(38.95mm,22.35mm) on L6 BOTTOM|Pad RG_3-2(40.4mm,21.45mm) on L6 BOTTOM"
TRACK,ROUTE_PLAN_C2_6L7B_OK.csv|R44:VOUT_3,VOUT_3,Top Layer,41.225,19.375,41.325,19.375,0.2,,,"VOUT_3|Pad U2-8(38.95mm,22.35mm) on L6 BOTTOM|Pad RG_3-2(40.4mm,21.45mm) on L6 BOTTOM"
TRACK,ROUTE_PLAN_C2_6L7B_OK.csv|R44:VOUT_3,VOUT_3,Bottom Layer,41.325,19.375,41.325,20.575,0.2,,,"VOUT_3|Pad U2-8(38.95mm,22.35mm) on L6 BOTTOM|Pad RG_3-2(40.4mm,21.45mm) on L6 BOTTOM"
TRACK,ROUTE_PLAN_C2_6L7B_OK.csv|R44:VOUT_3,VOUT_3,Bottom Layer,41.325,20.575,40.675,21.225,0.2,,,"VOUT_3|Pad U2-8(38.95mm,22.35mm) on L6 BOTTOM|Pad RG_3-2(40.4mm,21.45mm) on L6 BOTTOM"
VIA,ROUTE_PLAN_C2_6L7B_OK.csv|R44:VOUT_3,VOUT_3,Multi Layer,35.175,23.325,,,,0.6,0.3,"VOUT_3|Pad U2-8(38.95mm,22.35mm) on L6 BOTTOM|Pad RG_3-2(40.4mm,21.45mm) on L6 BOTTOM"
VIA,ROUTE_PLAN_C2_6L7B_OK.csv|R44:VOUT_3,VOUT_3,Multi Layer,35.275,20.075,,,,0.6,0.3,"VOUT_3|Pad U2-8(38.95mm,22.35mm) on L6 BOTTOM|Pad RG_3-2(40.4mm,21.45mm) on L6 BOTTOM"
VIA,ROUTE_PLAN_C2_6L7B_OK.csv|R44:VOUT_3,VOUT_3,Multi Layer,37.675,17.075,,,,0.6,0.3,"VOUT_3|Pad U2-8(38.95mm,22.35mm) on L6 BOTTOM|Pad RG_3-2(40.4mm,21.45mm) on L6 BOTTOM"
VIA,ROUTE_PLAN_C2_6L7B_OK.csv|R44:VOUT_3,VOUT_3,Multi Layer,41.325,19.375,,,,0.6,0.3,"VOUT_3|Pad U2-8(38.95mm,22.35mm) on L6 BOTTOM|Pad RG_3-2(40.4mm,21.45mm) on L6 BOTTOM"
TRACK,ROUTE_PLAN_C2_6L7B_OK.csv|R46:VOUT_5,VOUT_5,Bottom Layer,58.175,23.475,58.725,23.475,0.2,,,"VOUT_5|Via (57.925mm,23.575mm) from L1 TOP to L6 BOTTOM|Pad U3-8(60.55mm,22.35mm) on L6 BOTTOM"
TRACK,ROUTE_PLAN_C2_6L7B_OK.csv|R46:VOUT_5,VOUT_5,Bottom Layer,58.725,23.475,59.725,22.475,0.2,,,"VOUT_5|Via (57.925mm,23.575mm) from L1 TOP to L6 BOTTOM|Pad U3-8(60.55mm,22.35mm) on L6 BOTTOM"
TRACK,ROUTE_PLAN_C2_6L7B_OK.csv|R48:VOUT_4 VIP,VOUT_4,Mid Layer 2,52.225,19.275,53.675,17.825,0.15,,,"VOUT_4|Pad CH_4-1(52.2mm,19.282mm) on L6 BOTTOM|Track (53.675mm,18.425mm)(54.025mm,18.425mm) on L6 BOTTOM"
TRACK,ROUTE_PLAN_C2_6L7B_OK.csv|R48:VOUT_4 VIP,VOUT_4,Mid Layer 2,53.675,17.825,53.675,17.725,0.15,,,"VOUT_4|Pad CH_4-1(52.2mm,19.282mm) on L6 BOTTOM|Track (53.675mm,18.425mm)(54.025mm,18.425mm) on L6 BOTTOM"
TRACK,ROUTE_PLAN_C2_6L7B_OK.csv|R48:VOUT_4 VIP,VOUT_4,Bottom Layer,53.675,17.725,53.675,18.125,0.15,,,"VOUT_4|Pad CH_4-1(52.2mm,19.282mm) on L6 BOTTOM|Track (53.675mm,18.425mm)(54.025mm,18.425mm) on L6 BOTTOM"
VIA,ROUTE_PLAN_C2_6L7B_OK.csv|R48:VOUT_4 VIP,VOUT_4,Multi Layer,52.225,19.275,,,,0.45,0.2,"VOUT_4|Pad CH_4-1(52.2mm,19.282mm) on L6 BOTTOM|Track (53.675mm,18.425mm)(54.025mm,18.425mm) on L6 BOTTOM"
VIA,ROUTE_PLAN_C2_6L7B_OK.csv|R48:VOUT_4 VIP,VOUT_4,Multi Layer,53.675,17.725,,,,0.45,0.2,"VOUT_4|Pad CH_4-1(52.2mm,19.282mm) on L6 BOTTOM|Track (53.675mm,18.425mm)(54.025mm,18.425mm) on L6 BOTTOM"
TRACK,ROUTE_PLAN_C2_6L7B_OK.csv|R4:Vservo_5 VIP,Vservo_5,Top Layer,62.125,18.425,65.325,18.425,0.2,,,"Vservo_5|Pad U3-14(60.55mm,18.45mm) on L6 BOTTOM|Pad Cservo_5-2(66.275mm,17.65mm) on L6 BOTTOM [Unplated]"
TRACK,ROUTE_PLAN_C2_6L7B_OK.csv|R4:Vservo_5 VIP,Vservo_5,Top Layer,65.325,18.425,65.975,17.775,0.2,,,"Vservo_5|Pad U3-14(60.55mm,18.45mm) on L6 BOTTOM|Pad Cservo_5-2(66.275mm,17.65mm) on L6 BOTTOM [Unplated]"
VIA,ROUTE_PLAN_C2_6L7B_OK.csv|R4:Vservo_5 VIP,Vservo_5,Multi Layer,65.975,17.775,,,,0.6,0.3,"Vservo_5|Pad U3-14(60.55mm,18.45mm) on L6 BOTTOM|Pad Cservo_5-2(66.275mm,17.65mm) on L6 BOTTOM [Unplated]"
TRACK,ROUTE_PLAN_C2_6L7B_OK.csv|R50:VOUT_2 VIP,VOUT_2,Mid Layer 2,30.625,19.325,33.225,21.925,0.15,,,"VOUT_2|Pad CH_2-1(30.6mm,19.282mm) on L6 BOTTOM|Via (35.475mm,21.675mm) from L1 TOP to L6 BOTTOM"
TRACK,ROUTE_PLAN_C2_6L7B_OK.csv|R50:VOUT_2 VIP,VOUT_2,Mid Layer 2,33.225,21.925,33.225,22.925,0.15,,,"VOUT_2|Pad CH_2-1(30.6mm,19.282mm) on L6 BOTTOM|Via (35.475mm,21.675mm) from L1 TOP to L6 BOTTOM"
TRACK,ROUTE_PLAN_C2_6L7B_OK.csv|R50:VOUT_2 VIP,VOUT_2,Mid Layer 2,33.225,22.925,33.375,23.075,0.15,,,"VOUT_2|Pad CH_2-1(30.6mm,19.282mm) on L6 BOTTOM|Via (35.475mm,21.675mm) from L1 TOP to L6 BOTTOM"
TRACK,ROUTE_PLAN_C2_6L7B_OK.csv|R50:VOUT_2 VIP,VOUT_2,Top Layer,33.375,23.075,34.625,21.825,0.15,,,"VOUT_2|Pad CH_2-1(30.6mm,19.282mm) on L6 BOTTOM|Via (35.475mm,21.675mm) from L1 TOP to L6 BOTTOM"
TRACK,ROUTE_PLAN_C2_6L7B_OK.csv|R50:VOUT_2 VIP,VOUT_2,Top Layer,34.625,21.825,35.175,21.825,0.15,,,"VOUT_2|Pad CH_2-1(30.6mm,19.282mm) on L6 BOTTOM|Via (35.475mm,21.675mm) from L1 TOP to L6 BOTTOM"
VIA,ROUTE_PLAN_C2_6L7B_OK.csv|R50:VOUT_2 VIP,VOUT_2,Multi Layer,30.625,19.325,,,,0.45,0.2,"VOUT_2|Pad CH_2-1(30.6mm,19.282mm) on L6 BOTTOM|Via (35.475mm,21.675mm) from L1 TOP to L6 BOTTOM"
VIA,ROUTE_PLAN_C2_6L7B_OK.csv|R50:VOUT_2 VIP,VOUT_2,Multi Layer,33.375,23.075,,,,0.45,0.2,"VOUT_2|Pad CH_2-1(30.6mm,19.282mm) on L6 BOTTOM|Via (35.475mm,21.675mm) from L1 TOP to L6 BOTTOM"
TRACK,ROUTE_PLAN_C2_6L7B_OK.csv|R52:3V0_ANA,3V0_ANA,Top Layer,53.075,19.775,53.075,20.375,0.4,,,"3V0_ANA|Pad CCU7-2(53.25mm,19.55mm) on L1 TOP|Pad CCU8-1(53.271mm,20.55mm) on L1 TOP"
TRACK,ROUTE_PLAN_C2_6L7B_OK.csv|R54:3V0_ANA,3V0_ANA,Top Layer,42.275,19.775,42.275,20.375,0.4,,,"3V0_ANA|Pad CCU5-2(42.45mm,19.55mm) on L1 TOP|Pad CCU6-1(42.471mm,20.55mm) on L1 TOP"
TRACK,ROUTE_PLAN_C2_6L7B_OK.csv|R55:3V0_ANA,3V0_ANA,Bottom Layer,30.225,20.975,30.775,20.975,0.4,,,"3V0_ANA|Pad CU_22-1(30.05mm,20.95mm) on L6 BOTTOM|Pad CU_12-2(31.021mm,20.95mm) on L6 BOTTOM"
TRACK,ROUTE_PLAN_C2_6L7B_OK.csv|R56:3V0_ANA,3V0_ANA,Mid Layer 4,48.475,12.825,48.475,14.175,0.15,,,"3V0_ANA|Track (48.98mm,13.23mm)(49.665mm,13.23mm) on L1 TOP|Pad INA4-5(52.075mm,20.55mm) on L1 TOP"
TRACK,ROUTE_PLAN_C2_6L7B_OK.csv|R56:3V0_ANA,3V0_ANA,Mid Layer 4,48.475,14.175,51.425,17.125,0.15,,,"3V0_ANA|Track (48.98mm,13.23mm)(49.665mm,13.23mm) on L1 TOP|Pad INA4-5(52.075mm,20.55mm) on L1 TOP"
TRACK,ROUTE_PLAN_C2_6L7B_OK.csv|R56:3V0_ANA,3V0_ANA,Mid Layer 4,51.425,17.125,51.425,19.475,0.15,,,"3V0_ANA|Track (48.98mm,13.23mm)(49.665mm,13.23mm) on L1 TOP|Pad INA4-5(52.075mm,20.55mm) on L1 TOP"
TRACK,ROUTE_PLAN_C2_6L7B_OK.csv|R56:3V0_ANA,3V0_ANA,Mid Layer 4,51.425,19.475,52.075,20.125,0.15,,,"3V0_ANA|Track (48.98mm,13.23mm)(49.665mm,13.23mm) on L1 TOP|Pad INA4-5(52.075mm,20.55mm) on L1 TOP"
TRACK,ROUTE_PLAN_C2_6L7B_OK.csv|R56:3V0_ANA,3V0_ANA,Mid Layer 4,52.075,20.125,52.625,20.125,0.15,,,"3V0_ANA|Track (48.98mm,13.23mm)(49.665mm,13.23mm) on L1 TOP|Pad INA4-5(52.075mm,20.55mm) on L1 TOP"
TRACK,ROUTE_PLAN_C2_6L7B_OK.csv|R56:3V0_ANA,3V0_ANA,Top Layer,52.625,20.125,52.225,20.525,0.15,,,"3V0_ANA|Track (48.98mm,13.23mm)(49.665mm,13.23mm) on L1 TOP|Pad INA4-5(52.075mm,20.55mm) on L1 TOP"
VIA,ROUTE_PLAN_C2_6L7B_OK.csv|R56:3V0_ANA,3V0_ANA,Multi Layer,52.625,20.125,,,,0.45,0.2,"3V0_ANA|Track (48.98mm,13.23mm)(49.665mm,13.23mm) on L1 TOP|Pad INA4-5(52.075mm,20.55mm) on L1 TOP"
TRACK,ROUTE_PLAN_C2_6L7B_OK.csv|R58:3V0_ANA,3V0_ANA,Bottom Layer,52.675,20.775,52.675,20.525,0.15,,,"3V0_ANA|Pad CU_14-2(52.621mm,20.95mm) on L6 BOTTOM|Pad U3-4(54.85mm,20.4mm) on L6 BOTTOM"
TRACK,ROUTE_PLAN_C2_6L7B_OK.csv|R58:3V0_ANA,3V0_ANA,Bottom Layer,52.675,20.525,52.875,20.325,0.15,,,"3V0_ANA|Pad CU_14-2(52.621mm,20.95mm) on L6 BOTTOM|Pad U3-4(54.85mm,20.4mm) on L6 BOTTOM"
TRACK,ROUTE_PLAN_C2_6L7B_OK.csv|R58:3V0_ANA,3V0_ANA,Bottom Layer,52.875,20.325,54.025,20.325,0.15,,,"3V0_ANA|Pad CU_14-2(52.621mm,20.95mm) on L6 BOTTOM|Pad U3-4(54.85mm,20.4mm) on L6 BOTTOM"
TRACK,ROUTE_PLAN_C2_6L7B_OK.csv|R5:Vservo_3,Vservo_3,Top Layer,38.325,19.575,40.325,19.575,0.2,,,"Vservo_3|Via (38.125mm,23.375mm) from L1 TOP to L6 BOTTOM|Pad INA3-6(40.625mm,20.55mm) on L1 TOP"
TRACK,ROUTE_PLAN_C2_6L7B_OK.csv|R5:Vservo_3,Vservo_3,Top Layer,40.325,19.575,40.575,19.825,0.2,,,"Vservo_3|Via (38.125mm,23.375mm) from L1 TOP to L6 BOTTOM|Pad INA3-6(40.625mm,20.55mm) on L1 TOP"
TRACK,ROUTE_PLAN_C2_6L7B_OK.csv|R5:Vservo_3,Vservo_3,Top Layer,40.575,19.825,40.575,20.025,0.2,,,"Vservo_3|Via (38.125mm,23.375mm) from L1 TOP to L6 BOTTOM|Pad INA3-6(40.625mm,20.55mm) on L1 TOP"
TRACK,ROUTE_PLAN_C2_6L7B_OK.csv|R61:3V0_ANA,3V0_ANA,Top Layer,63.025,20.575,63.825,20.575,0.4,,,"3V0_ANA|Pad INA5-5(62.875mm,20.55mm) on L1 TOP|Pad CCU10-1(64.071mm,20.55mm) on L1 TOP"
TRACK,ROUTE_PLAN_C2_6L7B_OK.csv|R62:3V0_ANA,3V0_ANA,Bottom Layer,51.825,20.725,52.425,20.125,0.4,,,"3V0_ANA|Pad CU_24-1(51.65mm,20.95mm) on L6 BOTTOM|Pad INA4-5(52.075mm,20.55mm) on L1 TOP"
TRACK,ROUTE_PLAN_C2_6L7B_OK.csv|R63:3V0_ANA,3V0_ANA,Top Layer,30.625,20.575,31.425,20.575,0.4,,,"3V0_ANA|Pad INA2-5(30.475mm,20.55mm) on L1 TOP|Pad CCU4-1(31.671mm,20.55mm) on L1 TOP"
TRACK,ROUTE_PLAN_C2_6L7B_OK.csv|R64:3V0_ANA,3V0_ANA,Top Layer,52.825,20.125,52.875,20.125,0.4,,,"3V0_ANA|Pad INA4-5(52.075mm,20.55mm) on L1 TOP|Pad CCU8-1(53.271mm,20.55mm) on L1 TOP"
TRACK,ROUTE_PLAN_C2_6L7B_OK.csv|R65:3V0_ANA,3V0_ANA,Bottom Layer,52.175,20.625,52.375,20.825,0.4,,,"3V0_ANA|Pad CU_24-1(51.65mm,20.95mm) on L6 BOTTOM|Pad CU_14-2(52.621mm,20.95mm) on L6 BOTTOM"
TRACK,ROUTE_PLAN_C2_6L7B_OK.csv|R66:3V0_ANA,3V0_ANA,Top Layer,41.425,20.225,42.075,20.225,0.4,,,"3V0_ANA|Pad INA3-5(41.275mm,20.55mm) on L1 TOP|Pad CCU6-1(42.471mm,20.55mm) on L1 TOP"
TRACK,ROUTE_PLAN_C2_6L7B_OK.csv|R67:3V0_ANA,3V0_ANA,Top Layer,63.925,19.775,63.925,20.375,0.4,,,"3V0_ANA|Pad CCU9-2(64.05mm,19.55mm) on L1 TOP|Pad CCU10-1(64.071mm,20.55mm) on L1 TOP"
TRACK,ROUTE_PLAN_C2_6L7B_OK.csv|R69:3V0_ANA,3V0_ANA,Top Layer,31.475,19.775,31.475,20.375,0.4,,,"3V0_ANA|Pad CCU3-2(31.65mm,19.55mm) on L1 TOP|Pad CCU4-1(31.671mm,20.55mm) on L1 TOP"
TRACK,ROUTE_PLAN_C2_6L7B_OK.csv|R6:Vservo_4,Vservo_4,Bottom Layer,49.075,23.925,49.075,26.0245,0.2,,,"Vservo_4|Pad INA4-6(51.425mm,20.55mm) on L1 TOP|Pad U3-7(54.85mm,22.35mm) on L6 BOTTOM"
TRACK,ROUTE_PLAN_C2_6L7B_OK.csv|R6:Vservo_4,Vservo_4,Bottom Layer,49.075,26.0245,49.075,26.775,0.2,,,"Vservo_4|Pad INA4-6(51.425mm,20.55mm) on L1 TOP|Pad U3-7(54.85mm,22.35mm) on L6 BOTTOM"
TRACK,ROUTE_PLAN_C2_6L7B_OK.csv|R6:Vservo_4,Vservo_4,Bottom Layer,49.075,26.775,49.475,27.175,0.2,,,"Vservo_4|Pad INA4-6(51.425mm,20.55mm) on L1 TOP|Pad U3-7(54.85mm,22.35mm) on L6 BOTTOM"
TRACK,ROUTE_PLAN_C2_6L7B_OK.csv|R6:Vservo_4,Vservo_4,Bottom Layer,49.475,27.175,50.175,27.175,0.2,,,"Vservo_4|Pad INA4-6(51.425mm,20.55mm) on L1 TOP|Pad U3-7(54.85mm,22.35mm) on L6 BOTTOM"
TRACK,ROUTE_PLAN_C2_6L7B_OK.csv|R6:Vservo_4,Vservo_4,Bottom Layer,50.175,27.175,50.675,26.675,0.2,,,"Vservo_4|Pad INA4-6(51.425mm,20.55mm) on L1 TOP|Pad U3-7(54.85mm,22.35mm) on L6 BOTTOM"
TRACK,ROUTE_PLAN_C2_6L7B_OK.csv|R6:Vservo_4,Vservo_4,Mid Layer 2,50.675,26.675,50.675,26.0245,0.2,,,"Vservo_4|Pad INA4-6(51.425mm,20.55mm) on L1 TOP|Pad U3-7(54.85mm,22.35mm) on L6 BOTTOM"
TRACK,ROUTE_PLAN_C2_6L7B_OK.csv|R6:Vservo_4,Vservo_4,Mid Layer 2,50.675,26.0245,50.675,25.925,0.2,,,"Vservo_4|Pad INA4-6(51.425mm,20.55mm) on L1 TOP|Pad U3-7(54.85mm,22.35mm) on L6 BOTTOM"
TRACK,ROUTE_PLAN_C2_6L7B_OK.csv|R6:Vservo_4,Vservo_4,Mid Layer 2,50.675,25.925,53.025,23.575,0.2,,,"Vservo_4|Pad INA4-6(51.425mm,20.55mm) on L1 TOP|Pad U3-7(54.85mm,22.35mm) on L6 BOTTOM"
TRACK,ROUTE_PLAN_C2_6L7B_OK.csv|R6:Vservo_4,Vservo_4,Mid Layer 2,53.025,23.575,53.425,23.575,0.2,,,"Vservo_4|Pad INA4-6(51.425mm,20.55mm) on L1 TOP|Pad U3-7(54.85mm,22.35mm) on L6 BOTTOM"
TRACK,ROUTE_PLAN_C2_6L7B_OK.csv|R6:Vservo_4,Vservo_4,Bottom Layer,53.425,23.575,54.475,22.525,0.2,,,"Vservo_4|Pad INA4-6(51.425mm,20.55mm) on L1 TOP|Pad U3-7(54.85mm,22.35mm) on L6 BOTTOM"
VIA,ROUTE_PLAN_C2_6L7B_OK.csv|R6:Vservo_4,Vservo_4,Multi Layer,50.675,26.675,,,,0.6,0.3,"Vservo_4|Pad INA4-6(51.425mm,20.55mm) on L1 TOP|Pad U3-7(54.85mm,22.35mm) on L6 BOTTOM"
VIA,ROUTE_PLAN_C2_6L7B_OK.csv|R6:Vservo_4,Vservo_4,Multi Layer,53.425,23.575,,,,0.6,0.3,"Vservo_4|Pad INA4-6(51.425mm,20.55mm) on L1 TOP|Pad U3-7(54.85mm,22.35mm) on L6 BOTTOM"
TRACK,ROUTE_PLAN_C2_6L7B_OK.csv|R71:3V0_ANA,3V0_ANA,Top Layer,51.025,30.975,51.425,30.975,0.15,,,"3V0_ANA|Track (50.275mm,31.125mm)(50.275mm,31.375mm) on L1 TOP|Pad CU_24-1(51.65mm,20.95mm) on L6 BOTTOM"
TRACK,ROUTE_PLAN_C2_6L7B_OK.csv|R71:3V0_ANA,3V0_ANA,Top Layer,51.425,30.975,51.625,30.775,0.15,,,"3V0_ANA|Track (50.275mm,31.125mm)(50.275mm,31.375mm) on L1 TOP|Pad CU_24-1(51.65mm,20.95mm) on L6 BOTTOM"
TRACK,ROUTE_PLAN_C2_6L7B_OK.csv|R71:3V0_ANA,3V0_ANA,Mid Layer 4,51.625,30.775,51.625,26.0245,0.15,,,"3V0_ANA|Track (50.275mm,31.125mm)(50.275mm,31.375mm) on L1 TOP|Pad CU_24-1(51.65mm,20.95mm) on L6 BOTTOM"
TRACK,ROUTE_PLAN_C2_6L7B_OK.csv|R71:3V0_ANA,3V0_ANA,Mid Layer 4,51.625,26.0245,51.625,21.175,0.15,,,"3V0_ANA|Track (50.275mm,31.125mm)(50.275mm,31.375mm) on L1 TOP|Pad CU_24-1(51.65mm,20.95mm) on L6 BOTTOM"
TRACK,ROUTE_PLAN_C2_6L7B_OK.csv|R71:3V0_ANA,3V0_ANA,Mid Layer 4,51.625,21.175,52.475,20.325,0.15,,,"3V0_ANA|Track (50.275mm,31.125mm)(50.275mm,31.375mm) on L1 TOP|Pad CU_24-1(51.65mm,20.95mm) on L6 BOTTOM"
VIA,ROUTE_PLAN_C2_6L7B_OK.csv|R71:3V0_ANA,3V0_ANA,Multi Layer,51.625,30.775,,,,0.45,0.2,"3V0_ANA|Track (50.275mm,31.125mm)(50.275mm,31.375mm) on L1 TOP|Pad CU_24-1(51.65mm,20.95mm) on L6 BOTTOM"
TRACK,ROUTE_PLAN_C2_6L7B_OK.csv|R73:GND,GND,Top Layer,60.825,14.475,60.825,15.325,0.3,,,"GND|Via (60.9mm,14.2mm) from L1 TOP to L6 BOTTOM|Pad INA5-1(60.925mm,15.85mm) on L1 TOP"
TRACK,ROUTE_PLAN_C2_6L7B_OK.csv|R75:GND,GND,Top Layer,28.375,15.325,28.375,15.025,0.3,,,"GND|Pad INA2-1(28.525mm,15.85mm) on L1 TOP|Pad INA2-4(30.475mm,15.85mm) on L1 TOP"
TRACK,ROUTE_PLAN_C2_6L7B_OK.csv|R75:GND,GND,Top Layer,28.375,15.025,28.025,14.675,0.3,,,"GND|Pad INA2-1(28.525mm,15.85mm) on L1 TOP|Pad INA2-4(30.475mm,15.85mm) on L1 TOP"
TRACK,ROUTE_PLAN_C2_6L7B_OK.csv|R75:GND,GND,Mid Layer 2,28.025,14.675,29.025,15.675,0.3,,,"GND|Pad INA2-1(28.525mm,15.85mm) on L1 TOP|Pad INA2-4(30.475mm,15.85mm) on L1 TOP"
TRACK,ROUTE_PLAN_C2_6L7B_OK.csv|R75:GND,GND,Mid Layer 2,29.025,15.675,31.975,15.675,0.3,,,"GND|Pad INA2-1(28.525mm,15.85mm) on L1 TOP|Pad INA2-4(30.475mm,15.85mm) on L1 TOP"
TRACK,ROUTE_PLAN_C2_6L7B_OK.csv|R75:GND,GND,Top Layer,31.975,15.675,30.875,15.675,0.3,,,"GND|Pad INA2-1(28.525mm,15.85mm) on L1 TOP|Pad INA2-4(30.475mm,15.85mm) on L1 TOP"
TRACK,ROUTE_PLAN_C2_6L7B_OK.csv|R75:GND,GND,Top Layer,30.875,15.675,30.625,15.925,0.3,,,"GND|Pad INA2-1(28.525mm,15.85mm) on L1 TOP|Pad INA2-4(30.475mm,15.85mm) on L1 TOP"
VIA,ROUTE_PLAN_C2_6L7B_OK.csv|R75:GND,GND,Multi Layer,28.025,14.675,,,,0.6,0.3,"GND|Pad INA2-1(28.525mm,15.85mm) on L1 TOP|Pad INA2-4(30.475mm,15.85mm) on L1 TOP"
VIA,ROUTE_PLAN_C2_6L7B_OK.csv|R75:GND,GND,Multi Layer,31.975,15.675,,,,0.6,0.3,"GND|Pad INA2-1(28.525mm,15.85mm) on L1 TOP|Pad INA2-4(30.475mm,15.85mm) on L1 TOP"
TRACK,ROUTE_PLAN_C2_6L7B_OK.csv|R7:INA_OUT_3,INA_OUT_3,Top Layer,39.225,21.475,39.225,21.075,0.2,,,"INA_OUT_3|Pad RH_3-1(39.221mm,21.75mm) on L1 TOP|Pad INA3-8(39.325mm,20.55mm) on L1 TOP"
TRACK,ROUTE_PLAN_C2_6L7B_OK.csv|R80:GND,GND,Top Layer,50.025,14.475,50.025,15.325,0.3,,,"GND|Via (50.1mm,14.2mm) from L1 TOP to L6 BOTTOM|Pad INA4-1(50.125mm,15.85mm) on L1 TOP"
TRACK,ROUTE_PLAN_C2_6L7B_OK.csv|R86:GND,GND,Top Layer,50.175,16.375,50.175,17.025,0.15,,,"GND|Pad INA4-1(50.125mm,15.85mm) on L1 TOP|Pad INA4-4(52.075mm,15.85mm) on L1 TOP"
TRACK,ROUTE_PLAN_C2_6L7B_OK.csv|R86:GND,GND,Top Layer,50.175,17.025,50.525,17.375,0.15,,,"GND|Pad INA4-1(50.125mm,15.85mm) on L1 TOP|Pad INA4-4(52.075mm,15.85mm) on L1 TOP"
TRACK,ROUTE_PLAN_C2_6L7B_OK.csv|R86:GND,GND,Mid Layer 2,50.525,17.375,51.725,16.175,0.15,,,"GND|Pad INA4-1(50.125mm,15.85mm) on L1 TOP|Pad INA4-4(52.075mm,15.85mm) on L1 TOP"
TRACK,ROUTE_PLAN_C2_6L7B_OK.csv|R86:GND,GND,Mid Layer 2,51.725,16.175,53.475,16.175,0.15,,,"GND|Pad INA4-1(50.125mm,15.85mm) on L1 TOP|Pad INA4-4(52.075mm,15.85mm) on L1 TOP"
TRACK,ROUTE_PLAN_C2_6L7B_OK.csv|R86:GND,GND,Top Layer,53.475,16.175,52.425,16.175,0.15,,,"GND|Pad INA4-1(50.125mm,15.85mm) on L1 TOP|Pad INA4-4(52.075mm,15.85mm) on L1 TOP"
TRACK,ROUTE_PLAN_C2_6L7B_OK.csv|R86:GND,GND,Top Layer,52.425,16.175,52.225,15.975,0.15,,,"GND|Pad INA4-1(50.125mm,15.85mm) on L1 TOP|Pad INA4-4(52.075mm,15.85mm) on L1 TOP"
VIA,ROUTE_PLAN_C2_6L7B_OK.csv|R86:GND,GND,Multi Layer,50.525,17.375,,,,0.45,0.2,"GND|Pad INA4-1(50.125mm,15.85mm) on L1 TOP|Pad INA4-4(52.075mm,15.85mm) on L1 TOP"
VIA,ROUTE_PLAN_C2_6L7B_OK.csv|R86:GND,GND,Multi Layer,53.475,16.175,,,,0.45,0.2,"GND|Pad INA4-1(50.125mm,15.85mm) on L1 TOP|Pad INA4-4(52.075mm,15.85mm) on L1 TOP"
TRACK,ROUTE_PLAN_C2_6L7B_OK.csv|R87:GND,GND,Top Layer,28.425,14.475,28.425,15.325,0.3,,,"GND|Via (28.5mm,14.2mm) from L1 TOP to L6 BOTTOM|Pad INA2-1(28.525mm,15.85mm) on L1 TOP"
TRACK,ROUTE_PLAN_C2_6L7B_OK.csv|R88:GND,GND,Top Layer,60.775,16.375,60.775,16.825,0.15,,,"GND|Pad INA5-1(60.925mm,15.85mm) on L1 TOP|Pad INA5-4(62.875mm,15.85mm) on L1 TOP"
TRACK,ROUTE_PLAN_C2_6L7B_OK.csv|R88:GND,GND,Mid Layer 2,60.775,16.825,60.925,16.825,0.15,,,"GND|Pad INA5-1(60.925mm,15.85mm) on L1 TOP|Pad INA5-4(62.875mm,15.85mm) on L1 TOP"
TRACK,ROUTE_PLAN_C2_6L7B_OK.csv|R88:GND,GND,Mid Layer 2,60.925,16.825,61.775,17.675,0.15,,,"GND|Pad INA5-1(60.925mm,15.85mm) on L1 TOP|Pad INA5-4(62.875mm,15.85mm) on L1 TOP"
TRACK,ROUTE_PLAN_C2_6L7B_OK.csv|R88:GND,GND,Mid Layer 2,61.775,17.675,63.525,17.675,0.15,,,"GND|Pad INA5-1(60.925mm,15.85mm) on L1 TOP|Pad INA5-4(62.875mm,15.85mm) on L1 TOP"
TRACK,ROUTE_PLAN_C2_6L7B_OK.csv|R88:GND,GND,Mid Layer 2,63.525,17.675,64.175,17.025,0.15,,,"GND|Pad INA5-1(60.925mm,15.85mm) on L1 TOP|Pad INA5-4(62.875mm,15.85mm) on L1 TOP"
TRACK,ROUTE_PLAN_C2_6L7B_OK.csv|R88:GND,GND,Mid Layer 2,64.175,17.025,64.475,17.025,0.15,,,"GND|Pad INA5-1(60.925mm,15.85mm) on L1 TOP|Pad INA5-4(62.875mm,15.85mm) on L1 TOP"
TRACK,ROUTE_PLAN_C2_6L7B_OK.csv|R88:GND,GND,Top Layer,64.475,17.025,63.425,15.975,0.15,,,"GND|Pad INA5-1(60.925mm,15.85mm) on L1 TOP|Pad INA5-4(62.875mm,15.85mm) on L1 TOP"
TRACK,ROUTE_PLAN_C2_6L7B_OK.csv|R88:GND,GND,Top Layer,63.425,15.975,63.025,15.975,0.15,,,"GND|Pad INA5-1(60.925mm,15.85mm) on L1 TOP|Pad INA5-4(62.875mm,15.85mm) on L1 TOP"
VIA,ROUTE_PLAN_C2_6L7B_OK.csv|R88:GND,GND,Multi Layer,60.775,16.825,,,,0.45,0.2,"GND|Pad INA5-1(60.925mm,15.85mm) on L1 TOP|Pad INA5-4(62.875mm,15.85mm) on L1 TOP"
VIA,ROUTE_PLAN_C2_6L7B_OK.csv|R88:GND,GND,Multi Layer,64.475,17.025,,,,0.45,0.2,"GND|Pad INA5-1(60.925mm,15.85mm) on L1 TOP|Pad INA5-4(62.875mm,15.85mm) on L1 TOP"
TRACK,ROUTE_PLAN_C2_6L7B_OK.csv|R8:INA_OUT_2,INA_OUT_2,Top Layer,28.425,21.475,28.425,21.075,0.2,,,"INA_OUT_2|Pad RH_2-1(28.421mm,21.75mm) on L1 TOP|Pad INA2-8(28.525mm,20.55mm) on L1 TOP"
TRACK,ROUTE_PLAN_C2_6L7B_OK.csv|R90:GND,GND,Top Layer,39.225,14.475,39.225,15.325,0.3,,,"GND|Via (39.3mm,14.2mm) from L1 TOP to L6 BOTTOM|Pad INA3-1(39.325mm,15.85mm) on L1 TOP"
TRACK,ROUTE_PLAN_C2_6L7B_OK.csv|R92:VREF_A,VREF_A,Bottom Layer,56.175,20.475,56.325,20.475,0.2,,,"VREF_A|Track (55.675mm,19.825mm)(55.825mm,19.825mm) on L6 BOTTOM|Track (57.875mm,19.175mm)(57.875mm,19.275mm) on L3 SIGNAL"
TRACK,ROUTE_PLAN_C2_6L7B_OK.csv|R92:VREF_A,VREF_A,Top Layer,56.325,20.475,57.575,20.475,0.2,,,"VREF_A|Track (55.675mm,19.825mm)(55.825mm,19.825mm) on L6 BOTTOM|Track (57.875mm,19.175mm)(57.875mm,19.275mm) on L3 SIGNAL"
TRACK,ROUTE_PLAN_C2_6L7B_OK.csv|R92:VREF_A,VREF_A,Top Layer,57.575,20.475,58.925,19.125,0.2,,,"VREF_A|Track (55.675mm,19.825mm)(55.825mm,19.825mm) on L6 BOTTOM|Track (57.875mm,19.175mm)(57.875mm,19.275mm) on L3 SIGNAL"
VIA,ROUTE_PLAN_C2_6L7B_OK.csv|R92:VREF_A,VREF_A,Multi Layer,56.325,20.475,,,,0.6,0.3,"VREF_A|Track (55.675mm,19.825mm)(55.825mm,19.825mm) on L6 BOTTOM|Track (57.875mm,19.175mm)(57.875mm,19.275mm) on L3 SIGNAL"
TRACK,ROUTE_PLAN_C2_6L7B_OK.csv|R95:VREF_A,VREF_A,Top Layer,53.025,21.425,55.075,21.425,0.2,,,"VREF_A|Track (52.225mm,22.475mm)(52.725mm,21.975mm) on L1 TOP|Track (55.675mm,21.025mm)(55.825mm,21.025mm) on L6 BOTTOM"
TRACK,ROUTE_PLAN_C2_6L7B_OK.csv|R95:VREF_A,VREF_A,Top Layer,55.075,21.425,56.025,20.475,0.2,,,"VREF_A|Track (52.225mm,22.475mm)(52.725mm,21.975mm) on L1 TOP|Track (55.675mm,21.025mm)(55.825mm,21.025mm) on L6 BOTTOM"
TRACK,ROUTE_PLAN_C2_6L7B_OK.csv|R96:Vc_5,Vc_5,Top Layer,58.925,11.475,58.925,11.675,0.2,,,"Vc_5|Via (59.1mm,11.2mm) from L1 TOP to L6 BOTTOM|Via (66.975mm,19.775mm) from L1 TOP to L6 BOTTOM"
TRACK,ROUTE_PLAN_C2_6L7B_OK.csv|R96:Vc_5,Vc_5,Top Layer,58.925,11.675,58.375,12.225,0.2,,,"Vc_5|Via (59.1mm,11.2mm) from L1 TOP to L6 BOTTOM|Via (66.975mm,19.775mm) from L1 TOP to L6 BOTTOM"
TRACK,ROUTE_PLAN_C2_6L7B_OK.csv|R96:Vc_5,Vc_5,Top Layer,58.375,12.225,58.375,13.975,0.2,,,"Vc_5|Via (59.1mm,11.2mm) from L1 TOP to L6 BOTTOM|Via (66.975mm,19.775mm) from L1 TOP to L6 BOTTOM"
TRACK,ROUTE_PLAN_C2_6L7B_OK.csv|R96:Vc_5,Vc_5,Mid Layer 2,58.375,13.975,60.075,15.675,0.2,,,"Vc_5|Via (59.1mm,11.2mm) from L1 TOP to L6 BOTTOM|Via (66.975mm,19.775mm) from L1 TOP to L6 BOTTOM"
TRACK,ROUTE_PLAN_C2_6L7B_OK.csv|R96:Vc_5,Vc_5,Mid Layer 2,60.075,15.675,60.075,17.875,0.2,,,"Vc_5|Via (59.1mm,11.2mm) from L1 TOP to L6 BOTTOM|Via (66.975mm,19.775mm) from L1 TOP to L6 BOTTOM"
TRACK,ROUTE_PLAN_C2_6L7B_OK.csv|R96:Vc_5,Vc_5,Mid Layer 2,60.075,17.875,61.475,19.275,0.2,,,"Vc_5|Via (59.1mm,11.2mm) from L1 TOP to L6 BOTTOM|Via (66.975mm,19.775mm) from L1 TOP to L6 BOTTOM"
TRACK,ROUTE_PLAN_C2_6L7B_OK.csv|R96:Vc_5,Vc_5,Mid Layer 2,61.475,19.275,62.225,19.275,0.2,,,"Vc_5|Via (59.1mm,11.2mm) from L1 TOP to L6 BOTTOM|Via (66.975mm,19.775mm) from L1 TOP to L6 BOTTOM"
TRACK,ROUTE_PLAN_C2_6L7B_OK.csv|R96:Vc_5,Vc_5,Mid Layer 2,62.225,19.275,62.825,18.675,0.2,,,"Vc_5|Via (59.1mm,11.2mm) from L1 TOP to L6 BOTTOM|Via (66.975mm,19.775mm) from L1 TOP to L6 BOTTOM"
TRACK,ROUTE_PLAN_C2_6L7B_OK.csv|R96:Vc_5,Vc_5,Mid Layer 2,62.825,18.675,63.475,18.675,0.2,,,"Vc_5|Via (59.1mm,11.2mm) from L1 TOP to L6 BOTTOM|Via (66.975mm,19.775mm) from L1 TOP to L6 BOTTOM"
TRACK,ROUTE_PLAN_C2_6L7B_OK.csv|R96:Vc_5,Vc_5,Mid Layer 2,63.475,18.675,64.125,19.325,0.2,,,"Vc_5|Via (59.1mm,11.2mm) from L1 TOP to L6 BOTTOM|Via (66.975mm,19.775mm) from L1 TOP to L6 BOTTOM"
TRACK,ROUTE_PLAN_C2_6L7B_OK.csv|R96:Vc_5,Vc_5,Mid Layer 2,64.125,19.325,64.125,19.575,0.2,,,"Vc_5|Via (59.1mm,11.2mm) from L1 TOP to L6 BOTTOM|Via (66.975mm,19.775mm) from L1 TOP to L6 BOTTOM"
TRACK,ROUTE_PLAN_C2_6L7B_OK.csv|R96:Vc_5,Vc_5,Mid Layer 2,64.125,19.575,65.475,20.925,0.2,,,"Vc_5|Via (59.1mm,11.2mm) from L1 TOP to L6 BOTTOM|Via (66.975mm,19.775mm) from L1 TOP to L6 BOTTOM"
TRACK,ROUTE_PLAN_C2_6L7B_OK.csv|R96:Vc_5,Vc_5,Mid Layer 2,65.475,20.925,66.525,20.925,0.2,,,"Vc_5|Via (59.1mm,11.2mm) from L1 TOP to L6 BOTTOM|Via (66.975mm,19.775mm) from L1 TOP to L6 BOTTOM"
TRACK,ROUTE_PLAN_C2_6L7B_OK.csv|R96:Vc_5,Vc_5,Mid Layer 2,66.525,20.925,66.925,20.525,0.2,,,"Vc_5|Via (59.1mm,11.2mm) from L1 TOP to L6 BOTTOM|Via (66.975mm,19.775mm) from L1 TOP to L6 BOTTOM"
TRACK,ROUTE_PLAN_C2_6L7B_OK.csv|R96:Vc_5,Vc_5,Mid Layer 2,66.925,20.525,66.925,20.075,0.2,,,"Vc_5|Via (59.1mm,11.2mm) from L1 TOP to L6 BOTTOM|Via (66.975mm,19.775mm) from L1 TOP to L6 BOTTOM"
VIA,ROUTE_PLAN_C2_6L7B_OK.csv|R96:Vc_5,Vc_5,Multi Layer,58.375,13.975,,,,0.6,0.3,"Vc_5|Via (59.1mm,11.2mm) from L1 TOP to L6 BOTTOM|Via (66.975mm,19.775mm) from L1 TOP to L6 BOTTOM"
TRACK,ROUTE_PLAN_C2_6L7B_OK.csv|R97:Vc_4,Vc_4,Top Layer,48.125,11.475,48.125,11.675,0.2,,,"Vc_4|Via (48.3mm,11.2mm) from L1 TOP to L6 BOTTOM|Via (55.475mm,16.925mm) from L1 TOP to L6 BOTTOM"
TRACK,ROUTE_PLAN_C2_6L7B_OK.csv|R97:Vc_4,Vc_4,Top Layer,48.125,11.675,47.575,12.225,0.2,,,"Vc_4|Via (48.3mm,11.2mm) from L1 TOP to L6 BOTTOM|Via (55.475mm,16.925mm) from L1 TOP to L6 BOTTOM"
TRACK,ROUTE_PLAN_C2_6L7B_OK.csv|R97:Vc_4,Vc_4,Top Layer,47.575,12.225,47.575,12.975,0.2,,,"Vc_4|Via (48.3mm,11.2mm) from L1 TOP to L6 BOTTOM|Via (55.475mm,16.925mm) from L1 TOP to L6 BOTTOM"
TRACK,ROUTE_PLAN_C2_6L7B_OK.csv|R97:Vc_4,Vc_4,Top Layer,47.575,12.975,49.425,14.825,0.2,,,"Vc_4|Via (48.3mm,11.2mm) from L1 TOP to L6 BOTTOM|Via (55.475mm,16.925mm) from L1 TOP to L6 BOTTOM"
TRACK,ROUTE_PLAN_C2_6L7B_OK.csv|R97:Vc_4,Vc_4,Top Layer,49.425,14.825,49.425,17.825,0.2,,,"Vc_4|Via (48.3mm,11.2mm) from L1 TOP to L6 BOTTOM|Via (55.475mm,16.925mm) from L1 TOP to L6 BOTTOM"
TRACK,ROUTE_PLAN_C2_6L7B_OK.csv|R97:Vc_4,Vc_4,Mid Layer 2,49.425,17.825,49.675,18.075,0.2,,,"Vc_4|Via (48.3mm,11.2mm) from L1 TOP to L6 BOTTOM|Via (55.475mm,16.925mm) from L1 TOP to L6 BOTTOM"
TRACK,ROUTE_PLAN_C2_6L7B_OK.csv|R97:Vc_4,Vc_4,Mid Layer 2,49.675,18.075,49.675,18.775,0.2,,,"Vc_4|Via (48.3mm,11.2mm) from L1 TOP to L6 BOTTOM|Via (55.475mm,16.925mm) from L1 TOP to L6 BOTTOM"
TRACK,ROUTE_PLAN_C2_6L7B_OK.csv|R97:Vc_4,Vc_4,Mid Layer 2,49.675,18.775,51.725,20.825,0.2,,,"Vc_4|Via (48.3mm,11.2mm) from L1 TOP to L6 BOTTOM|Via (55.475mm,16.925mm) from L1 TOP to L6 BOTTOM"
TRACK,ROUTE_PLAN_C2_6L7B_OK.csv|R97:Vc_4,Vc_4,Mid Layer 2,51.725,20.825,52.925,20.825,0.2,,,"Vc_4|Via (48.3mm,11.2mm) from L1 TOP to L6 BOTTOM|Via (55.475mm,16.925mm) from L1 TOP to L6 BOTTOM"
TRACK,ROUTE_PLAN_C2_6L7B_OK.csv|R97:Vc_4,Vc_4,Mid Layer 2,52.925,20.825,55.325,18.425,0.2,,,"Vc_4|Via (48.3mm,11.2mm) from L1 TOP to L6 BOTTOM|Via (55.475mm,16.925mm) from L1 TOP to L6 BOTTOM"
TRACK,ROUTE_PLAN_C2_6L7B_OK.csv|R97:Vc_4,Vc_4,Mid Layer 2,55.325,18.425,55.325,17.225,0.2,,,"Vc_4|Via (48.3mm,11.2mm) from L1 TOP to L6 BOTTOM|Via (55.475mm,16.925mm) from L1 TOP to L6 BOTTOM"
VIA,ROUTE_PLAN_C2_6L7B_OK.csv|R97:Vc_4,Vc_4,Multi Layer,49.425,17.825,,,,0.6,0.3,"Vc_4|Via (48.3mm,11.2mm) from L1 TOP to L6 BOTTOM|Via (55.475mm,16.925mm) from L1 TOP to L6 BOTTOM"
TRACK,ROUTE_PLAN_C2_6L7B_OK.csv|R98:Vc_3,Vc_3,Top Layer,37.325,11.475,37.325,11.675,0.2,,,"Vc_3|Via (37.5mm,11.2mm) from L1 TOP to L6 BOTTOM|Via (44.725mm,19.125mm) from L1 TOP to L6 BOTTOM"
TRACK,ROUTE_PLAN_C2_6L7B_OK.csv|R98:Vc_3,Vc_3,Top Layer,37.325,11.675,36.775,12.225,0.2,,,"Vc_3|Via (37.5mm,11.2mm) from L1 TOP to L6 BOTTOM|Via (44.725mm,19.125mm) from L1 TOP to L6 BOTTOM"
TRACK,ROUTE_PLAN_C2_6L7B_OK.csv|R98:Vc_3,Vc_3,Top Layer,36.775,12.225,36.775,13.075,0.2,,,"Vc_3|Via (37.5mm,11.2mm) from L1 TOP to L6 BOTTOM|Via (44.725mm,19.125mm) from L1 TOP to L6 BOTTOM"
TRACK,ROUTE_PLAN_C2_6L7B_OK.csv|R98:Vc_3,Vc_3,Top Layer,36.775,13.075,37.975,14.275,0.2,,,"Vc_3|Via (37.5mm,11.2mm) from L1 TOP to L6 BOTTOM|Via (44.725mm,19.125mm) from L1 TOP to L6 BOTTOM"
TRACK,ROUTE_PLAN_C2_6L7B_OK.csv|R98:Vc_3,Vc_3,Mid Layer 2,37.975,14.275,37.975,16.125,0.2,,,"Vc_3|Via (37.5mm,11.2mm) from L1 TOP to L6 BOTTOM|Via (44.725mm,19.125mm) from L1 TOP to L6 BOTTOM"
TRACK,ROUTE_PLAN_C2_6L7B_OK.csv|R98:Vc_3,Vc_3,Mid Layer 2,37.975,16.125,40.475,18.625,0.2,,,"Vc_3|Via (37.5mm,11.2mm) from L1 TOP to L6 BOTTOM|Via (44.725mm,19.125mm) from L1 TOP to L6 BOTTOM"
TRACK,ROUTE_PLAN_C2_6L7B_OK.csv|R98:Vc_3,Vc_3,Mid Layer 2,40.475,18.625,44.325,18.625,0.2,,,"Vc_3|Via (37.5mm,11.2mm) from L1 TOP to L6 BOTTOM|Via (44.725mm,19.125mm) from L1 TOP to L6 BOTTOM"
TRACK,ROUTE_PLAN_C2_6L7B_OK.csv|R98:Vc_3,Vc_3,Mid Layer 2,44.325,18.625,44.575,18.875,0.2,,,"Vc_3|Via (37.5mm,11.2mm) from L1 TOP to L6 BOTTOM|Via (44.725mm,19.125mm) from L1 TOP to L6 BOTTOM"
VIA,ROUTE_PLAN_C2_6L7B_OK.csv|R98:Vc_3,Vc_3,Multi Layer,37.975,14.275,,,,0.6,0.3,"Vc_3|Via (37.5mm,11.2mm) from L1 TOP to L6 BOTTOM|Via (44.725mm,19.125mm) from L1 TOP to L6 BOTTOM"
TRACK,ROUTE_PLAN_C2_6L7B_OK.csv|R99:Vc_2,Vc_2,Mid Layer 2,26.525,11.475,26.525,11.675,0.2,,,"Vc_2|Via (26.7mm,11.2mm) from L1 TOP to L6 BOTTOM|Via (33.875mm,16.925mm) from L1 TOP to L6 BOTTOM"
TRACK,ROUTE_PLAN_C2_6L7B_OK.csv|R99:Vc_2,Vc_2,Mid Layer 2,26.525,11.675,25.975,12.225,0.2,,,"Vc_2|Via (26.7mm,11.2mm) from L1 TOP to L6 BOTTOM|Via (33.875mm,16.925mm) from L1 TOP to L6 BOTTOM"
TRACK,ROUTE_PLAN_C2_6L7B_OK.csv|R99:Vc_2,Vc_2,Mid Layer 2,25.975,12.225,25.975,12.975,0.2,,,"Vc_2|Via (26.7mm,11.2mm) from L1 TOP to L6 BOTTOM|Via (33.875mm,16.925mm) from L1 TOP to L6 BOTTOM"
TRACK,ROUTE_PLAN_C2_6L7B_OK.csv|R99:Vc_2,Vc_2,Mid Layer 2,25.975,12.975,27.225,14.225,0.2,,,"Vc_2|Via (26.7mm,11.2mm) from L1 TOP to L6 BOTTOM|Via (33.875mm,16.925mm) from L1 TOP to L6 BOTTOM"
TRACK,ROUTE_PLAN_C2_6L7B_OK.csv|R99:Vc_2,Vc_2,Mid Layer 2,27.225,14.225,27.225,15.025,0.2,,,"Vc_2|Via (26.7mm,11.2mm) from L1 TOP to L6 BOTTOM|Via (33.875mm,16.925mm) from L1 TOP to L6 BOTTOM"
TRACK,ROUTE_PLAN_C2_6L7B_OK.csv|R99:Vc_2,Vc_2,Mid Layer 2,27.225,15.025,28.875,16.675,0.2,,,"Vc_2|Via (26.7mm,11.2mm) from L1 TOP to L6 BOTTOM|Via (33.875mm,16.925mm) from L1 TOP to L6 BOTTOM"
TRACK,ROUTE_PLAN_C2_6L7B_OK.csv|R99:Vc_2,Vc_2,Mid Layer 2,28.875,16.675,33.725,16.675,0.2,,,"Vc_2|Via (26.7mm,11.2mm) from L1 TOP to L6 BOTTOM|Via (33.875mm,16.925mm) from L1 TOP to L6 BOTTOM"
TRACK,ROUTE_PLAN_C2_6L7B_OK.csv|R9:INA_OUT_2 VIP,INA_OUT_2,Mid Layer 2,28.325,21.675,28.325,17.325,0.2,,,"INA_OUT_2|Pad INA2-8(28.525mm,20.55mm) on L1 TOP|Pad CL_2-2(28.75mm,16.05mm) on L6 BOTTOM"
TRACK,ROUTE_PLAN_C2_6L7B_OK.csv|R9:INA_OUT_2 VIP,INA_OUT_2,Bottom Layer,28.325,17.325,28.325,16.775,0.2,,,"INA_OUT_2|Pad INA2-8(28.525mm,20.55mm) on L1 TOP|Pad CL_2-2(28.75mm,16.05mm) on L6 BOTTOM"
VIA,ROUTE_PLAN_C2_6L7B_OK.csv|R9:INA_OUT_2 VIP,INA_OUT_2,Multi Layer,28.325,21.675,,,,0.6,0.3,"INA_OUT_2|Pad INA2-8(28.525mm,20.55mm) on L1 TOP|Pad CL_2-2(28.75mm,16.05mm) on L6 BOTTOM"
VIA,ROUTE_PLAN_C2_6L7B_OK.csv|R9:INA_OUT_2 VIP,INA_OUT_2,Multi Layer,28.325,17.325,,,,0.6,0.3,"INA_OUT_2|Pad INA2-8(28.525mm,20.55mm) on L1 TOP|Pad CL_2-2(28.75mm,16.05mm) on L6 BOTTOM"
