kind,group,net,layer,x1,y1,x2,y2,w,d,h,conn,relax
TRACK,R0:WIFI_X32_RAW_IN,WIFI_X32_RAW_IN,Top Layer,38.275,33.225,38.275,32.825,0.2,,,"WIFI_X32_RAW_IN|Pad U_WIFI1-14(38.315mm,33.584mm) on L1 TOP [Unplated]|Pad R_WIFI_X32_IN-2(38.315mm,32.6mm) on L1 TOP",0
TRACK,R1:WIFI_X32_RAW_OUT,WIFI_X32_RAW_OUT,Top Layer,37.025,33.225,37.025,32.825,0.2,,,"WIFI_X32_RAW_OUT|Pad U_WIFI1-13(37.045mm,33.584mm) on L1 TOP [Unplated]|Pad R_WIFI_X32_OUT-2(37.045mm,32.6mm) on L1 TOP",0
TRACK,R2:NetC_WIFI_X32_IN_2,NetC_WIFI_X32_IN_2,Top Layer,38.925,29.025,38.925,29.425,0.2,,,"NetC_WIFI_X32_IN_2|Pad C_WIFI_X32_IN-2(38.93mm,28.779mm) on L1 TOP|Pad X_WIFI_32K-1(38.93mm,30.3mm) on L1 TOP [Unplated]",0
TRACK,R3:NetC_WIFI_X32_OUT_2,NetC_WIFI_X32_OUT_2,Top Layer,36.425,29.025,36.425,29.425,0.2,,,"NetC_WIFI_X32_OUT_2|Pad C_WIFI_X32_OUT-2(36.43mm,28.779mm) on L1 TOP|Pad X_WIFI_32K-2(36.43mm,30.3mm) on L1 TOP [Unplated]",0
TRACK,R6:NetC_WIFI_X32_IN_2,NetC_WIFI_X32_IN_2,Top Layer,38.475,31.625,38.475,31.175,0.2,,,"NetC_WIFI_X32_IN_2|Pad R_WIFI_X32_IN-1(38.315mm,31.8mm) on L1 TOP|Pad X_WIFI_32K-1(38.93mm,30.3mm) on L1 TOP [Unplated]",0
TRACK,R7:NetC_WIFI_X32_OUT_2,NetC_WIFI_X32_OUT_2,Top Layer,36.875,31.175,36.875,31.625,0.2,,,"NetC_WIFI_X32_OUT_2|Pad X_WIFI_32K-2(36.43mm,30.3mm) on L1 TOP [Unplated]|Pad R_WIFI_X32_OUT-1(37.045mm,31.8mm) on L1 TOP",0
TRACK,R8:VREF_B_SRC,VREF_B_SRC,Bottom Layer,11.725,21.875,11.725,22.225,0.2,,,"VREF_B_SRC|Pad U1-13(11.75mm,21.7mm) on L4 BOTTOM GND|Pad U1-14(11.75mm,22.35mm) on L4 BOTTOM GND",0
TRACK,R9:VREF_A,VREF_A,Bottom Layer,11.725,18.625,11.725,18.975,0.2,,,"VREF_A|Pad U1-8(11.75mm,18.45mm) on L4 BOTTOM GND|Pad U1-9(11.75mm,19.1mm) on L4 BOTTOM GND",0
TRACK,R10:VREF_A,VREF_A,Bottom Layer,12.575,19.075,13.025,19.075,0.2,,,"VREF_A|Pad U1-8(11.75mm,18.45mm) on L4 BOTTOM GND|Pad Free-TP_VREF_A(12.5mm,18.2mm) on L1 TOP",0
TRACK,R10:VREF_A,VREF_A,Top Layer,13.025,19.075,12.625,18.675,0.2,,,"VREF_A|Pad U1-8(11.75mm,18.45mm) on L4 BOTTOM GND|Pad Free-TP_VREF_A(12.5mm,18.2mm) on L1 TOP",0
VIA,R10:VREF_A,VREF_A,Multi Layer,13.025,19.075,,,,0.6,0.3,"VREF_A|Pad U1-8(11.75mm,18.45mm) on L4 BOTTOM GND|Pad Free-TP_VREF_A(12.5mm,18.2mm) on L1 TOP",0
TRACK,R11:VOUT_5,VOUT_5,Top Layer,56.725,24.525,57.125,24.525,0.2,,,"VOUT_5|Pad R_ADC5-1(56.515mm,24.5mm) on L1 TOP|Pad Free-TP_VOUT_5(57.58mm,24.5mm) on L1 TOP",0
TRACK,R12:ADC_EMG5,ADC_EMG5,Top Layer,54.925,24.575,55.375,24.575,0.2,,,"ADC_EMG5|Pad C_ADC5-1(54.58mm,24.923mm) on L1 TOP|Pad R_ADC5-2(55.645mm,24.5mm) on L1 TOP",0
TRACK,R13:NetINA5_7,NetINA5_7,Top Layer,62.075,22.075,62.575,22.075,0.2,,,"NetINA5_7|Pad RH_5-2(61.779mm,21.75mm) on L1 TOP|Pad RL_5-1(62.8mm,22.3mm) on L1 TOP",0
TRACK,R14:NetINA2_7,NetINA2_7,Top Layer,29.675,22.075,30.175,22.075,0.2,,,"NetINA2_7|Pad RH_2-2(29.379mm,21.75mm) on L1 TOP|Pad RL_2-1(30.4mm,22.3mm) on L1 TOP",0
TRACK,R15:NetINA1_7,NetINA1_7,Top Layer,18.875,22.075,19.375,22.075,0.2,,,"NetINA1_7|Pad RH_1-2(18.579mm,21.75mm) on L1 TOP|Pad RL_1-1(19.6mm,22.3mm) on L1 TOP",0
TRACK,R16:NetINA3_7,NetINA3_7,Top Layer,40.475,22.075,40.975,22.075,0.2,,,"NetINA3_7|Pad RH_3-2(40.179mm,21.75mm) on L1 TOP|Pad RL_3-1(41.2mm,22.3mm) on L1 TOP",0
TRACK,R17:INA_OUT_2,INA_OUT_2,Top Layer,28.425,21.475,28.425,21.075,0.2,,,"INA_OUT_2|Pad RH_2-1(28.421mm,21.75mm) on L1 TOP|Pad INA2-8(28.525mm,20.55mm) on L1 TOP",0
TRACK,R18:INA_OUT_5,INA_OUT_5,Top Layer,60.825,21.475,60.825,21.075,0.2,,,"INA_OUT_5|Pad RH_5-1(60.821mm,21.75mm) on L1 TOP|Pad INA5-8(60.925mm,20.55mm) on L1 TOP",0
TRACK,R19:INA_OUT_1,INA_OUT_1,Top Layer,17.625,21.475,17.625,21.075,0.2,,,"INA_OUT_1|Pad RH_1-1(17.621mm,21.75mm) on L1 TOP|Pad INA1-8(17.725mm,20.55mm) on L1 TOP",0
TRACK,R20:INA_OUT_3,INA_OUT_3,Top Layer,39.225,21.475,39.225,21.075,0.2,,,"INA_OUT_3|Pad RH_3-1(39.221mm,21.75mm) on L1 TOP|Pad INA3-8(39.325mm,20.55mm) on L1 TOP",0
TRACK,R21:NetINA1_7,NetINA1_7,Top Layer,18.375,21.075,18.375,21.275,0.2,,,"NetINA1_7|Pad INA1-7(18.375mm,20.55mm) on L1 TOP|Pad RH_1-2(18.579mm,21.75mm) on L1 TOP",0
TRACK,R21:NetINA1_7,NetINA1_7,Top Layer,18.375,21.275,18.425,21.325,0.2,,,"NetINA1_7|Pad INA1-7(18.375mm,20.55mm) on L1 TOP|Pad RH_1-2(18.579mm,21.75mm) on L1 TOP",0
TRACK,R21:NetINA1_7,NetINA1_7,Top Layer,18.425,21.325,18.425,21.475,0.2,,,"NetINA1_7|Pad INA1-7(18.375mm,20.55mm) on L1 TOP|Pad RH_1-2(18.579mm,21.75mm) on L1 TOP",0
TRACK,R22:NetINA2_7,NetINA2_7,Top Layer,29.175,21.075,29.175,21.275,0.2,,,"NetINA2_7|Pad INA2-7(29.175mm,20.55mm) on L1 TOP|Pad RH_2-2(29.379mm,21.75mm) on L1 TOP",0
TRACK,R22:NetINA2_7,NetINA2_7,Top Layer,29.175,21.275,29.225,21.325,0.2,,,"NetINA2_7|Pad INA2-7(29.175mm,20.55mm) on L1 TOP|Pad RH_2-2(29.379mm,21.75mm) on L1 TOP",0
TRACK,R22:NetINA2_7,NetINA2_7,Top Layer,29.225,21.325,29.225,21.475,0.2,,,"NetINA2_7|Pad INA2-7(29.175mm,20.55mm) on L1 TOP|Pad RH_2-2(29.379mm,21.75mm) on L1 TOP",0
TRACK,R23:NetINA3_7,NetINA3_7,Top Layer,39.975,21.075,39.975,21.275,0.2,,,"NetINA3_7|Pad INA3-7(39.975mm,20.55mm) on L1 TOP|Pad RH_3-2(40.179mm,21.75mm) on L1 TOP",0
TRACK,R23:NetINA3_7,NetINA3_7,Top Layer,39.975,21.275,40.025,21.325,0.2,,,"NetINA3_7|Pad INA3-7(39.975mm,20.55mm) on L1 TOP|Pad RH_3-2(40.179mm,21.75mm) on L1 TOP",0
TRACK,R23:NetINA3_7,NetINA3_7,Top Layer,40.025,21.325,40.025,21.475,0.2,,,"NetINA3_7|Pad INA3-7(39.975mm,20.55mm) on L1 TOP|Pad RH_3-2(40.179mm,21.75mm) on L1 TOP",0
TRACK,R24:NetINA5_7,NetINA5_7,Top Layer,61.575,21.075,61.575,21.275,0.2,,,"NetINA5_7|Pad INA5-7(61.575mm,20.55mm) on L1 TOP|Pad RH_5-2(61.779mm,21.75mm) on L1 TOP",0
TRACK,R24:NetINA5_7,NetINA5_7,Top Layer,61.575,21.275,61.625,21.325,0.2,,,"NetINA5_7|Pad INA5-7(61.575mm,20.55mm) on L1 TOP|Pad RH_5-2(61.779mm,21.75mm) on L1 TOP",0
TRACK,R24:NetINA5_7,NetINA5_7,Top Layer,61.625,21.325,61.625,21.475,0.2,,,"NetINA5_7|Pad INA5-7(61.575mm,20.55mm) on L1 TOP|Pad RH_5-2(61.779mm,21.75mm) on L1 TOP",0
TRACK,R25:ADC_EMG1,ADC_EMG1,Top Layer,49.325,30.525,49.625,30.525,0.2,,,"ADC_EMG1|Pad R_ADC1-2(49.08mm,30.535mm) on L1 TOP|Pad U_MCU1-23(50.342mm,30.5mm) on L1 TOP [Unplated]",0
TRACK,R26:ADC_EMG1,ADC_EMG1,Top Layer,48.225,30.475,48.6045,30.475,0.2,,,"ADC_EMG1|Pad C_ADC1-1(47.857mm,30.1mm) on L1 TOP|Pad R_ADC1-2(49.08mm,30.535mm) on L1 TOP",0
TRACK,R26:ADC_EMG1,ADC_EMG1,Top Layer,48.6045,30.475,48.775,30.475,0.2,,,"ADC_EMG1|Pad C_ADC1-1(47.857mm,30.1mm) on L1 TOP|Pad R_ADC1-2(49.08mm,30.535mm) on L1 TOP",0
TRACK,R27:ADC_EMG3,ADC_EMG3,Top Layer,48.225,27.175,48.6045,27.175,0.2,,,"ADC_EMG3|Pad C_ADC3-1(47.857mm,26.8mm) on L1 TOP|Pad R_ADC3-2(49.08mm,27.235mm) on L1 TOP",0
TRACK,R27:ADC_EMG3,ADC_EMG3,Top Layer,48.6045,27.175,48.825,27.175,0.2,,,"ADC_EMG3|Pad C_ADC3-1(47.857mm,26.8mm) on L1 TOP|Pad R_ADC3-2(49.08mm,27.235mm) on L1 TOP",0
TRACK,R28:ADC_EMG2,ADC_EMG2,Top Layer,48.225,28.825,48.6045,28.825,0.2,,,"ADC_EMG2|Pad C_ADC2-1(47.857mm,28.45mm) on L1 TOP|Pad R_ADC2-2(49.08mm,28.885mm) on L1 TOP",0
TRACK,R28:ADC_EMG2,ADC_EMG2,Top Layer,48.6045,28.825,48.825,28.825,0.2,,,"ADC_EMG2|Pad C_ADC2-1(47.857mm,28.45mm) on L1 TOP|Pad R_ADC2-2(49.08mm,28.885mm) on L1 TOP",0
TRACK,R29:VDiv,VDiv,Bottom Layer,12.575,19.825,12.725,19.825,0.2,,,"VDiv|Pad U1-10(11.75mm,19.75mm) on L4 BOTTOM GND|Pad U1-12(11.75mm,21.05mm) on L4 BOTTOM GND",0
TRACK,R29:VDiv,VDiv,Bottom Layer,12.725,19.825,13.025,20.125,0.2,,,"VDiv|Pad U1-10(11.75mm,19.75mm) on L4 BOTTOM GND|Pad U1-12(11.75mm,21.05mm) on L4 BOTTOM GND",0
TRACK,R29:VDiv,VDiv,Bottom Layer,13.025,20.125,13.025,20.725,0.2,,,"VDiv|Pad U1-10(11.75mm,19.75mm) on L4 BOTTOM GND|Pad U1-12(11.75mm,21.05mm) on L4 BOTTOM GND",0
TRACK,R29:VDiv,VDiv,Bottom Layer,13.025,20.725,12.725,21.025,0.2,,,"VDiv|Pad U1-10(11.75mm,19.75mm) on L4 BOTTOM GND|Pad U1-12(11.75mm,21.05mm) on L4 BOTTOM GND",0
TRACK,R29:VDiv,VDiv,Bottom Layer,12.725,21.025,12.575,21.025,0.2,,,"VDiv|Pad U1-10(11.75mm,19.75mm) on L4 BOTTOM GND|Pad U1-12(11.75mm,21.05mm) on L4 BOTTOM GND",0
TRACK,R30:VREF_A,VREF_A,Bottom Layer,16.625,19.825,16.425,19.825,0.2,,,"VREF_A|Pad U1-5(17.45mm,19.75mm) on L4 BOTTOM GND|Pad U1-3(17.45mm,21.05mm) on L4 BOTTOM GND",0
TRACK,R30:VREF_A,VREF_A,Bottom Layer,16.425,19.825,16.125,20.125,0.2,,,"VREF_A|Pad U1-5(17.45mm,19.75mm) on L4 BOTTOM GND|Pad U1-3(17.45mm,21.05mm) on L4 BOTTOM GND",0
TRACK,R30:VREF_A,VREF_A,Bottom Layer,16.125,20.125,16.125,20.725,0.2,,,"VREF_A|Pad U1-5(17.45mm,19.75mm) on L4 BOTTOM GND|Pad U1-3(17.45mm,21.05mm) on L4 BOTTOM GND",0
TRACK,R30:VREF_A,VREF_A,Bottom Layer,16.125,20.725,16.425,21.025,0.2,,,"VREF_A|Pad U1-5(17.45mm,19.75mm) on L4 BOTTOM GND|Pad U1-3(17.45mm,21.05mm) on L4 BOTTOM GND",0
TRACK,R30:VREF_A,VREF_A,Bottom Layer,16.425,21.025,16.625,21.025,0.2,,,"VREF_A|Pad U1-5(17.45mm,19.75mm) on L4 BOTTOM GND|Pad U1-3(17.45mm,21.05mm) on L4 BOTTOM GND",0
TRACK,R31:VREF_A,VREF_A,Bottom Layer,38.125,19.825,37.925,19.825,0.2,,,"VREF_A|Pad U2-12(38.95mm,19.75mm) on L4 BOTTOM GND|Pad U2-10(38.95mm,21.05mm) on L4 BOTTOM GND",0
TRACK,R31:VREF_A,VREF_A,Bottom Layer,37.925,19.825,37.625,20.125,0.2,,,"VREF_A|Pad U2-12(38.95mm,19.75mm) on L4 BOTTOM GND|Pad U2-10(38.95mm,21.05mm) on L4 BOTTOM GND",0
TRACK,R31:VREF_A,VREF_A,Bottom Layer,37.625,20.125,37.625,20.725,0.2,,,"VREF_A|Pad U2-12(38.95mm,19.75mm) on L4 BOTTOM GND|Pad U2-10(38.95mm,21.05mm) on L4 BOTTOM GND",0
TRACK,R31:VREF_A,VREF_A,Bottom Layer,37.625,20.725,37.925,21.025,0.2,,,"VREF_A|Pad U2-12(38.95mm,19.75mm) on L4 BOTTOM GND|Pad U2-10(38.95mm,21.05mm) on L4 BOTTOM GND",0
TRACK,R31:VREF_A,VREF_A,Bottom Layer,37.925,21.025,38.125,21.025,0.2,,,"VREF_A|Pad U2-12(38.95mm,19.75mm) on L4 BOTTOM GND|Pad U2-10(38.95mm,21.05mm) on L4 BOTTOM GND",0
TRACK,R32:VREF_A,VREF_A,Bottom Layer,34.075,19.825,34.225,19.825,0.2,,,"VREF_A|Pad U2-3(33.25mm,19.75mm) on L4 BOTTOM GND|Pad U2-5(33.25mm,21.05mm) on L4 BOTTOM GND",0
TRACK,R32:VREF_A,VREF_A,Bottom Layer,34.225,19.825,34.525,20.125,0.2,,,"VREF_A|Pad U2-3(33.25mm,19.75mm) on L4 BOTTOM GND|Pad U2-5(33.25mm,21.05mm) on L4 BOTTOM GND",0
TRACK,R32:VREF_A,VREF_A,Bottom Layer,34.525,20.125,34.525,20.725,0.2,,,"VREF_A|Pad U2-3(33.25mm,19.75mm) on L4 BOTTOM GND|Pad U2-5(33.25mm,21.05mm) on L4 BOTTOM GND",0
TRACK,R32:VREF_A,VREF_A,Bottom Layer,34.525,20.725,34.225,21.025,0.2,,,"VREF_A|Pad U2-3(33.25mm,19.75mm) on L4 BOTTOM GND|Pad U2-5(33.25mm,21.05mm) on L4 BOTTOM GND",0
TRACK,R32:VREF_A,VREF_A,Bottom Layer,34.225,21.025,34.075,21.025,0.2,,,"VREF_A|Pad U2-3(33.25mm,19.75mm) on L4 BOTTOM GND|Pad U2-5(33.25mm,21.05mm) on L4 BOTTOM GND",0
TRACK,R33:VREF_A,VREF_A,Bottom Layer,59.725,19.825,59.525,19.825,0.2,,,"VREF_A|Pad U3-12(60.55mm,19.75mm) on L4 BOTTOM GND|Pad U3-10(60.55mm,21.05mm) on L4 BOTTOM GND",0
TRACK,R33:VREF_A,VREF_A,Bottom Layer,59.525,19.825,59.225,20.125,0.2,,,"VREF_A|Pad U3-12(60.55mm,19.75mm) on L4 BOTTOM GND|Pad U3-10(60.55mm,21.05mm) on L4 BOTTOM GND",0
TRACK,R33:VREF_A,VREF_A,Bottom Layer,59.225,20.125,59.225,20.725,0.2,,,"VREF_A|Pad U3-12(60.55mm,19.75mm) on L4 BOTTOM GND|Pad U3-10(60.55mm,21.05mm) on L4 BOTTOM GND",0
TRACK,R33:VREF_A,VREF_A,Bottom Layer,59.225,20.725,59.525,21.025,0.2,,,"VREF_A|Pad U3-12(60.55mm,19.75mm) on L4 BOTTOM GND|Pad U3-10(60.55mm,21.05mm) on L4 BOTTOM GND",0
TRACK,R33:VREF_A,VREF_A,Bottom Layer,59.525,21.025,59.725,21.025,0.2,,,"VREF_A|Pad U3-12(60.55mm,19.75mm) on L4 BOTTOM GND|Pad U3-10(60.55mm,21.05mm) on L4 BOTTOM GND",0
TRACK,R34:VREF_A,VREF_A,Bottom Layer,55.675,19.825,55.825,19.825,0.2,,,"VREF_A|Pad U3-3(54.85mm,19.75mm) on L4 BOTTOM GND|Pad U3-5(54.85mm,21.05mm) on L4 BOTTOM GND",0
TRACK,R34:VREF_A,VREF_A,Bottom Layer,55.825,19.825,56.125,20.125,0.2,,,"VREF_A|Pad U3-3(54.85mm,19.75mm) on L4 BOTTOM GND|Pad U3-5(54.85mm,21.05mm) on L4 BOTTOM GND",0
TRACK,R34:VREF_A,VREF_A,Bottom Layer,56.125,20.125,56.125,20.725,0.2,,,"VREF_A|Pad U3-3(54.85mm,19.75mm) on L4 BOTTOM GND|Pad U3-5(54.85mm,21.05mm) on L4 BOTTOM GND",0
TRACK,R34:VREF_A,VREF_A,Bottom Layer,56.125,20.725,55.825,21.025,0.2,,,"VREF_A|Pad U3-3(54.85mm,19.75mm) on L4 BOTTOM GND|Pad U3-5(54.85mm,21.05mm) on L4 BOTTOM GND",0
TRACK,R34:VREF_A,VREF_A,Bottom Layer,55.825,21.025,55.675,21.025,0.2,,,"VREF_A|Pad U3-3(54.85mm,19.75mm) on L4 BOTTOM GND|Pad U3-5(54.85mm,21.05mm) on L4 BOTTOM GND",0
TRACK,R35:ADC_EMG4,ADC_EMG4,Top Layer,50.525,25.675,50.925,25.675,0.2,,,"ADC_EMG4|Pad R_ADC4-2(50.315mm,25.4mm) on L1 TOP|Pad C_ADC4-1(51.68mm,25.877mm) on L1 TOP",0
TRACK,R35:ADC_EMG4,ADC_EMG4,Top Layer,50.925,25.675,51.2745,26.0245,0.2,,,"ADC_EMG4|Pad R_ADC4-2(50.315mm,25.4mm) on L1 TOP|Pad C_ADC4-1(51.68mm,25.877mm) on L1 TOP",0
TRACK,R35:ADC_EMG4,ADC_EMG4,Top Layer,51.2745,26.0245,51.325,26.075,0.2,,,"ADC_EMG4|Pad R_ADC4-2(50.315mm,25.4mm) on L1 TOP|Pad C_ADC4-1(51.68mm,25.877mm) on L1 TOP",0
TRACK,R36:VOUT_2,VOUT_2,Bottom Layer,32.075,18.425,32.425,18.425,0.2,,,"VOUT_2|Pad RG_2-2(31.8mm,18.35mm) on L4 BOTTOM GND|Pad U2-1(33.25mm,18.45mm) on L4 BOTTOM GND",0
TRACK,R37:VOUT_4,VOUT_4,Bottom Layer,53.675,18.425,54.025,18.425,0.2,,,"VOUT_4|Pad RG_4-2(53.4mm,18.35mm) on L4 BOTTOM GND|Pad U3-1(54.85mm,18.45mm) on L4 BOTTOM GND",0
TRACK,R38:NetCH_2_2,NetCH_2_2,Bottom Layer,32.075,19.125,32.425,19.125,0.2,,,"NetCH_2_2|Pad RG_2-1(31.8mm,19.35mm) on L4 BOTTOM GND|Pad U2-2(33.25mm,19.1mm) on L4 BOTTOM GND",0
TRACK,R39:NetCH_4_2,NetCH_4_2,Bottom Layer,53.675,19.125,54.025,19.125,0.2,,,"NetCH_4_2|Pad RG_4-1(53.4mm,19.35mm) on L4 BOTTOM GND|Pad U3-2(54.85mm,19.1mm) on L4 BOTTOM GND",0
TRACK,R41:NetCH_4_2,NetCH_4_2,Bottom Layer,51.925,18.175,51.925,17.725,0.2,,,"NetCH_4_2|Pad CH_4-2(52.2mm,18.418mm) on L4 BOTTOM GND|Pad RG_4-1(53.4mm,19.35mm) on L4 BOTTOM GND",0
TRACK,R41:NetCH_4_2,NetCH_4_2,Top Layer,51.925,17.725,52.325,17.325,0.2,,,"NetCH_4_2|Pad CH_4-2(52.2mm,18.418mm) on L4 BOTTOM GND|Pad RG_4-1(53.4mm,19.35mm) on L4 BOTTOM GND",0
TRACK,R41:NetCH_4_2,NetCH_4_2,Top Layer,52.325,17.325,52.325,17.275,0.2,,,"NetCH_4_2|Pad CH_4-2(52.2mm,18.418mm) on L4 BOTTOM GND|Pad RG_4-1(53.4mm,19.35mm) on L4 BOTTOM GND",0
TRACK,R41:NetCH_4_2,NetCH_4_2,Top Layer,52.325,17.275,52.625,16.975,0.2,,,"NetCH_4_2|Pad CH_4-2(52.2mm,18.418mm) on L4 BOTTOM GND|Pad RG_4-1(53.4mm,19.35mm) on L4 BOTTOM GND",0
TRACK,R41:NetCH_4_2,NetCH_4_2,Top Layer,52.625,16.975,53.575,16.975,0.2,,,"NetCH_4_2|Pad CH_4-2(52.2mm,18.418mm) on L4 BOTTOM GND|Pad RG_4-1(53.4mm,19.35mm) on L4 BOTTOM GND",0
TRACK,R41:NetCH_4_2,NetCH_4_2,Top Layer,53.575,16.975,56.125,19.525,0.2,,,"NetCH_4_2|Pad CH_4-2(52.2mm,18.418mm) on L4 BOTTOM GND|Pad RG_4-1(53.4mm,19.35mm) on L4 BOTTOM GND",0
TRACK,R41:NetCH_4_2,NetCH_4_2,Top Layer,56.125,19.525,56.525,19.525,0.2,,,"NetCH_4_2|Pad CH_4-2(52.2mm,18.418mm) on L4 BOTTOM GND|Pad RG_4-1(53.4mm,19.35mm) on L4 BOTTOM GND",0
TRACK,R41:NetCH_4_2,NetCH_4_2,Bottom Layer,56.525,19.525,56.275,19.525,0.2,,,"NetCH_4_2|Pad CH_4-2(52.2mm,18.418mm) on L4 BOTTOM GND|Pad RG_4-1(53.4mm,19.35mm) on L4 BOTTOM GND",0
TRACK,R41:NetCH_4_2,NetCH_4_2,Bottom Layer,56.275,19.525,55.925,19.175,0.2,,,"NetCH_4_2|Pad CH_4-2(52.2mm,18.418mm) on L4 BOTTOM GND|Pad RG_4-1(53.4mm,19.35mm) on L4 BOTTOM GND",0
TRACK,R41:NetCH_4_2,NetCH_4_2,Bottom Layer,55.925,19.175,55.675,19.175,0.2,,,"NetCH_4_2|Pad CH_4-2(52.2mm,18.418mm) on L4 BOTTOM GND|Pad RG_4-1(53.4mm,19.35mm) on L4 BOTTOM GND",0
VIA,R41:NetCH_4_2,NetCH_4_2,Multi Layer,51.925,17.725,,,,0.6,0.3,"NetCH_4_2|Pad CH_4-2(52.2mm,18.418mm) on L4 BOTTOM GND|Pad RG_4-1(53.4mm,19.35mm) on L4 BOTTOM GND",0
VIA,R41:NetCH_4_2,NetCH_4_2,Multi Layer,56.525,19.525,,,,0.6,0.3,"NetCH_4_2|Pad CH_4-2(52.2mm,18.418mm) on L4 BOTTOM GND|Pad RG_4-1(53.4mm,19.35mm) on L4 BOTTOM GND",0
TRACK,R43:NetCH_2_2,NetCH_2_2,Bottom Layer,30.325,18.175,30.325,17.725,0.2,,,"NetCH_2_2|Pad CH_2-2(30.6mm,18.418mm) on L4 BOTTOM GND|Pad RG_2-1(31.8mm,19.35mm) on L4 BOTTOM GND",0
TRACK,R43:NetCH_2_2,NetCH_2_2,Top Layer,30.325,17.725,30.725,17.325,0.2,,,"NetCH_2_2|Pad CH_2-2(30.6mm,18.418mm) on L4 BOTTOM GND|Pad RG_2-1(31.8mm,19.35mm) on L4 BOTTOM GND",0
TRACK,R43:NetCH_2_2,NetCH_2_2,Top Layer,30.725,17.325,30.725,17.275,0.2,,,"NetCH_2_2|Pad CH_2-2(30.6mm,18.418mm) on L4 BOTTOM GND|Pad RG_2-1(31.8mm,19.35mm) on L4 BOTTOM GND",0
TRACK,R43:NetCH_2_2,NetCH_2_2,Top Layer,30.725,17.275,31.025,16.975,0.2,,,"NetCH_2_2|Pad CH_2-2(30.6mm,18.418mm) on L4 BOTTOM GND|Pad RG_2-1(31.8mm,19.35mm) on L4 BOTTOM GND",0
TRACK,R43:NetCH_2_2,NetCH_2_2,Top Layer,31.025,16.975,31.975,16.975,0.2,,,"NetCH_2_2|Pad CH_2-2(30.6mm,18.418mm) on L4 BOTTOM GND|Pad RG_2-1(31.8mm,19.35mm) on L4 BOTTOM GND",0
TRACK,R43:NetCH_2_2,NetCH_2_2,Top Layer,31.975,16.975,34.525,19.525,0.2,,,"NetCH_2_2|Pad CH_2-2(30.6mm,18.418mm) on L4 BOTTOM GND|Pad RG_2-1(31.8mm,19.35mm) on L4 BOTTOM GND",0
TRACK,R43:NetCH_2_2,NetCH_2_2,Top Layer,34.525,19.525,34.925,19.525,0.2,,,"NetCH_2_2|Pad CH_2-2(30.6mm,18.418mm) on L4 BOTTOM GND|Pad RG_2-1(31.8mm,19.35mm) on L4 BOTTOM GND",0
TRACK,R43:NetCH_2_2,NetCH_2_2,Bottom Layer,34.925,19.525,34.675,19.525,0.2,,,"NetCH_2_2|Pad CH_2-2(30.6mm,18.418mm) on L4 BOTTOM GND|Pad RG_2-1(31.8mm,19.35mm) on L4 BOTTOM GND",0
TRACK,R43:NetCH_2_2,NetCH_2_2,Bottom Layer,34.675,19.525,34.325,19.175,0.2,,,"NetCH_2_2|Pad CH_2-2(30.6mm,18.418mm) on L4 BOTTOM GND|Pad RG_2-1(31.8mm,19.35mm) on L4 BOTTOM GND",0
TRACK,R43:NetCH_2_2,NetCH_2_2,Bottom Layer,34.325,19.175,34.075,19.175,0.2,,,"NetCH_2_2|Pad CH_2-2(30.6mm,18.418mm) on L4 BOTTOM GND|Pad RG_2-1(31.8mm,19.35mm) on L4 BOTTOM GND",0
VIA,R43:NetCH_2_2,NetCH_2_2,Multi Layer,30.325,17.725,,,,0.6,0.3,"NetCH_2_2|Pad CH_2-2(30.6mm,18.418mm) on L4 BOTTOM GND|Pad RG_2-1(31.8mm,19.35mm) on L4 BOTTOM GND",0
VIA,R43:NetCH_2_2,NetCH_2_2,Multi Layer,34.925,19.525,,,,0.6,0.3,"NetCH_2_2|Pad CH_2-2(30.6mm,18.418mm) on L4 BOTTOM GND|Pad RG_2-1(31.8mm,19.35mm) on L4 BOTTOM GND",0
TRACK,R44:NetCH_1_2,NetCH_1_2,Bottom Layer,19.025,22.675,19.025,23.175,0.2,,,"NetCH_1_2|Pad RG_1-1(18.9mm,22.45mm) on L4 BOTTOM GND|Pad CH_1-2(20.1mm,21.518mm) on L4 BOTTOM GND",0
TRACK,R44:NetCH_1_2,NetCH_1_2,Top Layer,19.025,23.175,20.925,23.175,0.2,,,"NetCH_1_2|Pad RG_1-1(18.9mm,22.45mm) on L4 BOTTOM GND|Pad CH_1-2(20.1mm,21.518mm) on L4 BOTTOM GND",0
TRACK,R44:NetCH_1_2,NetCH_1_2,Top Layer,20.925,23.175,21.275,22.825,0.2,,,"NetCH_1_2|Pad RG_1-1(18.9mm,22.45mm) on L4 BOTTOM GND|Pad CH_1-2(20.1mm,21.518mm) on L4 BOTTOM GND",0
TRACK,R44:NetCH_1_2,NetCH_1_2,Top Layer,21.275,22.825,21.275,21.625,0.2,,,"NetCH_1_2|Pad RG_1-1(18.9mm,22.45mm) on L4 BOTTOM GND|Pad CH_1-2(20.1mm,21.518mm) on L4 BOTTOM GND",0
TRACK,R44:NetCH_1_2,NetCH_1_2,Top Layer,21.275,21.625,21.125,21.475,0.2,,,"NetCH_1_2|Pad RG_1-1(18.9mm,22.45mm) on L4 BOTTOM GND|Pad CH_1-2(20.1mm,21.518mm) on L4 BOTTOM GND",0
TRACK,R44:NetCH_1_2,NetCH_1_2,Bottom Layer,21.125,21.475,20.375,21.475,0.2,,,"NetCH_1_2|Pad RG_1-1(18.9mm,22.45mm) on L4 BOTTOM GND|Pad CH_1-2(20.1mm,21.518mm) on L4 BOTTOM GND",0
VIA,R44:NetCH_1_2,NetCH_1_2,Multi Layer,19.025,23.175,,,,0.6,0.3,"NetCH_1_2|Pad RG_1-1(18.9mm,22.45mm) on L4 BOTTOM GND|Pad CH_1-2(20.1mm,21.518mm) on L4 BOTTOM GND",0
VIA,R44:NetCH_1_2,NetCH_1_2,Multi Layer,21.125,21.475,,,,0.6,0.3,"NetCH_1_2|Pad RG_1-1(18.9mm,22.45mm) on L4 BOTTOM GND|Pad CH_1-2(20.1mm,21.518mm) on L4 BOTTOM GND",0
TRACK,R45:NetCH_3_2,NetCH_3_2,Bottom Layer,40.675,22.675,40.875,22.875,0.2,,,"NetCH_3_2|Pad RG_3-1(40.4mm,22.45mm) on L4 BOTTOM GND|Pad CH_3-2(41.6mm,21.518mm) on L4 BOTTOM GND",0
TRACK,R45:NetCH_3_2,NetCH_3_2,Bottom Layer,40.875,22.875,40.875,22.925,0.2,,,"NetCH_3_2|Pad RG_3-1(40.4mm,22.45mm) on L4 BOTTOM GND|Pad CH_3-2(41.6mm,21.518mm) on L4 BOTTOM GND",0
TRACK,R45:NetCH_3_2,NetCH_3_2,Bottom Layer,40.875,22.925,41.075,23.125,0.2,,,"NetCH_3_2|Pad RG_3-1(40.4mm,22.45mm) on L4 BOTTOM GND|Pad CH_3-2(41.6mm,21.518mm) on L4 BOTTOM GND",0
TRACK,R45:NetCH_3_2,NetCH_3_2,Bottom Layer,41.075,23.125,42.075,23.125,0.2,,,"NetCH_3_2|Pad RG_3-1(40.4mm,22.45mm) on L4 BOTTOM GND|Pad CH_3-2(41.6mm,21.518mm) on L4 BOTTOM GND",0
TRACK,R45:NetCH_3_2,NetCH_3_2,Bottom Layer,42.075,23.125,42.325,22.875,0.2,,,"NetCH_3_2|Pad RG_3-1(40.4mm,22.45mm) on L4 BOTTOM GND|Pad CH_3-2(41.6mm,21.518mm) on L4 BOTTOM GND",0
TRACK,R45:NetCH_3_2,NetCH_3_2,Bottom Layer,42.325,22.875,42.325,21.925,0.2,,,"NetCH_3_2|Pad RG_3-1(40.4mm,22.45mm) on L4 BOTTOM GND|Pad CH_3-2(41.6mm,21.518mm) on L4 BOTTOM GND",0
TRACK,R45:NetCH_3_2,NetCH_3_2,Bottom Layer,42.325,21.925,42.075,21.675,0.2,,,"NetCH_3_2|Pad RG_3-1(40.4mm,22.45mm) on L4 BOTTOM GND|Pad CH_3-2(41.6mm,21.518mm) on L4 BOTTOM GND",0
TRACK,R45:NetCH_3_2,NetCH_3_2,Bottom Layer,42.075,21.675,41.875,21.675,0.2,,,"NetCH_3_2|Pad RG_3-1(40.4mm,22.45mm) on L4 BOTTOM GND|Pad CH_3-2(41.6mm,21.518mm) on L4 BOTTOM GND",0
TRACK,R46:NetCH_5_2,NetCH_5_2,Bottom Layer,62.275,22.675,62.475,22.875,0.2,,,"NetCH_5_2|Pad RG_5-1(62mm,22.45mm) on L4 BOTTOM GND|Pad CH_5-2(63.2mm,21.518mm) on L4 BOTTOM GND",0
TRACK,R46:NetCH_5_2,NetCH_5_2,Bottom Layer,62.475,22.875,62.475,22.925,0.2,,,"NetCH_5_2|Pad RG_5-1(62mm,22.45mm) on L4 BOTTOM GND|Pad CH_5-2(63.2mm,21.518mm) on L4 BOTTOM GND",0
TRACK,R46:NetCH_5_2,NetCH_5_2,Bottom Layer,62.475,22.925,62.675,23.125,0.2,,,"NetCH_5_2|Pad RG_5-1(62mm,22.45mm) on L4 BOTTOM GND|Pad CH_5-2(63.2mm,21.518mm) on L4 BOTTOM GND",0
TRACK,R46:NetCH_5_2,NetCH_5_2,Bottom Layer,62.675,23.125,63.675,23.125,0.2,,,"NetCH_5_2|Pad RG_5-1(62mm,22.45mm) on L4 BOTTOM GND|Pad CH_5-2(63.2mm,21.518mm) on L4 BOTTOM GND",0
TRACK,R46:NetCH_5_2,NetCH_5_2,Bottom Layer,63.675,23.125,63.925,22.875,0.2,,,"NetCH_5_2|Pad RG_5-1(62mm,22.45mm) on L4 BOTTOM GND|Pad CH_5-2(63.2mm,21.518mm) on L4 BOTTOM GND",0
TRACK,R46:NetCH_5_2,NetCH_5_2,Bottom Layer,63.925,22.875,63.925,21.925,0.2,,,"NetCH_5_2|Pad RG_5-1(62mm,22.45mm) on L4 BOTTOM GND|Pad CH_5-2(63.2mm,21.518mm) on L4 BOTTOM GND",0
TRACK,R46:NetCH_5_2,NetCH_5_2,Bottom Layer,63.925,21.925,63.675,21.675,0.2,,,"NetCH_5_2|Pad RG_5-1(62mm,22.45mm) on L4 BOTTOM GND|Pad CH_5-2(63.2mm,21.518mm) on L4 BOTTOM GND",0
TRACK,R46:NetCH_5_2,NetCH_5_2,Bottom Layer,63.675,21.675,63.475,21.675,0.2,,,"NetCH_5_2|Pad RG_5-1(62mm,22.45mm) on L4 BOTTOM GND|Pad CH_5-2(63.2mm,21.518mm) on L4 BOTTOM GND",0
TRACK,R47:VOUT_1,VOUT_1,Bottom Layer,19.175,21.225,19.875,20.525,0.15,,,"VOUT_1|Pad RG_1-2(18.9mm,21.45mm) on L4 BOTTOM GND|Pad CH_1-1(20.1mm,22.382mm) on L4 BOTTOM GND",0
TRACK,R47:VOUT_1,VOUT_1,Bottom Layer,19.875,20.525,21.975,20.525,0.15,,,"VOUT_1|Pad RG_1-2(18.9mm,21.45mm) on L4 BOTTOM GND|Pad CH_1-1(20.1mm,22.382mm) on L4 BOTTOM GND",0
TRACK,R47:VOUT_1,VOUT_1,Bottom Layer,21.975,20.525,22.375,20.125,0.15,,,"VOUT_1|Pad RG_1-2(18.9mm,21.45mm) on L4 BOTTOM GND|Pad CH_1-1(20.1mm,22.382mm) on L4 BOTTOM GND",0
TRACK,R47:VOUT_1,VOUT_1,Top Layer,22.375,20.125,22.275,20.225,0.15,,,"VOUT_1|Pad RG_1-2(18.9mm,21.45mm) on L4 BOTTOM GND|Pad CH_1-1(20.1mm,22.382mm) on L4 BOTTOM GND",0
TRACK,R47:VOUT_1,VOUT_1,Top Layer,22.275,20.225,22.275,22.775,0.15,,,"VOUT_1|Pad RG_1-2(18.9mm,21.45mm) on L4 BOTTOM GND|Pad CH_1-1(20.1mm,22.382mm) on L4 BOTTOM GND",0
TRACK,R47:VOUT_1,VOUT_1,Top Layer,22.275,22.775,21.575,23.475,0.15,,,"VOUT_1|Pad RG_1-2(18.9mm,21.45mm) on L4 BOTTOM GND|Pad CH_1-1(20.1mm,22.382mm) on L4 BOTTOM GND",0
TRACK,R47:VOUT_1,VOUT_1,Bottom Layer,21.575,23.475,21.225,23.475,0.15,,,"VOUT_1|Pad RG_1-2(18.9mm,21.45mm) on L4 BOTTOM GND|Pad CH_1-1(20.1mm,22.382mm) on L4 BOTTOM GND",0
TRACK,R47:VOUT_1,VOUT_1,Bottom Layer,21.225,23.475,20.375,22.625,0.15,,,"VOUT_1|Pad RG_1-2(18.9mm,21.45mm) on L4 BOTTOM GND|Pad CH_1-1(20.1mm,22.382mm) on L4 BOTTOM GND",0
VIA,R47:VOUT_1,VOUT_1,Multi Layer,22.375,20.125,,,,0.45,0.2,"VOUT_1|Pad RG_1-2(18.9mm,21.45mm) on L4 BOTTOM GND|Pad CH_1-1(20.1mm,22.382mm) on L4 BOTTOM GND",0
VIA,R47:VOUT_1,VOUT_1,Multi Layer,21.575,23.475,,,,0.45,0.2,"VOUT_1|Pad RG_1-2(18.9mm,21.45mm) on L4 BOTTOM GND|Pad CH_1-1(20.1mm,22.382mm) on L4 BOTTOM GND",0
TRACK,R50:NetINA4_7,NetINA4_7,Top Layer,50.775,21.075,50.775,21.325,0.2,,,"NetINA4_7|Pad INA4-7(50.775mm,20.55mm) on L1 TOP|Pad RL_4-1(51.8mm,21.7mm) on L1 TOP",0
TRACK,R50:NetINA4_7,NetINA4_7,Top Layer,50.775,21.325,51.125,21.675,0.2,,,"NetINA4_7|Pad INA4-7(50.775mm,20.55mm) on L1 TOP|Pad RL_4-1(51.8mm,21.7mm) on L1 TOP",0
TRACK,R50:NetINA4_7,NetINA4_7,Top Layer,51.125,21.675,51.575,21.675,0.2,,,"NetINA4_7|Pad INA4-7(50.775mm,20.55mm) on L1 TOP|Pad RL_4-1(51.8mm,21.7mm) on L1 TOP",0
TRACK,R51:NetCH_3_2,NetCH_3_2,Bottom Layer,38.125,21.775,37.625,21.775,0.2,,,"NetCH_3_2|Pad U2-9(38.95mm,21.7mm) on L4 BOTTOM GND|Pad RG_3-1(40.4mm,22.45mm) on L4 BOTTOM GND",0
TRACK,R51:NetCH_3_2,NetCH_3_2,Top Layer,37.625,21.775,37.825,21.775,0.2,,,"NetCH_3_2|Pad U2-9(38.95mm,21.7mm) on L4 BOTTOM GND|Pad RG_3-1(40.4mm,22.45mm) on L4 BOTTOM GND",0
TRACK,R51:NetCH_3_2,NetCH_3_2,Top Layer,37.825,21.775,39.325,23.275,0.2,,,"NetCH_3_2|Pad U2-9(38.95mm,21.7mm) on L4 BOTTOM GND|Pad RG_3-1(40.4mm,22.45mm) on L4 BOTTOM GND",0
TRACK,R51:NetCH_3_2,NetCH_3_2,Top Layer,39.325,23.275,40.975,23.275,0.2,,,"NetCH_3_2|Pad U2-9(38.95mm,21.7mm) on L4 BOTTOM GND|Pad RG_3-1(40.4mm,22.45mm) on L4 BOTTOM GND",0
TRACK,R51:NetCH_3_2,NetCH_3_2,Bottom Layer,40.975,23.275,40.975,23.225,0.2,,,"NetCH_3_2|Pad U2-9(38.95mm,21.7mm) on L4 BOTTOM GND|Pad RG_3-1(40.4mm,22.45mm) on L4 BOTTOM GND",0
VIA,R51:NetCH_3_2,NetCH_3_2,Multi Layer,37.625,21.775,,,,0.6,0.3,"NetCH_3_2|Pad U2-9(38.95mm,21.7mm) on L4 BOTTOM GND|Pad RG_3-1(40.4mm,22.45mm) on L4 BOTTOM GND",0
VIA,R51:NetCH_3_2,NetCH_3_2,Multi Layer,40.975,23.275,,,,0.6,0.3,"NetCH_3_2|Pad U2-9(38.95mm,21.7mm) on L4 BOTTOM GND|Pad RG_3-1(40.4mm,22.45mm) on L4 BOTTOM GND",0
TRACK,R52:NetCH_1_2,NetCH_1_2,Bottom Layer,16.625,21.775,16.125,21.775,0.2,,,"NetCH_1_2|Pad U1-2(17.45mm,21.7mm) on L4 BOTTOM GND|Pad RG_1-1(18.9mm,22.45mm) on L4 BOTTOM GND",0
TRACK,R52:NetCH_1_2,NetCH_1_2,Top Layer,16.125,21.775,16.225,21.775,0.2,,,"NetCH_1_2|Pad U1-2(17.45mm,21.7mm) on L4 BOTTOM GND|Pad RG_1-1(18.9mm,22.45mm) on L4 BOTTOM GND",0
TRACK,R52:NetCH_1_2,NetCH_1_2,Top Layer,16.225,21.775,17.375,22.925,0.2,,,"NetCH_1_2|Pad U1-2(17.45mm,21.7mm) on L4 BOTTOM GND|Pad RG_1-1(18.9mm,22.45mm) on L4 BOTTOM GND",0
TRACK,R52:NetCH_1_2,NetCH_1_2,Top Layer,17.375,22.925,18.875,22.925,0.2,,,"NetCH_1_2|Pad U1-2(17.45mm,21.7mm) on L4 BOTTOM GND|Pad RG_1-1(18.9mm,22.45mm) on L4 BOTTOM GND",0
VIA,R52:NetCH_1_2,NetCH_1_2,Multi Layer,16.125,21.775,,,,0.6,0.3,"NetCH_1_2|Pad U1-2(17.45mm,21.7mm) on L4 BOTTOM GND|Pad RG_1-1(18.9mm,22.45mm) on L4 BOTTOM GND",0
TRACK,R53:NetCH_5_2,NetCH_5_2,Bottom Layer,59.725,21.775,59.225,21.775,0.2,,,"NetCH_5_2|Pad U3-9(60.55mm,21.7mm) on L4 BOTTOM GND|Pad RG_5-1(62mm,22.45mm) on L4 BOTTOM GND",0
TRACK,R53:NetCH_5_2,NetCH_5_2,Top Layer,59.225,21.775,59.425,21.775,0.2,,,"NetCH_5_2|Pad U3-9(60.55mm,21.7mm) on L4 BOTTOM GND|Pad RG_5-1(62mm,22.45mm) on L4 BOTTOM GND",0
TRACK,R53:NetCH_5_2,NetCH_5_2,Top Layer,59.425,21.775,60.925,23.275,0.2,,,"NetCH_5_2|Pad U3-9(60.55mm,21.7mm) on L4 BOTTOM GND|Pad RG_5-1(62mm,22.45mm) on L4 BOTTOM GND",0
TRACK,R53:NetCH_5_2,NetCH_5_2,Top Layer,60.925,23.275,62.575,23.275,0.2,,,"NetCH_5_2|Pad U3-9(60.55mm,21.7mm) on L4 BOTTOM GND|Pad RG_5-1(62mm,22.45mm) on L4 BOTTOM GND",0
TRACK,R53:NetCH_5_2,NetCH_5_2,Bottom Layer,62.575,23.275,62.575,23.225,0.2,,,"NetCH_5_2|Pad U3-9(60.55mm,21.7mm) on L4 BOTTOM GND|Pad RG_5-1(62mm,22.45mm) on L4 BOTTOM GND",0
VIA,R53:NetCH_5_2,NetCH_5_2,Multi Layer,59.225,21.775,,,,0.6,0.3,"NetCH_5_2|Pad U3-9(60.55mm,21.7mm) on L4 BOTTOM GND|Pad RG_5-1(62mm,22.45mm) on L4 BOTTOM GND",0
VIA,R53:NetCH_5_2,NetCH_5_2,Multi Layer,62.575,23.275,,,,0.6,0.3,"NetCH_5_2|Pad U3-9(60.55mm,21.7mm) on L4 BOTTOM GND|Pad RG_5-1(62mm,22.45mm) on L4 BOTTOM GND",0
TRACK,R54:VREF_B_SRC,VREF_B_SRC,Bottom Layer,12.575,21.725,13.025,21.725,0.2,,,"VREF_B_SRC|Pad U1-13(11.75mm,21.7mm) on L4 BOTTOM GND|Pad Free-TP_VREF_B_SRC(12.5mm,20.2mm) on L1 TOP",0
TRACK,R54:VREF_B_SRC,VREF_B_SRC,Top Layer,13.025,21.725,13.025,21.025,0.2,,,"VREF_B_SRC|Pad U1-13(11.75mm,21.7mm) on L4 BOTTOM GND|Pad Free-TP_VREF_B_SRC(12.5mm,20.2mm) on L1 TOP",0
TRACK,R54:VREF_B_SRC,VREF_B_SRC,Top Layer,13.025,21.025,12.675,20.675,0.2,,,"VREF_B_SRC|Pad U1-13(11.75mm,21.7mm) on L4 BOTTOM GND|Pad Free-TP_VREF_B_SRC(12.5mm,20.2mm) on L1 TOP",0
VIA,R54:VREF_B_SRC,VREF_B_SRC,Multi Layer,13.025,21.725,,,,0.6,0.3,"VREF_B_SRC|Pad U1-13(11.75mm,21.7mm) on L4 BOTTOM GND|Pad Free-TP_VREF_B_SRC(12.5mm,20.2mm) on L1 TOP",0
TRACK,R55:ADC_EMG2,ADC_EMG2,Top Layer,49.325,28.975,51.175,28.975,0.2,,,"ADC_EMG2|Pad R_ADC2-2(49.08mm,28.885mm) on L1 TOP|Pad U_MCU1-24(50.342mm,30mm) on L1 TOP [Unplated]",0
TRACK,R55:ADC_EMG2,ADC_EMG2,Top Layer,51.175,28.975,51.425,29.225,0.2,,,"ADC_EMG2|Pad R_ADC2-2(49.08mm,28.885mm) on L1 TOP|Pad U_MCU1-24(50.342mm,30mm) on L1 TOP [Unplated]",0
TRACK,R55:ADC_EMG2,ADC_EMG2,Top Layer,51.425,29.225,51.425,29.825,0.2,,,"ADC_EMG2|Pad R_ADC2-2(49.08mm,28.885mm) on L1 TOP|Pad U_MCU1-24(50.342mm,30mm) on L1 TOP [Unplated]",0
TRACK,R55:ADC_EMG2,ADC_EMG2,Top Layer,51.425,29.825,51.225,30.025,0.2,,,"ADC_EMG2|Pad R_ADC2-2(49.08mm,28.885mm) on L1 TOP|Pad U_MCU1-24(50.342mm,30mm) on L1 TOP [Unplated]",0
TRACK,R55:ADC_EMG2,ADC_EMG2,Top Layer,51.225,30.025,51.025,30.025,0.2,,,"ADC_EMG2|Pad R_ADC2-2(49.08mm,28.885mm) on L1 TOP|Pad U_MCU1-24(50.342mm,30mm) on L1 TOP [Unplated]",0
TRACK,R56:VREF_B_SRC,VREF_B_SRC,Bottom Layer,13.925,15.175,14.225,15.175,0.2,,,"VREF_B_SRC|Pad R_ref-2(13.7mm,15.4mm) on L4 BOTTOM GND|Pad U_DRL1-3(14.75mm,14.08mm) on L4 BOTTOM GND",0
TRACK,R56:VREF_B_SRC,VREF_B_SRC,Bottom Layer,14.225,15.175,14.475,14.925,0.2,,,"VREF_B_SRC|Pad R_ref-2(13.7mm,15.4mm) on L4 BOTTOM GND|Pad U_DRL1-3(14.75mm,14.08mm) on L4 BOTTOM GND",0
TRACK,R56:VREF_B_SRC,VREF_B_SRC,Bottom Layer,14.475,14.925,14.475,14.625,0.2,,,"VREF_B_SRC|Pad R_ref-2(13.7mm,15.4mm) on L4 BOTTOM GND|Pad U_DRL1-3(14.75mm,14.08mm) on L4 BOTTOM GND",0
TRACK,R57:VOUT_3,VOUT_3,Bottom Layer,38.125,22.475,37.775,22.825,0.2,,,"VOUT_3|Pad U2-8(38.95mm,22.35mm) on L4 BOTTOM GND|Pad RG_3-2(40.4mm,21.45mm) on L4 BOTTOM GND",0
TRACK,R57:VOUT_3,VOUT_3,Top Layer,37.775,22.825,37.525,22.825,0.2,,,"VOUT_3|Pad U2-8(38.95mm,22.35mm) on L4 BOTTOM GND|Pad RG_3-2(40.4mm,21.45mm) on L4 BOTTOM GND",0
TRACK,R57:VOUT_3,VOUT_3,Top Layer,37.525,22.825,36.875,22.175,0.2,,,"VOUT_3|Pad U2-8(38.95mm,22.35mm) on L4 BOTTOM GND|Pad RG_3-2(40.4mm,21.45mm) on L4 BOTTOM GND",0
TRACK,R57:VOUT_3,VOUT_3,Top Layer,36.875,22.175,36.875,21.425,0.2,,,"VOUT_3|Pad U2-8(38.95mm,22.35mm) on L4 BOTTOM GND|Pad RG_3-2(40.4mm,21.45mm) on L4 BOTTOM GND",0
TRACK,R57:VOUT_3,VOUT_3,Top Layer,36.875,21.425,38.925,19.375,0.2,,,"VOUT_3|Pad U2-8(38.95mm,22.35mm) on L4 BOTTOM GND|Pad RG_3-2(40.4mm,21.45mm) on L4 BOTTOM GND",0
TRACK,R57:VOUT_3,VOUT_3,Top Layer,38.925,19.375,40.375,19.375,0.2,,,"VOUT_3|Pad U2-8(38.95mm,22.35mm) on L4 BOTTOM GND|Pad RG_3-2(40.4mm,21.45mm) on L4 BOTTOM GND",0
TRACK,R57:VOUT_3,VOUT_3,Bottom Layer,40.375,19.375,40.375,21.225,0.2,,,"VOUT_3|Pad U2-8(38.95mm,22.35mm) on L4 BOTTOM GND|Pad RG_3-2(40.4mm,21.45mm) on L4 BOTTOM GND",0
VIA,R57:VOUT_3,VOUT_3,Multi Layer,37.775,22.825,,,,0.6,0.3,"VOUT_3|Pad U2-8(38.95mm,22.35mm) on L4 BOTTOM GND|Pad RG_3-2(40.4mm,21.45mm) on L4 BOTTOM GND",0
VIA,R57:VOUT_3,VOUT_3,Multi Layer,40.375,19.375,,,,0.6,0.3,"VOUT_3|Pad U2-8(38.95mm,22.35mm) on L4 BOTTOM GND|Pad RG_3-2(40.4mm,21.45mm) on L4 BOTTOM GND",0
TRACK,R58:VOUT_1,VOUT_1,Bottom Layer,18.125,22.525,18.125,23.725,0.2,,,"VOUT_1|Pad U1-1(17.45mm,22.35mm) on L4 BOTTOM GND|Pad RG_1-2(18.9mm,21.45mm) on L4 BOTTOM GND",0
TRACK,R58:VOUT_1,VOUT_1,Top Layer,18.125,23.725,18.425,23.725,0.2,,,"VOUT_1|Pad U1-1(17.45mm,22.35mm) on L4 BOTTOM GND|Pad RG_1-2(18.9mm,21.45mm) on L4 BOTTOM GND",0
TRACK,R58:VOUT_1,VOUT_1,Top Layer,18.425,23.725,18.675,23.975,0.2,,,"VOUT_1|Pad U1-1(17.45mm,22.35mm) on L4 BOTTOM GND|Pad RG_1-2(18.9mm,21.45mm) on L4 BOTTOM GND",0
TRACK,R58:VOUT_1,VOUT_1,Top Layer,18.675,23.975,20.925,23.975,0.2,,,"VOUT_1|Pad U1-1(17.45mm,22.35mm) on L4 BOTTOM GND|Pad RG_1-2(18.9mm,21.45mm) on L4 BOTTOM GND",0
TRACK,R58:VOUT_1,VOUT_1,Top Layer,20.925,23.975,21.375,23.525,0.2,,,"VOUT_1|Pad U1-1(17.45mm,22.35mm) on L4 BOTTOM GND|Pad RG_1-2(18.9mm,21.45mm) on L4 BOTTOM GND",0
VIA,R58:VOUT_1,VOUT_1,Multi Layer,18.125,23.725,,,,0.6,0.3,"VOUT_1|Pad U1-1(17.45mm,22.35mm) on L4 BOTTOM GND|Pad RG_1-2(18.9mm,21.45mm) on L4 BOTTOM GND",0
TRACK,R59:VOUT_5,VOUT_5,Bottom Layer,59.725,22.475,59.375,22.825,0.2,,,"VOUT_5|Pad U3-8(60.55mm,22.35mm) on L4 BOTTOM GND|Pad RG_5-2(62mm,21.45mm) on L4 BOTTOM GND",0
TRACK,R59:VOUT_5,VOUT_5,Top Layer,59.375,22.825,59.125,22.825,0.2,,,"VOUT_5|Pad U3-8(60.55mm,22.35mm) on L4 BOTTOM GND|Pad RG_5-2(62mm,21.45mm) on L4 BOTTOM GND",0
TRACK,R59:VOUT_5,VOUT_5,Top Layer,59.125,22.825,58.475,22.175,0.2,,,"VOUT_5|Pad U3-8(60.55mm,22.35mm) on L4 BOTTOM GND|Pad RG_5-2(62mm,21.45mm) on L4 BOTTOM GND",0
TRACK,R59:VOUT_5,VOUT_5,Top Layer,58.475,22.175,58.475,21.425,0.2,,,"VOUT_5|Pad U3-8(60.55mm,22.35mm) on L4 BOTTOM GND|Pad RG_5-2(62mm,21.45mm) on L4 BOTTOM GND",0
TRACK,R59:VOUT_5,VOUT_5,Top Layer,58.475,21.425,60.525,19.375,0.2,,,"VOUT_5|Pad U3-8(60.55mm,22.35mm) on L4 BOTTOM GND|Pad RG_5-2(62mm,21.45mm) on L4 BOTTOM GND",0
TRACK,R59:VOUT_5,VOUT_5,Top Layer,60.525,19.375,61.975,19.375,0.2,,,"VOUT_5|Pad U3-8(60.55mm,22.35mm) on L4 BOTTOM GND|Pad RG_5-2(62mm,21.45mm) on L4 BOTTOM GND",0
TRACK,R59:VOUT_5,VOUT_5,Bottom Layer,61.975,19.375,61.975,21.225,0.2,,,"VOUT_5|Pad U3-8(60.55mm,22.35mm) on L4 BOTTOM GND|Pad RG_5-2(62mm,21.45mm) on L4 BOTTOM GND",0
VIA,R59:VOUT_5,VOUT_5,Multi Layer,59.375,22.825,,,,0.6,0.3,"VOUT_5|Pad U3-8(60.55mm,22.35mm) on L4 BOTTOM GND|Pad RG_5-2(62mm,21.45mm) on L4 BOTTOM GND",0
VIA,R59:VOUT_5,VOUT_5,Multi Layer,61.975,19.375,,,,0.6,0.3,"VOUT_5|Pad U3-8(60.55mm,22.35mm) on L4 BOTTOM GND|Pad RG_5-2(62mm,21.45mm) on L4 BOTTOM GND",0
TRACK,R60:INA_OUT_4,INA_OUT_4,Top Layer,48.925,21.475,48.925,21.225,0.2,,,"INA_OUT_4|Pad RH_4-1(48.821mm,21.75mm) on L1 TOP|Pad INA4-8(50.125mm,20.55mm) on L1 TOP",0
TRACK,R60:INA_OUT_4,INA_OUT_4,Top Layer,48.925,21.225,49.625,20.525,0.2,,,"INA_OUT_4|Pad RH_4-1(48.821mm,21.75mm) on L1 TOP|Pad INA4-8(50.125mm,20.55mm) on L1 TOP",0
TRACK,R60:INA_OUT_4,INA_OUT_4,Top Layer,49.625,20.525,49.975,20.525,0.2,,,"INA_OUT_4|Pad RH_4-1(48.821mm,21.75mm) on L1 TOP|Pad INA4-8(50.125mm,20.55mm) on L1 TOP",0
TRACK,R61:NetINA4_3,NetINA4_3,Top Layer,57.375,17.025,57.375,18.375,0.2,,,"NetINA4_3|Pad RDD10-2(57.412mm,16.8mm) on L1 TOP|Pad RDD12-2(57.412mm,18.6mm) on L1 TOP",0
TRACK,R62:NetINA1_3,NetINA1_3,Top Layer,24.975,17.025,24.975,18.375,0.2,,,"NetINA1_3|Pad RDD1-2(25.012mm,16.8mm) on L1 TOP|Pad RDD3-2(25.012mm,18.6mm) on L1 TOP",0
TRACK,R63:NetINA5_3,NetINA5_3,Top Layer,67.775,17.025,67.775,18.375,0.2,,,"NetINA5_3|Pad RDD13-2(67.812mm,16.8mm) on L1 TOP|Pad RDD15-2(67.812mm,18.6mm) on L1 TOP",0
TRACK,R64:NetINA2_3,NetINA2_3,Top Layer,35.775,17.025,35.775,18.375,0.2,,,"NetINA2_3|Pad RDD4-2(35.812mm,16.8mm) on L1 TOP|Pad RDD6-2(35.812mm,18.6mm) on L1 TOP",0
TRACK,R65:NetINA3_3,NetINA3_3,Top Layer,46.575,17.025,46.575,18.375,0.2,,,"NetINA3_3|Pad RDD7-2(46.612mm,16.8mm) on L1 TOP|Pad RDD9-2(46.612mm,18.6mm) on L1 TOP",0
TRACK,R66:NetCH_1_2,NetCH_1_2,Bottom Layer,21.375,21.475,21.625,21.475,0.2,,,"NetCH_1_2|Pad CH_1-2(20.1mm,21.518mm) on L4 BOTTOM GND|Pad RGN_1-2(21.9mm,21.45mm) on L4 BOTTOM GND",0
TRACK,R67:NetCH_3_2,NetCH_3_2,Bottom Layer,42.375,21.875,42.575,21.675,0.2,,,"NetCH_3_2|Pad CH_3-2(41.6mm,21.518mm) on L4 BOTTOM GND|Pad RGN_3-2(43.4mm,21.45mm) on L4 BOTTOM GND",0
TRACK,R67:NetCH_3_2,NetCH_3_2,Bottom Layer,42.575,21.675,43.125,21.675,0.2,,,"NetCH_3_2|Pad CH_3-2(41.6mm,21.518mm) on L4 BOTTOM GND|Pad RGN_3-2(43.4mm,21.45mm) on L4 BOTTOM GND",0
TRACK,R68:NetCH_5_2,NetCH_5_2,Bottom Layer,63.975,21.875,64.175,21.675,0.2,,,"NetCH_5_2|Pad CH_5-2(63.2mm,21.518mm) on L4 BOTTOM GND|Pad RGN_5-2(65mm,21.45mm) on L4 BOTTOM GND",0
TRACK,R68:NetCH_5_2,NetCH_5_2,Bottom Layer,64.175,21.675,64.725,21.675,0.2,,,"NetCH_5_2|Pad CH_5-2(63.2mm,21.518mm) on L4 BOTTOM GND|Pad RGN_5-2(65mm,21.45mm) on L4 BOTTOM GND",0
TRACK,R69:NetCH_2_2,NetCH_2_2,Bottom Layer,29.075,18.125,29.775,18.125,0.2,,,"NetCH_2_2|Pad RGN_2-2(28.8mm,18.35mm) on L4 BOTTOM GND|Pad CH_2-2(30.6mm,18.418mm) on L4 BOTTOM GND",0
TRACK,R69:NetCH_2_2,NetCH_2_2,Bottom Layer,29.775,18.125,30.025,17.875,0.2,,,"NetCH_2_2|Pad RGN_2-2(28.8mm,18.35mm) on L4 BOTTOM GND|Pad CH_2-2(30.6mm,18.418mm) on L4 BOTTOM GND",0
TRACK,R70:NetCH_4_2,NetCH_4_2,Bottom Layer,50.675,18.125,51.375,18.125,0.2,,,"NetCH_4_2|Pad RGN_4-2(50.4mm,18.35mm) on L4 BOTTOM GND|Pad CH_4-2(52.2mm,18.418mm) on L4 BOTTOM GND",0
TRACK,R70:NetCH_4_2,NetCH_4_2,Bottom Layer,51.375,18.125,51.625,17.875,0.2,,,"NetCH_4_2|Pad RGN_4-2(50.4mm,18.35mm) on L4 BOTTOM GND|Pad CH_4-2(52.2mm,18.418mm) on L4 BOTTOM GND",0
TRACK,R71:VDiv,VDiv,Bottom Layer,14.825,24.525,15.225,24.125,0.2,,,"VDiv|Pad RV2-2(14.6mm,24.8mm) on L4 BOTTOM GND|Pad Cdiv_1-2(16.479mm,24.8mm) on L4 BOTTOM GND",0
TRACK,R71:VDiv,VDiv,Bottom Layer,15.225,24.125,16.175,24.125,0.2,,,"VDiv|Pad RV2-2(14.6mm,24.8mm) on L4 BOTTOM GND|Pad Cdiv_1-2(16.479mm,24.8mm) on L4 BOTTOM GND",0
TRACK,R71:VDiv,VDiv,Bottom Layer,16.175,24.125,16.425,24.375,0.2,,,"VDiv|Pad RV2-2(14.6mm,24.8mm) on L4 BOTTOM GND|Pad Cdiv_1-2(16.479mm,24.8mm) on L4 BOTTOM GND",0
TRACK,R71:VDiv,VDiv,Bottom Layer,16.425,24.375,16.425,24.625,0.2,,,"VDiv|Pad RV2-2(14.6mm,24.8mm) on L4 BOTTOM GND|Pad Cdiv_1-2(16.479mm,24.8mm) on L4 BOTTOM GND",0
TRACK,R72:ADC_EMG4,ADC_EMG4,Top Layer,52.025,26.275,52.025,27.075,0.2,,,"ADC_EMG4|Pad C_ADC4-1(51.68mm,25.877mm) on L1 TOP|Pad U_MCU1-26(52.08mm,27.762mm) on L1 TOP [Unplated]",0
TRACK,R73:NetINA4_7,NetINA4_7,Top Layer,50.075,21.575,50.825,21.575,0.2,,,"NetINA4_7|Pad RH_4-2(49.779mm,21.75mm) on L1 TOP|Pad RL_4-1(51.8mm,21.7mm) on L1 TOP",0
TRACK,R74:VDiv,VDiv,Bottom Layer,14.275,26.175,14.275,25.175,0.2,,,"VDiv|Pad Cdiv_10uF-2(13.95mm,26.8mm) on L4 BOTTOM GND|Pad RV2-2(14.6mm,24.8mm) on L4 BOTTOM GND",0
TRACK,R74:VDiv,VDiv,Bottom Layer,14.275,25.175,14.375,25.075,0.2,,,"VDiv|Pad Cdiv_10uF-2(13.95mm,26.8mm) on L4 BOTTOM GND|Pad RV2-2(14.6mm,24.8mm) on L4 BOTTOM GND",0
TRACK,R75:VREF_A,VREF_A,Top Layer,53.025,21.425,55.675,21.425,0.2,,,"VREF_A|Pad RL_4-2(52.8mm,21.7mm) on L1 TOP|Pad U3-5(54.85mm,21.05mm) on L4 BOTTOM GND",0
TRACK,R75:VREF_A,VREF_A,Top Layer,55.675,21.425,56.125,20.975,0.2,,,"VREF_A|Pad RL_4-2(52.8mm,21.7mm) on L1 TOP|Pad U3-5(54.85mm,21.05mm) on L4 BOTTOM GND",0
TRACK,R75:VREF_A,VREF_A,Bottom Layer,56.125,20.975,56.075,20.925,0.2,,,"VREF_A|Pad RL_4-2(52.8mm,21.7mm) on L1 TOP|Pad U3-5(54.85mm,21.05mm) on L4 BOTTOM GND",0
VIA,R75:VREF_A,VREF_A,Multi Layer,56.125,20.975,,,,0.6,0.3,"VREF_A|Pad RL_4-2(52.8mm,21.7mm) on L1 TOP|Pad U3-5(54.85mm,21.05mm) on L4 BOTTOM GND",0
TRACK,R76:VREF_A,VREF_A,Top Layer,31.625,22.025,32.375,21.275,0.2,,,"VREF_A|Pad RL_2-2(31.4mm,22.3mm) on L1 TOP|Pad U2-5(33.25mm,21.05mm) on L4 BOTTOM GND",0
TRACK,R76:VREF_A,VREF_A,Top Layer,32.375,21.275,34.225,21.275,0.2,,,"VREF_A|Pad RL_2-2(31.4mm,22.3mm) on L1 TOP|Pad U2-5(33.25mm,21.05mm) on L4 BOTTOM GND",0
TRACK,R76:VREF_A,VREF_A,Top Layer,34.225,21.275,34.525,20.975,0.2,,,"VREF_A|Pad RL_2-2(31.4mm,22.3mm) on L1 TOP|Pad U2-5(33.25mm,21.05mm) on L4 BOTTOM GND",0
TRACK,R76:VREF_A,VREF_A,Bottom Layer,34.525,20.975,34.475,20.925,0.2,,,"VREF_A|Pad RL_2-2(31.4mm,22.3mm) on L1 TOP|Pad U2-5(33.25mm,21.05mm) on L4 BOTTOM GND",0
VIA,R76:VREF_A,VREF_A,Multi Layer,34.525,20.975,,,,0.6,0.3,"VREF_A|Pad RL_2-2(31.4mm,22.3mm) on L1 TOP|Pad U2-5(33.25mm,21.05mm) on L4 BOTTOM GND",0
TRACK,R77:NetCservo_1_1,NetCservo_1_1,Bottom Layer,20.725,16.875,20.725,16.075,0.2,,,"NetCservo_1_1|Pad Cservo_1-1(20.225mm,17.65mm) on L4 BOTTOM GND [Unplated]|Pad Rservo_1-1(21.275mm,15.55mm) on L4 BOTTOM GND",0
TRACK,R77:NetCservo_1_1,NetCservo_1_1,Bottom Layer,20.725,16.075,20.975,15.825,0.2,,,"NetCservo_1_1|Pad Cservo_1-1(20.225mm,17.65mm) on L4 BOTTOM GND [Unplated]|Pad Rservo_1-1(21.275mm,15.55mm) on L4 BOTTOM GND",0
TRACK,R78:NetCservo_3_1,NetCservo_3_1,Bottom Layer,42.225,16.875,42.225,16.075,0.2,,,"NetCservo_3_1|Pad Cservo_3-1(41.725mm,17.65mm) on L4 BOTTOM GND [Unplated]|Pad Rservo_3-1(42.775mm,15.55mm) on L4 BOTTOM GND",0
TRACK,R78:NetCservo_3_1,NetCservo_3_1,Bottom Layer,42.225,16.075,42.475,15.825,0.2,,,"NetCservo_3_1|Pad Cservo_3-1(41.725mm,17.65mm) on L4 BOTTOM GND [Unplated]|Pad Rservo_3-1(42.775mm,15.55mm) on L4 BOTTOM GND",0
TRACK,R79:NetCservo_5_1,NetCservo_5_1,Bottom Layer,63.825,16.875,63.825,16.075,0.2,,,"NetCservo_5_1|Pad Cservo_5-1(63.325mm,17.65mm) on L4 BOTTOM GND [Unplated]|Pad Rservo_5-1(64.375mm,15.55mm) on L4 BOTTOM GND",0
TRACK,R79:NetCservo_5_1,NetCservo_5_1,Bottom Layer,63.825,16.075,64.075,15.825,0.2,,,"NetCservo_5_1|Pad Cservo_5-1(63.325mm,17.65mm) on L4 BOTTOM GND [Unplated]|Pad Rservo_5-1(64.375mm,15.55mm) on L4 BOTTOM GND",0
TRACK,R80:NetCservo_2_1,NetCservo_2_1,Bottom Layer,29.675,25.025,29.675,24.225,0.2,,,"NetCservo_2_1|Pad Rservo_2-1(29.425mm,25.25mm) on L4 BOTTOM GND|Pad Cservo_2-1(30.475mm,23.15mm) on L4 BOTTOM GND [Unplated]",0
TRACK,R80:NetCservo_2_1,NetCservo_2_1,Bottom Layer,29.675,24.225,29.975,23.925,0.2,,,"NetCservo_2_1|Pad Rservo_2-1(29.425mm,25.25mm) on L4 BOTTOM GND|Pad Cservo_2-1(30.475mm,23.15mm) on L4 BOTTOM GND [Unplated]",0
TRACK,R81:NetCservo_4_1,NetCservo_4_1,Bottom Layer,51.275,25.025,51.275,24.225,0.2,,,"NetCservo_4_1|Pad Rservo_4-1(51.025mm,25.25mm) on L4 BOTTOM GND|Pad Cservo_4-1(52.075mm,23.15mm) on L4 BOTTOM GND [Unplated]",0
TRACK,R81:NetCservo_4_1,NetCservo_4_1,Bottom Layer,51.275,24.225,51.575,23.925,0.2,,,"NetCservo_4_1|Pad Rservo_4-1(51.025mm,25.25mm) on L4 BOTTOM GND|Pad Cservo_4-1(52.075mm,23.15mm) on L4 BOTTOM GND [Unplated]",0
TRACK,R82:NetJ_REF_1,NetJ_REF_1,Top Layer,12.625,12.225,13.725,12.225,0.2,,,"NetJ_REF_1|Pad J_REF-1(11.93mm,12.2mm) on Multi-Layer|Pad J_REF-2(14.47mm,12.2mm) on Multi-Layer",0
TRACK,R84:Vservo_1,Vservo_1,Bottom Layer,18.275,18.525,18.725,18.525,0.2,,,"Vservo_1|Pad U1-7(17.45mm,18.45mm) on L4 BOTTOM GND|Pad INA1-6(19.025mm,20.55mm) on L1 TOP",0
TRACK,R84:Vservo_1,Vservo_1,Top Layer,18.725,18.525,18.725,19.575,0.2,,,"Vservo_1|Pad U1-7(17.45mm,18.45mm) on L4 BOTTOM GND|Pad INA1-6(19.025mm,20.55mm) on L1 TOP",0
TRACK,R84:Vservo_1,Vservo_1,Top Layer,18.725,19.575,18.975,19.825,0.2,,,"Vservo_1|Pad U1-7(17.45mm,18.45mm) on L4 BOTTOM GND|Pad INA1-6(19.025mm,20.55mm) on L1 TOP",0
TRACK,R84:Vservo_1,Vservo_1,Top Layer,18.975,19.825,18.975,20.025,0.2,,,"Vservo_1|Pad U1-7(17.45mm,18.45mm) on L4 BOTTOM GND|Pad INA1-6(19.025mm,20.55mm) on L1 TOP",0
VIA,R84:Vservo_1,Vservo_1,Multi Layer,18.725,18.525,,,,0.6,0.3,"Vservo_1|Pad U1-7(17.45mm,18.45mm) on L4 BOTTOM GND|Pad INA1-6(19.025mm,20.55mm) on L1 TOP",0
TRACK,R87:VOUT_2,VOUT_2,Top Layer,47.875,25.525,47.725,25.525,0.2,,,"VOUT_2|Pad Free-TP_VOUT_2(48.33mm,25.25mm) on L1 TOP|Pad R_ADC2-1(49.08mm,28.015mm) on L1 TOP",0
TRACK,R87:VOUT_2,VOUT_2,Top Layer,47.725,25.525,47.475,25.775,0.2,,,"VOUT_2|Pad Free-TP_VOUT_2(48.33mm,25.25mm) on L1 TOP|Pad R_ADC2-1(49.08mm,28.015mm) on L1 TOP",0
TRACK,R87:VOUT_2,VOUT_2,Mid Layer 2,47.475,25.775,47.625,25.775,0.2,,,"VOUT_2|Pad Free-TP_VOUT_2(48.33mm,25.25mm) on L1 TOP|Pad R_ADC2-1(49.08mm,28.015mm) on L1 TOP",0
TRACK,R87:VOUT_2,VOUT_2,Mid Layer 2,47.625,25.775,48.6045,26.7545,0.2,,,"VOUT_2|Pad Free-TP_VOUT_2(48.33mm,25.25mm) on L1 TOP|Pad R_ADC2-1(49.08mm,28.015mm) on L1 TOP",0
TRACK,R87:VOUT_2,VOUT_2,Mid Layer 2,48.6045,26.7545,49.825,27.975,0.2,,,"VOUT_2|Pad Free-TP_VOUT_2(48.33mm,25.25mm) on L1 TOP|Pad R_ADC2-1(49.08mm,28.015mm) on L1 TOP",0
TRACK,R87:VOUT_2,VOUT_2,Top Layer,49.825,27.975,49.325,27.975,0.2,,,"VOUT_2|Pad Free-TP_VOUT_2(48.33mm,25.25mm) on L1 TOP|Pad R_ADC2-1(49.08mm,28.015mm) on L1 TOP",0
VIA,R87:VOUT_2,VOUT_2,Multi Layer,47.475,25.775,,,,0.6,0.3,"VOUT_2|Pad Free-TP_VOUT_2(48.33mm,25.25mm) on L1 TOP|Pad R_ADC2-1(49.08mm,28.015mm) on L1 TOP",0
VIA,R87:VOUT_2,VOUT_2,Multi Layer,49.825,27.975,,,,0.6,0.3,"VOUT_2|Pad Free-TP_VOUT_2(48.33mm,25.25mm) on L1 TOP|Pad R_ADC2-1(49.08mm,28.015mm) on L1 TOP",0
TRACK,R88:NetCL_1_1,NetCL_1_1,Bottom Layer,20.725,25.475,20.725,25.975,0.2,,,"NetCL_1_1|Pad CL_1-1(20.05mm,24.75mm) on L4 BOTTOM GND|Pad RGN_1-1(21.9mm,22.45mm) on L4 BOTTOM GND",0
TRACK,R88:NetCL_1_1,NetCL_1_1,Top Layer,20.725,25.975,20.725,25.375,0.2,,,"NetCL_1_1|Pad CL_1-1(20.05mm,24.75mm) on L4 BOTTOM GND|Pad RGN_1-1(21.9mm,22.45mm) on L4 BOTTOM GND",0
TRACK,R88:NetCL_1_1,NetCL_1_1,Top Layer,20.725,25.375,22.775,23.325,0.2,,,"NetCL_1_1|Pad CL_1-1(20.05mm,24.75mm) on L4 BOTTOM GND|Pad RGN_1-1(21.9mm,22.45mm) on L4 BOTTOM GND",0
TRACK,R88:NetCL_1_1,NetCL_1_1,Bottom Layer,22.775,23.325,22.125,22.675,0.2,,,"NetCL_1_1|Pad CL_1-1(20.05mm,24.75mm) on L4 BOTTOM GND|Pad RGN_1-1(21.9mm,22.45mm) on L4 BOTTOM GND",0
VIA,R88:NetCL_1_1,NetCL_1_1,Multi Layer,20.725,25.975,,,,0.6,0.3,"NetCL_1_1|Pad CL_1-1(20.05mm,24.75mm) on L4 BOTTOM GND|Pad RGN_1-1(21.9mm,22.45mm) on L4 BOTTOM GND",0
VIA,R88:NetCL_1_1,NetCL_1_1,Multi Layer,22.775,23.325,,,,0.6,0.3,"NetCL_1_1|Pad CL_1-1(20.05mm,24.75mm) on L4 BOTTOM GND|Pad RGN_1-1(21.9mm,22.45mm) on L4 BOTTOM GND",0
TRACK,R89:NetCL_3_1,NetCL_3_1,Bottom Layer,42.225,24.025,42.275,23.975,0.2,,,"NetCL_3_1|Pad CL_3-1(41.55mm,24.75mm) on L4 BOTTOM GND|Pad RGN_3-1(43.4mm,22.45mm) on L4 BOTTOM GND",0
TRACK,R89:NetCL_3_1,NetCL_3_1,Bottom Layer,42.275,23.975,42.275,23.725,0.2,,,"NetCL_3_1|Pad CL_3-1(41.55mm,24.75mm) on L4 BOTTOM GND|Pad RGN_3-1(43.4mm,22.45mm) on L4 BOTTOM GND",0
TRACK,R89:NetCL_3_1,NetCL_3_1,Bottom Layer,42.275,23.725,43.125,22.875,0.2,,,"NetCL_3_1|Pad CL_3-1(41.55mm,24.75mm) on L4 BOTTOM GND|Pad RGN_3-1(43.4mm,22.45mm) on L4 BOTTOM GND",0
TRACK,R89:NetCL_3_1,NetCL_3_1,Bottom Layer,43.125,22.875,43.125,22.675,0.2,,,"NetCL_3_1|Pad CL_3-1(41.55mm,24.75mm) on L4 BOTTOM GND|Pad RGN_3-1(43.4mm,22.45mm) on L4 BOTTOM GND",0
TRACK,R90:NetCL_5_1,NetCL_5_1,Bottom Layer,63.825,24.025,63.875,23.975,0.2,,,"NetCL_5_1|Pad CL_5-1(63.15mm,24.75mm) on L4 BOTTOM GND|Pad RGN_5-1(65mm,22.45mm) on L4 BOTTOM GND",0
TRACK,R90:NetCL_5_1,NetCL_5_1,Bottom Layer,63.875,23.975,63.875,23.725,0.2,,,"NetCL_5_1|Pad CL_5-1(63.15mm,24.75mm) on L4 BOTTOM GND|Pad RGN_5-1(65mm,22.45mm) on L4 BOTTOM GND",0
TRACK,R90:NetCL_5_1,NetCL_5_1,Bottom Layer,63.875,23.725,64.725,22.875,0.2,,,"NetCL_5_1|Pad CL_5-1(63.15mm,24.75mm) on L4 BOTTOM GND|Pad RGN_5-1(65mm,22.45mm) on L4 BOTTOM GND",0
TRACK,R90:NetCL_5_1,NetCL_5_1,Bottom Layer,64.725,22.875,64.725,22.675,0.2,,,"NetCL_5_1|Pad CL_5-1(63.15mm,24.75mm) on L4 BOTTOM GND|Pad RGN_5-1(65mm,22.45mm) on L4 BOTTOM GND",0
TRACK,R91:ADC_EMG5,ADC_EMG5,Top Layer,53.575,27.075,53.575,26.725,0.2,,,"ADC_EMG5|Pad U_MCU1-29(53.58mm,27.762mm) on L1 TOP [Unplated]|Pad C_ADC5-1(54.58mm,24.923mm) on L1 TOP",0
TRACK,R91:ADC_EMG5,ADC_EMG5,Top Layer,53.575,26.725,53.725,26.575,0.2,,,"ADC_EMG5|Pad U_MCU1-29(53.58mm,27.762mm) on L1 TOP [Unplated]|Pad C_ADC5-1(54.58mm,24.923mm) on L1 TOP",0
TRACK,R91:ADC_EMG5,ADC_EMG5,Top Layer,53.725,26.575,53.725,26.0245,0.2,,,"ADC_EMG5|Pad U_MCU1-29(53.58mm,27.762mm) on L1 TOP [Unplated]|Pad C_ADC5-1(54.58mm,24.923mm) on L1 TOP",0
TRACK,R91:ADC_EMG5,ADC_EMG5,Top Layer,53.725,26.0245,53.725,25.275,0.2,,,"ADC_EMG5|Pad U_MCU1-29(53.58mm,27.762mm) on L1 TOP [Unplated]|Pad C_ADC5-1(54.58mm,24.923mm) on L1 TOP",0
TRACK,R91:ADC_EMG5,ADC_EMG5,Top Layer,53.725,25.275,54.225,24.775,0.2,,,"ADC_EMG5|Pad U_MCU1-29(53.58mm,27.762mm) on L1 TOP [Unplated]|Pad C_ADC5-1(54.58mm,24.923mm) on L1 TOP",0
TRACK,R92:VDiv,VDiv,Bottom Layer,11.725,24.525,11.725,24.075,0.2,,,"VDiv|Pad RV1-1(11.5mm,24.8mm) on L4 BOTTOM GND|Pad RV2-2(14.6mm,24.8mm) on L4 BOTTOM GND",0
TRACK,R92:VDiv,VDiv,Top Layer,11.725,24.075,12.775,24.075,0.2,,,"VDiv|Pad RV1-1(11.5mm,24.8mm) on L4 BOTTOM GND|Pad RV2-2(14.6mm,24.8mm) on L4 BOTTOM GND",0
TRACK,R92:VDiv,VDiv,Top Layer,12.775,24.075,14.275,25.575,0.2,,,"VDiv|Pad RV1-1(11.5mm,24.8mm) on L4 BOTTOM GND|Pad RV2-2(14.6mm,24.8mm) on L4 BOTTOM GND",0
VIA,R92:VDiv,VDiv,Multi Layer,11.725,24.075,,,,0.6,0.3,"VDiv|Pad RV1-1(11.5mm,24.8mm) on L4 BOTTOM GND|Pad RV2-2(14.6mm,24.8mm) on L4 BOTTOM GND",0
VIA,R92:VDiv,VDiv,Multi Layer,14.275,25.575,,,,0.6,0.3,"VDiv|Pad RV1-1(11.5mm,24.8mm) on L4 BOTTOM GND|Pad RV2-2(14.6mm,24.8mm) on L4 BOTTOM GND",0
TRACK,R93:NetCservo_2_1,NetCservo_2_1,Bottom Layer,30.975,22.375,31.625,22.375,0.2,,,"NetCservo_2_1|Pad Cservo_2-1(30.475mm,23.15mm) on L4 BOTTOM GND [Unplated]|Pad U2-6(33.25mm,21.7mm) on L4 BOTTOM GND",0
TRACK,R93:NetCservo_2_1,NetCservo_2_1,Bottom Layer,31.625,22.375,32.225,21.775,0.2,,,"NetCservo_2_1|Pad Cservo_2-1(30.475mm,23.15mm) on L4 BOTTOM GND [Unplated]|Pad U2-6(33.25mm,21.7mm) on L4 BOTTOM GND",0
TRACK,R93:NetCservo_2_1,NetCservo_2_1,Bottom Layer,32.225,21.775,32.425,21.775,0.2,,,"NetCservo_2_1|Pad Cservo_2-1(30.475mm,23.15mm) on L4 BOTTOM GND [Unplated]|Pad U2-6(33.25mm,21.7mm) on L4 BOTTOM GND",0
TRACK,R94:NetCservo_4_1,NetCservo_4_1,Bottom Layer,52.575,22.375,53.225,22.375,0.2,,,"NetCservo_4_1|Pad Cservo_4-1(52.075mm,23.15mm) on L4 BOTTOM GND [Unplated]|Pad U3-6(54.85mm,21.7mm) on L4 BOTTOM GND",0
TRACK,R94:NetCservo_4_1,NetCservo_4_1,Bottom Layer,53.225,22.375,53.825,21.775,0.2,,,"NetCservo_4_1|Pad Cservo_4-1(52.075mm,23.15mm) on L4 BOTTOM GND [Unplated]|Pad U3-6(54.85mm,21.7mm) on L4 BOTTOM GND",0
TRACK,R94:NetCservo_4_1,NetCservo_4_1,Bottom Layer,53.825,21.775,54.025,21.775,0.2,,,"NetCservo_4_1|Pad Cservo_4-1(52.075mm,23.15mm) on L4 BOTTOM GND [Unplated]|Pad U3-6(54.85mm,21.7mm) on L4 BOTTOM GND",0
TRACK,R95:NetCservo_3_1,NetCservo_3_1,Bottom Layer,38.125,19.075,37.625,19.075,0.2,,,"NetCservo_3_1|Pad U2-13(38.95mm,19.1mm) on L4 BOTTOM GND|Pad Cservo_3-1(41.725mm,17.65mm) on L4 BOTTOM GND [Unplated]",0
TRACK,R95:NetCservo_3_1,NetCservo_3_1,Top Layer,37.625,19.075,38.425,19.075,0.2,,,"NetCservo_3_1|Pad U2-13(38.95mm,19.1mm) on L4 BOTTOM GND|Pad Cservo_3-1(41.725mm,17.65mm) on L4 BOTTOM GND [Unplated]",0
TRACK,R95:NetCservo_3_1,NetCservo_3_1,Top Layer,38.425,19.075,39.925,17.575,0.2,,,"NetCservo_3_1|Pad U2-13(38.95mm,19.1mm) on L4 BOTTOM GND|Pad Cservo_3-1(41.725mm,17.65mm) on L4 BOTTOM GND [Unplated]",0
TRACK,R95:NetCservo_3_1,NetCservo_3_1,Top Layer,39.925,17.575,40.725,17.575,0.2,,,"NetCservo_3_1|Pad U2-13(38.95mm,19.1mm) on L4 BOTTOM GND|Pad Cservo_3-1(41.725mm,17.65mm) on L4 BOTTOM GND [Unplated]",0
TRACK,R95:NetCservo_3_1,NetCservo_3_1,Bottom Layer,40.725,17.575,41.225,17.575,0.2,,,"NetCservo_3_1|Pad U2-13(38.95mm,19.1mm) on L4 BOTTOM GND|Pad Cservo_3-1(41.725mm,17.65mm) on L4 BOTTOM GND [Unplated]",0
VIA,R95:NetCservo_3_1,NetCservo_3_1,Multi Layer,37.625,19.075,,,,0.6,0.3,"NetCservo_3_1|Pad U2-13(38.95mm,19.1mm) on L4 BOTTOM GND|Pad Cservo_3-1(41.725mm,17.65mm) on L4 BOTTOM GND [Unplated]",0
VIA,R95:NetCservo_3_1,NetCservo_3_1,Multi Layer,40.725,17.575,,,,0.6,0.3,"NetCservo_3_1|Pad U2-13(38.95mm,19.1mm) on L4 BOTTOM GND|Pad Cservo_3-1(41.725mm,17.65mm) on L4 BOTTOM GND [Unplated]",0
TRACK,R96:NetCservo_1_1,NetCservo_1_1,Bottom Layer,16.625,19.075,16.125,19.075,0.2,,,"NetCservo_1_1|Pad U1-6(17.45mm,19.1mm) on L4 BOTTOM GND|Pad Cservo_1-1(20.225mm,17.65mm) on L4 BOTTOM GND [Unplated]",0
TRACK,R96:NetCservo_1_1,NetCservo_1_1,Top Layer,16.125,19.075,17.075,19.075,0.2,,,"NetCservo_1_1|Pad U1-6(17.45mm,19.1mm) on L4 BOTTOM GND|Pad Cservo_1-1(20.225mm,17.65mm) on L4 BOTTOM GND [Unplated]",0
TRACK,R96:NetCservo_1_1,NetCservo_1_1,Top Layer,17.075,19.075,17.72,18.43,0.2,,,"NetCservo_1_1|Pad U1-6(17.45mm,19.1mm) on L4 BOTTOM GND|Pad Cservo_1-1(20.225mm,17.65mm) on L4 BOTTOM GND [Unplated]",0
TRACK,R96:NetCservo_1_1,NetCservo_1_1,Top Layer,17.72,18.43,17.95,18.2,0.2,,,"NetCservo_1_1|Pad U1-6(17.45mm,19.1mm) on L4 BOTTOM GND|Pad Cservo_1-1(20.225mm,17.65mm) on L4 BOTTOM GND [Unplated]",0
TRACK,R96:NetCservo_1_1,NetCservo_1_1,Top Layer,17.95,18.2,18.575,17.575,0.2,,,"NetCservo_1_1|Pad U1-6(17.45mm,19.1mm) on L4 BOTTOM GND|Pad Cservo_1-1(20.225mm,17.65mm) on L4 BOTTOM GND [Unplated]",0
TRACK,R96:NetCservo_1_1,NetCservo_1_1,Top Layer,18.575,17.575,19.225,17.575,0.2,,,"NetCservo_1_1|Pad U1-6(17.45mm,19.1mm) on L4 BOTTOM GND|Pad Cservo_1-1(20.225mm,17.65mm) on L4 BOTTOM GND [Unplated]",0
TRACK,R96:NetCservo_1_1,NetCservo_1_1,Bottom Layer,19.225,17.575,19.725,17.575,0.2,,,"NetCservo_1_1|Pad U1-6(17.45mm,19.1mm) on L4 BOTTOM GND|Pad Cservo_1-1(20.225mm,17.65mm) on L4 BOTTOM GND [Unplated]",0
VIA,R96:NetCservo_1_1,NetCservo_1_1,Multi Layer,16.125,19.075,,,,0.6,0.3,"NetCservo_1_1|Pad U1-6(17.45mm,19.1mm) on L4 BOTTOM GND|Pad Cservo_1-1(20.225mm,17.65mm) on L4 BOTTOM GND [Unplated]",0
VIA,R96:NetCservo_1_1,NetCservo_1_1,Multi Layer,19.225,17.575,,,,0.6,0.3,"NetCservo_1_1|Pad U1-6(17.45mm,19.1mm) on L4 BOTTOM GND|Pad Cservo_1-1(20.225mm,17.65mm) on L4 BOTTOM GND [Unplated]",0
TRACK,R97:NetCservo_5_1,NetCservo_5_1,Bottom Layer,59.725,19.075,59.225,19.075,0.2,,,"NetCservo_5_1|Pad U3-13(60.55mm,19.1mm) on L4 BOTTOM GND|Pad Cservo_5-1(63.325mm,17.65mm) on L4 BOTTOM GND [Unplated]",0
TRACK,R97:NetCservo_5_1,NetCservo_5_1,Top Layer,59.225,19.075,60.025,19.075,0.2,,,"NetCservo_5_1|Pad U3-13(60.55mm,19.1mm) on L4 BOTTOM GND|Pad Cservo_5-1(63.325mm,17.65mm) on L4 BOTTOM GND [Unplated]",0
TRACK,R97:NetCservo_5_1,NetCservo_5_1,Top Layer,60.025,19.075,61.525,17.575,0.2,,,"NetCservo_5_1|Pad U3-13(60.55mm,19.1mm) on L4 BOTTOM GND|Pad Cservo_5-1(63.325mm,17.65mm) on L4 BOTTOM GND [Unplated]",0
TRACK,R97:NetCservo_5_1,NetCservo_5_1,Top Layer,61.525,17.575,62.325,17.575,0.2,,,"NetCservo_5_1|Pad U3-13(60.55mm,19.1mm) on L4 BOTTOM GND|Pad Cservo_5-1(63.325mm,17.65mm) on L4 BOTTOM GND [Unplated]",0
TRACK,R97:NetCservo_5_1,NetCservo_5_1,Bottom Layer,62.325,17.575,62.825,17.575,0.2,,,"NetCservo_5_1|Pad U3-13(60.55mm,19.1mm) on L4 BOTTOM GND|Pad Cservo_5-1(63.325mm,17.65mm) on L4 BOTTOM GND [Unplated]",0
VIA,R97:NetCservo_5_1,NetCservo_5_1,Multi Layer,59.225,19.075,,,,0.6,0.3,"NetCservo_5_1|Pad U3-13(60.55mm,19.1mm) on L4 BOTTOM GND|Pad Cservo_5-1(63.325mm,17.65mm) on L4 BOTTOM GND [Unplated]",0
VIA,R97:NetCservo_5_1,NetCservo_5_1,Multi Layer,62.325,17.575,,,,0.6,0.3,"NetCservo_5_1|Pad U3-13(60.55mm,19.1mm) on L4 BOTTOM GND|Pad Cservo_5-1(63.325mm,17.65mm) on L4 BOTTOM GND [Unplated]",0
TRACK,R98:NetJ_REF_1,NetJ_REF_1,Top Layer,12.175,12.925,12.175,13.278,0.2,,,"NetJ_REF_1|Pad J_REF-1(11.93mm,12.2mm) on Multi-Layer|Pad R_ref-1(12.7mm,15.4mm) on L4 BOTTOM GND",0
TRACK,R98:NetJ_REF_1,NetJ_REF_1,Top Layer,12.175,13.278,12.175,14.775,0.2,,,"NetJ_REF_1|Pad J_REF-1(11.93mm,12.2mm) on Multi-Layer|Pad R_ref-1(12.7mm,15.4mm) on L4 BOTTOM GND",0
TRACK,R98:NetJ_REF_1,NetJ_REF_1,Bottom Layer,12.175,14.775,12.525,15.125,0.2,,,"NetJ_REF_1|Pad J_REF-1(11.93mm,12.2mm) on Multi-Layer|Pad R_ref-1(12.7mm,15.4mm) on L4 BOTTOM GND",0
VIA,R98:NetJ_REF_1,NetJ_REF_1,Multi Layer,12.175,14.775,,,,0.6,0.3,"NetJ_REF_1|Pad J_REF-1(11.93mm,12.2mm) on Multi-Layer|Pad R_ref-1(12.7mm,15.4mm) on L4 BOTTOM GND",0
TRACK,R99:VREF_A,VREF_A,Mid Layer 2,16.225,19.875,18.575,19.875,0.15,,,"VREF_A|Pad U1-3(17.45mm,21.05mm) on L4 BOTTOM GND|Pad RL_1-2(20.6mm,22.3mm) on L1 TOP",1
TRACK,R99:VREF_A,VREF_A,Mid Layer 2,18.575,19.875,19.325,19.125,0.15,,,"VREF_A|Pad U1-3(17.45mm,21.05mm) on L4 BOTTOM GND|Pad RL_1-2(20.6mm,22.3mm) on L1 TOP",1
TRACK,R99:VREF_A,VREF_A,Top Layer,19.325,19.125,19.875,19.675,0.15,,,"VREF_A|Pad U1-3(17.45mm,21.05mm) on L4 BOTTOM GND|Pad RL_1-2(20.6mm,22.3mm) on L1 TOP",1
TRACK,R99:VREF_A,VREF_A,Top Layer,19.875,19.675,20.025,19.675,0.15,,,"VREF_A|Pad U1-3(17.45mm,21.05mm) on L4 BOTTOM GND|Pad RL_1-2(20.6mm,22.3mm) on L1 TOP",1
TRACK,R99:VREF_A,VREF_A,Top Layer,20.025,19.675,20.225,19.875,0.15,,,"VREF_A|Pad U1-3(17.45mm,21.05mm) on L4 BOTTOM GND|Pad RL_1-2(20.6mm,22.3mm) on L1 TOP",1
TRACK,R99:VREF_A,VREF_A,Top Layer,20.225,19.875,20.225,21.825,0.15,,,"VREF_A|Pad U1-3(17.45mm,21.05mm) on L4 BOTTOM GND|Pad RL_1-2(20.6mm,22.3mm) on L1 TOP",1
TRACK,R99:VREF_A,VREF_A,Top Layer,20.225,21.825,20.425,22.025,0.15,,,"VREF_A|Pad U1-3(17.45mm,21.05mm) on L4 BOTTOM GND|Pad RL_1-2(20.6mm,22.3mm) on L1 TOP",1
VIA,R99:VREF_A,VREF_A,Multi Layer,16.225,19.875,,,,0.45,0.2,"VREF_A|Pad U1-3(17.45mm,21.05mm) on L4 BOTTOM GND|Pad RL_1-2(20.6mm,22.3mm) on L1 TOP",1
VIA,R99:VREF_A,VREF_A,Multi Layer,19.325,19.125,,,,0.45,0.2,"VREF_A|Pad U1-3(17.45mm,21.05mm) on L4 BOTTOM GND|Pad RL_1-2(20.6mm,22.3mm) on L1 TOP",1
TRACK,R100:VOUT_3,VOUT_3,Top Layer,46.275,25.125,46.975,25.125,0.2,,,"VOUT_3|Pad Free-TP_VOUT_3(45.83mm,25.25mm) on L1 TOP|Pad R_ADC3-1(49.08mm,26.365mm) on L1 TOP",0
TRACK,R100:VOUT_3,VOUT_3,Top Layer,46.975,25.125,47.175,24.925,0.2,,,"VOUT_3|Pad Free-TP_VOUT_3(45.83mm,25.25mm) on L1 TOP|Pad R_ADC3-1(49.08mm,26.365mm) on L1 TOP",0
TRACK,R100:VOUT_3,VOUT_3,Mid Layer 2,47.175,24.925,48.375,24.925,0.2,,,"VOUT_3|Pad Free-TP_VOUT_3(45.83mm,25.25mm) on L1 TOP|Pad R_ADC3-1(49.08mm,26.365mm) on L1 TOP",0
TRACK,R100:VOUT_3,VOUT_3,Mid Layer 2,48.375,24.925,49.4745,26.0245,0.2,,,"VOUT_3|Pad Free-TP_VOUT_3(45.83mm,25.25mm) on L1 TOP|Pad R_ADC3-1(49.08mm,26.365mm) on L1 TOP",0
TRACK,R100:VOUT_3,VOUT_3,Mid Layer 2,49.4745,26.0245,49.825,26.375,0.2,,,"VOUT_3|Pad Free-TP_VOUT_3(45.83mm,25.25mm) on L1 TOP|Pad R_ADC3-1(49.08mm,26.365mm) on L1 TOP",0
TRACK,R100:VOUT_3,VOUT_3,Top Layer,49.825,26.375,49.325,26.375,0.2,,,"VOUT_3|Pad Free-TP_VOUT_3(45.83mm,25.25mm) on L1 TOP|Pad R_ADC3-1(49.08mm,26.365mm) on L1 TOP",0
VIA,R100:VOUT_3,VOUT_3,Multi Layer,47.175,24.925,,,,0.6,0.3,"VOUT_3|Pad Free-TP_VOUT_3(45.83mm,25.25mm) on L1 TOP|Pad R_ADC3-1(49.08mm,26.365mm) on L1 TOP",0
VIA,R100:VOUT_3,VOUT_3,Multi Layer,49.825,26.375,,,,0.6,0.3,"VOUT_3|Pad Free-TP_VOUT_3(45.83mm,25.25mm) on L1 TOP|Pad R_ADC3-1(49.08mm,26.365mm) on L1 TOP",0
TRACK,R103:VREF_A,VREF_A,Bottom Layer,37.525,20.075,37.175,20.075,0.2,,,"VREF_A|Pad U2-10(38.95mm,21.05mm) on L4 BOTTOM GND|Pad RL_3-2(42.2mm,22.3mm) on L1 TOP",0
TRACK,R103:VREF_A,VREF_A,Top Layer,37.175,20.075,37.175,20.325,0.2,,,"VREF_A|Pad U2-10(38.95mm,21.05mm) on L4 BOTTOM GND|Pad RL_3-2(42.2mm,22.3mm) on L1 TOP",0
TRACK,R103:VREF_A,VREF_A,Top Layer,37.175,20.325,36.275,21.225,0.2,,,"VREF_A|Pad U2-10(38.95mm,21.05mm) on L4 BOTTOM GND|Pad RL_3-2(42.2mm,22.3mm) on L1 TOP",0
TRACK,R103:VREF_A,VREF_A,Top Layer,36.275,21.225,36.275,22.475,0.2,,,"VREF_A|Pad U2-10(38.95mm,21.05mm) on L4 BOTTOM GND|Pad RL_3-2(42.2mm,22.3mm) on L1 TOP",0
TRACK,R103:VREF_A,VREF_A,Top Layer,36.275,22.475,37.825,24.025,0.2,,,"VREF_A|Pad U2-10(38.95mm,21.05mm) on L4 BOTTOM GND|Pad RL_3-2(42.2mm,22.3mm) on L1 TOP",0
TRACK,R103:VREF_A,VREF_A,Top Layer,37.825,24.025,41.325,24.025,0.2,,,"VREF_A|Pad U2-10(38.95mm,21.05mm) on L4 BOTTOM GND|Pad RL_3-2(42.2mm,22.3mm) on L1 TOP",0
TRACK,R103:VREF_A,VREF_A,Top Layer,41.325,24.025,42.075,23.275,0.2,,,"VREF_A|Pad U2-10(38.95mm,21.05mm) on L4 BOTTOM GND|Pad RL_3-2(42.2mm,22.3mm) on L1 TOP",0
TRACK,R103:VREF_A,VREF_A,Top Layer,42.075,23.275,42.075,22.575,0.2,,,"VREF_A|Pad U2-10(38.95mm,21.05mm) on L4 BOTTOM GND|Pad RL_3-2(42.2mm,22.3mm) on L1 TOP",0
VIA,R103:VREF_A,VREF_A,Multi Layer,37.175,20.075,,,,0.6,0.3,"VREF_A|Pad U2-10(38.95mm,21.05mm) on L4 BOTTOM GND|Pad RL_3-2(42.2mm,22.3mm) on L1 TOP",0
TRACK,R104:VREF_A,VREF_A,Bottom Layer,59.125,20.075,59.025,19.975,0.2,,,"VREF_A|Pad U3-10(60.55mm,21.05mm) on L4 BOTTOM GND|Pad RL_5-2(63.8mm,22.3mm) on L1 TOP",0
TRACK,R104:VREF_A,VREF_A,Bottom Layer,59.025,19.975,58.875,19.975,0.2,,,"VREF_A|Pad U3-10(60.55mm,21.05mm) on L4 BOTTOM GND|Pad RL_5-2(63.8mm,22.3mm) on L1 TOP",0
TRACK,R104:VREF_A,VREF_A,Mid Layer 2,58.875,19.975,61.425,19.975,0.2,,,"VREF_A|Pad U3-10(60.55mm,21.05mm) on L4 BOTTOM GND|Pad RL_5-2(63.8mm,22.3mm) on L1 TOP",0
TRACK,R104:VREF_A,VREF_A,Mid Layer 2,61.425,19.975,61.575,20.125,0.2,,,"VREF_A|Pad U3-10(60.55mm,21.05mm) on L4 BOTTOM GND|Pad RL_5-2(63.8mm,22.3mm) on L1 TOP",0
TRACK,R104:VREF_A,VREF_A,Mid Layer 2,61.575,20.125,62.325,20.125,0.2,,,"VREF_A|Pad U3-10(60.55mm,21.05mm) on L4 BOTTOM GND|Pad RL_5-2(63.8mm,22.3mm) on L1 TOP",0
TRACK,R104:VREF_A,VREF_A,Mid Layer 2,62.325,20.125,63.075,19.375,0.2,,,"VREF_A|Pad U3-10(60.55mm,21.05mm) on L4 BOTTOM GND|Pad RL_5-2(63.8mm,22.3mm) on L1 TOP",0
TRACK,R104:VREF_A,VREF_A,Top Layer,63.075,19.375,63.125,19.375,0.2,,,"VREF_A|Pad U3-10(60.55mm,21.05mm) on L4 BOTTOM GND|Pad RL_5-2(63.8mm,22.3mm) on L1 TOP",0
TRACK,R104:VREF_A,VREF_A,Top Layer,63.125,19.375,63.625,18.875,0.2,,,"VREF_A|Pad U3-10(60.55mm,21.05mm) on L4 BOTTOM GND|Pad RL_5-2(63.8mm,22.3mm) on L1 TOP",0
TRACK,R104:VREF_A,VREF_A,Top Layer,63.625,18.875,65.225,18.875,0.2,,,"VREF_A|Pad U3-10(60.55mm,21.05mm) on L4 BOTTOM GND|Pad RL_5-2(63.8mm,22.3mm) on L1 TOP",0
TRACK,R104:VREF_A,VREF_A,Top Layer,65.225,18.875,65.525,19.175,0.2,,,"VREF_A|Pad U3-10(60.55mm,21.05mm) on L4 BOTTOM GND|Pad RL_5-2(63.8mm,22.3mm) on L1 TOP",0
TRACK,R104:VREF_A,VREF_A,Top Layer,65.525,19.175,65.525,21.025,0.2,,,"VREF_A|Pad U3-10(60.55mm,21.05mm) on L4 BOTTOM GND|Pad RL_5-2(63.8mm,22.3mm) on L1 TOP",0
TRACK,R104:VREF_A,VREF_A,Top Layer,65.525,21.025,64.375,22.175,0.2,,,"VREF_A|Pad U3-10(60.55mm,21.05mm) on L4 BOTTOM GND|Pad RL_5-2(63.8mm,22.3mm) on L1 TOP",0
TRACK,R104:VREF_A,VREF_A,Top Layer,64.375,22.175,64.025,22.175,0.2,,,"VREF_A|Pad U3-10(60.55mm,21.05mm) on L4 BOTTOM GND|Pad RL_5-2(63.8mm,22.3mm) on L1 TOP",0
VIA,R104:VREF_A,VREF_A,Multi Layer,58.875,19.975,,,,0.6,0.3,"VREF_A|Pad U3-10(60.55mm,21.05mm) on L4 BOTTOM GND|Pad RL_5-2(63.8mm,22.3mm) on L1 TOP",0
VIA,R104:VREF_A,VREF_A,Multi Layer,63.075,19.375,,,,0.6,0.3,"VREF_A|Pad U3-10(60.55mm,21.05mm) on L4 BOTTOM GND|Pad RL_5-2(63.8mm,22.3mm) on L1 TOP",0
TRACK,R105:INA_OUT_2,INA_OUT_2,Top Layer,28.425,22.075,28.425,24.575,0.2,,,"INA_OUT_2|Pad RH_2-1(28.421mm,21.75mm) on L1 TOP|Pad Rservo_2-2(28.575mm,25.25mm) on L4 BOTTOM GND",0
TRACK,R105:INA_OUT_2,INA_OUT_2,Bottom Layer,28.425,24.575,28.425,25.025,0.2,,,"INA_OUT_2|Pad RH_2-1(28.421mm,21.75mm) on L1 TOP|Pad Rservo_2-2(28.575mm,25.25mm) on L4 BOTTOM GND",0
VIA,R105:INA_OUT_2,INA_OUT_2,Multi Layer,28.425,24.575,,,,0.6,0.3,"INA_OUT_2|Pad RH_2-1(28.421mm,21.75mm) on L1 TOP|Pad Rservo_2-2(28.575mm,25.25mm) on L4 BOTTOM GND",0
TRACK,R106:VOUT_5,VOUT_5,Top Layer,57.975,24.275,59.175,23.075,0.2,,,"VOUT_5|Pad Free-TP_VOUT_5(57.58mm,24.5mm) on L1 TOP|Pad U3-8(60.55mm,22.35mm) on L4 BOTTOM GND",0
TRACK,R107:VOUT_1,VOUT_1,Top Layer,45.775,29.625,46.025,29.625,0.15,,,"VOUT_1|Pad Free-TP_VOUT_1(45.33mm,29.75mm) on L1 TOP|Pad R_ADC1-1(49.08mm,29.665mm) on L1 TOP",1
TRACK,R107:VOUT_1,VOUT_1,Top Layer,46.025,29.625,46.275,29.375,0.15,,,"VOUT_1|Pad Free-TP_VOUT_1(45.33mm,29.75mm) on L1 TOP|Pad R_ADC1-1(49.08mm,29.665mm) on L1 TOP",1
TRACK,R107:VOUT_1,VOUT_1,Top Layer,46.275,29.375,48.425,29.375,0.15,,,"VOUT_1|Pad Free-TP_VOUT_1(45.33mm,29.75mm) on L1 TOP|Pad R_ADC1-1(49.08mm,29.665mm) on L1 TOP",1
TRACK,R107:VOUT_1,VOUT_1,Top Layer,48.425,29.375,48.6045,29.5545,0.15,,,"VOUT_1|Pad Free-TP_VOUT_1(45.33mm,29.75mm) on L1 TOP|Pad R_ADC1-1(49.08mm,29.665mm) on L1 TOP",1
TRACK,R107:VOUT_1,VOUT_1,Top Layer,48.6045,29.5545,48.825,29.775,0.15,,,"VOUT_1|Pad Free-TP_VOUT_1(45.33mm,29.75mm) on L1 TOP|Pad R_ADC1-1(49.08mm,29.665mm) on L1 TOP",1
TRACK,R108:VDiv,VDiv,Top Layer,12.825,24.025,12.825,23.025,0.2,,,"VDiv|Pad RV1-1(11.5mm,24.8mm) on L4 BOTTOM GND|Pad U1-12(11.75mm,21.05mm) on L4 BOTTOM GND",0
TRACK,R108:VDiv,VDiv,Top Layer,12.825,23.025,13.775,22.075,0.2,,,"VDiv|Pad RV1-1(11.5mm,24.8mm) on L4 BOTTOM GND|Pad U1-12(11.75mm,21.05mm) on L4 BOTTOM GND",0
TRACK,R108:VDiv,VDiv,Top Layer,13.775,22.075,13.775,20.775,0.2,,,"VDiv|Pad RV1-1(11.5mm,24.8mm) on L4 BOTTOM GND|Pad U1-12(11.75mm,21.05mm) on L4 BOTTOM GND",0
TRACK,R108:VDiv,VDiv,Top Layer,13.775,20.775,13.575,20.575,0.2,,,"VDiv|Pad RV1-1(11.5mm,24.8mm) on L4 BOTTOM GND|Pad U1-12(11.75mm,21.05mm) on L4 BOTTOM GND",0
TRACK,R108:VDiv,VDiv,Bottom Layer,13.575,20.575,13.075,20.575,0.2,,,"VDiv|Pad RV1-1(11.5mm,24.8mm) on L4 BOTTOM GND|Pad U1-12(11.75mm,21.05mm) on L4 BOTTOM GND",0
VIA,R108:VDiv,VDiv,Multi Layer,13.575,20.575,,,,0.6,0.3,"VDiv|Pad RV1-1(11.5mm,24.8mm) on L4 BOTTOM GND|Pad U1-12(11.75mm,21.05mm) on L4 BOTTOM GND",0
TRACK,R109:NetCL_2_1,NetCL_2_1,Bottom Layer,28.525,19.125,28.025,19.125,0.2,,,"NetCL_2_1|Pad RGN_2-1(28.8mm,19.35mm) on L4 BOTTOM GND|Pad CL_2-1(30.65mm,16.05mm) on L4 BOTTOM GND",0
TRACK,R109:NetCL_2_1,NetCL_2_1,Top Layer,28.025,19.125,28.025,18.175,0.2,,,"NetCL_2_1|Pad RGN_2-1(28.8mm,19.35mm) on L4 BOTTOM GND|Pad CL_2-1(30.65mm,16.05mm) on L4 BOTTOM GND",0
TRACK,R109:NetCL_2_1,NetCL_2_1,Top Layer,28.025,18.175,28.725,17.475,0.2,,,"NetCL_2_1|Pad RGN_2-1(28.8mm,19.35mm) on L4 BOTTOM GND|Pad CL_2-1(30.65mm,16.05mm) on L4 BOTTOM GND",0
TRACK,R109:NetCL_2_1,NetCL_2_1,Bottom Layer,28.725,17.475,29.425,17.475,0.2,,,"NetCL_2_1|Pad RGN_2-1(28.8mm,19.35mm) on L4 BOTTOM GND|Pad CL_2-1(30.65mm,16.05mm) on L4 BOTTOM GND",0
TRACK,R109:NetCL_2_1,NetCL_2_1,Bottom Layer,29.425,17.475,29.975,16.925,0.2,,,"NetCL_2_1|Pad RGN_2-1(28.8mm,19.35mm) on L4 BOTTOM GND|Pad CL_2-1(30.65mm,16.05mm) on L4 BOTTOM GND",0
TRACK,R109:NetCL_2_1,NetCL_2_1,Bottom Layer,29.975,16.925,29.975,16.775,0.2,,,"NetCL_2_1|Pad RGN_2-1(28.8mm,19.35mm) on L4 BOTTOM GND|Pad CL_2-1(30.65mm,16.05mm) on L4 BOTTOM GND",0
VIA,R109:NetCL_2_1,NetCL_2_1,Multi Layer,28.025,19.125,,,,0.6,0.3,"NetCL_2_1|Pad RGN_2-1(28.8mm,19.35mm) on L4 BOTTOM GND|Pad CL_2-1(30.65mm,16.05mm) on L4 BOTTOM GND",0
VIA,R109:NetCL_2_1,NetCL_2_1,Multi Layer,28.725,17.475,,,,0.6,0.3,"NetCL_2_1|Pad RGN_2-1(28.8mm,19.35mm) on L4 BOTTOM GND|Pad CL_2-1(30.65mm,16.05mm) on L4 BOTTOM GND",0
TRACK,R110:NetCL_4_1,NetCL_4_1,Bottom Layer,50.125,19.125,49.625,19.125,0.2,,,"NetCL_4_1|Pad RGN_4-1(50.4mm,19.35mm) on L4 BOTTOM GND|Pad CL_4-1(52.25mm,16.05mm) on L4 BOTTOM GND",0
TRACK,R110:NetCL_4_1,NetCL_4_1,Top Layer,49.625,19.125,49.625,18.175,0.2,,,"NetCL_4_1|Pad RGN_4-1(50.4mm,19.35mm) on L4 BOTTOM GND|Pad CL_4-1(52.25mm,16.05mm) on L4 BOTTOM GND",0
TRACK,R110:NetCL_4_1,NetCL_4_1,Top Layer,49.625,18.175,50.325,17.475,0.2,,,"NetCL_4_1|Pad RGN_4-1(50.4mm,19.35mm) on L4 BOTTOM GND|Pad CL_4-1(52.25mm,16.05mm) on L4 BOTTOM GND",0
TRACK,R110:NetCL_4_1,NetCL_4_1,Bottom Layer,50.325,17.475,51.025,17.475,0.2,,,"NetCL_4_1|Pad RGN_4-1(50.4mm,19.35mm) on L4 BOTTOM GND|Pad CL_4-1(52.25mm,16.05mm) on L4 BOTTOM GND",0
TRACK,R110:NetCL_4_1,NetCL_4_1,Bottom Layer,51.025,17.475,51.575,16.925,0.2,,,"NetCL_4_1|Pad RGN_4-1(50.4mm,19.35mm) on L4 BOTTOM GND|Pad CL_4-1(52.25mm,16.05mm) on L4 BOTTOM GND",0
TRACK,R110:NetCL_4_1,NetCL_4_1,Bottom Layer,51.575,16.925,51.575,16.775,0.2,,,"NetCL_4_1|Pad RGN_4-1(50.4mm,19.35mm) on L4 BOTTOM GND|Pad CL_4-1(52.25mm,16.05mm) on L4 BOTTOM GND",0
VIA,R110:NetCL_4_1,NetCL_4_1,Multi Layer,49.625,19.125,,,,0.6,0.3,"NetCL_4_1|Pad RGN_4-1(50.4mm,19.35mm) on L4 BOTTOM GND|Pad CL_4-1(52.25mm,16.05mm) on L4 BOTTOM GND",0
VIA,R110:NetCL_4_1,NetCL_4_1,Multi Layer,50.325,17.475,,,,0.6,0.3,"NetCL_4_1|Pad RGN_4-1(50.4mm,19.35mm) on L4 BOTTOM GND|Pad CL_4-1(52.25mm,16.05mm) on L4 BOTTOM GND",0
TRACK,R113:INA_OUT_2,INA_OUT_2,Top Layer,28.375,20.025,27.775,20.025,0.2,,,"INA_OUT_2|Pad INA2-8(28.525mm,20.55mm) on L1 TOP|Pad CL_2-2(28.75mm,16.05mm) on L4 BOTTOM GND",0
TRACK,R113:INA_OUT_2,INA_OUT_2,Top Layer,27.775,20.025,27.225,19.475,0.2,,,"INA_OUT_2|Pad INA2-8(28.525mm,20.55mm) on L1 TOP|Pad CL_2-2(28.75mm,16.05mm) on L4 BOTTOM GND",0
TRACK,R113:INA_OUT_2,INA_OUT_2,Top Layer,27.225,19.475,27.225,17.625,0.2,,,"INA_OUT_2|Pad INA2-8(28.525mm,20.55mm) on L1 TOP|Pad CL_2-2(28.75mm,16.05mm) on L4 BOTTOM GND",0
TRACK,R113:INA_OUT_2,INA_OUT_2,Top Layer,27.225,17.625,27.725,17.125,0.2,,,"INA_OUT_2|Pad INA2-8(28.525mm,20.55mm) on L1 TOP|Pad CL_2-2(28.75mm,16.05mm) on L4 BOTTOM GND",0
TRACK,R113:INA_OUT_2,INA_OUT_2,Bottom Layer,27.725,17.125,28.075,16.775,0.2,,,"INA_OUT_2|Pad INA2-8(28.525mm,20.55mm) on L1 TOP|Pad CL_2-2(28.75mm,16.05mm) on L4 BOTTOM GND",0
VIA,R113:INA_OUT_2,INA_OUT_2,Multi Layer,27.725,17.125,,,,0.6,0.3,"INA_OUT_2|Pad INA2-8(28.525mm,20.55mm) on L1 TOP|Pad CL_2-2(28.75mm,16.05mm) on L4 BOTTOM GND",0
TRACK,R114:INA_OUT_4,INA_OUT_4,Top Layer,49.525,20.475,49.525,20.175,0.2,,,"INA_OUT_4|Pad INA4-8(50.125mm,20.55mm) on L1 TOP|Pad CL_4-2(50.35mm,16.05mm) on L4 BOTTOM GND",0
TRACK,R114:INA_OUT_4,INA_OUT_4,Top Layer,49.525,20.175,48.875,19.525,0.2,,,"INA_OUT_4|Pad INA4-8(50.125mm,20.55mm) on L1 TOP|Pad CL_4-2(50.35mm,16.05mm) on L4 BOTTOM GND",0
TRACK,R114:INA_OUT_4,INA_OUT_4,Top Layer,48.875,19.525,48.875,17.575,0.2,,,"INA_OUT_4|Pad INA4-8(50.125mm,20.55mm) on L1 TOP|Pad CL_4-2(50.35mm,16.05mm) on L4 BOTTOM GND",0
TRACK,R114:INA_OUT_4,INA_OUT_4,Top Layer,48.875,17.575,49.325,17.125,0.2,,,"INA_OUT_4|Pad INA4-8(50.125mm,20.55mm) on L1 TOP|Pad CL_4-2(50.35mm,16.05mm) on L4 BOTTOM GND",0
TRACK,R114:INA_OUT_4,INA_OUT_4,Bottom Layer,49.325,17.125,49.675,16.775,0.2,,,"INA_OUT_4|Pad INA4-8(50.125mm,20.55mm) on L1 TOP|Pad CL_4-2(50.35mm,16.05mm) on L4 BOTTOM GND",0
VIA,R114:INA_OUT_4,INA_OUT_4,Multi Layer,49.325,17.125,,,,0.6,0.3,"INA_OUT_4|Pad INA4-8(50.125mm,20.55mm) on L1 TOP|Pad CL_4-2(50.35mm,16.05mm) on L4 BOTTOM GND",0
TRACK,R115:INA_OUT_4,INA_OUT_4,Top Layer,48.925,22.075,48.925,23.425,0.2,,,"INA_OUT_4|Pad INA4-8(50.125mm,20.55mm) on L1 TOP|Pad Rservo_4-2(50.175mm,25.25mm) on L4 BOTTOM GND",0
TRACK,R115:INA_OUT_4,INA_OUT_4,Top Layer,48.925,23.425,49.975,24.475,0.2,,,"INA_OUT_4|Pad INA4-8(50.125mm,20.55mm) on L1 TOP|Pad Rservo_4-2(50.175mm,25.25mm) on L4 BOTTOM GND",0
TRACK,R115:INA_OUT_4,INA_OUT_4,Bottom Layer,49.975,24.475,49.975,25.025,0.2,,,"INA_OUT_4|Pad INA4-8(50.125mm,20.55mm) on L1 TOP|Pad Rservo_4-2(50.175mm,25.25mm) on L4 BOTTOM GND",0
VIA,R115:INA_OUT_4,INA_OUT_4,Multi Layer,49.975,24.475,,,,0.6,0.3,"INA_OUT_4|Pad INA4-8(50.125mm,20.55mm) on L1 TOP|Pad Rservo_4-2(50.175mm,25.25mm) on L4 BOTTOM GND",0
TRACK,R116:VREF_B_SRC,VREF_B_SRC,Top Layer,12.925,20.025,13.025,20.025,0.2,,,"VREF_B_SRC|Pad Free-TP_VREF_B_SRC(12.5mm,20.2mm) on L1 TOP|Pad R_ref-2(13.7mm,15.4mm) on L4 BOTTOM GND",0
TRACK,R116:VREF_B_SRC,VREF_B_SRC,Top Layer,13.025,20.025,13.275,19.775,0.2,,,"VREF_B_SRC|Pad Free-TP_VREF_B_SRC(12.5mm,20.2mm) on L1 TOP|Pad R_ref-2(13.7mm,15.4mm) on L4 BOTTOM GND",0
TRACK,R116:VREF_B_SRC,VREF_B_SRC,Top Layer,13.275,19.775,13.425,19.775,0.2,,,"VREF_B_SRC|Pad Free-TP_VREF_B_SRC(12.5mm,20.2mm) on L1 TOP|Pad R_ref-2(13.7mm,15.4mm) on L4 BOTTOM GND",0
TRACK,R116:VREF_B_SRC,VREF_B_SRC,Top Layer,13.425,19.775,14.375,18.825,0.2,,,"VREF_B_SRC|Pad Free-TP_VREF_B_SRC(12.5mm,20.2mm) on L1 TOP|Pad R_ref-2(13.7mm,15.4mm) on L4 BOTTOM GND",0
TRACK,R116:VREF_B_SRC,VREF_B_SRC,Top Layer,14.375,18.825,14.375,18.43,0.2,,,"VREF_B_SRC|Pad Free-TP_VREF_B_SRC(12.5mm,20.2mm) on L1 TOP|Pad R_ref-2(13.7mm,15.4mm) on L4 BOTTOM GND",0
TRACK,R116:VREF_B_SRC,VREF_B_SRC,Top Layer,14.375,18.43,14.375,15.778,0.2,,,"VREF_B_SRC|Pad Free-TP_VREF_B_SRC(12.5mm,20.2mm) on L1 TOP|Pad R_ref-2(13.7mm,15.4mm) on L4 BOTTOM GND",0
TRACK,R116:VREF_B_SRC,VREF_B_SRC,Top Layer,14.375,15.778,14.375,15.375,0.2,,,"VREF_B_SRC|Pad Free-TP_VREF_B_SRC(12.5mm,20.2mm) on L1 TOP|Pad R_ref-2(13.7mm,15.4mm) on L4 BOTTOM GND",0
TRACK,R116:VREF_B_SRC,VREF_B_SRC,Bottom Layer,14.375,15.375,14.275,15.275,0.2,,,"VREF_B_SRC|Pad Free-TP_VREF_B_SRC(12.5mm,20.2mm) on L1 TOP|Pad R_ref-2(13.7mm,15.4mm) on L4 BOTTOM GND",0
VIA,R116:VREF_B_SRC,VREF_B_SRC,Multi Layer,14.375,15.375,,,,0.6,0.3,"VREF_B_SRC|Pad Free-TP_VREF_B_SRC(12.5mm,20.2mm) on L1 TOP|Pad R_ref-2(13.7mm,15.4mm) on L4 BOTTOM GND",0
TRACK,R117:VSYS,VSYS,Bottom Layer,15.075,39.275,15.075,39.575,0.4,,,"VSYS|Pad UP1-11(15mm,39.15mm) on L4 BOTTOM GND|Pad UP1-10(15mm,39.65mm) on L4 BOTTOM GND",0
TRACK,R118:VBAT_CELL,VBAT_CELL,Bottom Layer,12.125,39.275,12.125,39.575,0.4,,,"VBAT_CELL|Pad UP1-2(12.2mm,39.15mm) on L4 BOTTOM GND|Pad UP1-3(12.2mm,39.65mm) on L4 BOTTOM GND",0
TRACK,R119:VBAT_CELL,VBAT_CELL,Bottom Layer,20.825,32.125,20.825,32.425,0.4,,,"VBAT_CELL|Pad UP4-3(20.745mm,32.025mm) on L4 BOTTOM GND|Pad UP4-2(20.745mm,32.525mm) on L4 BOTTOM GND",0
TRACK,R120:VSYS,VSYS,Bottom Layer,43.875,42.025,43.875,42.525,0.4,,,"VSYS|Pad U_UV1-6(43.973mm,41.792mm) on L4 BOTTOM GND|Pad U_UV1-5(43.973mm,42.742mm) on L4 BOTTOM GND",0
TRACK,R121:VBAT_CELL,VBAT_CELL,Bottom Layer,21.075,32.125,21.525,32.125,0.4,,,"VBAT_CELL|Pad UP4-3(20.745mm,32.025mm) on L4 BOTTOM GND|Pad CU6_1-2(21.781mm,31.975mm) on L4 BOTTOM GND",0
TRACK,R122:VSYS,VSYS,Bottom Layer,44.325,41.675,44.775,41.675,0.4,,,"VSYS|Pad U_UV1-6(43.973mm,41.792mm) on L4 BOTTOM GND|Pad C_UV_BYPASS-1(45.02mm,41.642mm) on L4 BOTTOM GND",0
TRACK,R123:VSYS,VSYS,Bottom Layer,18.475,39.575,18.925,39.575,0.4,,,"VSYS|Pad R_CHG_LED-1(18.2mm,39.65mm) on L4 BOTTOM GND|Pad Free-TP_VSYS(18.617mm,38.659mm) on L1 TOP",0
TRACK,R123:VSYS,VSYS,Top Layer,18.925,39.575,18.925,39.025,0.4,,,"VSYS|Pad R_CHG_LED-1(18.2mm,39.65mm) on L4 BOTTOM GND|Pad Free-TP_VSYS(18.617mm,38.659mm) on L1 TOP",0
VIA,R123:VSYS,VSYS,Multi Layer,18.925,39.575,,,,0.6,0.3,"VSYS|Pad R_CHG_LED-1(18.2mm,39.65mm) on L4 BOTTOM GND|Pad Free-TP_VSYS(18.617mm,38.659mm) on L1 TOP",0
TRACK,R124:VBUS,VBUS,Bottom Layer,13.975,36.625,13.975,36.7,0.4,,,"VBUS|Pad C_IN_-1(13.95mm,36.4mm) on L4 BOTTOM GND|Pad UP1-13(14.35mm,38mm) on L4 BOTTOM GND",0
TRACK,R124:VBUS,VBUS,Bottom Layer,13.975,36.7,13.975,37.125,0.4,,,"VBUS|Pad C_IN_-1(13.95mm,36.4mm) on L4 BOTTOM GND|Pad UP1-13(14.35mm,38mm) on L4 BOTTOM GND",0
TRACK,R124:VBUS,VBUS,Bottom Layer,13.975,37.125,14.375,37.525,0.4,,,"VBUS|Pad C_IN_-1(13.95mm,36.4mm) on L4 BOTTOM GND|Pad UP1-13(14.35mm,38mm) on L4 BOTTOM GND",0
TRACK,R124:VBUS,VBUS,Bottom Layer,14.375,37.525,14.375,37.725,0.4,,,"VBUS|Pad C_IN_-1(13.95mm,36.4mm) on L4 BOTTOM GND|Pad UP1-13(14.35mm,38mm) on L4 BOTTOM GND",0
TRACK,R125:VSYS,VSYS,Bottom Layer,15.275,39.225,15.775,39.225,0.4,,,"VSYS|Pad UP1-11(15mm,39.15mm) on L4 BOTTOM GND|Pad C_OUT_-1(16.6mm,38.7mm) on L4 BOTTOM GND",0
TRACK,R125:VSYS,VSYS,Bottom Layer,15.775,39.225,15.975,39.025,0.4,,,"VSYS|Pad UP1-11(15mm,39.15mm) on L4 BOTTOM GND|Pad C_OUT_-1(16.6mm,38.7mm) on L4 BOTTOM GND",0
TRACK,R126:VSYS,VSYS,Bottom Layer,17.225,39.025,17.525,39.025,0.4,,,"VSYS|Pad C_OUT_-1(16.6mm,38.7mm) on L4 BOTTOM GND|Pad R_CHG_LED-1(18.2mm,39.65mm) on L4 BOTTOM GND",0
TRACK,R126:VSYS,VSYS,Bottom Layer,17.525,39.025,17.925,39.425,0.4,,,"VSYS|Pad C_OUT_-1(16.6mm,38.7mm) on L4 BOTTOM GND|Pad R_CHG_LED-1(18.2mm,39.65mm) on L4 BOTTOM GND",0
TRACK,R128:VBUS,VBUS,Top Layer,17.675,37.175,17.875,37.175,0.15,,,"VBUS|Pad J_USB_C-B4_A9(17.155mm,37mm) on L1 TOP|Pad C_VBUS-2(19.1mm,36.6mm) on L1 TOP",1
TRACK,R128:VBUS,VBUS,Top Layer,17.875,37.175,17.925,37.225,0.15,,,"VBUS|Pad J_USB_C-B4_A9(17.155mm,37mm) on L1 TOP|Pad C_VBUS-2(19.1mm,36.6mm) on L1 TOP",1
TRACK,R128:VBUS,VBUS,Top Layer,17.925,37.225,18.675,37.225,0.15,,,"VBUS|Pad J_USB_C-B4_A9(17.155mm,37mm) on L1 TOP|Pad C_VBUS-2(19.1mm,36.6mm) on L1 TOP",1
TRACK,R128:VBUS,VBUS,Top Layer,18.675,37.225,19.075,36.825,0.15,,,"VBUS|Pad J_USB_C-B4_A9(17.155mm,37mm) on L1 TOP|Pad C_VBUS-2(19.1mm,36.6mm) on L1 TOP",1
TRACK,R129:VBAT_CELL,VBAT_CELL,Top Layer,25.075,40.725,25.875,40.725,0.4,,,"VBAT_CELL|Pad J_Li-Po-3(24.369mm,40.534mm) on Multi-Layer|Pad Free-TP_VBAT_CELL(26.353mm,40.785mm) on L1 TOP",0
TRACK,R130:VBUS,VBUS,Top Layer,14.075,37.125,14.075,36.7,0.4,,,"VBUS|Pad C_IN_-1(13.95mm,36.4mm) on L4 BOTTOM GND|Pad Free-TP_VBUS(14.225mm,34.252mm) on L1 TOP",0
TRACK,R130:VBUS,VBUS,Top Layer,14.075,36.7,14.075,34.725,0.4,,,"VBUS|Pad C_IN_-1(13.95mm,36.4mm) on L4 BOTTOM GND|Pad Free-TP_VBUS(14.225mm,34.252mm) on L1 TOP",0
VIA,R130:VBUS,VBUS,Multi Layer,14.075,37.125,,,,0.6,0.3,"VBUS|Pad C_IN_-1(13.95mm,36.4mm) on L4 BOTTOM GND|Pad Free-TP_VBUS(14.225mm,34.252mm) on L1 TOP",0
TRACK,R131:VBAT_CELL,VBAT_CELL,Bottom Layer,11.925,39.075,11.675,39.075,0.15,,,"VBAT_CELL|Pad UP1-3(12.2mm,39.65mm) on L4 BOTTOM GND|Pad C_BAT-1(12.933mm,42.079mm) on L4 BOTTOM GND",0
TRACK,R131:VBAT_CELL,VBAT_CELL,Bottom Layer,11.675,39.075,11.575,38.975,0.15,,,"VBAT_CELL|Pad UP1-3(12.2mm,39.65mm) on L4 BOTTOM GND|Pad C_BAT-1(12.933mm,42.079mm) on L4 BOTTOM GND",0
TRACK,R131:VBAT_CELL,VBAT_CELL,Bottom Layer,11.575,38.975,11.575,38.075,0.15,,,"VBAT_CELL|Pad UP1-3(12.2mm,39.65mm) on L4 BOTTOM GND|Pad C_BAT-1(12.933mm,42.079mm) on L4 BOTTOM GND",0
TRACK,R131:VBAT_CELL,VBAT_CELL,Bottom Layer,11.575,38.075,11.725,37.925,0.15,,,"VBAT_CELL|Pad UP1-3(12.2mm,39.65mm) on L4 BOTTOM GND|Pad C_BAT-1(12.933mm,42.079mm) on L4 BOTTOM GND",0
TRACK,R131:VBAT_CELL,VBAT_CELL,Top Layer,11.725,37.925,11.725,40.975,0.15,,,"VBAT_CELL|Pad UP1-3(12.2mm,39.65mm) on L4 BOTTOM GND|Pad C_BAT-1(12.933mm,42.079mm) on L4 BOTTOM GND",0
TRACK,R131:VBAT_CELL,VBAT_CELL,Top Layer,11.725,40.975,12.075,41.325,0.15,,,"VBAT_CELL|Pad UP1-3(12.2mm,39.65mm) on L4 BOTTOM GND|Pad C_BAT-1(12.933mm,42.079mm) on L4 BOTTOM GND",0
TRACK,R131:VBAT_CELL,VBAT_CELL,Bottom Layer,12.075,41.325,12.375,41.325,0.15,,,"VBAT_CELL|Pad UP1-3(12.2mm,39.65mm) on L4 BOTTOM GND|Pad C_BAT-1(12.933mm,42.079mm) on L4 BOTTOM GND",0
TRACK,R131:VBAT_CELL,VBAT_CELL,Bottom Layer,12.375,41.325,12.625,41.575,0.15,,,"VBAT_CELL|Pad UP1-3(12.2mm,39.65mm) on L4 BOTTOM GND|Pad C_BAT-1(12.933mm,42.079mm) on L4 BOTTOM GND",0
VIA,R131:VBAT_CELL,VBAT_CELL,Multi Layer,11.725,37.925,,,,0.6,0.3,"VBAT_CELL|Pad UP1-3(12.2mm,39.65mm) on L4 BOTTOM GND|Pad C_BAT-1(12.933mm,42.079mm) on L4 BOTTOM GND",0
VIA,R131:VBAT_CELL,VBAT_CELL,Multi Layer,12.075,41.325,,,,0.6,0.3,"VBAT_CELL|Pad UP1-3(12.2mm,39.65mm) on L4 BOTTOM GND|Pad C_BAT-1(12.933mm,42.079mm) on L4 BOTTOM GND",0
TRACK,R132:VSYS,VSYS,Bottom Layer,41.775,43.575,42.575,43.575,0.4,,,"VSYS|Pad U_UV1-3(41.423mm,43.692mm) on L4 BOTTOM GND|Pad U_UV1-5(43.973mm,42.742mm) on L4 BOTTOM GND",0
TRACK,R132:VSYS,VSYS,Bottom Layer,42.575,43.575,43.275,42.875,0.4,,,"VSYS|Pad U_UV1-3(41.423mm,43.692mm) on L4 BOTTOM GND|Pad U_UV1-5(43.973mm,42.742mm) on L4 BOTTOM GND",0
TRACK,R132:VSYS,VSYS,Bottom Layer,43.275,42.875,43.575,42.875,0.4,,,"VSYS|Pad U_UV1-3(41.423mm,43.692mm) on L4 BOTTOM GND|Pad U_UV1-5(43.973mm,42.742mm) on L4 BOTTOM GND",0
TRACK,R133:VBUS,VBUS,Mid Layer 2,14.325,37.275,15.575,37.275,0.4,,,"VBUS|Pad C_IN_-1(13.95mm,36.4mm) on L4 BOTTOM GND|Pad J_USB_C-B4_A9(17.155mm,37mm) on L1 TOP",0
TRACK,R133:VBUS,VBUS,Mid Layer 2,15.575,37.275,15.725,37.425,0.4,,,"VBUS|Pad C_IN_-1(13.95mm,36.4mm) on L4 BOTTOM GND|Pad J_USB_C-B4_A9(17.155mm,37mm) on L1 TOP",0
TRACK,R133:VBUS,VBUS,Mid Layer 2,15.725,37.425,16.3,37.425,0.4,,,"VBUS|Pad C_IN_-1(13.95mm,36.4mm) on L4 BOTTOM GND|Pad J_USB_C-B4_A9(17.155mm,37mm) on L1 TOP",0
TRACK,R133:VBUS,VBUS,Mid Layer 2,16.3,37.425,18.775,37.425,0.4,,,"VBUS|Pad C_IN_-1(13.95mm,36.4mm) on L4 BOTTOM GND|Pad J_USB_C-B4_A9(17.155mm,37mm) on L1 TOP",0
TRACK,R133:VBUS,VBUS,Top Layer,18.775,37.425,19.025,37.175,0.4,,,"VBUS|Pad C_IN_-1(13.95mm,36.4mm) on L4 BOTTOM GND|Pad J_USB_C-B4_A9(17.155mm,37mm) on L1 TOP",0
TRACK,R133:VBUS,VBUS,Top Layer,19.025,37.175,19.025,36.925,0.4,,,"VBUS|Pad C_IN_-1(13.95mm,36.4mm) on L4 BOTTOM GND|Pad J_USB_C-B4_A9(17.155mm,37mm) on L1 TOP",0
VIA,R133:VBUS,VBUS,Multi Layer,18.775,37.425,,,,0.6,0.3,"VBUS|Pad C_IN_-1(13.95mm,36.4mm) on L4 BOTTOM GND|Pad J_USB_C-B4_A9(17.155mm,37mm) on L1 TOP",0
TRACK,R134:VBUS,VBUS,Top Layer,18.775,33.575,18.775,34.16,0.4,,,"VBUS|Pad D_VBUS-1(18.5mm,33.3mm) on L1 TOP|Pad C_VBUS-2(19.1mm,36.6mm) on L1 TOP",0
TRACK,R134:VBUS,VBUS,Top Layer,18.775,34.16,18.775,34.425,0.4,,,"VBUS|Pad D_VBUS-1(18.5mm,33.3mm) on L1 TOP|Pad C_VBUS-2(19.1mm,36.6mm) on L1 TOP",0
TRACK,R134:VBUS,VBUS,Top Layer,18.775,34.425,19.325,34.975,0.4,,,"VBUS|Pad D_VBUS-1(18.5mm,33.3mm) on L1 TOP|Pad C_VBUS-2(19.1mm,36.6mm) on L1 TOP",0
TRACK,R134:VBUS,VBUS,Top Layer,19.325,34.975,19.325,36.075,0.4,,,"VBUS|Pad D_VBUS-1(18.5mm,33.3mm) on L1 TOP|Pad C_VBUS-2(19.1mm,36.6mm) on L1 TOP",0
TRACK,R134:VBUS,VBUS,Top Layer,19.325,36.075,19.025,36.375,0.4,,,"VBUS|Pad D_VBUS-1(18.5mm,33.3mm) on L1 TOP|Pad C_VBUS-2(19.1mm,36.6mm) on L1 TOP",0
TRACK,R135:VSYS,VSYS,Bottom Layer,42.975,38.725,42.975,39.825,0.4,,,"VSYS|Pad R_EN-1(43.198mm,38.442mm) on L4 BOTTOM GND|Pad U_UV1-6(43.973mm,41.792mm) on L4 BOTTOM GND",0
TRACK,R135:VSYS,VSYS,Bottom Layer,42.975,39.825,42.425,40.375,0.4,,,"VSYS|Pad R_EN-1(43.198mm,38.442mm) on L4 BOTTOM GND|Pad U_UV1-6(43.973mm,41.792mm) on L4 BOTTOM GND",0
TRACK,R135:VSYS,VSYS,Bottom Layer,42.425,40.375,42.425,41.975,0.4,,,"VSYS|Pad R_EN-1(43.198mm,38.442mm) on L4 BOTTOM GND|Pad U_UV1-6(43.973mm,41.792mm) on L4 BOTTOM GND",0
TRACK,R135:VSYS,VSYS,Bottom Layer,42.425,41.975,43.175,42.725,0.4,,,"VSYS|Pad R_EN-1(43.198mm,38.442mm) on L4 BOTTOM GND|Pad U_UV1-6(43.973mm,41.792mm) on L4 BOTTOM GND",0
TRACK,R136:VSYS,VSYS,Bottom Layer,13.925,43.375,13.925,42.975,0.4,,,"VSYS|Pad R_EN1_BIAS-1(14.231mm,43.719mm) on L4 BOTTOM GND|Pad UP1-10(15mm,39.65mm) on L4 BOTTOM GND",0
TRACK,R136:VSYS,VSYS,Bottom Layer,13.925,42.975,13.875,42.925,0.4,,,"VSYS|Pad R_EN1_BIAS-1(14.231mm,43.719mm) on L4 BOTTOM GND|Pad UP1-10(15mm,39.65mm) on L4 BOTTOM GND",0
TRACK,R136:VSYS,VSYS,Top Layer,13.875,42.925,13.875,42.1,0.4,,,"VSYS|Pad R_EN1_BIAS-1(14.231mm,43.719mm) on L4 BOTTOM GND|Pad UP1-10(15mm,39.65mm) on L4 BOTTOM GND",0
TRACK,R136:VSYS,VSYS,Top Layer,13.875,42.1,13.875,41.425,0.4,,,"VSYS|Pad R_EN1_BIAS-1(14.231mm,43.719mm) on L4 BOTTOM GND|Pad UP1-10(15mm,39.65mm) on L4 BOTTOM GND",0
TRACK,R136:VSYS,VSYS,Top Layer,13.875,41.425,15.825,39.475,0.4,,,"VSYS|Pad R_EN1_BIAS-1(14.231mm,43.719mm) on L4 BOTTOM GND|Pad UP1-10(15mm,39.65mm) on L4 BOTTOM GND",0
TRACK,R136:VSYS,VSYS,Bottom Layer,15.825,39.475,15.825,39.425,0.4,,,"VSYS|Pad R_EN1_BIAS-1(14.231mm,43.719mm) on L4 BOTTOM GND|Pad UP1-10(15mm,39.65mm) on L4 BOTTOM GND",0
VIA,R136:VSYS,VSYS,Multi Layer,13.875,42.925,,,,0.6,0.3,"VSYS|Pad R_EN1_BIAS-1(14.231mm,43.719mm) on L4 BOTTOM GND|Pad UP1-10(15mm,39.65mm) on L4 BOTTOM GND",0
VIA,R136:VSYS,VSYS,Multi Layer,15.825,39.475,,,,0.6,0.3,"VSYS|Pad R_EN1_BIAS-1(14.231mm,43.719mm) on L4 BOTTOM GND|Pad UP1-10(15mm,39.65mm) on L4 BOTTOM GND",0
TRACK,R137:VBUS,VBUS,Bottom Layer,11.175,41.075,11.175,41.425,0.15,,,"VBUS|Pad R_TS_TOP-2(11.194mm,40.774mm) on L4 BOTTOM GND|Pad UP1-13(14.35mm,38mm) on L4 BOTTOM GND",0
TRACK,R137:VBUS,VBUS,Mid Layer 2,11.175,41.425,11.325,41.275,0.15,,,"VBUS|Pad R_TS_TOP-2(11.194mm,40.774mm) on L4 BOTTOM GND|Pad UP1-13(14.35mm,38mm) on L4 BOTTOM GND",0
TRACK,R137:VBUS,VBUS,Mid Layer 2,11.325,41.275,11.325,39.675,0.15,,,"VBUS|Pad R_TS_TOP-2(11.194mm,40.774mm) on L4 BOTTOM GND|Pad UP1-13(14.35mm,38mm) on L4 BOTTOM GND",0
TRACK,R137:VBUS,VBUS,Mid Layer 2,11.325,39.675,13.775,37.225,0.15,,,"VBUS|Pad R_TS_TOP-2(11.194mm,40.774mm) on L4 BOTTOM GND|Pad UP1-13(14.35mm,38mm) on L4 BOTTOM GND",0
VIA,R137:VBUS,VBUS,Multi Layer,11.175,41.425,,,,0.45,0.2,"VBUS|Pad R_TS_TOP-2(11.194mm,40.774mm) on L4 BOTTOM GND|Pad UP1-13(14.35mm,38mm) on L4 BOTTOM GND",0
TRACK,R138:VBUS,VBUS,Top Layer,18.925,37.675,19.625,38.375,0.15,,,"VBUS|Pad J_USB_C-B4_A9(17.155mm,37mm) on L1 TOP|Pad J_USB_C-A4_B9(17.155mm,41.8mm) on L1 TOP",0
TRACK,R138:VBUS,VBUS,Top Layer,19.625,38.375,19.625,41.375,0.15,,,"VBUS|Pad J_USB_C-B4_A9(17.155mm,37mm) on L1 TOP|Pad J_USB_C-A4_B9(17.155mm,41.8mm) on L1 TOP",0
TRACK,R138:VBUS,VBUS,Top Layer,19.625,41.375,19.275,41.725,0.15,,,"VBUS|Pad J_USB_C-B4_A9(17.155mm,37mm) on L1 TOP|Pad J_USB_C-A4_B9(17.155mm,41.8mm) on L1 TOP",0
TRACK,R138:VBUS,VBUS,Top Layer,19.275,41.725,17.675,41.725,0.15,,,"VBUS|Pad J_USB_C-B4_A9(17.155mm,37mm) on L1 TOP|Pad J_USB_C-A4_B9(17.155mm,41.8mm) on L1 TOP",0
TRACK,R140:VBAT_CELL,VBAT_CELL,Bottom Layer,21.575,32.325,21.575,32.575,0.4,,,"VBAT_CELL|Pad CU6_1-2(21.781mm,31.975mm) on L4 BOTTOM GND|Pad J_Li-Po-3(24.369mm,40.534mm) on Multi-Layer",0
TRACK,R140:VBAT_CELL,VBAT_CELL,Bottom Layer,21.575,32.575,21.675,32.675,0.4,,,"VBAT_CELL|Pad CU6_1-2(21.781mm,31.975mm) on L4 BOTTOM GND|Pad J_Li-Po-3(24.369mm,40.534mm) on Multi-Layer",0
TRACK,R140:VBAT_CELL,VBAT_CELL,Top Layer,21.675,32.675,21.675,34.16,0.4,,,"VBAT_CELL|Pad CU6_1-2(21.781mm,31.975mm) on L4 BOTTOM GND|Pad J_Li-Po-3(24.369mm,40.534mm) on Multi-Layer",0
TRACK,R140:VBAT_CELL,VBAT_CELL,Top Layer,21.675,34.16,21.675,34.875,0.4,,,"VBAT_CELL|Pad CU6_1-2(21.781mm,31.975mm) on L4 BOTTOM GND|Pad J_Li-Po-3(24.369mm,40.534mm) on Multi-Layer",0
TRACK,R140:VBAT_CELL,VBAT_CELL,Top Layer,21.675,34.875,21.325,35.225,0.4,,,"VBAT_CELL|Pad CU6_1-2(21.781mm,31.975mm) on L4 BOTTOM GND|Pad J_Li-Po-3(24.369mm,40.534mm) on Multi-Layer",0
TRACK,R140:VBAT_CELL,VBAT_CELL,Top Layer,21.325,35.225,21.325,36.875,0.4,,,"VBAT_CELL|Pad CU6_1-2(21.781mm,31.975mm) on L4 BOTTOM GND|Pad J_Li-Po-3(24.369mm,40.534mm) on Multi-Layer",0
TRACK,R140:VBAT_CELL,VBAT_CELL,Top Layer,21.325,36.875,24.275,39.825,0.4,,,"VBAT_CELL|Pad CU6_1-2(21.781mm,31.975mm) on L4 BOTTOM GND|Pad J_Li-Po-3(24.369mm,40.534mm) on Multi-Layer",0
VIA,R140:VBAT_CELL,VBAT_CELL,Multi Layer,21.675,32.675,,,,0.6,0.3,"VBAT_CELL|Pad CU6_1-2(21.781mm,31.975mm) on L4 BOTTOM GND|Pad J_Li-Po-3(24.369mm,40.534mm) on Multi-Layer",0
TRACK,R141:VBAT_CELL,VBAT_CELL,Mid Layer 2,12.325,41.225,16.3,41.225,0.4,,,"VBAT_CELL|Pad C_BAT-1(12.933mm,42.079mm) on L4 BOTTOM GND|Pad J_Li-Po-3(24.369mm,40.534mm) on Multi-Layer",0
TRACK,R141:VBAT_CELL,VBAT_CELL,Mid Layer 2,16.3,41.225,23.175,41.225,0.4,,,"VBAT_CELL|Pad C_BAT-1(12.933mm,42.079mm) on L4 BOTTOM GND|Pad J_Li-Po-3(24.369mm,40.534mm) on Multi-Layer",0
TRACK,R141:VBAT_CELL,VBAT_CELL,Mid Layer 2,23.175,41.225,23.625,40.775,0.4,,,"VBAT_CELL|Pad C_BAT-1(12.933mm,42.079mm) on L4 BOTTOM GND|Pad J_Li-Po-3(24.369mm,40.534mm) on Multi-Layer",0
TRACK,R142:VSYS,VSYS,Top Layer,52.375,41.275,52.7219,41.275,0.4,,,"VSYS|Pad CUP4_1-1(53.412mm,41.384mm) on L4 BOTTOM GND|Pad R_EN1_1-1(64.969mm,40.25mm) on L4 BOTTOM GND",0
TRACK,R142:VSYS,VSYS,Top Layer,52.7219,41.275,64.425,41.275,0.4,,,"VSYS|Pad CUP4_1-1(53.412mm,41.384mm) on L4 BOTTOM GND|Pad R_EN1_1-1(64.969mm,40.25mm) on L4 BOTTOM GND",0
TRACK,R142:VSYS,VSYS,Bottom Layer,64.425,41.275,64.625,41.075,0.4,,,"VSYS|Pad CUP4_1-1(53.412mm,41.384mm) on L4 BOTTOM GND|Pad R_EN1_1-1(64.969mm,40.25mm) on L4 BOTTOM GND",0
TRACK,R142:VSYS,VSYS,Bottom Layer,64.625,41.075,64.675,41.075,0.4,,,"VSYS|Pad CUP4_1-1(53.412mm,41.384mm) on L4 BOTTOM GND|Pad R_EN1_1-1(64.969mm,40.25mm) on L4 BOTTOM GND",0
TRACK,R142:VSYS,VSYS,Bottom Layer,64.675,41.075,64.875,40.875,0.4,,,"VSYS|Pad CUP4_1-1(53.412mm,41.384mm) on L4 BOTTOM GND|Pad R_EN1_1-1(64.969mm,40.25mm) on L4 BOTTOM GND",0
TRACK,R142:VSYS,VSYS,Bottom Layer,64.875,40.875,64.875,40.575,0.4,,,"VSYS|Pad CUP4_1-1(53.412mm,41.384mm) on L4 BOTTOM GND|Pad R_EN1_1-1(64.969mm,40.25mm) on L4 BOTTOM GND",0
VIA,R142:VSYS,VSYS,Multi Layer,64.425,41.275,,,,0.6,0.3,"VSYS|Pad CUP4_1-1(53.412mm,41.384mm) on L4 BOTTOM GND|Pad R_EN1_1-1(64.969mm,40.25mm) on L4 BOTTOM GND",0
TRACK,R143:VSYS,VSYS,Mid Layer 2,19.175,39.475,23.875,39.475,0.15,,,"VSYS|Pad Free-TP_VSYS(18.617mm,38.659mm) on L1 TOP|Pad R_EN-1(43.198mm,38.442mm) on L4 BOTTOM GND",0
TRACK,R143:VSYS,VSYS,Mid Layer 2,23.875,39.475,23.925,39.425,0.15,,,"VSYS|Pad Free-TP_VSYS(18.617mm,38.659mm) on L1 TOP|Pad R_EN-1(43.198mm,38.442mm) on L4 BOTTOM GND",0
TRACK,R143:VSYS,VSYS,Mid Layer 2,23.925,39.425,25.775,39.425,0.15,,,"VSYS|Pad Free-TP_VSYS(18.617mm,38.659mm) on L1 TOP|Pad R_EN-1(43.198mm,38.442mm) on L4 BOTTOM GND",0
TRACK,R143:VSYS,VSYS,Mid Layer 2,25.775,39.425,26.475,40.125,0.15,,,"VSYS|Pad Free-TP_VSYS(18.617mm,38.659mm) on L1 TOP|Pad R_EN-1(43.198mm,38.442mm) on L4 BOTTOM GND",0
TRACK,R143:VSYS,VSYS,Mid Layer 2,26.475,40.125,32.825,40.125,0.15,,,"VSYS|Pad Free-TP_VSYS(18.617mm,38.659mm) on L1 TOP|Pad R_EN-1(43.198mm,38.442mm) on L4 BOTTOM GND",0
TRACK,R143:VSYS,VSYS,Mid Layer 2,32.825,40.125,33.525,39.425,0.15,,,"VSYS|Pad Free-TP_VSYS(18.617mm,38.659mm) on L1 TOP|Pad R_EN-1(43.198mm,38.442mm) on L4 BOTTOM GND",0
TRACK,R143:VSYS,VSYS,Mid Layer 2,33.525,39.425,42.725,39.425,0.15,,,"VSYS|Pad Free-TP_VSYS(18.617mm,38.659mm) on L1 TOP|Pad R_EN-1(43.198mm,38.442mm) on L4 BOTTOM GND",0
TRACK,R143:VSYS,VSYS,Mid Layer 2,42.725,39.425,42.975,39.675,0.15,,,"VSYS|Pad Free-TP_VSYS(18.617mm,38.659mm) on L1 TOP|Pad R_EN-1(43.198mm,38.442mm) on L4 BOTTOM GND",0
TRACK,R147:INA_OUT_1,INA_OUT_1,Top Layer,17.275,21.475,16.875,21.475,0.2,,,"INA_OUT_1|Pad RH_1-1(17.621mm,21.75mm) on L1 TOP|Pad CL_1-2(21.95mm,24.75mm) on L4 BOTTOM GND",0
TRACK,R147:INA_OUT_1,INA_OUT_1,Top Layer,16.875,21.475,16.425,21.025,0.2,,,"INA_OUT_1|Pad RH_1-1(17.621mm,21.75mm) on L1 TOP|Pad CL_1-2(21.95mm,24.75mm) on L4 BOTTOM GND",0
TRACK,R147:INA_OUT_1,INA_OUT_1,Top Layer,16.425,21.025,15.775,21.025,0.2,,,"INA_OUT_1|Pad RH_1-1(17.621mm,21.75mm) on L1 TOP|Pad CL_1-2(21.95mm,24.75mm) on L4 BOTTOM GND",0
TRACK,R147:INA_OUT_1,INA_OUT_1,Top Layer,15.775,21.025,15.325,21.475,0.2,,,"INA_OUT_1|Pad RH_1-1(17.621mm,21.75mm) on L1 TOP|Pad CL_1-2(21.95mm,24.75mm) on L4 BOTTOM GND",0
TRACK,R147:INA_OUT_1,INA_OUT_1,Top Layer,15.325,21.475,15.325,22.125,0.2,,,"INA_OUT_1|Pad RH_1-1(17.621mm,21.75mm) on L1 TOP|Pad CL_1-2(21.95mm,24.75mm) on L4 BOTTOM GND",0
TRACK,R147:INA_OUT_1,INA_OUT_1,Top Layer,15.325,22.125,18.125,24.925,0.2,,,"INA_OUT_1|Pad RH_1-1(17.621mm,21.75mm) on L1 TOP|Pad CL_1-2(21.95mm,24.75mm) on L4 BOTTOM GND",0
TRACK,R147:INA_OUT_1,INA_OUT_1,Top Layer,18.125,24.925,18.525,24.925,0.2,,,"INA_OUT_1|Pad RH_1-1(17.621mm,21.75mm) on L1 TOP|Pad CL_1-2(21.95mm,24.75mm) on L4 BOTTOM GND",0
TRACK,R147:INA_OUT_1,INA_OUT_1,Top Layer,18.525,24.925,20.375,26.775,0.2,,,"INA_OUT_1|Pad RH_1-1(17.621mm,21.75mm) on L1 TOP|Pad CL_1-2(21.95mm,24.75mm) on L4 BOTTOM GND",0
TRACK,R147:INA_OUT_1,INA_OUT_1,Top Layer,20.375,26.775,21.025,26.775,0.2,,,"INA_OUT_1|Pad RH_1-1(17.621mm,21.75mm) on L1 TOP|Pad CL_1-2(21.95mm,24.75mm) on L4 BOTTOM GND",0
TRACK,R147:INA_OUT_1,INA_OUT_1,Top Layer,21.025,26.775,21.825,25.975,0.2,,,"INA_OUT_1|Pad RH_1-1(17.621mm,21.75mm) on L1 TOP|Pad CL_1-2(21.95mm,24.75mm) on L4 BOTTOM GND",0
TRACK,R147:INA_OUT_1,INA_OUT_1,Bottom Layer,21.825,25.975,21.825,25.475,0.2,,,"INA_OUT_1|Pad RH_1-1(17.621mm,21.75mm) on L1 TOP|Pad CL_1-2(21.95mm,24.75mm) on L4 BOTTOM GND",0
VIA,R147:INA_OUT_1,INA_OUT_1,Multi Layer,21.825,25.975,,,,0.6,0.3,"INA_OUT_1|Pad RH_1-1(17.621mm,21.75mm) on L1 TOP|Pad CL_1-2(21.95mm,24.75mm) on L4 BOTTOM GND",0
TRACK,R148:VOUT_4,VOUT_4,Top Layer,44.525,26.825,44.525,26.275,0.2,,,"VOUT_4|Pad Free-TP_VOUT_4(44.33mm,27.25mm) on L1 TOP|Pad R_ADC4-1(49.445mm,25.4mm) on L1 TOP",0
TRACK,R148:VOUT_4,VOUT_4,Top Layer,44.525,26.275,44.875,25.925,0.2,,,"VOUT_4|Pad Free-TP_VOUT_4(44.33mm,27.25mm) on L1 TOP|Pad R_ADC4-1(49.445mm,25.4mm) on L1 TOP",0
TRACK,R148:VOUT_4,VOUT_4,Mid Layer 2,44.875,25.925,46.575,24.225,0.2,,,"VOUT_4|Pad Free-TP_VOUT_4(44.33mm,27.25mm) on L1 TOP|Pad R_ADC4-1(49.445mm,25.4mm) on L1 TOP",0
TRACK,R148:VOUT_4,VOUT_4,Top Layer,46.575,24.225,46.975,24.225,0.2,,,"VOUT_4|Pad Free-TP_VOUT_4(44.33mm,27.25mm) on L1 TOP|Pad R_ADC4-1(49.445mm,25.4mm) on L1 TOP",0
TRACK,R148:VOUT_4,VOUT_4,Top Layer,46.975,24.225,47.025,24.175,0.2,,,"VOUT_4|Pad Free-TP_VOUT_4(44.33mm,27.25mm) on L1 TOP|Pad R_ADC4-1(49.445mm,25.4mm) on L1 TOP",0
TRACK,R148:VOUT_4,VOUT_4,Top Layer,47.025,24.175,48.575,24.175,0.2,,,"VOUT_4|Pad Free-TP_VOUT_4(44.33mm,27.25mm) on L1 TOP|Pad R_ADC4-1(49.445mm,25.4mm) on L1 TOP",0
TRACK,R148:VOUT_4,VOUT_4,Top Layer,48.575,24.175,49.275,24.875,0.2,,,"VOUT_4|Pad Free-TP_VOUT_4(44.33mm,27.25mm) on L1 TOP|Pad R_ADC4-1(49.445mm,25.4mm) on L1 TOP",0
TRACK,R148:VOUT_4,VOUT_4,Top Layer,49.275,24.875,49.275,25.125,0.2,,,"VOUT_4|Pad Free-TP_VOUT_4(44.33mm,27.25mm) on L1 TOP|Pad R_ADC4-1(49.445mm,25.4mm) on L1 TOP",0
VIA,R148:VOUT_4,VOUT_4,Multi Layer,44.875,25.925,,,,0.6,0.3,"VOUT_4|Pad Free-TP_VOUT_4(44.33mm,27.25mm) on L1 TOP|Pad R_ADC4-1(49.445mm,25.4mm) on L1 TOP",0
VIA,R148:VOUT_4,VOUT_4,Multi Layer,46.575,24.225,,,,0.6,0.3,"VOUT_4|Pad Free-TP_VOUT_4(44.33mm,27.25mm) on L1 TOP|Pad R_ADC4-1(49.445mm,25.4mm) on L1 TOP",0
TRACK,R149:NetINA5_3,NetINA5_3,Top Layer,62.225,16.375,62.225,16.625,0.2,,,"NetINA5_3|Pad INA5-3(62.225mm,15.85mm) on L1 TOP|Pad RDD13-2(67.812mm,16.8mm) on L1 TOP",0
TRACK,R149:NetINA5_3,NetINA5_3,Top Layer,62.225,16.625,62.475,16.875,0.2,,,"NetINA5_3|Pad INA5-3(62.225mm,15.85mm) on L1 TOP|Pad RDD13-2(67.812mm,16.8mm) on L1 TOP",0
TRACK,R149:NetINA5_3,NetINA5_3,Top Layer,62.475,16.875,65.675,16.875,0.2,,,"NetINA5_3|Pad INA5-3(62.225mm,15.85mm) on L1 TOP|Pad RDD13-2(67.812mm,16.8mm) on L1 TOP",0
TRACK,R149:NetINA5_3,NetINA5_3,Top Layer,65.675,16.875,66.425,17.625,0.2,,,"NetINA5_3|Pad INA5-3(62.225mm,15.85mm) on L1 TOP|Pad RDD13-2(67.812mm,16.8mm) on L1 TOP",0
TRACK,R149:NetINA5_3,NetINA5_3,Top Layer,66.425,17.625,67.675,17.625,0.2,,,"NetINA5_3|Pad INA5-3(62.225mm,15.85mm) on L1 TOP|Pad RDD13-2(67.812mm,16.8mm) on L1 TOP",0
TRACK,R150:VREF_A,VREF_A,Top Layer,56.375,20.875,58.125,20.875,0.2,,,"VREF_A|Pad U3-5(54.85mm,21.05mm) on L4 BOTTOM GND|Pad U3-10(60.55mm,21.05mm) on L4 BOTTOM GND",0
TRACK,R150:VREF_A,VREF_A,Top Layer,58.125,20.875,58.725,20.275,0.2,,,"VREF_A|Pad U3-5(54.85mm,21.05mm) on L4 BOTTOM GND|Pad U3-10(60.55mm,21.05mm) on L4 BOTTOM GND",0
TRACK,R151:VREF_A,VREF_A,Top Layer,34.775,20.875,36.475,20.875,0.2,,,"VREF_A|Pad U2-5(33.25mm,21.05mm) on L4 BOTTOM GND|Pad U2-10(38.95mm,21.05mm) on L4 BOTTOM GND",0
TRACK,R152:VREF_A,VREF_A,Mid Layer 2,13.275,19.225,15.125,19.225,0.2,,,"VREF_A|Pad U1-9(11.75mm,19.1mm) on L4 BOTTOM GND|Pad U1-5(17.45mm,19.75mm) on L4 BOTTOM GND",0
TRACK,R152:VREF_A,VREF_A,Mid Layer 2,15.125,19.225,15.725,19.825,0.2,,,"VREF_A|Pad U1-9(11.75mm,19.1mm) on L4 BOTTOM GND|Pad U1-5(17.45mm,19.75mm) on L4 BOTTOM GND",0
TRACK,R152:VREF_A,VREF_A,Mid Layer 2,15.725,19.825,16.025,19.825,0.2,,,"VREF_A|Pad U1-9(11.75mm,19.1mm) on L4 BOTTOM GND|Pad U1-5(17.45mm,19.75mm) on L4 BOTTOM GND",0
TRACK,R153:Vservo_3,Vservo_3,Bottom Layer,39.775,18.425,40.225,18.425,0.2,,,"Vservo_3|Pad U2-14(38.95mm,18.45mm) on L4 BOTTOM GND|Pad Cservo_3-2(44.675mm,17.65mm) on L4 BOTTOM GND [Unplated]",0
TRACK,R153:Vservo_3,Vservo_3,Top Layer,40.225,18.425,43.125,18.425,0.2,,,"Vservo_3|Pad U2-14(38.95mm,18.45mm) on L4 BOTTOM GND|Pad Cservo_3-2(44.675mm,17.65mm) on L4 BOTTOM GND [Unplated]",0
TRACK,R153:Vservo_3,Vservo_3,Top Layer,43.125,18.425,43.675,17.875,0.2,,,"Vservo_3|Pad U2-14(38.95mm,18.45mm) on L4 BOTTOM GND|Pad Cservo_3-2(44.675mm,17.65mm) on L4 BOTTOM GND [Unplated]",0
TRACK,R153:Vservo_3,Vservo_3,Bottom Layer,43.675,17.875,44.175,17.875,0.2,,,"Vservo_3|Pad U2-14(38.95mm,18.45mm) on L4 BOTTOM GND|Pad Cservo_3-2(44.675mm,17.65mm) on L4 BOTTOM GND [Unplated]",0
VIA,R153:Vservo_3,Vservo_3,Multi Layer,40.225,18.425,,,,0.6,0.3,"Vservo_3|Pad U2-14(38.95mm,18.45mm) on L4 BOTTOM GND|Pad Cservo_3-2(44.675mm,17.65mm) on L4 BOTTOM GND [Unplated]",0
VIA,R153:Vservo_3,Vservo_3,Multi Layer,43.675,17.875,,,,0.6,0.3,"Vservo_3|Pad U2-14(38.95mm,18.45mm) on L4 BOTTOM GND|Pad Cservo_3-2(44.675mm,17.65mm) on L4 BOTTOM GND [Unplated]",0
TRACK,R154:Vservo_1,Vservo_1,Top Layer,18.975,18.425,21.625,18.425,0.2,,,"Vservo_1|Pad U1-7(17.45mm,18.45mm) on L4 BOTTOM GND|Pad Cservo_1-2(23.175mm,17.65mm) on L4 BOTTOM GND [Unplated]",0
TRACK,R154:Vservo_1,Vservo_1,Top Layer,21.625,18.425,22.175,17.875,0.2,,,"Vservo_1|Pad U1-7(17.45mm,18.45mm) on L4 BOTTOM GND|Pad Cservo_1-2(23.175mm,17.65mm) on L4 BOTTOM GND [Unplated]",0
TRACK,R154:Vservo_1,Vservo_1,Bottom Layer,22.175,17.875,22.675,17.875,0.2,,,"Vservo_1|Pad U1-7(17.45mm,18.45mm) on L4 BOTTOM GND|Pad Cservo_1-2(23.175mm,17.65mm) on L4 BOTTOM GND [Unplated]",0
VIA,R154:Vservo_1,Vservo_1,Multi Layer,22.175,17.875,,,,0.6,0.3,"Vservo_1|Pad U1-7(17.45mm,18.45mm) on L4 BOTTOM GND|Pad Cservo_1-2(23.175mm,17.65mm) on L4 BOTTOM GND [Unplated]",0
TRACK,R155:Vservo_5,Vservo_5,Bottom Layer,61.375,18.425,61.825,18.425,0.2,,,"Vservo_5|Pad U3-14(60.55mm,18.45mm) on L4 BOTTOM GND|Pad Cservo_5-2(66.275mm,17.65mm) on L4 BOTTOM GND [Unplated]",0
TRACK,R155:Vservo_5,Vservo_5,Top Layer,61.825,18.425,63.325,18.425,0.2,,,"Vservo_5|Pad U3-14(60.55mm,18.45mm) on L4 BOTTOM GND|Pad Cservo_5-2(66.275mm,17.65mm) on L4 BOTTOM GND [Unplated]",0
TRACK,R155:Vservo_5,Vservo_5,Top Layer,63.325,18.425,63.875,17.875,0.2,,,"Vservo_5|Pad U3-14(60.55mm,18.45mm) on L4 BOTTOM GND|Pad Cservo_5-2(66.275mm,17.65mm) on L4 BOTTOM GND [Unplated]",0
TRACK,R155:Vservo_5,Vservo_5,Top Layer,63.875,17.875,65.275,17.875,0.2,,,"Vservo_5|Pad U3-14(60.55mm,18.45mm) on L4 BOTTOM GND|Pad Cservo_5-2(66.275mm,17.65mm) on L4 BOTTOM GND [Unplated]",0
TRACK,R155:Vservo_5,Vservo_5,Bottom Layer,65.275,17.875,65.775,17.875,0.2,,,"Vservo_5|Pad U3-14(60.55mm,18.45mm) on L4 BOTTOM GND|Pad Cservo_5-2(66.275mm,17.65mm) on L4 BOTTOM GND [Unplated]",0
VIA,R155:Vservo_5,Vservo_5,Multi Layer,61.825,18.425,,,,0.6,0.3,"Vservo_5|Pad U3-14(60.55mm,18.45mm) on L4 BOTTOM GND|Pad Cservo_5-2(66.275mm,17.65mm) on L4 BOTTOM GND [Unplated]",0
VIA,R155:Vservo_5,Vservo_5,Multi Layer,65.275,17.875,,,,0.6,0.3,"Vservo_5|Pad U3-14(60.55mm,18.45mm) on L4 BOTTOM GND|Pad Cservo_5-2(66.275mm,17.65mm) on L4 BOTTOM GND [Unplated]",0
TRACK,R156:NetINA2_3,NetINA2_3,Top Layer,29.825,15.325,29.825,15.125,0.2,,,"NetINA2_3|Pad INA2-3(29.825mm,15.85mm) on L1 TOP|Pad RDD4-2(35.812mm,16.8mm) on L1 TOP",0
TRACK,R156:NetINA2_3,NetINA2_3,Top Layer,29.825,15.125,30.075,14.875,0.2,,,"NetINA2_3|Pad INA2-3(29.825mm,15.85mm) on L1 TOP|Pad RDD4-2(35.812mm,16.8mm) on L1 TOP",0
TRACK,R156:NetINA2_3,NetINA2_3,Top Layer,30.075,14.875,31.675,14.875,0.2,,,"NetINA2_3|Pad INA2-3(29.825mm,15.85mm) on L1 TOP|Pad RDD4-2(35.812mm,16.8mm) on L1 TOP",0
TRACK,R156:NetINA2_3,NetINA2_3,Top Layer,31.675,14.875,34.425,17.625,0.2,,,"NetINA2_3|Pad INA2-3(29.825mm,15.85mm) on L1 TOP|Pad RDD4-2(35.812mm,16.8mm) on L1 TOP",0
TRACK,R156:NetINA2_3,NetINA2_3,Top Layer,34.425,17.625,35.675,17.625,0.2,,,"NetINA2_3|Pad INA2-3(29.825mm,15.85mm) on L1 TOP|Pad RDD4-2(35.812mm,16.8mm) on L1 TOP",0
TRACK,R157:NetINA1_3,NetINA1_3,Top Layer,19.025,16.375,19.025,16.625,0.2,,,"NetINA1_3|Pad INA1-3(19.025mm,15.85mm) on L1 TOP|Pad RDD1-2(25.012mm,16.8mm) on L1 TOP",0
TRACK,R157:NetINA1_3,NetINA1_3,Top Layer,19.025,16.625,19.225,16.825,0.2,,,"NetINA1_3|Pad INA1-3(19.025mm,15.85mm) on L1 TOP|Pad RDD1-2(25.012mm,16.8mm) on L1 TOP",0
TRACK,R157:NetINA1_3,NetINA1_3,Top Layer,19.225,16.825,19.325,16.825,0.2,,,"NetINA1_3|Pad INA1-3(19.025mm,15.85mm) on L1 TOP|Pad RDD1-2(25.012mm,16.8mm) on L1 TOP",0
TRACK,R157:NetINA1_3,NetINA1_3,Top Layer,19.325,16.825,19.375,16.875,0.2,,,"NetINA1_3|Pad INA1-3(19.025mm,15.85mm) on L1 TOP|Pad RDD1-2(25.012mm,16.8mm) on L1 TOP",0
TRACK,R157:NetINA1_3,NetINA1_3,Top Layer,19.375,16.875,22.875,16.875,0.2,,,"NetINA1_3|Pad INA1-3(19.025mm,15.85mm) on L1 TOP|Pad RDD1-2(25.012mm,16.8mm) on L1 TOP",0
TRACK,R157:NetINA1_3,NetINA1_3,Top Layer,22.875,16.875,23.625,17.625,0.2,,,"NetINA1_3|Pad INA1-3(19.025mm,15.85mm) on L1 TOP|Pad RDD1-2(25.012mm,16.8mm) on L1 TOP",0
TRACK,R157:NetINA1_3,NetINA1_3,Top Layer,23.625,17.625,24.875,17.625,0.2,,,"NetINA1_3|Pad INA1-3(19.025mm,15.85mm) on L1 TOP|Pad RDD1-2(25.012mm,16.8mm) on L1 TOP",0
TRACK,R158:NetINA3_3,NetINA3_3,Top Layer,40.625,16.375,40.625,16.625,0.2,,,"NetINA3_3|Pad INA3-3(40.625mm,15.85mm) on L1 TOP|Pad RDD7-2(46.612mm,16.8mm) on L1 TOP",0
TRACK,R158:NetINA3_3,NetINA3_3,Top Layer,40.625,16.625,40.875,16.875,0.2,,,"NetINA3_3|Pad INA3-3(40.625mm,15.85mm) on L1 TOP|Pad RDD7-2(46.612mm,16.8mm) on L1 TOP",0
TRACK,R158:NetINA3_3,NetINA3_3,Top Layer,40.875,16.875,44.475,16.875,0.2,,,"NetINA3_3|Pad INA3-3(40.625mm,15.85mm) on L1 TOP|Pad RDD7-2(46.612mm,16.8mm) on L1 TOP",0
TRACK,R158:NetINA3_3,NetINA3_3,Top Layer,44.475,16.875,45.225,17.625,0.2,,,"NetINA3_3|Pad INA3-3(40.625mm,15.85mm) on L1 TOP|Pad RDD7-2(46.612mm,16.8mm) on L1 TOP",0
TRACK,R158:NetINA3_3,NetINA3_3,Top Layer,45.225,17.625,46.475,17.625,0.2,,,"NetINA3_3|Pad INA3-3(40.625mm,15.85mm) on L1 TOP|Pad RDD7-2(46.612mm,16.8mm) on L1 TOP",0
TRACK,R159:NetINA4_3,NetINA4_3,Top Layer,51.425,15.325,51.425,15.125,0.2,,,"NetINA4_3|Pad INA4-3(51.425mm,15.85mm) on L1 TOP|Pad RDD10-2(57.412mm,16.8mm) on L1 TOP",0
TRACK,R159:NetINA4_3,NetINA4_3,Top Layer,51.425,15.125,51.675,14.875,0.2,,,"NetINA4_3|Pad INA4-3(51.425mm,15.85mm) on L1 TOP|Pad RDD10-2(57.412mm,16.8mm) on L1 TOP",0
TRACK,R159:NetINA4_3,NetINA4_3,Top Layer,51.675,14.875,53.275,14.875,0.2,,,"NetINA4_3|Pad INA4-3(51.425mm,15.85mm) on L1 TOP|Pad RDD10-2(57.412mm,16.8mm) on L1 TOP",0
TRACK,R159:NetINA4_3,NetINA4_3,Top Layer,53.275,14.875,56.025,17.625,0.2,,,"NetINA4_3|Pad INA4-3(51.425mm,15.85mm) on L1 TOP|Pad RDD10-2(57.412mm,16.8mm) on L1 TOP",0
TRACK,R159:NetINA4_3,NetINA4_3,Top Layer,56.025,17.625,57.275,17.625,0.2,,,"NetINA4_3|Pad INA4-3(51.425mm,15.85mm) on L1 TOP|Pad RDD10-2(57.412mm,16.8mm) on L1 TOP",0
TRACK,R160:NetINA5_2,NetINA5_2,Top Layer,61.575,15.325,61.575,15.125,0.2,,,"NetINA5_2|Pad INA5-2(61.575mm,15.85mm) on L1 TOP|Pad RDD14-2(67.8mm,15mm) on L1 TOP",0
TRACK,R160:NetINA5_2,NetINA5_2,Top Layer,61.575,15.125,62.425,14.275,0.2,,,"NetINA5_2|Pad INA5-2(61.575mm,15.85mm) on L1 TOP|Pad RDD14-2(67.8mm,15mm) on L1 TOP",0
TRACK,R160:NetINA5_2,NetINA5_2,Top Layer,62.425,14.275,67.225,14.275,0.2,,,"NetINA5_2|Pad INA5-2(61.575mm,15.85mm) on L1 TOP|Pad RDD14-2(67.8mm,15mm) on L1 TOP",0
TRACK,R160:NetINA5_2,NetINA5_2,Top Layer,67.225,14.275,67.675,14.725,0.2,,,"NetINA5_2|Pad INA5-2(61.575mm,15.85mm) on L1 TOP|Pad RDD14-2(67.8mm,15mm) on L1 TOP",0
TRACK,R161:NetINA2_2,NetINA2_2,Top Layer,29.175,15.325,29.175,14.975,0.2,,,"NetINA2_2|Pad INA2-2(29.175mm,15.85mm) on L1 TOP|Pad RDD5-2(35.8mm,15mm) on L1 TOP",0
TRACK,R161:NetINA2_2,NetINA2_2,Top Layer,29.175,14.975,29.875,14.275,0.2,,,"NetINA2_2|Pad INA2-2(29.175mm,15.85mm) on L1 TOP|Pad RDD5-2(35.8mm,15mm) on L1 TOP",0
TRACK,R161:NetINA2_2,NetINA2_2,Top Layer,29.875,14.275,35.225,14.275,0.2,,,"NetINA2_2|Pad INA2-2(29.175mm,15.85mm) on L1 TOP|Pad RDD5-2(35.8mm,15mm) on L1 TOP",0
TRACK,R161:NetINA2_2,NetINA2_2,Top Layer,35.225,14.275,35.675,14.725,0.2,,,"NetINA2_2|Pad INA2-2(29.175mm,15.85mm) on L1 TOP|Pad RDD5-2(35.8mm,15mm) on L1 TOP",0
TRACK,R162:NetINA1_2,NetINA1_2,Top Layer,18.375,15.325,18.375,15.125,0.2,,,"NetINA1_2|Pad INA1-2(18.375mm,15.85mm) on L1 TOP|Pad RDD2-2(25mm,15mm) on L1 TOP",0
TRACK,R162:NetINA1_2,NetINA1_2,Top Layer,18.375,15.125,19.225,14.275,0.2,,,"NetINA1_2|Pad INA1-2(18.375mm,15.85mm) on L1 TOP|Pad RDD2-2(25mm,15mm) on L1 TOP",0
TRACK,R162:NetINA1_2,NetINA1_2,Top Layer,19.225,14.275,24.425,14.275,0.2,,,"NetINA1_2|Pad INA1-2(18.375mm,15.85mm) on L1 TOP|Pad RDD2-2(25mm,15mm) on L1 TOP",0
TRACK,R162:NetINA1_2,NetINA1_2,Top Layer,24.425,14.275,24.875,14.725,0.2,,,"NetINA1_2|Pad INA1-2(18.375mm,15.85mm) on L1 TOP|Pad RDD2-2(25mm,15mm) on L1 TOP",0
TRACK,R163:NetINA3_2,NetINA3_2,Top Layer,39.975,15.325,39.975,15.125,0.2,,,"NetINA3_2|Pad INA3-2(39.975mm,15.85mm) on L1 TOP|Pad RDD8-2(46.6mm,15mm) on L1 TOP",0
TRACK,R163:NetINA3_2,NetINA3_2,Top Layer,39.975,15.125,40.825,14.275,0.2,,,"NetINA3_2|Pad INA3-2(39.975mm,15.85mm) on L1 TOP|Pad RDD8-2(46.6mm,15mm) on L1 TOP",0
TRACK,R163:NetINA3_2,NetINA3_2,Top Layer,40.825,14.275,46.025,14.275,0.2,,,"NetINA3_2|Pad INA3-2(39.975mm,15.85mm) on L1 TOP|Pad RDD8-2(46.6mm,15mm) on L1 TOP",0
TRACK,R163:NetINA3_2,NetINA3_2,Top Layer,46.025,14.275,46.475,14.725,0.2,,,"NetINA3_2|Pad INA3-2(39.975mm,15.85mm) on L1 TOP|Pad RDD8-2(46.6mm,15mm) on L1 TOP",0
TRACK,R164:NetINA4_2,NetINA4_2,Top Layer,50.775,15.325,50.775,14.975,0.2,,,"NetINA4_2|Pad INA4-2(50.775mm,15.85mm) on L1 TOP|Pad RDD11-2(57.4mm,15mm) on L1 TOP",0
TRACK,R164:NetINA4_2,NetINA4_2,Top Layer,50.775,14.975,51.475,14.275,0.2,,,"NetINA4_2|Pad INA4-2(50.775mm,15.85mm) on L1 TOP|Pad RDD11-2(57.4mm,15mm) on L1 TOP",0
TRACK,R164:NetINA4_2,NetINA4_2,Top Layer,51.475,14.275,56.825,14.275,0.2,,,"NetINA4_2|Pad INA4-2(50.775mm,15.85mm) on L1 TOP|Pad RDD11-2(57.4mm,15mm) on L1 TOP",0
TRACK,R164:NetINA4_2,NetINA4_2,Top Layer,56.825,14.275,57.275,14.725,0.2,,,"NetINA4_2|Pad INA4-2(50.775mm,15.85mm) on L1 TOP|Pad RDD11-2(57.4mm,15mm) on L1 TOP",0
TRACK,R165:VOUT_4,VOUT_4,Top Layer,47.975,24.125,47.975,21.125,0.2,,,"VOUT_4|Pad R_ADC4-1(49.445mm,25.4mm) on L1 TOP|Pad CH_4-1(52.2mm,19.282mm) on L4 BOTTOM GND",0
TRACK,R165:VOUT_4,VOUT_4,Top Layer,47.975,21.125,48.675,20.425,0.2,,,"VOUT_4|Pad R_ADC4-1(49.445mm,25.4mm) on L1 TOP|Pad CH_4-1(52.2mm,19.282mm) on L4 BOTTOM GND",0
TRACK,R165:VOUT_4,VOUT_4,Mid Layer 2,48.675,20.425,50.025,20.425,0.2,,,"VOUT_4|Pad R_ADC4-1(49.445mm,25.4mm) on L1 TOP|Pad CH_4-1(52.2mm,19.282mm) on L4 BOTTOM GND",0
TRACK,R165:VOUT_4,VOUT_4,Mid Layer 2,50.025,20.425,51.125,19.325,0.2,,,"VOUT_4|Pad R_ADC4-1(49.445mm,25.4mm) on L1 TOP|Pad CH_4-1(52.2mm,19.282mm) on L4 BOTTOM GND",0
VIA,R165:VOUT_4,VOUT_4,Multi Layer,48.675,20.425,,,,0.6,0.3,"VOUT_4|Pad R_ADC4-1(49.445mm,25.4mm) on L1 TOP|Pad CH_4-1(52.2mm,19.282mm) on L4 BOTTOM GND",0
TRACK,R171:VREF_B_SRC,VREF_B_SRC,Top Layer,14.625,15.275,15.1058,15.275,0.2,,,"VREF_B_SRC|Pad U_DRL1-3(14.75mm,14.08mm) on L4 BOTTOM GND|Pad R_VREF1-1(22.6mm,11.888mm) on L1 TOP",0
TRACK,R171:VREF_B_SRC,VREF_B_SRC,Top Layer,15.1058,15.275,16.925,15.275,0.2,,,"VREF_B_SRC|Pad U_DRL1-3(14.75mm,14.08mm) on L4 BOTTOM GND|Pad R_VREF1-1(22.6mm,11.888mm) on L1 TOP",0
TRACK,R171:VREF_B_SRC,VREF_B_SRC,Top Layer,16.925,15.275,17.95,14.25,0.2,,,"VREF_B_SRC|Pad U_DRL1-3(14.75mm,14.08mm) on L4 BOTTOM GND|Pad R_VREF1-1(22.6mm,11.888mm) on L1 TOP",0
TRACK,R171:VREF_B_SRC,VREF_B_SRC,Top Layer,17.95,14.25,18.475,13.725,0.2,,,"VREF_B_SRC|Pad U_DRL1-3(14.75mm,14.08mm) on L4 BOTTOM GND|Pad R_VREF1-1(22.6mm,11.888mm) on L1 TOP",0
TRACK,R171:VREF_B_SRC,VREF_B_SRC,Top Layer,18.475,13.725,20.675,13.725,0.2,,,"VREF_B_SRC|Pad U_DRL1-3(14.75mm,14.08mm) on L4 BOTTOM GND|Pad R_VREF1-1(22.6mm,11.888mm) on L1 TOP",0
TRACK,R171:VREF_B_SRC,VREF_B_SRC,Top Layer,20.675,13.725,21.925,12.475,0.2,,,"VREF_B_SRC|Pad U_DRL1-3(14.75mm,14.08mm) on L4 BOTTOM GND|Pad R_VREF1-1(22.6mm,11.888mm) on L1 TOP",0
TRACK,R171:VREF_B_SRC,VREF_B_SRC,Top Layer,21.925,12.475,21.925,12.425,0.2,,,"VREF_B_SRC|Pad U_DRL1-3(14.75mm,14.08mm) on L4 BOTTOM GND|Pad R_VREF1-1(22.6mm,11.888mm) on L1 TOP",0
TRACK,R171:VREF_B_SRC,VREF_B_SRC,Top Layer,21.925,12.425,22.375,11.975,0.2,,,"VREF_B_SRC|Pad U_DRL1-3(14.75mm,14.08mm) on L4 BOTTOM GND|Pad R_VREF1-1(22.6mm,11.888mm) on L1 TOP",0
TRACK,R173:INA_OUT_1,INA_OUT_1,Top Layer,21.925,25.725,21.925,25.275,0.2,,,"INA_OUT_1|Pad CL_1-2(21.95mm,24.75mm) on L4 BOTTOM GND|Pad Rservo_1-2(22.125mm,15.55mm) on L4 BOTTOM GND",0
TRACK,R173:INA_OUT_1,INA_OUT_1,Top Layer,21.925,25.275,24.375,22.825,0.2,,,"INA_OUT_1|Pad CL_1-2(21.95mm,24.75mm) on L4 BOTTOM GND|Pad Rservo_1-2(22.125mm,15.55mm) on L4 BOTTOM GND",0
TRACK,R173:INA_OUT_1,INA_OUT_1,Top Layer,24.375,22.825,24.375,19.475,0.2,,,"INA_OUT_1|Pad CL_1-2(21.95mm,24.75mm) on L4 BOTTOM GND|Pad Rservo_1-2(22.125mm,15.55mm) on L4 BOTTOM GND",0
TRACK,R173:INA_OUT_1,INA_OUT_1,Mid Layer 2,24.375,19.475,24.375,15.975,0.2,,,"INA_OUT_1|Pad CL_1-2(21.95mm,24.75mm) on L4 BOTTOM GND|Pad Rservo_1-2(22.125mm,15.55mm) on L4 BOTTOM GND",0
TRACK,R173:INA_OUT_1,INA_OUT_1,Top Layer,24.375,15.975,22.825,15.975,0.2,,,"INA_OUT_1|Pad CL_1-2(21.95mm,24.75mm) on L4 BOTTOM GND|Pad Rservo_1-2(22.125mm,15.55mm) on L4 BOTTOM GND",0
TRACK,R173:INA_OUT_1,INA_OUT_1,Bottom Layer,22.825,15.975,22.525,15.975,0.2,,,"INA_OUT_1|Pad CL_1-2(21.95mm,24.75mm) on L4 BOTTOM GND|Pad Rservo_1-2(22.125mm,15.55mm) on L4 BOTTOM GND",0
TRACK,R173:INA_OUT_1,INA_OUT_1,Bottom Layer,22.525,15.975,22.375,15.825,0.2,,,"INA_OUT_1|Pad CL_1-2(21.95mm,24.75mm) on L4 BOTTOM GND|Pad Rservo_1-2(22.125mm,15.55mm) on L4 BOTTOM GND",0
VIA,R173:INA_OUT_1,INA_OUT_1,Multi Layer,24.375,19.475,,,,0.6,0.3,"INA_OUT_1|Pad CL_1-2(21.95mm,24.75mm) on L4 BOTTOM GND|Pad Rservo_1-2(22.125mm,15.55mm) on L4 BOTTOM GND",0
VIA,R173:INA_OUT_1,INA_OUT_1,Multi Layer,24.375,15.975,,,,0.6,0.3,"INA_OUT_1|Pad CL_1-2(21.95mm,24.75mm) on L4 BOTTOM GND|Pad Rservo_1-2(22.125mm,15.55mm) on L4 BOTTOM GND",0
VIA,R173:INA_OUT_1,INA_OUT_1,Multi Layer,22.825,15.975,,,,0.6,0.3,"INA_OUT_1|Pad CL_1-2(21.95mm,24.75mm) on L4 BOTTOM GND|Pad Rservo_1-2(22.125mm,15.55mm) on L4 BOTTOM GND",0
TRACK,R177:VREF_B_SRC,VREF_B_SRC,Top Layer,21.525,13.025,22.225,13.725,0.2,,,"VREF_B_SRC|Pad R_VREF1-1(22.6mm,11.888mm) on L1 TOP|Pad R_VREF2-1(33.4mm,11.888mm) on L1 TOP",0
TRACK,R177:VREF_B_SRC,VREF_B_SRC,Top Layer,22.225,13.725,24.725,13.725,0.2,,,"VREF_B_SRC|Pad R_VREF1-1(22.6mm,11.888mm) on L1 TOP|Pad R_VREF2-1(33.4mm,11.888mm) on L1 TOP",0
TRACK,R177:VREF_B_SRC,VREF_B_SRC,Top Layer,24.725,13.725,27.175,11.275,0.2,,,"VREF_B_SRC|Pad R_VREF1-1(22.6mm,11.888mm) on L1 TOP|Pad R_VREF2-1(33.4mm,11.888mm) on L1 TOP",0
TRACK,R177:VREF_B_SRC,VREF_B_SRC,Top Layer,27.175,11.275,27.175,11.025,0.2,,,"VREF_B_SRC|Pad R_VREF1-1(22.6mm,11.888mm) on L1 TOP|Pad R_VREF2-1(33.4mm,11.888mm) on L1 TOP",0
TRACK,R177:VREF_B_SRC,VREF_B_SRC,Top Layer,27.175,11.025,27.475,10.725,0.2,,,"VREF_B_SRC|Pad R_VREF1-1(22.6mm,11.888mm) on L1 TOP|Pad R_VREF2-1(33.4mm,11.888mm) on L1 TOP",0
TRACK,R177:VREF_B_SRC,VREF_B_SRC,Top Layer,27.475,10.725,32.125,10.725,0.2,,,"VREF_B_SRC|Pad R_VREF1-1(22.6mm,11.888mm) on L1 TOP|Pad R_VREF2-1(33.4mm,11.888mm) on L1 TOP",0
TRACK,R177:VREF_B_SRC,VREF_B_SRC,Top Layer,32.125,10.725,33.175,11.775,0.2,,,"VREF_B_SRC|Pad R_VREF1-1(22.6mm,11.888mm) on L1 TOP|Pad R_VREF2-1(33.4mm,11.888mm) on L1 TOP",0
TRACK,R178:VREF_B_SRC,VREF_B_SRC,Top Layer,44.425,11.675,48.125,11.675,0.2,,,"VREF_B_SRC|Pad R_VREF3-1(44.2mm,11.888mm) on L1 TOP|Pad R_VREF4-1(55mm,11.888mm) on L1 TOP",0
TRACK,R178:VREF_B_SRC,VREF_B_SRC,Top Layer,48.125,11.675,49.075,10.725,0.2,,,"VREF_B_SRC|Pad R_VREF3-1(44.2mm,11.888mm) on L1 TOP|Pad R_VREF4-1(55mm,11.888mm) on L1 TOP",0
TRACK,R178:VREF_B_SRC,VREF_B_SRC,Top Layer,49.075,10.725,53.725,10.725,0.2,,,"VREF_B_SRC|Pad R_VREF3-1(44.2mm,11.888mm) on L1 TOP|Pad R_VREF4-1(55mm,11.888mm) on L1 TOP",0
TRACK,R178:VREF_B_SRC,VREF_B_SRC,Top Layer,53.725,10.725,54.775,11.775,0.2,,,"VREF_B_SRC|Pad R_VREF3-1(44.2mm,11.888mm) on L1 TOP|Pad R_VREF4-1(55mm,11.888mm) on L1 TOP",0
TRACK,R179:VREF_B_SRC,VREF_B_SRC,Top Layer,55.225,11.675,58.925,11.675,0.2,,,"VREF_B_SRC|Pad R_VREF4-1(55mm,11.888mm) on L1 TOP|Pad R_VREF5-1(65.8mm,11.888mm) on L1 TOP",0
TRACK,R179:VREF_B_SRC,VREF_B_SRC,Top Layer,58.925,11.675,59.875,10.725,0.2,,,"VREF_B_SRC|Pad R_VREF4-1(55mm,11.888mm) on L1 TOP|Pad R_VREF5-1(65.8mm,11.888mm) on L1 TOP",0
TRACK,R179:VREF_B_SRC,VREF_B_SRC,Top Layer,59.875,10.725,64.525,10.725,0.2,,,"VREF_B_SRC|Pad R_VREF4-1(55mm,11.888mm) on L1 TOP|Pad R_VREF5-1(65.8mm,11.888mm) on L1 TOP",0
TRACK,R179:VREF_B_SRC,VREF_B_SRC,Top Layer,64.525,10.725,65.575,11.775,0.2,,,"VREF_B_SRC|Pad R_VREF4-1(55mm,11.888mm) on L1 TOP|Pad R_VREF5-1(65.8mm,11.888mm) on L1 TOP",0
TRACK,R180:VREF_A,VREF_A,Mid Layer 2,19.525,19.175,21.125,20.775,0.2,,,"VREF_A|Pad RL_1-2(20.6mm,22.3mm) on L1 TOP|Pad RL_2-2(31.4mm,22.3mm) on L1 TOP",0
TRACK,R180:VREF_A,VREF_A,Mid Layer 2,21.125,20.775,21.475,20.775,0.2,,,"VREF_A|Pad RL_1-2(20.6mm,22.3mm) on L1 TOP|Pad RL_2-2(31.4mm,22.3mm) on L1 TOP",0
TRACK,R180:VREF_A,VREF_A,Mid Layer 2,21.475,20.775,24.475,23.775,0.2,,,"VREF_A|Pad RL_1-2(20.6mm,22.3mm) on L1 TOP|Pad RL_2-2(31.4mm,22.3mm) on L1 TOP",0
TRACK,R180:VREF_A,VREF_A,Top Layer,24.475,23.775,26.475,23.775,0.2,,,"VREF_A|Pad RL_1-2(20.6mm,22.3mm) on L1 TOP|Pad RL_2-2(31.4mm,22.3mm) on L1 TOP",0
TRACK,R180:VREF_A,VREF_A,Top Layer,26.475,23.775,28.025,25.325,0.2,,,"VREF_A|Pad RL_1-2(20.6mm,22.3mm) on L1 TOP|Pad RL_2-2(31.4mm,22.3mm) on L1 TOP",0
TRACK,R180:VREF_A,VREF_A,Top Layer,28.025,25.325,28.775,25.325,0.2,,,"VREF_A|Pad RL_1-2(20.6mm,22.3mm) on L1 TOP|Pad RL_2-2(31.4mm,22.3mm) on L1 TOP",0
TRACK,R180:VREF_A,VREF_A,Top Layer,28.775,25.325,31.525,22.575,0.2,,,"VREF_A|Pad RL_1-2(20.6mm,22.3mm) on L1 TOP|Pad RL_2-2(31.4mm,22.3mm) on L1 TOP",0
VIA,R180:VREF_A,VREF_A,Multi Layer,24.475,23.775,,,,0.6,0.3,"VREF_A|Pad RL_1-2(20.6mm,22.3mm) on L1 TOP|Pad RL_2-2(31.4mm,22.3mm) on L1 TOP",0
TRACK,R181:VREF_B_SRC,VREF_B_SRC,Top Layer,33.625,11.675,37.325,11.675,0.2,,,"VREF_B_SRC|Pad R_VREF2-1(33.4mm,11.888mm) on L1 TOP|Pad R_VREF3-1(44.2mm,11.888mm) on L1 TOP",0
TRACK,R181:VREF_B_SRC,VREF_B_SRC,Top Layer,37.325,11.675,38.275,10.725,0.2,,,"VREF_B_SRC|Pad R_VREF2-1(33.4mm,11.888mm) on L1 TOP|Pad R_VREF3-1(44.2mm,11.888mm) on L1 TOP",0
TRACK,R181:VREF_B_SRC,VREF_B_SRC,Top Layer,38.275,10.725,43.025,10.725,0.2,,,"VREF_B_SRC|Pad R_VREF2-1(33.4mm,11.888mm) on L1 TOP|Pad R_VREF3-1(44.2mm,11.888mm) on L1 TOP",0
TRACK,R181:VREF_B_SRC,VREF_B_SRC,Top Layer,43.025,10.725,43.975,11.675,0.2,,,"VREF_B_SRC|Pad R_VREF2-1(33.4mm,11.888mm) on L1 TOP|Pad R_VREF3-1(44.2mm,11.888mm) on L1 TOP",0
TRACK,R182:VOUT_2,VOUT_2,Top Layer,31.625,17.875,32.025,17.875,0.2,,,"VOUT_2|Pad U2-1(33.25mm,18.45mm) on L4 BOTTOM GND|Pad Free-TP_VOUT_2(48.33mm,25.25mm) on L1 TOP",0
TRACK,R182:VOUT_2,VOUT_2,Top Layer,32.025,17.875,34.375,20.225,0.2,,,"VOUT_2|Pad U2-1(33.25mm,18.45mm) on L4 BOTTOM GND|Pad Free-TP_VOUT_2(48.33mm,25.25mm) on L1 TOP",0
TRACK,R182:VOUT_2,VOUT_2,Top Layer,34.375,20.225,34.625,20.225,0.2,,,"VOUT_2|Pad U2-1(33.25mm,18.45mm) on L4 BOTTOM GND|Pad Free-TP_VOUT_2(48.33mm,25.25mm) on L1 TOP",0
TRACK,R182:VOUT_2,VOUT_2,Top Layer,34.625,20.225,34.675,20.275,0.2,,,"VOUT_2|Pad U2-1(33.25mm,18.45mm) on L4 BOTTOM GND|Pad Free-TP_VOUT_2(48.33mm,25.25mm) on L1 TOP",0
TRACK,R182:VOUT_2,VOUT_2,Top Layer,34.675,20.275,35.475,20.275,0.2,,,"VOUT_2|Pad U2-1(33.25mm,18.45mm) on L4 BOTTOM GND|Pad Free-TP_VOUT_2(48.33mm,25.25mm) on L1 TOP",0
TRACK,R182:VOUT_2,VOUT_2,Top Layer,35.475,20.275,35.625,20.125,0.2,,,"VOUT_2|Pad U2-1(33.25mm,18.45mm) on L4 BOTTOM GND|Pad Free-TP_VOUT_2(48.33mm,25.25mm) on L1 TOP",0
TRACK,R182:VOUT_2,VOUT_2,Mid Layer 2,35.625,20.125,35.625,21.525,0.2,,,"VOUT_2|Pad U2-1(33.25mm,18.45mm) on L4 BOTTOM GND|Pad Free-TP_VOUT_2(48.33mm,25.25mm) on L1 TOP",0
TRACK,R182:VOUT_2,VOUT_2,Mid Layer 2,35.625,21.525,35.475,21.675,0.2,,,"VOUT_2|Pad U2-1(33.25mm,18.45mm) on L4 BOTTOM GND|Pad Free-TP_VOUT_2(48.33mm,25.25mm) on L1 TOP",0
TRACK,R182:VOUT_2,VOUT_2,Top Layer,35.475,21.675,35.675,21.875,0.2,,,"VOUT_2|Pad U2-1(33.25mm,18.45mm) on L4 BOTTOM GND|Pad Free-TP_VOUT_2(48.33mm,25.25mm) on L1 TOP",0
TRACK,R182:VOUT_2,VOUT_2,Top Layer,35.675,21.875,35.675,22.725,0.2,,,"VOUT_2|Pad U2-1(33.25mm,18.45mm) on L4 BOTTOM GND|Pad Free-TP_VOUT_2(48.33mm,25.25mm) on L1 TOP",0
TRACK,R182:VOUT_2,VOUT_2,Top Layer,35.675,22.725,39.225,26.275,0.2,,,"VOUT_2|Pad U2-1(33.25mm,18.45mm) on L4 BOTTOM GND|Pad Free-TP_VOUT_2(48.33mm,25.25mm) on L1 TOP",0
TRACK,R182:VOUT_2,VOUT_2,Top Layer,39.225,26.275,43.725,26.275,0.2,,,"VOUT_2|Pad U2-1(33.25mm,18.45mm) on L4 BOTTOM GND|Pad Free-TP_VOUT_2(48.33mm,25.25mm) on L1 TOP",0
TRACK,R182:VOUT_2,VOUT_2,Mid Layer 2,43.725,26.275,44.175,26.725,0.2,,,"VOUT_2|Pad U2-1(33.25mm,18.45mm) on L4 BOTTOM GND|Pad Free-TP_VOUT_2(48.33mm,25.25mm) on L1 TOP",0
TRACK,R182:VOUT_2,VOUT_2,Mid Layer 2,44.175,26.725,46.375,26.725,0.2,,,"VOUT_2|Pad U2-1(33.25mm,18.45mm) on L4 BOTTOM GND|Pad Free-TP_VOUT_2(48.33mm,25.25mm) on L1 TOP",0
TRACK,R182:VOUT_2,VOUT_2,Mid Layer 2,46.375,26.725,47.175,25.925,0.2,,,"VOUT_2|Pad U2-1(33.25mm,18.45mm) on L4 BOTTOM GND|Pad Free-TP_VOUT_2(48.33mm,25.25mm) on L1 TOP",0
VIA,R182:VOUT_2,VOUT_2,Multi Layer,35.625,20.125,,,,0.6,0.3,"VOUT_2|Pad U2-1(33.25mm,18.45mm) on L4 BOTTOM GND|Pad Free-TP_VOUT_2(48.33mm,25.25mm) on L1 TOP",0
VIA,R182:VOUT_2,VOUT_2,Multi Layer,35.475,21.675,,,,0.6,0.3,"VOUT_2|Pad U2-1(33.25mm,18.45mm) on L4 BOTTOM GND|Pad Free-TP_VOUT_2(48.33mm,25.25mm) on L1 TOP",0
VIA,R182:VOUT_2,VOUT_2,Multi Layer,43.725,26.275,,,,0.6,0.3,"VOUT_2|Pad U2-1(33.25mm,18.45mm) on L4 BOTTOM GND|Pad Free-TP_VOUT_2(48.33mm,25.25mm) on L1 TOP",0
TRACK,R183:VOUT_1,VOUT_1,Mid Layer 2,21.775,23.525,23.275,25.025,0.2,,,"VOUT_1|Pad CH_1-1(20.1mm,22.382mm) on L4 BOTTOM GND|Pad Free-TP_VOUT_1(45.33mm,29.75mm) on L1 TOP",0
TRACK,R183:VOUT_1,VOUT_1,Top Layer,23.275,25.025,26.875,25.025,0.2,,,"VOUT_1|Pad CH_1-1(20.1mm,22.382mm) on L4 BOTTOM GND|Pad Free-TP_VOUT_1(45.33mm,29.75mm) on L1 TOP",0
TRACK,R183:VOUT_1,VOUT_1,Top Layer,26.875,25.025,29.175,27.325,0.2,,,"VOUT_1|Pad CH_1-1(20.1mm,22.382mm) on L4 BOTTOM GND|Pad Free-TP_VOUT_1(45.33mm,29.75mm) on L1 TOP",0
TRACK,R183:VOUT_1,VOUT_1,Top Layer,29.175,27.325,42.675,27.325,0.2,,,"VOUT_1|Pad CH_1-1(20.1mm,22.382mm) on L4 BOTTOM GND|Pad Free-TP_VOUT_1(45.33mm,29.75mm) on L1 TOP",0
TRACK,R183:VOUT_1,VOUT_1,Top Layer,42.675,27.325,44.875,29.525,0.2,,,"VOUT_1|Pad CH_1-1(20.1mm,22.382mm) on L4 BOTTOM GND|Pad Free-TP_VOUT_1(45.33mm,29.75mm) on L1 TOP",0
VIA,R183:VOUT_1,VOUT_1,Multi Layer,23.275,25.025,,,,0.6,0.3,"VOUT_1|Pad CH_1-1(20.1mm,22.382mm) on L4 BOTTOM GND|Pad Free-TP_VOUT_1(45.33mm,29.75mm) on L1 TOP",0
TRACK,R184:MCU_SPI_SCK,MCU_SPI_SCK,Top Layer,54.125,27.075,54.125,26.875,0.15,,,"MCU_SPI_SCK|Pad U_MCU1-30(54.08mm,27.762mm) on L1 TOP [Unplated]|Pad R_SPI_SCK-2(55.68mm,26.562mm) on L1 TOP",0
TRACK,R184:MCU_SPI_SCK,MCU_SPI_SCK,Top Layer,54.125,26.875,54.175,26.875,0.15,,,"MCU_SPI_SCK|Pad U_MCU1-30(54.08mm,27.762mm) on L1 TOP [Unplated]|Pad R_SPI_SCK-2(55.68mm,26.562mm) on L1 TOP",0
TRACK,R184:MCU_SPI_SCK,MCU_SPI_SCK,Top Layer,54.175,26.875,54.175,26.775,0.15,,,"MCU_SPI_SCK|Pad U_MCU1-30(54.08mm,27.762mm) on L1 TOP [Unplated]|Pad R_SPI_SCK-2(55.68mm,26.562mm) on L1 TOP",0
TRACK,R184:MCU_SPI_SCK,MCU_SPI_SCK,Top Layer,54.175,26.775,54.225,26.775,0.15,,,"MCU_SPI_SCK|Pad U_MCU1-30(54.08mm,27.762mm) on L1 TOP [Unplated]|Pad R_SPI_SCK-2(55.68mm,26.562mm) on L1 TOP",0
TRACK,R184:MCU_SPI_SCK,MCU_SPI_SCK,Top Layer,54.225,26.775,54.325,26.675,0.15,,,"MCU_SPI_SCK|Pad U_MCU1-30(54.08mm,27.762mm) on L1 TOP [Unplated]|Pad R_SPI_SCK-2(55.68mm,26.562mm) on L1 TOP",0
TRACK,R184:MCU_SPI_SCK,MCU_SPI_SCK,Top Layer,54.325,26.675,55.475,26.675,0.15,,,"MCU_SPI_SCK|Pad U_MCU1-30(54.08mm,27.762mm) on L1 TOP [Unplated]|Pad R_SPI_SCK-2(55.68mm,26.562mm) on L1 TOP",0
TRACK,R185:MCU_WIFI_CS,MCU_WIFI_CS,Top Layer,56.575,28.475,56.575,29.025,0.18,,,"MCU_WIFI_CS|Pad U_MCU1-35(56.58mm,27.762mm) on L1 TOP [Unplated]|Pad R_SPI_CS-2(58.48mm,26.562mm) on L1 TOP",0
TRACK,R185:MCU_WIFI_CS,MCU_WIFI_CS,Mid Layer 2,56.575,29.025,59.175,26.425,0.18,,,"MCU_WIFI_CS|Pad U_MCU1-35(56.58mm,27.762mm) on L1 TOP [Unplated]|Pad R_SPI_CS-2(58.48mm,26.562mm) on L1 TOP",0
TRACK,R185:MCU_WIFI_CS,MCU_WIFI_CS,Mid Layer 2,59.175,26.425,59.175,26.375,0.18,,,"MCU_WIFI_CS|Pad U_MCU1-35(56.58mm,27.762mm) on L1 TOP [Unplated]|Pad R_SPI_CS-2(58.48mm,26.562mm) on L1 TOP",0
TRACK,R185:MCU_WIFI_CS,MCU_WIFI_CS,Top Layer,59.175,26.375,58.675,26.375,0.18,,,"MCU_WIFI_CS|Pad U_MCU1-35(56.58mm,27.762mm) on L1 TOP [Unplated]|Pad R_SPI_CS-2(58.48mm,26.562mm) on L1 TOP",0
VIA,R185:MCU_WIFI_CS,MCU_WIFI_CS,Multi Layer,56.575,29.025,,,,0.6,0.3,"MCU_WIFI_CS|Pad U_MCU1-35(56.58mm,27.762mm) on L1 TOP [Unplated]|Pad R_SPI_CS-2(58.48mm,26.562mm) on L1 TOP",0
VIA,R185:MCU_WIFI_CS,MCU_WIFI_CS,Multi Layer,59.175,26.375,,,,0.6,0.3,"MCU_WIFI_CS|Pad U_MCU1-35(56.58mm,27.762mm) on L1 TOP [Unplated]|Pad R_SPI_CS-2(58.48mm,26.562mm) on L1 TOP",0
TRACK,R186:MCU_SPI_MOSI,MCU_SPI_MOSI,Top Layer,55.125,28.475,55.125,28.975,0.15,,,"MCU_SPI_MOSI|Pad U_MCU1-32(55.08mm,27.762mm) on L1 TOP [Unplated]|Pad R_SPI_MOSI-2(57.08mm,26.562mm) on L1 TOP",0
TRACK,R186:MCU_SPI_MOSI,MCU_SPI_MOSI,Mid Layer 2,55.125,28.975,56.475,27.625,0.15,,,"MCU_SPI_MOSI|Pad U_MCU1-32(55.08mm,27.762mm) on L1 TOP [Unplated]|Pad R_SPI_MOSI-2(57.08mm,26.562mm) on L1 TOP",0
TRACK,R186:MCU_SPI_MOSI,MCU_SPI_MOSI,Mid Layer 2,56.475,27.625,56.475,26.475,0.15,,,"MCU_SPI_MOSI|Pad U_MCU1-32(55.08mm,27.762mm) on L1 TOP [Unplated]|Pad R_SPI_MOSI-2(57.08mm,26.562mm) on L1 TOP",0
TRACK,R186:MCU_SPI_MOSI,MCU_SPI_MOSI,Top Layer,56.475,26.475,56.875,26.475,0.15,,,"MCU_SPI_MOSI|Pad U_MCU1-32(55.08mm,27.762mm) on L1 TOP [Unplated]|Pad R_SPI_MOSI-2(57.08mm,26.562mm) on L1 TOP",0
VIA,R186:MCU_SPI_MOSI,MCU_SPI_MOSI,Multi Layer,55.125,28.975,,,,0.45,0.2,"MCU_SPI_MOSI|Pad U_MCU1-32(55.08mm,27.762mm) on L1 TOP [Unplated]|Pad R_SPI_MOSI-2(57.08mm,26.562mm) on L1 TOP",0
VIA,R186:MCU_SPI_MOSI,MCU_SPI_MOSI,Multi Layer,56.475,26.475,,,,0.45,0.2,"MCU_SPI_MOSI|Pad U_MCU1-32(55.08mm,27.762mm) on L1 TOP [Unplated]|Pad R_SPI_MOSI-2(57.08mm,26.562mm) on L1 TOP",0
TRACK,R187:WIFI_SPI_CS,WIFI_SPI_CS,Top Layer,42.525,43.875,45.825,43.875,0.18,,,"WIFI_SPI_CS|Pad U_WIFI1-24(42.126mm,43.745mm) on L1 TOP [Unplated]|Pad R_WIFI_CS_PD-1(46.68mm,43.2mm) on L1 TOP",0
TRACK,R187:WIFI_SPI_CS,WIFI_SPI_CS,Top Layer,45.825,43.875,46.375,43.325,0.18,,,"WIFI_SPI_CS|Pad U_WIFI1-24(42.126mm,43.745mm) on L1 TOP [Unplated]|Pad R_WIFI_CS_PD-1(46.68mm,43.2mm) on L1 TOP",0
TRACK,R188:WIFI_SPI_MISO,WIFI_SPI_MISO,Top Layer,29.775,44.425,30.125,44.775,0.18,,,"WIFI_SPI_MISO|Pad R_SPI_MISO-1(29.592mm,44.2mm) on L1 TOP|Pad U_WIFI1-29(35.775mm,45.016mm) on L1 TOP [Unplated]",0
TRACK,R188:WIFI_SPI_MISO,WIFI_SPI_MISO,Mid Layer 2,30.125,44.775,34.675,44.775,0.18,,,"WIFI_SPI_MISO|Pad R_SPI_MISO-1(29.592mm,44.2mm) on L1 TOP|Pad U_WIFI1-29(35.775mm,45.016mm) on L1 TOP [Unplated]",0
TRACK,R188:WIFI_SPI_MISO,WIFI_SPI_MISO,Mid Layer 2,34.675,44.775,35.275,44.175,0.18,,,"WIFI_SPI_MISO|Pad R_SPI_MISO-1(29.592mm,44.2mm) on L1 TOP|Pad U_WIFI1-29(35.775mm,45.016mm) on L1 TOP [Unplated]",0
TRACK,R188:WIFI_SPI_MISO,WIFI_SPI_MISO,Top Layer,35.275,44.175,35.725,44.625,0.18,,,"WIFI_SPI_MISO|Pad R_SPI_MISO-1(29.592mm,44.2mm) on L1 TOP|Pad U_WIFI1-29(35.775mm,45.016mm) on L1 TOP [Unplated]",0
VIA,R188:WIFI_SPI_MISO,WIFI_SPI_MISO,Multi Layer,30.125,44.775,,,,0.6,0.3,"WIFI_SPI_MISO|Pad R_SPI_MISO-1(29.592mm,44.2mm) on L1 TOP|Pad U_WIFI1-29(35.775mm,45.016mm) on L1 TOP [Unplated]",0
VIA,R188:WIFI_SPI_MISO,WIFI_SPI_MISO,Multi Layer,35.275,44.175,,,,0.6,0.3,"WIFI_SPI_MISO|Pad R_SPI_MISO-1(29.592mm,44.2mm) on L1 TOP|Pad U_WIFI1-29(35.775mm,45.016mm) on L1 TOP [Unplated]",0
TRACK,R190:WIFI_SPI_CLK,WIFI_SPI_CLK,Top Layer,37.425,44.625,37.425,44.525,0.15,,,"WIFI_SPI_CLK|Pad U_WIFI1-28(37.045mm,45.016mm) on L1 TOP [Unplated]|Pad R_SPI_SCK-1(55.68mm,25.538mm) on L1 TOP",0
TRACK,R190:WIFI_SPI_CLK,WIFI_SPI_CLK,Top Layer,37.425,44.525,39.125,42.825,0.15,,,"WIFI_SPI_CLK|Pad U_WIFI1-28(37.045mm,45.016mm) on L1 TOP [Unplated]|Pad R_SPI_SCK-1(55.68mm,25.538mm) on L1 TOP",0
TRACK,R190:WIFI_SPI_CLK,WIFI_SPI_CLK,Top Layer,39.125,42.825,39.725,42.825,0.15,,,"WIFI_SPI_CLK|Pad U_WIFI1-28(37.045mm,45.016mm) on L1 TOP [Unplated]|Pad R_SPI_SCK-1(55.68mm,25.538mm) on L1 TOP",0
TRACK,R190:WIFI_SPI_CLK,WIFI_SPI_CLK,Top Layer,39.725,42.825,41.175,41.375,0.15,,,"WIFI_SPI_CLK|Pad U_WIFI1-28(37.045mm,45.016mm) on L1 TOP [Unplated]|Pad R_SPI_SCK-1(55.68mm,25.538mm) on L1 TOP",0
TRACK,R190:WIFI_SPI_CLK,WIFI_SPI_CLK,Top Layer,41.175,41.375,41.175,38.825,0.15,,,"WIFI_SPI_CLK|Pad U_WIFI1-28(37.045mm,45.016mm) on L1 TOP [Unplated]|Pad R_SPI_SCK-1(55.68mm,25.538mm) on L1 TOP",0
TRACK,R190:WIFI_SPI_CLK,WIFI_SPI_CLK,Mid Layer 2,41.175,38.825,48.6045,31.3955,0.15,,,"WIFI_SPI_CLK|Pad U_WIFI1-28(37.045mm,45.016mm) on L1 TOP [Unplated]|Pad R_SPI_SCK-1(55.68mm,25.538mm) on L1 TOP",0
TRACK,R190:WIFI_SPI_CLK,WIFI_SPI_CLK,Mid Layer 2,48.6045,31.3955,53.9755,26.0245,0.15,,,"WIFI_SPI_CLK|Pad U_WIFI1-28(37.045mm,45.016mm) on L1 TOP [Unplated]|Pad R_SPI_SCK-1(55.68mm,25.538mm) on L1 TOP",0
TRACK,R190:WIFI_SPI_CLK,WIFI_SPI_CLK,Mid Layer 2,53.9755,26.0245,54.225,25.775,0.15,,,"WIFI_SPI_CLK|Pad U_WIFI1-28(37.045mm,45.016mm) on L1 TOP [Unplated]|Pad R_SPI_SCK-1(55.68mm,25.538mm) on L1 TOP",0
TRACK,R190:WIFI_SPI_CLK,WIFI_SPI_CLK,Mid Layer 2,54.225,25.775,56.275,25.775,0.15,,,"WIFI_SPI_CLK|Pad U_WIFI1-28(37.045mm,45.016mm) on L1 TOP [Unplated]|Pad R_SPI_SCK-1(55.68mm,25.538mm) on L1 TOP",0
TRACK,R190:WIFI_SPI_CLK,WIFI_SPI_CLK,Top Layer,56.275,25.775,55.875,25.775,0.15,,,"WIFI_SPI_CLK|Pad U_WIFI1-28(37.045mm,45.016mm) on L1 TOP [Unplated]|Pad R_SPI_SCK-1(55.68mm,25.538mm) on L1 TOP",0
VIA,R190:WIFI_SPI_CLK,WIFI_SPI_CLK,Multi Layer,41.175,38.825,,,,0.45,0.2,"WIFI_SPI_CLK|Pad U_WIFI1-28(37.045mm,45.016mm) on L1 TOP [Unplated]|Pad R_SPI_SCK-1(55.68mm,25.538mm) on L1 TOP",0
VIA,R190:WIFI_SPI_CLK,WIFI_SPI_CLK,Multi Layer,56.275,25.775,,,,0.45,0.2,"WIFI_SPI_CLK|Pad U_WIFI1-28(37.045mm,45.016mm) on L1 TOP [Unplated]|Pad R_SPI_SCK-1(55.68mm,25.538mm) on L1 TOP",0
TRACK,R194:BAT_TEMP,BAT_TEMP,Bottom Layer,11.075,39.375,11.075,39.675,0.2,,,"BAT_TEMP|Pad R_TS_SER-1(10.8mm,39.15mm) on L4 BOTTOM GND|Pad R_TS_TOP-1(11.194mm,39.924mm) on L4 BOTTOM GND",0
TRACK,R195:NetC1_EN1_2,NetC1_EN1_2,Bottom Layer,64.225,38.825,64.225,39.175,0.2,,,"NetC1_EN1_2|Pad U_EN1-1(63.8mm,38.625mm) on L4 BOTTOM GND|Pad C1_EN1-2(64.311mm,39.35mm) on L4 BOTTOM GND",0
TRACK,R197:NetC1_EN1_2,NetC1_EN1_2,Bottom Layer,64.075,39.975,64.075,39.575,0.2,,,"NetC1_EN1_2|Pad R_EN1_1-2(64.011mm,40.25mm) on L4 BOTTOM GND|Pad C1_EN1-2(64.311mm,39.35mm) on L4 BOTTOM GND",0
TRACK,R198:I2C_SCL,I2C_SCL,Bottom Layer,18.075,32.575,18.425,32.575,0.2,,,"I2C_SCL|Pad R_SCL-1(17.812mm,32.575mm) on L4 BOTTOM GND|Pad UP4-7(18.775mm,32.525mm) on L4 BOTTOM GND",0
TRACK,R200:I2C_SDA,I2C_SDA,Bottom Layer,18.075,33.325,18.125,33.275,0.2,,,"I2C_SDA|Pad R_SDA-1(17.812mm,33.575mm) on L4 BOTTOM GND|Pad UP4-8(18.775mm,33.025mm) on L4 BOTTOM GND",0
TRACK,R200:I2C_SDA,I2C_SDA,Bottom Layer,18.125,33.275,18.275,33.275,0.2,,,"I2C_SDA|Pad R_SDA-1(17.812mm,33.575mm) on L4 BOTTOM GND|Pad UP4-8(18.775mm,33.025mm) on L4 BOTTOM GND",0
TRACK,R200:I2C_SDA,I2C_SDA,Bottom Layer,18.275,33.275,18.425,33.125,0.2,,,"I2C_SDA|Pad R_SDA-1(17.812mm,33.575mm) on L4 BOTTOM GND|Pad UP4-8(18.775mm,33.025mm) on L4 BOTTOM GND",0
TRACK,R201:FG_ALRT,FG_ALRT,Bottom Layer,17.975,31.475,18.425,31.475,0.2,,,"FG_ALRT|Pad R_AL-1(17.636mm,31.475mm) on L4 BOTTOM GND|Pad UP4-5(18.775mm,31.525mm) on L4 BOTTOM GND",0
TRACK,R202:NetC3_EN1_2,NetC3_EN1_2,Bottom Layer,60.075,38.025,60.575,38.025,0.2,,,"NetC3_EN1_2|Pad C3_EN1-2(59.89mm,37.95mm) on L4 BOTTOM GND|Pad U_EN1-7(61.18mm,37.975mm) on L4 BOTTOM GND",0
TRACK,R203:AFE_EN,AFE_EN,Bottom Layer,36.875,27.175,37.125,26.925,0.2,,,"AFE_EN|Pad UP3-3(36.3mm,27.387mm) on L4 BOTTOM GND|Pad R_EN_PD-1(37.444mm,26.668mm) on L4 BOTTOM GND",0
TRACK,R204:KILL_CTRL,KILL_CTRL,Bottom Layer,60.425,39.175,60.575,39.025,0.2,,,"KILL_CTRL|Pad R_KILL_PU-1(60.066mm,39.45mm) on L4 BOTTOM GND|Pad U_EN1-8(61.18mm,38.625mm) on L4 BOTTOM GND",0
TRACK,R204:KILL_CTRL,KILL_CTRL,Bottom Layer,60.575,39.025,60.575,38.825,0.2,,,"KILL_CTRL|Pad R_KILL_PU-1(60.066mm,39.45mm) on L4 BOTTOM GND|Pad U_EN1-8(61.18mm,38.625mm) on L4 BOTTOM GND",0
TRACK,R205:NetC2_EN1_1,NetC2_EN1_1,Bottom Layer,63.225,37.275,62.725,37.275,0.2,,,"NetC2_EN1_1|Pad U_EN1-3(63.8mm,37.325mm) on L4 BOTTOM GND|Pad C2_EN1-1(64.09mm,35.95mm) on L4 BOTTOM GND",0
TRACK,R205:NetC2_EN1_1,NetC2_EN1_1,Top Layer,62.725,37.275,63.375,36.625,0.2,,,"NetC2_EN1_1|Pad U_EN1-3(63.8mm,37.325mm) on L4 BOTTOM GND|Pad C2_EN1-1(64.09mm,35.95mm) on L4 BOTTOM GND",0
TRACK,R205:NetC2_EN1_1,NetC2_EN1_1,Top Layer,63.375,36.625,63.375,35.875,0.2,,,"NetC2_EN1_1|Pad U_EN1-3(63.8mm,37.325mm) on L4 BOTTOM GND|Pad C2_EN1-1(64.09mm,35.95mm) on L4 BOTTOM GND",0
TRACK,R205:NetC2_EN1_1,NetC2_EN1_1,Bottom Layer,63.375,35.875,63.875,35.875,0.2,,,"NetC2_EN1_1|Pad U_EN1-3(63.8mm,37.325mm) on L4 BOTTOM GND|Pad C2_EN1-1(64.09mm,35.95mm) on L4 BOTTOM GND",0
VIA,R205:NetC2_EN1_1,NetC2_EN1_1,Multi Layer,62.725,37.275,,,,0.6,0.3,"NetC2_EN1_1|Pad U_EN1-3(63.8mm,37.325mm) on L4 BOTTOM GND|Pad C2_EN1-1(64.09mm,35.95mm) on L4 BOTTOM GND",0
VIA,R205:NetC2_EN1_1,NetC2_EN1_1,Multi Layer,63.375,35.875,,,,0.6,0.3,"NetC2_EN1_1|Pad U_EN1-3(63.8mm,37.325mm) on L4 BOTTOM GND|Pad C2_EN1-1(64.09mm,35.95mm) on L4 BOTTOM GND",0
TRACK,R206:NetQ_SHDN_1,NetQ_SHDN_1,Bottom Layer,54.525,37.025,54.825,37.025,0.2,,,"NetQ_SHDN_1|Pad R_SHDN_G-1(54.166mm,37.25mm) on L4 BOTTOM GND|Pad Q_SHDN-1(55.58mm,37mm) on L4 BOTTOM GND",0
TRACK,R207:MCU_PWR_INT_N,MCU_PWR_INT_N,Bottom Layer,60.425,36.075,60.575,36.225,0.2,,,"MCU_PWR_INT_N|Pad R_INT_PULLUP-2(60.066mm,35.75mm) on L4 BOTTOM GND|Pad U_EN1-5(61.18mm,36.675mm) on L4 BOTTOM GND",0
TRACK,R207:MCU_PWR_INT_N,MCU_PWR_INT_N,Bottom Layer,60.575,36.225,60.575,36.525,0.2,,,"MCU_PWR_INT_N|Pad R_INT_PULLUP-2(60.066mm,35.75mm) on L4 BOTTOM GND|Pad U_EN1-5(61.18mm,36.675mm) on L4 BOTTOM GND",0
TRACK,R209:DRL_AMP_OUT,DRL_AMP_OUT,Bottom Layer,16.925,14.475,17.675,14.475,0.2,,,"DRL_AMP_OUT|Pad U_DRL1-1(16.65mm,14.08mm) on L4 BOTTOM GND|Pad R_DRL_OUT1-1(18.1mm,14.475mm) on L4 BOTTOM GND",0
TRACK,R210:MCU_VCAP,MCU_VCAP,Top Layer,63.075,26.775,63.075,27.075,0.2,,,"MCU_VCAP|Pad MCU_VCAP-2(62.68mm,26.288mm) on L1 TOP|Pad U_MCU1-48(63.08mm,27.762mm) on L1 TOP [Unplated]",0
TRACK,R213:NetRISET_1,NetRISET_1,Bottom Layer,12.225,36.925,12.225,37.225,0.2,,,"NetRISET_1|Pad RISET-1(12.029mm,36.6mm) on L4 BOTTOM GND|Pad UP1-16(12.85mm,38mm) on L4 BOTTOM GND",0
TRACK,R213:NetRISET_1,NetRISET_1,Bottom Layer,12.225,37.225,12.725,37.725,0.2,,,"NetRISET_1|Pad RISET-1(12.029mm,36.6mm) on L4 BOTTOM GND|Pad UP1-16(12.85mm,38mm) on L4 BOTTOM GND",0
TRACK,R214:WIFI_UART_TX,WIFI_UART_TX,Bottom Layer,45.175,42.725,45.425,42.725,0.2,,,"WIFI_UART_TX|Pad R_WIFI_UART_RX_LINK-1(45.011mm,42.509mm) on L4 BOTTOM GND|Pad TP_WIFI_UART_TX-TP(46.307mm,43.653mm) on L4 BOTTOM GND",0
TRACK,R214:WIFI_UART_TX,WIFI_UART_TX,Bottom Layer,45.425,42.725,45.925,43.225,0.2,,,"WIFI_UART_TX|Pad R_WIFI_UART_RX_LINK-1(45.011mm,42.509mm) on L4 BOTTOM GND|Pad TP_WIFI_UART_TX-TP(46.307mm,43.653mm) on L4 BOTTOM GND",0
TRACK,R215:MCU_NRST,MCU_NRST,Top Layer,48.775,35.025,49.625,35.025,0.2,,,"MCU_NRST|Pad R_NRST-1(48.58mm,35mm) on L1 TOP|Pad U_MCU1-14(50.342mm,35mm) on L1 TOP [Unplated]",0
TRACK,R217:MCU_BOOT0,MCU_BOOT0,Top Layer,55.075,43.975,55.075,44.425,0.2,,,"MCU_BOOT0|Pad U_MCU1-94(55.08mm,43.238mm) on L1 TOP [Unplated]|Pad R_MCU_BOOT0_PD-2(55.58mm,45.06mm) on L1 TOP",0
TRACK,R217:MCU_BOOT0,MCU_BOOT0,Top Layer,55.075,44.425,55.475,44.825,0.2,,,"MCU_BOOT0|Pad U_MCU1-94(55.08mm,43.238mm) on L1 TOP [Unplated]|Pad R_MCU_BOOT0_PD-2(55.58mm,45.06mm) on L1 TOP",0
TRACK,R218:WIFI_BOOT,WIFI_BOOT,Top Layer,29.575,40.075,29.575,40.325,0.2,,,"WIFI_BOOT|Pad R_WIFI_BOOT_PD-2(29.38mm,39.8mm) on L1 TOP|Pad U_WIFI1-3(30.694mm,41.205mm) on L1 TOP [Unplated]",0
TRACK,R218:WIFI_BOOT,WIFI_BOOT,Top Layer,29.575,40.325,30.275,41.025,0.2,,,"WIFI_BOOT|Pad R_WIFI_BOOT_PD-2(29.38mm,39.8mm) on L1 TOP|Pad U_WIFI1-3(30.694mm,41.205mm) on L1 TOP [Unplated]",0
TRACK,R220:WIFI_BOOT,WIFI_BOOT,Top Layer,31.075,41.425,31.675,41.425,0.2,,,"WIFI_BOOT|Pad U_WIFI1-3(30.694mm,41.205mm) on L1 TOP [Unplated]|Pad TP_WIFI_BOOT-TP(32.693mm,41.141mm) on L4 BOTTOM GND",0
TRACK,R220:WIFI_BOOT,WIFI_BOOT,Bottom Layer,31.675,41.425,32.125,41.425,0.2,,,"WIFI_BOOT|Pad U_WIFI1-3(30.694mm,41.205mm) on L1 TOP [Unplated]|Pad TP_WIFI_BOOT-TP(32.693mm,41.141mm) on L4 BOTTOM GND",0
VIA,R220:WIFI_BOOT,WIFI_BOOT,Multi Layer,31.675,41.425,,,,0.6,0.3,"WIFI_BOOT|Pad U_WIFI1-3(30.694mm,41.205mm) on L1 TOP [Unplated]|Pad TP_WIFI_BOOT-TP(32.693mm,41.141mm) on L4 BOTTOM GND",0
TRACK,R221:MCU_BOOT0,MCU_BOOT0,Top Layer,54.975,44.375,54.025,44.375,0.2,,,"MCU_BOOT0|Pad U_MCU1-94(55.08mm,43.238mm) on L1 TOP [Unplated]|Pad TP_MCU_BOOT0-TP(55.28mm,41.238mm) on L4 BOTTOM GND",0
TRACK,R221:MCU_BOOT0,MCU_BOOT0,Top Layer,54.025,44.375,53.725,44.675,0.2,,,"MCU_BOOT0|Pad U_MCU1-94(55.08mm,43.238mm) on L1 TOP [Unplated]|Pad TP_MCU_BOOT0-TP(55.28mm,41.238mm) on L4 BOTTOM GND",0
TRACK,R221:MCU_BOOT0,MCU_BOOT0,Mid Layer 2,53.725,44.675,54.625,43.775,0.2,,,"MCU_BOOT0|Pad U_MCU1-94(55.08mm,43.238mm) on L1 TOP [Unplated]|Pad TP_MCU_BOOT0-TP(55.28mm,41.238mm) on L4 BOTTOM GND",0
TRACK,R221:MCU_BOOT0,MCU_BOOT0,Mid Layer 2,54.625,43.775,54.625,40.425,0.2,,,"MCU_BOOT0|Pad U_MCU1-94(55.08mm,43.238mm) on L1 TOP [Unplated]|Pad TP_MCU_BOOT0-TP(55.28mm,41.238mm) on L4 BOTTOM GND",0
TRACK,R221:MCU_BOOT0,MCU_BOOT0,Bottom Layer,54.625,40.425,54.975,40.775,0.2,,,"MCU_BOOT0|Pad U_MCU1-94(55.08mm,43.238mm) on L1 TOP [Unplated]|Pad TP_MCU_BOOT0-TP(55.28mm,41.238mm) on L4 BOTTOM GND",0
VIA,R221:MCU_BOOT0,MCU_BOOT0,Multi Layer,53.725,44.675,,,,0.6,0.3,"MCU_BOOT0|Pad U_MCU1-94(55.08mm,43.238mm) on L1 TOP [Unplated]|Pad TP_MCU_BOOT0-TP(55.28mm,41.238mm) on L4 BOTTOM GND",0
VIA,R221:MCU_BOOT0,MCU_BOOT0,Multi Layer,54.625,40.425,,,,0.6,0.3,"MCU_BOOT0|Pad U_MCU1-94(55.08mm,43.238mm) on L1 TOP [Unplated]|Pad TP_MCU_BOOT0-TP(55.28mm,41.238mm) on L4 BOTTOM GND",0
TRACK,R222:MCU_NRST,MCU_NRST,Top Layer,46.775,34.825,46.775,34.625,0.2,,,"MCU_NRST|Pad C_NRST-1(46.559mm,35mm) on L1 TOP|Pad R_NRST-1(48.58mm,35mm) on L1 TOP",0
TRACK,R222:MCU_NRST,MCU_NRST,Top Layer,46.775,34.625,47.125,34.275,0.2,,,"MCU_NRST|Pad C_NRST-1(46.559mm,35mm) on L1 TOP|Pad R_NRST-1(48.58mm,35mm) on L1 TOP",0
TRACK,R222:MCU_NRST,MCU_NRST,Top Layer,47.125,34.275,48.025,34.275,0.2,,,"MCU_NRST|Pad C_NRST-1(46.559mm,35mm) on L1 TOP|Pad R_NRST-1(48.58mm,35mm) on L1 TOP",0
TRACK,R222:MCU_NRST,MCU_NRST,Top Layer,48.025,34.275,48.475,34.725,0.2,,,"MCU_NRST|Pad C_NRST-1(46.559mm,35mm) on L1 TOP|Pad R_NRST-1(48.58mm,35mm) on L1 TOP",0
TRACK,R224:WIFI_BOOT,WIFI_BOOT,Bottom Layer,32.175,39.775,32.175,40.525,0.2,,,"WIFI_BOOT|Pad JP_WIFI_BOOT-2(31.794mm,39.205mm) on L4 BOTTOM GND|Pad TP_WIFI_BOOT-TP(32.693mm,41.141mm) on L4 BOTTOM GND",0
TRACK,R224:WIFI_BOOT,WIFI_BOOT,Bottom Layer,32.175,40.525,32.325,40.675,0.2,,,"WIFI_BOOT|Pad JP_WIFI_BOOT-2(31.794mm,39.205mm) on L4 BOTTOM GND|Pad TP_WIFI_BOOT-TP(32.693mm,41.141mm) on L4 BOTTOM GND",0
TRACK,R225:NetJP_WIFI_BOOT_1,NetJP_WIFI_BOOT_1,Bottom Layer,30.925,38.625,30.925,38.275,0.2,,,"NetJP_WIFI_BOOT_1|Pad JP_WIFI_BOOT-1(30.594mm,39.205mm) on L4 BOTTOM GND|Pad R_WIFI_BOOT_OVR-2(31.629mm,37.205mm) on L4 BOTTOM GND",0
TRACK,R225:NetJP_WIFI_BOOT_1,NetJP_WIFI_BOOT_1,Bottom Layer,30.925,38.275,31.475,37.725,0.2,,,"NetJP_WIFI_BOOT_1|Pad JP_WIFI_BOOT-1(30.594mm,39.205mm) on L4 BOTTOM GND|Pad R_WIFI_BOOT_OVR-2(31.629mm,37.205mm) on L4 BOTTOM GND",0
TRACK,R225:NetJP_WIFI_BOOT_1,NetJP_WIFI_BOOT_1,Bottom Layer,31.475,37.725,31.475,37.475,0.2,,,"NetJP_WIFI_BOOT_1|Pad JP_WIFI_BOOT-1(30.594mm,39.205mm) on L4 BOTTOM GND|Pad R_WIFI_BOOT_OVR-2(31.629mm,37.205mm) on L4 BOTTOM GND",0
TRACK,R228:DRL_AMP_OUT,DRL_AMP_OUT,Bottom Layer,13.775,13.475,13.725,13.425,0.2,,,"DRL_AMP_OUT|Pad C_DRL_FB-2(13.942mm,13.676mm) on L4 BOTTOM GND|Pad U_DRL1-1(16.65mm,14.08mm) on L4 BOTTOM GND",0
TRACK,R228:DRL_AMP_OUT,DRL_AMP_OUT,Bottom Layer,13.725,13.425,13.725,13.278,0.2,,,"DRL_AMP_OUT|Pad C_DRL_FB-2(13.942mm,13.676mm) on L4 BOTTOM GND|Pad U_DRL1-1(16.65mm,14.08mm) on L4 BOTTOM GND",0
TRACK,R228:DRL_AMP_OUT,DRL_AMP_OUT,Bottom Layer,13.725,13.278,13.725,13.225,0.2,,,"DRL_AMP_OUT|Pad C_DRL_FB-2(13.942mm,13.676mm) on L4 BOTTOM GND|Pad U_DRL1-1(16.65mm,14.08mm) on L4 BOTTOM GND",0
TRACK,R228:DRL_AMP_OUT,DRL_AMP_OUT,Bottom Layer,13.725,13.225,13.45,12.95,0.2,,,"DRL_AMP_OUT|Pad C_DRL_FB-2(13.942mm,13.676mm) on L4 BOTTOM GND|Pad U_DRL1-1(16.65mm,14.08mm) on L4 BOTTOM GND",0
TRACK,R228:DRL_AMP_OUT,DRL_AMP_OUT,Bottom Layer,13.45,12.95,13.225,12.725,0.2,,,"DRL_AMP_OUT|Pad C_DRL_FB-2(13.942mm,13.676mm) on L4 BOTTOM GND|Pad U_DRL1-1(16.65mm,14.08mm) on L4 BOTTOM GND",0
TRACK,R228:DRL_AMP_OUT,DRL_AMP_OUT,Bottom Layer,13.225,12.725,13.225,11.525,0.2,,,"DRL_AMP_OUT|Pad C_DRL_FB-2(13.942mm,13.676mm) on L4 BOTTOM GND|Pad U_DRL1-1(16.65mm,14.08mm) on L4 BOTTOM GND",0
TRACK,R228:DRL_AMP_OUT,DRL_AMP_OUT,Bottom Layer,13.225,11.525,13.325,11.425,0.2,,,"DRL_AMP_OUT|Pad C_DRL_FB-2(13.942mm,13.676mm) on L4 BOTTOM GND|Pad U_DRL1-1(16.65mm,14.08mm) on L4 BOTTOM GND",0
TRACK,R228:DRL_AMP_OUT,DRL_AMP_OUT,Mid Layer 2,13.325,11.425,13.325,11.825,0.2,,,"DRL_AMP_OUT|Pad C_DRL_FB-2(13.942mm,13.676mm) on L4 BOTTOM GND|Pad U_DRL1-1(16.65mm,14.08mm) on L4 BOTTOM GND",0
TRACK,R228:DRL_AMP_OUT,DRL_AMP_OUT,Mid Layer 2,13.325,11.825,13.225,11.925,0.2,,,"DRL_AMP_OUT|Pad C_DRL_FB-2(13.942mm,13.676mm) on L4 BOTTOM GND|Pad U_DRL1-1(16.65mm,14.08mm) on L4 BOTTOM GND",0
TRACK,R228:DRL_AMP_OUT,DRL_AMP_OUT,Mid Layer 2,13.225,11.925,13.225,12.725,0.2,,,"DRL_AMP_OUT|Pad C_DRL_FB-2(13.942mm,13.676mm) on L4 BOTTOM GND|Pad U_DRL1-1(16.65mm,14.08mm) on L4 BOTTOM GND",0
TRACK,R228:DRL_AMP_OUT,DRL_AMP_OUT,Mid Layer 2,13.225,12.725,13.45,12.95,0.2,,,"DRL_AMP_OUT|Pad C_DRL_FB-2(13.942mm,13.676mm) on L4 BOTTOM GND|Pad U_DRL1-1(16.65mm,14.08mm) on L4 BOTTOM GND",0
TRACK,R228:DRL_AMP_OUT,DRL_AMP_OUT,Mid Layer 2,13.45,12.95,13.778,13.278,0.2,,,"DRL_AMP_OUT|Pad C_DRL_FB-2(13.942mm,13.676mm) on L4 BOTTOM GND|Pad U_DRL1-1(16.65mm,14.08mm) on L4 BOTTOM GND",0
TRACK,R228:DRL_AMP_OUT,DRL_AMP_OUT,Mid Layer 2,13.778,13.278,13.925,13.425,0.2,,,"DRL_AMP_OUT|Pad C_DRL_FB-2(13.942mm,13.676mm) on L4 BOTTOM GND|Pad U_DRL1-1(16.65mm,14.08mm) on L4 BOTTOM GND",0
TRACK,R228:DRL_AMP_OUT,DRL_AMP_OUT,Mid Layer 2,13.925,13.425,15.1058,13.425,0.2,,,"DRL_AMP_OUT|Pad C_DRL_FB-2(13.942mm,13.676mm) on L4 BOTTOM GND|Pad U_DRL1-1(16.65mm,14.08mm) on L4 BOTTOM GND",0
TRACK,R228:DRL_AMP_OUT,DRL_AMP_OUT,Mid Layer 2,15.1058,13.425,15.475,13.425,0.2,,,"DRL_AMP_OUT|Pad C_DRL_FB-2(13.942mm,13.676mm) on L4 BOTTOM GND|Pad U_DRL1-1(16.65mm,14.08mm) on L4 BOTTOM GND",0
TRACK,R228:DRL_AMP_OUT,DRL_AMP_OUT,Mid Layer 2,15.475,13.425,15.975,12.925,0.2,,,"DRL_AMP_OUT|Pad C_DRL_FB-2(13.942mm,13.676mm) on L4 BOTTOM GND|Pad U_DRL1-1(16.65mm,14.08mm) on L4 BOTTOM GND",0
TRACK,R228:DRL_AMP_OUT,DRL_AMP_OUT,Bottom Layer,15.975,12.925,15.975,13.075,0.2,,,"DRL_AMP_OUT|Pad C_DRL_FB-2(13.942mm,13.676mm) on L4 BOTTOM GND|Pad U_DRL1-1(16.65mm,14.08mm) on L4 BOTTOM GND",0
TRACK,R228:DRL_AMP_OUT,DRL_AMP_OUT,Bottom Layer,15.975,13.075,16.475,13.575,0.2,,,"DRL_AMP_OUT|Pad C_DRL_FB-2(13.942mm,13.676mm) on L4 BOTTOM GND|Pad U_DRL1-1(16.65mm,14.08mm) on L4 BOTTOM GND",0
VIA,R228:DRL_AMP_OUT,DRL_AMP_OUT,Multi Layer,13.325,11.425,,,,0.6,0.3,"DRL_AMP_OUT|Pad C_DRL_FB-2(13.942mm,13.676mm) on L4 BOTTOM GND|Pad U_DRL1-1(16.65mm,14.08mm) on L4 BOTTOM GND",0
VIA,R228:DRL_AMP_OUT,DRL_AMP_OUT,Multi Layer,15.975,12.925,,,,0.6,0.3,"DRL_AMP_OUT|Pad C_DRL_FB-2(13.942mm,13.676mm) on L4 BOTTOM GND|Pad U_DRL1-1(16.65mm,14.08mm) on L4 BOTTOM GND",0
TRACK,R229:NetD_CC_ESD_2,NetD_CC_ESD_2,Top Layer,19.575,43.875,19.675,43.875,0.2,,,"NetD_CC_ESD_2|Pad RJ2-2(19.325mm,44.1mm) on L1 TOP|Pad D_CC_ESD-2(20.9mm,41.85mm) on L1 TOP [Unplated]",0
TRACK,R229:NetD_CC_ESD_2,NetD_CC_ESD_2,Top Layer,19.675,43.875,20.725,42.825,0.2,,,"NetD_CC_ESD_2|Pad RJ2-2(19.325mm,44.1mm) on L1 TOP|Pad D_CC_ESD-2(20.9mm,41.85mm) on L1 TOP [Unplated]",0
TRACK,R229:NetD_CC_ESD_2,NetD_CC_ESD_2,Top Layer,20.725,42.825,20.725,42.125,0.2,,,"NetD_CC_ESD_2|Pad RJ2-2(19.325mm,44.1mm) on L1 TOP|Pad D_CC_ESD-2(20.9mm,41.85mm) on L1 TOP [Unplated]",0
TRACK,R230:NetR_LIM_2,NetR_LIM_2,Bottom Layer,15.275,38.575,15.275,38.175,0.15,,,"NetR_LIM_2|Pad UP1-12(15mm,38.65mm) on L4 BOTTOM GND|Pad R_LIM-2(17.547mm,37.537mm) on L4 BOTTOM GND",0
TRACK,R230:NetR_LIM_2,NetR_LIM_2,Mid Layer 2,15.275,38.175,16.3,38.175,0.15,,,"NetR_LIM_2|Pad UP1-12(15mm,38.65mm) on L4 BOTTOM GND|Pad R_LIM-2(17.547mm,37.537mm) on L4 BOTTOM GND",0
TRACK,R230:NetR_LIM_2,NetR_LIM_2,Mid Layer 2,16.3,38.175,19.125,38.175,0.15,,,"NetR_LIM_2|Pad UP1-12(15mm,38.65mm) on L4 BOTTOM GND|Pad R_LIM-2(17.547mm,37.537mm) on L4 BOTTOM GND",0
TRACK,R230:NetR_LIM_2,NetR_LIM_2,Mid Layer 2,19.125,38.175,19.725,37.575,0.15,,,"NetR_LIM_2|Pad UP1-12(15mm,38.65mm) on L4 BOTTOM GND|Pad R_LIM-2(17.547mm,37.537mm) on L4 BOTTOM GND",0
TRACK,R230:NetR_LIM_2,NetR_LIM_2,Bottom Layer,19.725,37.575,19.675,37.575,0.15,,,"NetR_LIM_2|Pad UP1-12(15mm,38.65mm) on L4 BOTTOM GND|Pad R_LIM-2(17.547mm,37.537mm) on L4 BOTTOM GND",0
TRACK,R230:NetR_LIM_2,NetR_LIM_2,Bottom Layer,19.675,37.575,19.125,38.125,0.15,,,"NetR_LIM_2|Pad UP1-12(15mm,38.65mm) on L4 BOTTOM GND|Pad R_LIM-2(17.547mm,37.537mm) on L4 BOTTOM GND",0
TRACK,R230:NetR_LIM_2,NetR_LIM_2,Bottom Layer,19.125,38.125,18.075,38.125,0.15,,,"NetR_LIM_2|Pad UP1-12(15mm,38.65mm) on L4 BOTTOM GND|Pad R_LIM-2(17.547mm,37.537mm) on L4 BOTTOM GND",0
TRACK,R230:NetR_LIM_2,NetR_LIM_2,Bottom Layer,18.075,38.125,17.775,37.825,0.15,,,"NetR_LIM_2|Pad UP1-12(15mm,38.65mm) on L4 BOTTOM GND|Pad R_LIM-2(17.547mm,37.537mm) on L4 BOTTOM GND",0
VIA,R230:NetR_LIM_2,NetR_LIM_2,Multi Layer,15.275,38.175,,,,0.45,0.2,"NetR_LIM_2|Pad UP1-12(15mm,38.65mm) on L4 BOTTOM GND|Pad R_LIM-2(17.547mm,37.537mm) on L4 BOTTOM GND",0
VIA,R230:NetR_LIM_2,NetR_LIM_2,Multi Layer,19.725,37.575,,,,0.45,0.2,"NetR_LIM_2|Pad UP1-12(15mm,38.65mm) on L4 BOTTOM GND|Pad R_LIM-2(17.547mm,37.537mm) on L4 BOTTOM GND",0
TRACK,R231:BAT_TEMP,BAT_TEMP,Top Layer,25.025,38.325,25.725,38.325,0.2,,,"BAT_TEMP|Pad J_Li-Po-2(24.369mm,37.994mm) on Multi-Layer|Pad R_TH_BAT-2(26.939mm,39.123mm) on Multi-Layer",0
TRACK,R231:BAT_TEMP,BAT_TEMP,Top Layer,25.725,38.325,26.375,38.975,0.2,,,"BAT_TEMP|Pad J_Li-Po-2(24.369mm,37.994mm) on Multi-Layer|Pad R_TH_BAT-2(26.939mm,39.123mm) on Multi-Layer",0
TRACK,R233:DRL_SUM,DRL_SUM,Bottom Layer,12.025,17.225,12.475,17.675,0.2,,,"DRL_SUM|Pad R_DRL_FB-1(11.72mm,16.793mm) on L4 BOTTOM GND|Pad U_DRL1-4(14.75mm,16.88mm) on L4 BOTTOM GND",0
TRACK,R233:DRL_SUM,DRL_SUM,Bottom Layer,12.475,17.675,13.45,17.675,0.2,,,"DRL_SUM|Pad R_DRL_FB-1(11.72mm,16.793mm) on L4 BOTTOM GND|Pad U_DRL1-4(14.75mm,16.88mm) on L4 BOTTOM GND",0
TRACK,R233:DRL_SUM,DRL_SUM,Bottom Layer,13.45,17.675,14.225,17.675,0.2,,,"DRL_SUM|Pad R_DRL_FB-1(11.72mm,16.793mm) on L4 BOTTOM GND|Pad U_DRL1-4(14.75mm,16.88mm) on L4 BOTTOM GND",0
TRACK,R233:DRL_SUM,DRL_SUM,Bottom Layer,14.225,17.675,14.475,17.425,0.2,,,"DRL_SUM|Pad R_DRL_FB-1(11.72mm,16.793mm) on L4 BOTTOM GND|Pad U_DRL1-4(14.75mm,16.88mm) on L4 BOTTOM GND",0
TRACK,R234:KILL_CTRL,KILL_CTRL,Bottom Layer,58.125,38.225,58.275,38.375,0.2,,,"KILL_CTRL|Pad Q_SHDN-3(57.4mm,37.95mm) on L4 BOTTOM GND|Pad R_KILL_PU-1(60.066mm,39.45mm) on L4 BOTTOM GND",0
TRACK,R234:KILL_CTRL,KILL_CTRL,Bottom Layer,58.275,38.375,58.275,38.475,0.2,,,"KILL_CTRL|Pad Q_SHDN-3(57.4mm,37.95mm) on L4 BOTTOM GND|Pad R_KILL_PU-1(60.066mm,39.45mm) on L4 BOTTOM GND",0
TRACK,R234:KILL_CTRL,KILL_CTRL,Bottom Layer,58.275,38.475,58.475,38.675,0.2,,,"KILL_CTRL|Pad Q_SHDN-3(57.4mm,37.95mm) on L4 BOTTOM GND|Pad R_KILL_PU-1(60.066mm,39.45mm) on L4 BOTTOM GND",0
TRACK,R234:KILL_CTRL,KILL_CTRL,Bottom Layer,58.475,38.675,59.675,38.675,0.2,,,"KILL_CTRL|Pad Q_SHDN-3(57.4mm,37.95mm) on L4 BOTTOM GND|Pad R_KILL_PU-1(60.066mm,39.45mm) on L4 BOTTOM GND",0
TRACK,R234:KILL_CTRL,KILL_CTRL,Bottom Layer,59.675,38.675,59.925,38.925,0.2,,,"KILL_CTRL|Pad Q_SHDN-3(57.4mm,37.95mm) on L4 BOTTOM GND|Pad R_KILL_PU-1(60.066mm,39.45mm) on L4 BOTTOM GND",0
TRACK,R234:KILL_CTRL,KILL_CTRL,Bottom Layer,59.925,38.925,59.925,39.175,0.2,,,"KILL_CTRL|Pad Q_SHDN-3(57.4mm,37.95mm) on L4 BOTTOM GND|Pad R_KILL_PU-1(60.066mm,39.45mm) on L4 BOTTOM GND",0
TRACK,R235:WIFI_CHIP_EN,WIFI_CHIP_EN,Top Layer,42.925,34.475,45.625,37.175,0.2,,,"WIFI_CHIP_EN|Pad C_WIFI_EN-1(43.901mm,34.855mm) on L1 TOP|Pad R_WIFI_EN_PD-1(45.78mm,37.4mm) on L1 TOP",0
TRACK,R238:DRL_AMP_OUT,DRL_AMP_OUT,Bottom Layer,13.425,16.375,13.45,16.35,0.15,,,"DRL_AMP_OUT|Pad R_DRL_FB-2(13.17mm,16.793mm) on L4 BOTTOM GND|Pad C_DRL_FB-2(13.942mm,13.676mm) on L4 BOTTOM GND",0
TRACK,R238:DRL_AMP_OUT,DRL_AMP_OUT,Bottom Layer,13.45,16.35,13.675,16.125,0.15,,,"DRL_AMP_OUT|Pad R_DRL_FB-2(13.17mm,16.793mm) on L4 BOTTOM GND|Pad C_DRL_FB-2(13.942mm,13.676mm) on L4 BOTTOM GND",0
TRACK,R238:DRL_AMP_OUT,DRL_AMP_OUT,Bottom Layer,13.675,16.125,14.225,16.125,0.15,,,"DRL_AMP_OUT|Pad R_DRL_FB-2(13.17mm,16.793mm) on L4 BOTTOM GND|Pad C_DRL_FB-2(13.942mm,13.676mm) on L4 BOTTOM GND",0
TRACK,R238:DRL_AMP_OUT,DRL_AMP_OUT,Bottom Layer,14.225,16.125,14.275,16.075,0.15,,,"DRL_AMP_OUT|Pad R_DRL_FB-2(13.17mm,16.793mm) on L4 BOTTOM GND|Pad C_DRL_FB-2(13.942mm,13.676mm) on L4 BOTTOM GND",0
TRACK,R238:DRL_AMP_OUT,DRL_AMP_OUT,Bottom Layer,14.275,16.075,15.475,16.075,0.15,,,"DRL_AMP_OUT|Pad R_DRL_FB-2(13.17mm,16.793mm) on L4 BOTTOM GND|Pad C_DRL_FB-2(13.942mm,13.676mm) on L4 BOTTOM GND",0
TRACK,R238:DRL_AMP_OUT,DRL_AMP_OUT,Bottom Layer,15.475,16.075,15.525,16.025,0.15,,,"DRL_AMP_OUT|Pad R_DRL_FB-2(13.17mm,16.793mm) on L4 BOTTOM GND|Pad C_DRL_FB-2(13.942mm,13.676mm) on L4 BOTTOM GND",0
TRACK,R238:DRL_AMP_OUT,DRL_AMP_OUT,Mid Layer 2,15.525,16.025,15.525,14.175,0.15,,,"DRL_AMP_OUT|Pad R_DRL_FB-2(13.17mm,16.793mm) on L4 BOTTOM GND|Pad C_DRL_FB-2(13.942mm,13.676mm) on L4 BOTTOM GND",0
TRACK,R238:DRL_AMP_OUT,DRL_AMP_OUT,Mid Layer 2,15.525,14.175,15.1058,13.7558,0.15,,,"DRL_AMP_OUT|Pad R_DRL_FB-2(13.17mm,16.793mm) on L4 BOTTOM GND|Pad C_DRL_FB-2(13.942mm,13.676mm) on L4 BOTTOM GND",0
TRACK,R238:DRL_AMP_OUT,DRL_AMP_OUT,Mid Layer 2,15.1058,13.7558,14.875,13.525,0.15,,,"DRL_AMP_OUT|Pad R_DRL_FB-2(13.17mm,16.793mm) on L4 BOTTOM GND|Pad C_DRL_FB-2(13.942mm,13.676mm) on L4 BOTTOM GND",0
VIA,R238:DRL_AMP_OUT,DRL_AMP_OUT,Multi Layer,15.525,16.025,,,,0.6,0.3,"DRL_AMP_OUT|Pad R_DRL_FB-2(13.17mm,16.793mm) on L4 BOTTOM GND|Pad C_DRL_FB-2(13.942mm,13.676mm) on L4 BOTTOM GND",0
TRACK,R240:NetD_CC_ESD_1,NetD_CC_ESD_1,Top Layer,16.575,40.675,16.375,40.675,0.15,,,"NetD_CC_ESD_1|Pad J_USB_C-A5(17.155mm,40.65mm) on L1 TOP|Pad RJ1-2(19.325mm,43.1mm) on L1 TOP",0
TRACK,R240:NetD_CC_ESD_1,NetD_CC_ESD_1,Top Layer,16.375,40.675,16.3,40.75,0.15,,,"NetD_CC_ESD_1|Pad J_USB_C-A5(17.155mm,40.65mm) on L1 TOP|Pad RJ1-2(19.325mm,43.1mm) on L1 TOP",0
TRACK,R240:NetD_CC_ESD_1,NetD_CC_ESD_1,Top Layer,16.3,40.75,15.175,41.875,0.15,,,"NetD_CC_ESD_1|Pad J_USB_C-A5(17.155mm,40.65mm) on L1 TOP|Pad RJ1-2(19.325mm,43.1mm) on L1 TOP",0
TRACK,R240:NetD_CC_ESD_1,NetD_CC_ESD_1,Top Layer,15.175,41.875,15.175,42.1,0.15,,,"NetD_CC_ESD_1|Pad J_USB_C-A5(17.155mm,40.65mm) on L1 TOP|Pad RJ1-2(19.325mm,43.1mm) on L1 TOP",0
TRACK,R240:NetD_CC_ESD_1,NetD_CC_ESD_1,Top Layer,15.175,42.1,15.175,44.175,0.15,,,"NetD_CC_ESD_1|Pad J_USB_C-A5(17.155mm,40.65mm) on L1 TOP|Pad RJ1-2(19.325mm,43.1mm) on L1 TOP",0
TRACK,R240:NetD_CC_ESD_1,NetD_CC_ESD_1,Top Layer,15.175,44.175,15.675,44.675,0.15,,,"NetD_CC_ESD_1|Pad J_USB_C-A5(17.155mm,40.65mm) on L1 TOP|Pad RJ1-2(19.325mm,43.1mm) on L1 TOP",0
TRACK,R240:NetD_CC_ESD_1,NetD_CC_ESD_1,Top Layer,15.675,44.675,17.675,44.675,0.15,,,"NetD_CC_ESD_1|Pad J_USB_C-A5(17.155mm,40.65mm) on L1 TOP|Pad RJ1-2(19.325mm,43.1mm) on L1 TOP",0
TRACK,R240:NetD_CC_ESD_1,NetD_CC_ESD_1,Mid Layer 2,17.675,44.675,19.475,42.875,0.15,,,"NetD_CC_ESD_1|Pad J_USB_C-A5(17.155mm,40.65mm) on L1 TOP|Pad RJ1-2(19.325mm,43.1mm) on L1 TOP",0
TRACK,R240:NetD_CC_ESD_1,NetD_CC_ESD_1,Mid Layer 2,19.475,42.875,19.475,42.425,0.15,,,"NetD_CC_ESD_1|Pad J_USB_C-A5(17.155mm,40.65mm) on L1 TOP|Pad RJ1-2(19.325mm,43.1mm) on L1 TOP",0
TRACK,R240:NetD_CC_ESD_1,NetD_CC_ESD_1,Top Layer,19.475,42.425,19.475,42.875,0.15,,,"NetD_CC_ESD_1|Pad J_USB_C-A5(17.155mm,40.65mm) on L1 TOP|Pad RJ1-2(19.325mm,43.1mm) on L1 TOP",0
VIA,R240:NetD_CC_ESD_1,NetD_CC_ESD_1,Multi Layer,17.675,44.675,,,,0.6,0.3,"NetD_CC_ESD_1|Pad J_USB_C-A5(17.155mm,40.65mm) on L1 TOP|Pad RJ1-2(19.325mm,43.1mm) on L1 TOP",0
VIA,R240:NetD_CC_ESD_1,NetD_CC_ESD_1,Multi Layer,19.475,42.425,,,,0.6,0.3,"NetD_CC_ESD_1|Pad J_USB_C-A5(17.155mm,40.65mm) on L1 TOP|Pad RJ1-2(19.325mm,43.1mm) on L1 TOP",0
TRACK,R252:DRL_SUM,DRL_SUM,Bottom Layer,11.425,16.375,11.425,15.925,0.2,,,"DRL_SUM|Pad R_DRL_FB-1(11.72mm,16.793mm) on L4 BOTTOM GND|Pad C_DRL_FB-1(13.142mm,13.676mm) on L4 BOTTOM GND",0
TRACK,R252:DRL_SUM,DRL_SUM,Top Layer,11.425,15.925,11.425,13.925,0.2,,,"DRL_SUM|Pad R_DRL_FB-1(11.72mm,16.793mm) on L4 BOTTOM GND|Pad C_DRL_FB-1(13.142mm,13.676mm) on L4 BOTTOM GND",0
TRACK,R252:DRL_SUM,DRL_SUM,Bottom Layer,11.425,13.925,11.9058,13.925,0.2,,,"DRL_SUM|Pad R_DRL_FB-1(11.72mm,16.793mm) on L4 BOTTOM GND|Pad C_DRL_FB-1(13.142mm,13.676mm) on L4 BOTTOM GND",0
TRACK,R252:DRL_SUM,DRL_SUM,Bottom Layer,11.9058,13.925,12.975,13.925,0.2,,,"DRL_SUM|Pad R_DRL_FB-1(11.72mm,16.793mm) on L4 BOTTOM GND|Pad C_DRL_FB-1(13.142mm,13.676mm) on L4 BOTTOM GND",0
VIA,R252:DRL_SUM,DRL_SUM,Multi Layer,11.425,15.925,,,,0.6,0.3,"DRL_SUM|Pad R_DRL_FB-1(11.72mm,16.793mm) on L4 BOTTOM GND|Pad C_DRL_FB-1(13.142mm,13.676mm) on L4 BOTTOM GND",0
VIA,R252:DRL_SUM,DRL_SUM,Multi Layer,11.425,13.925,,,,0.6,0.3,"DRL_SUM|Pad R_DRL_FB-1(11.72mm,16.793mm) on L4 BOTTOM GND|Pad C_DRL_FB-1(13.142mm,13.676mm) on L4 BOTTOM GND",0
TRACK,R253:NetD_CC_ESD_1,NetD_CC_ESD_1,Mid Layer 2,19.725,42.325,21.925,42.325,0.2,,,"NetD_CC_ESD_1|Pad J_USB_C-A5(17.155mm,40.65mm) on L1 TOP|Pad D_CC_ESD-1(20.9mm,39.95mm) on L1 TOP [Unplated]",0
TRACK,R253:NetD_CC_ESD_1,NetD_CC_ESD_1,Top Layer,21.925,42.325,21.925,41.125,0.2,,,"NetD_CC_ESD_1|Pad J_USB_C-A5(17.155mm,40.65mm) on L1 TOP|Pad D_CC_ESD-1(20.9mm,39.95mm) on L1 TOP [Unplated]",0
TRACK,R253:NetD_CC_ESD_1,NetD_CC_ESD_1,Top Layer,21.925,41.125,21.025,40.225,0.2,,,"NetD_CC_ESD_1|Pad J_USB_C-A5(17.155mm,40.65mm) on L1 TOP|Pad D_CC_ESD-1(20.9mm,39.95mm) on L1 TOP [Unplated]",0
VIA,R253:NetD_CC_ESD_1,NetD_CC_ESD_1,Multi Layer,21.925,42.325,,,,0.6,0.3,"NetD_CC_ESD_1|Pad J_USB_C-A5(17.155mm,40.65mm) on L1 TOP|Pad D_CC_ESD-1(20.9mm,39.95mm) on L1 TOP [Unplated]",0
TRACK,R257:SYS_EN,SYS_EN,Bottom Layer,41.725,41.575,41.725,39.075,0.2,,,"SYS_EN|Pad U_UV1-1(41.423mm,41.792mm) on L4 BOTTOM GND|Pad R_EN-2(44.198mm,38.442mm) on L4 BOTTOM GND",0
TRACK,R257:SYS_EN,SYS_EN,Bottom Layer,41.725,39.075,42.375,38.425,0.2,,,"SYS_EN|Pad U_UV1-1(41.423mm,41.792mm) on L4 BOTTOM GND|Pad R_EN-2(44.198mm,38.442mm) on L4 BOTTOM GND",0
TRACK,R257:SYS_EN,SYS_EN,Bottom Layer,42.375,38.425,42.375,38.075,0.2,,,"SYS_EN|Pad U_UV1-1(41.423mm,41.792mm) on L4 BOTTOM GND|Pad R_EN-2(44.198mm,38.442mm) on L4 BOTTOM GND",0
TRACK,R257:SYS_EN,SYS_EN,Bottom Layer,42.375,38.075,42.725,37.725,0.2,,,"SYS_EN|Pad U_UV1-1(41.423mm,41.792mm) on L4 BOTTOM GND|Pad R_EN-2(44.198mm,38.442mm) on L4 BOTTOM GND",0
TRACK,R257:SYS_EN,SYS_EN,Bottom Layer,42.725,37.725,43.625,37.725,0.2,,,"SYS_EN|Pad U_UV1-1(41.423mm,41.792mm) on L4 BOTTOM GND|Pad R_EN-2(44.198mm,38.442mm) on L4 BOTTOM GND",0
TRACK,R257:SYS_EN,SYS_EN,Bottom Layer,43.625,37.725,43.975,38.075,0.2,,,"SYS_EN|Pad U_UV1-1(41.423mm,41.792mm) on L4 BOTTOM GND|Pad R_EN-2(44.198mm,38.442mm) on L4 BOTTOM GND",0
TRACK,R257:SYS_EN,SYS_EN,Bottom Layer,43.975,38.075,43.975,38.175,0.2,,,"SYS_EN|Pad U_UV1-1(41.423mm,41.792mm) on L4 BOTTOM GND|Pad R_EN-2(44.198mm,38.442mm) on L4 BOTTOM GND",0
TRACK,R261:NetPWR_BTN_N_A,NetPWR_BTN_N_A,Top Layer,12.175,29.525,17.225,29.525,0.2,,,"NetPWR_BTN_N_A|Pad PWR_BTN_N-A(11.71mm,29.496mm) on L1 TOP|Pad PWR_BTN_N-B(17.71mm,29.496mm) on L1 TOP",0
TRACK,R262:MCU_PWR_INT_N,MCU_PWR_INT_N,Top Layer,60.575,43.975,60.575,44.525,0.2,,,"MCU_PWR_INT_N|Pad U_MCU1-83(60.58mm,43.238mm) on L1 TOP [Unplated]|Pad U_EN1-5(61.18mm,36.675mm) on L4 BOTTOM GND",0
TRACK,R262:MCU_PWR_INT_N,MCU_PWR_INT_N,Mid Layer 2,60.575,44.525,60.575,37.125,0.2,,,"MCU_PWR_INT_N|Pad U_MCU1-83(60.58mm,43.238mm) on L1 TOP [Unplated]|Pad U_EN1-5(61.18mm,36.675mm) on L4 BOTTOM GND",0
TRACK,R262:MCU_PWR_INT_N,MCU_PWR_INT_N,Mid Layer 2,60.575,37.125,60.075,36.625,0.2,,,"MCU_PWR_INT_N|Pad U_MCU1-83(60.58mm,43.238mm) on L1 TOP [Unplated]|Pad U_EN1-5(61.18mm,36.675mm) on L4 BOTTOM GND",0
TRACK,R262:MCU_PWR_INT_N,MCU_PWR_INT_N,Bottom Layer,60.075,36.625,60.475,36.625,0.2,,,"MCU_PWR_INT_N|Pad U_MCU1-83(60.58mm,43.238mm) on L1 TOP [Unplated]|Pad U_EN1-5(61.18mm,36.675mm) on L4 BOTTOM GND",0
VIA,R262:MCU_PWR_INT_N,MCU_PWR_INT_N,Multi Layer,60.575,44.525,,,,0.6,0.3,"MCU_PWR_INT_N|Pad U_MCU1-83(60.58mm,43.238mm) on L1 TOP [Unplated]|Pad U_EN1-5(61.18mm,36.675mm) on L4 BOTTOM GND",0
VIA,R262:MCU_PWR_INT_N,MCU_PWR_INT_N,Multi Layer,60.075,36.625,,,,0.6,0.3,"MCU_PWR_INT_N|Pad U_MCU1-83(60.58mm,43.238mm) on L1 TOP [Unplated]|Pad U_EN1-5(61.18mm,36.675mm) on L4 BOTTOM GND",0
TRACK,R264:NetLED_CHG_A,NetLED_CHG_A,Bottom Layer,18.475,40.875,19.325,41.725,0.2,,,"NetLED_CHG_A|Pad R_CHG_LED-2(18.2mm,40.65mm) on L4 BOTTOM GND|Pad LED_CHG-A(25.428mm,44.5mm) on L1 TOP",0
TRACK,R264:NetLED_CHG_A,NetLED_CHG_A,Bottom Layer,19.325,41.725,19.775,41.725,0.2,,,"NetLED_CHG_A|Pad R_CHG_LED-2(18.2mm,40.65mm) on L4 BOTTOM GND|Pad LED_CHG-A(25.428mm,44.5mm) on L1 TOP",0
TRACK,R264:NetLED_CHG_A,NetLED_CHG_A,Bottom Layer,19.775,41.725,21.275,43.225,0.2,,,"NetLED_CHG_A|Pad R_CHG_LED-2(18.2mm,40.65mm) on L4 BOTTOM GND|Pad LED_CHG-A(25.428mm,44.5mm) on L1 TOP",0
TRACK,R264:NetLED_CHG_A,NetLED_CHG_A,Top Layer,21.275,43.225,23.775,43.225,0.2,,,"NetLED_CHG_A|Pad R_CHG_LED-2(18.2mm,40.65mm) on L4 BOTTOM GND|Pad LED_CHG-A(25.428mm,44.5mm) on L1 TOP",0
TRACK,R264:NetLED_CHG_A,NetLED_CHG_A,Top Layer,23.775,43.225,24.725,44.175,0.2,,,"NetLED_CHG_A|Pad R_CHG_LED-2(18.2mm,40.65mm) on L4 BOTTOM GND|Pad LED_CHG-A(25.428mm,44.5mm) on L1 TOP",0
VIA,R264:NetLED_CHG_A,NetLED_CHG_A,Multi Layer,21.275,43.225,,,,0.6,0.3,"NetLED_CHG_A|Pad R_CHG_LED-2(18.2mm,40.65mm) on L4 BOTTOM GND|Pad LED_CHG-A(25.428mm,44.5mm) on L1 TOP",0
TRACK,R265:MCU_SHUTDOWN,MCU_SHUTDOWN,Bottom Layer,52.875,37.325,52.375,37.325,0.2,,,"MCU_SHUTDOWN|Pad R_SHDN_G-2(53.214mm,37.25mm) on L4 BOTTOM GND|Pad U_MCU1-86(59.08mm,43.238mm) on L1 TOP [Unplated]",0
TRACK,R265:MCU_SHUTDOWN,MCU_SHUTDOWN,Mid Layer 2,52.375,37.325,54.875,39.825,0.2,,,"MCU_SHUTDOWN|Pad R_SHDN_G-2(53.214mm,37.25mm) on L4 BOTTOM GND|Pad U_MCU1-86(59.08mm,43.238mm) on L1 TOP [Unplated]",0
TRACK,R265:MCU_SHUTDOWN,MCU_SHUTDOWN,Mid Layer 2,54.875,39.825,55.025,39.825,0.2,,,"MCU_SHUTDOWN|Pad R_SHDN_G-2(53.214mm,37.25mm) on L4 BOTTOM GND|Pad U_MCU1-86(59.08mm,43.238mm) on L1 TOP [Unplated]",0
TRACK,R265:MCU_SHUTDOWN,MCU_SHUTDOWN,Mid Layer 2,55.025,39.825,59.075,43.875,0.2,,,"MCU_SHUTDOWN|Pad R_SHDN_G-2(53.214mm,37.25mm) on L4 BOTTOM GND|Pad U_MCU1-86(59.08mm,43.238mm) on L1 TOP [Unplated]",0
TRACK,R265:MCU_SHUTDOWN,MCU_SHUTDOWN,Mid Layer 2,59.075,43.875,59.075,44.525,0.2,,,"MCU_SHUTDOWN|Pad R_SHDN_G-2(53.214mm,37.25mm) on L4 BOTTOM GND|Pad U_MCU1-86(59.08mm,43.238mm) on L1 TOP [Unplated]",0
TRACK,R265:MCU_SHUTDOWN,MCU_SHUTDOWN,Top Layer,59.075,44.525,59.075,43.975,0.2,,,"MCU_SHUTDOWN|Pad R_SHDN_G-2(53.214mm,37.25mm) on L4 BOTTOM GND|Pad U_MCU1-86(59.08mm,43.238mm) on L1 TOP [Unplated]",0
VIA,R265:MCU_SHUTDOWN,MCU_SHUTDOWN,Multi Layer,52.375,37.325,,,,0.6,0.3,"MCU_SHUTDOWN|Pad R_SHDN_G-2(53.214mm,37.25mm) on L4 BOTTOM GND|Pad U_MCU1-86(59.08mm,43.238mm) on L1 TOP [Unplated]",0
VIA,R265:MCU_SHUTDOWN,MCU_SHUTDOWN,Multi Layer,59.075,44.525,,,,0.6,0.3,"MCU_SHUTDOWN|Pad R_SHDN_G-2(53.214mm,37.25mm) on L4 BOTTOM GND|Pad U_MCU1-86(59.08mm,43.238mm) on L1 TOP [Unplated]",0
TRACK,R267:NetLED_CHG_C,NetLED_CHG_C,Bottom Layer,15.275,40.275,15.275,40.925,0.2,,,"NetLED_CHG_C|Pad UP1-9(15mm,40.15mm) on L4 BOTTOM GND|Pad LED_CHG-C(25.428mm,42.7mm) on L1 TOP",0
TRACK,R267:NetLED_CHG_C,NetLED_CHG_C,Bottom Layer,15.275,40.925,15.925,41.575,0.2,,,"NetLED_CHG_C|Pad UP1-9(15mm,40.15mm) on L4 BOTTOM GND|Pad LED_CHG-C(25.428mm,42.7mm) on L1 TOP",0
TRACK,R267:NetLED_CHG_C,NetLED_CHG_C,Bottom Layer,15.925,41.575,16.3,41.575,0.2,,,"NetLED_CHG_C|Pad UP1-9(15mm,40.15mm) on L4 BOTTOM GND|Pad LED_CHG-C(25.428mm,42.7mm) on L1 TOP",0
TRACK,R267:NetLED_CHG_C,NetLED_CHG_C,Bottom Layer,16.3,41.575,17.425,41.575,0.2,,,"NetLED_CHG_C|Pad UP1-9(15mm,40.15mm) on L4 BOTTOM GND|Pad LED_CHG-C(25.428mm,42.7mm) on L1 TOP",0
TRACK,R267:NetLED_CHG_C,NetLED_CHG_C,Bottom Layer,17.425,41.575,20.175,44.325,0.2,,,"NetLED_CHG_C|Pad UP1-9(15mm,40.15mm) on L4 BOTTOM GND|Pad LED_CHG-C(25.428mm,42.7mm) on L1 TOP",0
TRACK,R267:NetLED_CHG_C,NetLED_CHG_C,Mid Layer 2,20.175,44.325,21.225,44.325,0.2,,,"NetLED_CHG_C|Pad UP1-9(15mm,40.15mm) on L4 BOTTOM GND|Pad LED_CHG-C(25.428mm,42.7mm) on L1 TOP",0
TRACK,R267:NetLED_CHG_C,NetLED_CHG_C,Mid Layer 2,21.225,44.325,23.025,42.525,0.2,,,"NetLED_CHG_C|Pad UP1-9(15mm,40.15mm) on L4 BOTTOM GND|Pad LED_CHG-C(25.428mm,42.7mm) on L1 TOP",0
TRACK,R267:NetLED_CHG_C,NetLED_CHG_C,Top Layer,23.025,42.525,24.725,42.525,0.2,,,"NetLED_CHG_C|Pad UP1-9(15mm,40.15mm) on L4 BOTTOM GND|Pad LED_CHG-C(25.428mm,42.7mm) on L1 TOP",0
VIA,R267:NetLED_CHG_C,NetLED_CHG_C,Multi Layer,20.175,44.325,,,,0.6,0.3,"NetLED_CHG_C|Pad UP1-9(15mm,40.15mm) on L4 BOTTOM GND|Pad LED_CHG-C(25.428mm,42.7mm) on L1 TOP",0
VIA,R267:NetLED_CHG_C,NetLED_CHG_C,Multi Layer,23.025,42.525,,,,0.6,0.3,"NetLED_CHG_C|Pad UP1-9(15mm,40.15mm) on L4 BOTTOM GND|Pad LED_CHG-C(25.428mm,42.7mm) on L1 TOP",0
TRACK,R272:MCU_NRST,MCU_NRST,Top Layer,26.375,29.125,32.625,29.125,0.2,,,"MCU_NRST|Pad J_SWD-5(26.063mm,28.9mm) on L1 TOP|Pad C_NRST-1(46.559mm,35mm) on L1 TOP",0
TRACK,R272:MCU_NRST,MCU_NRST,Top Layer,32.625,29.125,34.375,30.875,0.2,,,"MCU_NRST|Pad J_SWD-5(26.063mm,28.9mm) on L1 TOP|Pad C_NRST-1(46.559mm,35mm) on L1 TOP",0
TRACK,R272:MCU_NRST,MCU_NRST,Top Layer,34.375,30.875,35.325,30.875,0.2,,,"MCU_NRST|Pad J_SWD-5(26.063mm,28.9mm) on L1 TOP|Pad C_NRST-1(46.559mm,35mm) on L1 TOP",0
TRACK,R272:MCU_NRST,MCU_NRST,Mid Layer 2,35.325,30.875,40.125,30.875,0.2,,,"MCU_NRST|Pad J_SWD-5(26.063mm,28.9mm) on L1 TOP|Pad C_NRST-1(46.559mm,35mm) on L1 TOP",0
TRACK,R272:MCU_NRST,MCU_NRST,Top Layer,40.125,30.875,41.575,30.875,0.2,,,"MCU_NRST|Pad J_SWD-5(26.063mm,28.9mm) on L1 TOP|Pad C_NRST-1(46.559mm,35mm) on L1 TOP",0
TRACK,R272:MCU_NRST,MCU_NRST,Top Layer,41.575,30.875,42.375,31.675,0.2,,,"MCU_NRST|Pad J_SWD-5(26.063mm,28.9mm) on L1 TOP|Pad C_NRST-1(46.559mm,35mm) on L1 TOP",0
TRACK,R272:MCU_NRST,MCU_NRST,Top Layer,42.375,31.675,43.725,31.675,0.2,,,"MCU_NRST|Pad J_SWD-5(26.063mm,28.9mm) on L1 TOP|Pad C_NRST-1(46.559mm,35mm) on L1 TOP",0
TRACK,R272:MCU_NRST,MCU_NRST,Top Layer,43.725,31.675,45.675,33.625,0.2,,,"MCU_NRST|Pad J_SWD-5(26.063mm,28.9mm) on L1 TOP|Pad C_NRST-1(46.559mm,35mm) on L1 TOP",0
TRACK,R272:MCU_NRST,MCU_NRST,Top Layer,45.675,33.625,45.675,33.675,0.2,,,"MCU_NRST|Pad J_SWD-5(26.063mm,28.9mm) on L1 TOP|Pad C_NRST-1(46.559mm,35mm) on L1 TOP",0
TRACK,R272:MCU_NRST,MCU_NRST,Top Layer,45.675,33.675,46.675,34.675,0.2,,,"MCU_NRST|Pad J_SWD-5(26.063mm,28.9mm) on L1 TOP|Pad C_NRST-1(46.559mm,35mm) on L1 TOP",0
VIA,R272:MCU_NRST,MCU_NRST,Multi Layer,35.325,30.875,,,,0.6,0.3,"MCU_NRST|Pad J_SWD-5(26.063mm,28.9mm) on L1 TOP|Pad C_NRST-1(46.559mm,35mm) on L1 TOP",0
VIA,R272:MCU_NRST,MCU_NRST,Multi Layer,40.125,30.875,,,,0.6,0.3,"MCU_NRST|Pad J_SWD-5(26.063mm,28.9mm) on L1 TOP|Pad C_NRST-1(46.559mm,35mm) on L1 TOP",0
