kind,group,net,layer,x1,y1,x2,y2,w,d,h,conn,relax
TRACK,R2:ADC_EMG3,ADC_EMG3,Top Layer,49.325,27.325,49.575,27.325,0.2,,,"ADC_EMG3|Pad R_ADC3-2(49.08mm,27.235mm) on L1 TOP|Pad U_MCU1-25(50.342mm,29.5mm) on L1 TOP [Unplated]",0
TRACK,R2:ADC_EMG3,ADC_EMG3,Top Layer,49.575,27.325,50.375,28.125,0.2,,,"ADC_EMG3|Pad R_ADC3-2(49.08mm,27.235mm) on L1 TOP|Pad U_MCU1-25(50.342mm,29.5mm) on L1 TOP [Unplated]",0
TRACK,R2:ADC_EMG3,ADC_EMG3,Top Layer,50.375,28.125,50.375,29.375,0.2,,,"ADC_EMG3|Pad R_ADC3-2(49.08mm,27.235mm) on L1 TOP|Pad U_MCU1-25(50.342mm,29.5mm) on L1 TOP [Unplated]",0
TRACK,R3:Vservo_3,Vservo_3,Bottom Layer,39.775,18.525,40.225,18.525,0.2,,,"Vservo_3|Pad U2-14(38.95mm,18.45mm) on L4 BOTTOM GND|Pad INA3-6(40.625mm,20.55mm) on L1 TOP",0
TRACK,R3:Vservo_3,Vservo_3,Top Layer,40.225,18.525,40.225,19.475,0.2,,,"Vservo_3|Pad U2-14(38.95mm,18.45mm) on L4 BOTTOM GND|Pad INA3-6(40.625mm,20.55mm) on L1 TOP",0
TRACK,R3:Vservo_3,Vservo_3,Top Layer,40.225,19.475,40.575,19.825,0.2,,,"Vservo_3|Pad U2-14(38.95mm,18.45mm) on L4 BOTTOM GND|Pad INA3-6(40.625mm,20.55mm) on L1 TOP",0
TRACK,R3:Vservo_3,Vservo_3,Top Layer,40.575,19.825,40.575,20.025,0.2,,,"Vservo_3|Pad U2-14(38.95mm,18.45mm) on L4 BOTTOM GND|Pad INA3-6(40.625mm,20.55mm) on L1 TOP",0
VIA,R3:Vservo_3,Vservo_3,Multi Layer,40.225,18.525,,,,0.6,0.3,"Vservo_3|Pad U2-14(38.95mm,18.45mm) on L4 BOTTOM GND|Pad INA3-6(40.625mm,20.55mm) on L1 TOP",0
TRACK,R4:Vservo_5,Vservo_5,Bottom Layer,61.375,18.525,61.825,18.525,0.2,,,"Vservo_5|Pad U3-14(60.55mm,18.45mm) on L4 BOTTOM GND|Pad INA5-6(62.225mm,20.55mm) on L1 TOP",0
TRACK,R4:Vservo_5,Vservo_5,Top Layer,61.825,18.525,61.825,19.475,0.2,,,"Vservo_5|Pad U3-14(60.55mm,18.45mm) on L4 BOTTOM GND|Pad INA5-6(62.225mm,20.55mm) on L1 TOP",0
TRACK,R4:Vservo_5,Vservo_5,Top Layer,61.825,19.475,62.175,19.825,0.2,,,"Vservo_5|Pad U3-14(60.55mm,18.45mm) on L4 BOTTOM GND|Pad INA5-6(62.225mm,20.55mm) on L1 TOP",0
TRACK,R4:Vservo_5,Vservo_5,Top Layer,62.175,19.825,62.175,20.025,0.2,,,"Vservo_5|Pad U3-14(60.55mm,18.45mm) on L4 BOTTOM GND|Pad INA5-6(62.225mm,20.55mm) on L1 TOP",0
VIA,R4:Vservo_5,Vservo_5,Multi Layer,61.825,18.525,,,,0.6,0.3,"Vservo_5|Pad U3-14(60.55mm,18.45mm) on L4 BOTTOM GND|Pad INA5-6(62.225mm,20.55mm) on L1 TOP",0
TRACK,R5:Vservo_4,Vservo_4,Bottom Layer,48.625,22.675,48.125,22.675,0.2,,,"Vservo_4|Pad Cservo_4-2(49.125mm,23.15mm) on L4 BOTTOM GND [Unplated]|Pad INA4-6(51.425mm,20.55mm) on L1 TOP",0
TRACK,R5:Vservo_4,Vservo_4,Top Layer,48.125,22.675,48.125,22.475,0.2,,,"Vservo_4|Pad Cservo_4-2(49.125mm,23.15mm) on L4 BOTTOM GND [Unplated]|Pad INA4-6(51.425mm,20.55mm) on L1 TOP",0
TRACK,R5:Vservo_4,Vservo_4,Top Layer,48.125,22.475,47.975,22.325,0.2,,,"Vservo_4|Pad Cservo_4-2(49.125mm,23.15mm) on L4 BOTTOM GND [Unplated]|Pad INA4-6(51.425mm,20.55mm) on L1 TOP",0
TRACK,R5:Vservo_4,Vservo_4,Top Layer,47.975,22.325,47.975,21.225,0.2,,,"Vservo_4|Pad Cservo_4-2(49.125mm,23.15mm) on L4 BOTTOM GND [Unplated]|Pad INA4-6(51.425mm,20.55mm) on L1 TOP",0
TRACK,R5:Vservo_4,Vservo_4,Top Layer,47.975,21.225,49.625,19.575,0.2,,,"Vservo_4|Pad Cservo_4-2(49.125mm,23.15mm) on L4 BOTTOM GND [Unplated]|Pad INA4-6(51.425mm,20.55mm) on L1 TOP",0
TRACK,R5:Vservo_4,Vservo_4,Top Layer,49.625,19.575,51.125,19.575,0.2,,,"Vservo_4|Pad Cservo_4-2(49.125mm,23.15mm) on L4 BOTTOM GND [Unplated]|Pad INA4-6(51.425mm,20.55mm) on L1 TOP",0
TRACK,R5:Vservo_4,Vservo_4,Top Layer,51.125,19.575,51.375,19.825,0.2,,,"Vservo_4|Pad Cservo_4-2(49.125mm,23.15mm) on L4 BOTTOM GND [Unplated]|Pad INA4-6(51.425mm,20.55mm) on L1 TOP",0
TRACK,R5:Vservo_4,Vservo_4,Top Layer,51.375,19.825,51.375,20.025,0.2,,,"Vservo_4|Pad Cservo_4-2(49.125mm,23.15mm) on L4 BOTTOM GND [Unplated]|Pad INA4-6(51.425mm,20.55mm) on L1 TOP",0
VIA,R5:Vservo_4,Vservo_4,Multi Layer,48.125,22.675,,,,0.6,0.3,"Vservo_4|Pad Cservo_4-2(49.125mm,23.15mm) on L4 BOTTOM GND [Unplated]|Pad INA4-6(51.425mm,20.55mm) on L1 TOP",0
TRACK,R6:Vservo_2,Vservo_2,Bottom Layer,27.375,22.375,27.375,21.925,0.2,,,"Vservo_2|Pad Cservo_2-2(27.525mm,23.15mm) on L4 BOTTOM GND [Unplated]|Pad INA2-6(29.825mm,20.55mm) on L1 TOP",0
TRACK,R6:Vservo_2,Vservo_2,Top Layer,27.375,21.925,27.375,20.325,0.2,,,"Vservo_2|Pad Cservo_2-2(27.525mm,23.15mm) on L4 BOTTOM GND [Unplated]|Pad INA2-6(29.825mm,20.55mm) on L1 TOP",0
TRACK,R6:Vservo_2,Vservo_2,Top Layer,27.375,20.325,28.125,19.575,0.2,,,"Vservo_2|Pad Cservo_2-2(27.525mm,23.15mm) on L4 BOTTOM GND [Unplated]|Pad INA2-6(29.825mm,20.55mm) on L1 TOP",0
TRACK,R6:Vservo_2,Vservo_2,Top Layer,28.125,19.575,29.525,19.575,0.2,,,"Vservo_2|Pad Cservo_2-2(27.525mm,23.15mm) on L4 BOTTOM GND [Unplated]|Pad INA2-6(29.825mm,20.55mm) on L1 TOP",0
TRACK,R6:Vservo_2,Vservo_2,Top Layer,29.525,19.575,29.775,19.825,0.2,,,"Vservo_2|Pad Cservo_2-2(27.525mm,23.15mm) on L4 BOTTOM GND [Unplated]|Pad INA2-6(29.825mm,20.55mm) on L1 TOP",0
TRACK,R6:Vservo_2,Vservo_2,Top Layer,29.775,19.825,29.775,20.025,0.2,,,"Vservo_2|Pad Cservo_2-2(27.525mm,23.15mm) on L4 BOTTOM GND [Unplated]|Pad INA2-6(29.825mm,20.55mm) on L1 TOP",0
VIA,R6:Vservo_2,Vservo_2,Multi Layer,27.375,21.925,,,,0.6,0.3,"Vservo_2|Pad Cservo_2-2(27.525mm,23.15mm) on L4 BOTTOM GND [Unplated]|Pad INA2-6(29.825mm,20.55mm) on L1 TOP",0
TRACK,R7:Vservo_2,Vservo_2,Bottom Layer,28.025,23.075,28.475,23.075,0.2,,,"Vservo_2|Pad INA2-6(29.825mm,20.55mm) on L1 TOP|Pad U2-7(33.25mm,22.35mm) on L4 BOTTOM GND",0
TRACK,R7:Vservo_2,Vservo_2,Top Layer,28.475,23.075,32.175,23.075,0.2,,,"Vservo_2|Pad INA2-6(29.825mm,20.55mm) on L1 TOP|Pad U2-7(33.25mm,22.35mm) on L4 BOTTOM GND",0
TRACK,R7:Vservo_2,Vservo_2,Top Layer,32.175,23.075,32.325,22.925,0.2,,,"Vservo_2|Pad INA2-6(29.825mm,20.55mm) on L1 TOP|Pad U2-7(33.25mm,22.35mm) on L4 BOTTOM GND",0
TRACK,R7:Vservo_2,Vservo_2,Bottom Layer,32.325,22.925,32.325,22.675,0.2,,,"Vservo_2|Pad INA2-6(29.825mm,20.55mm) on L1 TOP|Pad U2-7(33.25mm,22.35mm) on L4 BOTTOM GND",0
TRACK,R7:Vservo_2,Vservo_2,Bottom Layer,32.325,22.675,32.475,22.525,0.2,,,"Vservo_2|Pad INA2-6(29.825mm,20.55mm) on L1 TOP|Pad U2-7(33.25mm,22.35mm) on L4 BOTTOM GND",0
VIA,R7:Vservo_2,Vservo_2,Multi Layer,28.475,23.075,,,,0.6,0.3,"Vservo_2|Pad INA2-6(29.825mm,20.55mm) on L1 TOP|Pad U2-7(33.25mm,22.35mm) on L4 BOTTOM GND",0
VIA,R7:Vservo_2,Vservo_2,Multi Layer,32.325,22.925,,,,0.6,0.3,"Vservo_2|Pad INA2-6(29.825mm,20.55mm) on L1 TOP|Pad U2-7(33.25mm,22.35mm) on L4 BOTTOM GND",0
TRACK,R8:Vservo_4,Vservo_4,Bottom Layer,49.625,22.775,50.075,22.775,0.2,,,"Vservo_4|Pad INA4-6(51.425mm,20.55mm) on L1 TOP|Pad U3-7(54.85mm,22.35mm) on L4 BOTTOM GND",0
TRACK,R8:Vservo_4,Vservo_4,Top Layer,50.075,22.775,53.675,22.775,0.2,,,"Vservo_4|Pad INA4-6(51.425mm,20.55mm) on L1 TOP|Pad U3-7(54.85mm,22.35mm) on L4 BOTTOM GND",0
TRACK,R8:Vservo_4,Vservo_4,Bottom Layer,53.675,22.775,53.975,22.475,0.2,,,"Vservo_4|Pad INA4-6(51.425mm,20.55mm) on L1 TOP|Pad U3-7(54.85mm,22.35mm) on L4 BOTTOM GND",0
TRACK,R8:Vservo_4,Vservo_4,Bottom Layer,53.975,22.475,54.025,22.475,0.2,,,"Vservo_4|Pad INA4-6(51.425mm,20.55mm) on L1 TOP|Pad U3-7(54.85mm,22.35mm) on L4 BOTTOM GND",0
VIA,R8:Vservo_4,Vservo_4,Multi Layer,50.075,22.775,,,,0.6,0.3,"Vservo_4|Pad INA4-6(51.425mm,20.55mm) on L1 TOP|Pad U3-7(54.85mm,22.35mm) on L4 BOTTOM GND",0
VIA,R8:Vservo_4,Vservo_4,Multi Layer,53.675,22.775,,,,0.6,0.3,"Vservo_4|Pad INA4-6(51.425mm,20.55mm) on L1 TOP|Pad U3-7(54.85mm,22.35mm) on L4 BOTTOM GND",0
TRACK,R9:INA_OUT_5,INA_OUT_5,Top Layer,60.925,22.075,60.925,22.325,0.2,,,"INA_OUT_5|Pad RH_5-1(60.821mm,21.75mm) on L1 TOP|Pad CL_5-2(65.05mm,24.75mm) on L4 BOTTOM GND",0
TRACK,R9:INA_OUT_5,INA_OUT_5,Top Layer,60.925,22.325,62.175,23.575,0.2,,,"INA_OUT_5|Pad RH_5-1(60.821mm,21.75mm) on L1 TOP|Pad CL_5-2(65.05mm,24.75mm) on L4 BOTTOM GND",0
TRACK,R9:INA_OUT_5,INA_OUT_5,Top Layer,62.175,23.575,64.375,23.575,0.2,,,"INA_OUT_5|Pad RH_5-1(60.821mm,21.75mm) on L1 TOP|Pad CL_5-2(65.05mm,24.75mm) on L4 BOTTOM GND",0
TRACK,R9:INA_OUT_5,INA_OUT_5,Bottom Layer,64.375,23.575,64.375,24.025,0.2,,,"INA_OUT_5|Pad RH_5-1(60.821mm,21.75mm) on L1 TOP|Pad CL_5-2(65.05mm,24.75mm) on L4 BOTTOM GND",0
VIA,R9:INA_OUT_5,INA_OUT_5,Multi Layer,64.375,23.575,,,,0.6,0.3,"INA_OUT_5|Pad RH_5-1(60.821mm,21.75mm) on L1 TOP|Pad CL_5-2(65.05mm,24.75mm) on L4 BOTTOM GND",0
TRACK,R10:INA_OUT_3,INA_OUT_3,Top Layer,39.325,22.075,39.325,22.325,0.2,,,"INA_OUT_3|Pad RH_3-1(39.221mm,21.75mm) on L1 TOP|Pad CL_3-2(43.45mm,24.75mm) on L4 BOTTOM GND",0
TRACK,R10:INA_OUT_3,INA_OUT_3,Top Layer,39.325,22.325,40.575,23.575,0.2,,,"INA_OUT_3|Pad RH_3-1(39.221mm,21.75mm) on L1 TOP|Pad CL_3-2(43.45mm,24.75mm) on L4 BOTTOM GND",0
TRACK,R10:INA_OUT_3,INA_OUT_3,Top Layer,40.575,23.575,42.775,23.575,0.2,,,"INA_OUT_3|Pad RH_3-1(39.221mm,21.75mm) on L1 TOP|Pad CL_3-2(43.45mm,24.75mm) on L4 BOTTOM GND",0
TRACK,R10:INA_OUT_3,INA_OUT_3,Bottom Layer,42.775,23.575,42.775,24.025,0.2,,,"INA_OUT_3|Pad RH_3-1(39.221mm,21.75mm) on L1 TOP|Pad CL_3-2(43.45mm,24.75mm) on L4 BOTTOM GND",0
VIA,R10:INA_OUT_3,INA_OUT_3,Multi Layer,42.775,23.575,,,,0.6,0.3,"INA_OUT_3|Pad RH_3-1(39.221mm,21.75mm) on L1 TOP|Pad CL_3-2(43.45mm,24.75mm) on L4 BOTTOM GND",0
TRACK,R11:TS,TS,Bottom Layer,11.075,38.375,11.725,38.375,0.2,,,"TS|Pad R_TS_SER-2(10.8mm,38.15mm) on L4 BOTTOM GND|Pad UP1-1(12.2mm,38.65mm) on L4 BOTTOM GND",0
TRACK,R11:TS,TS,Bottom Layer,11.725,38.375,11.925,38.575,0.2,,,"TS|Pad R_TS_SER-2(10.8mm,38.15mm) on L4 BOTTOM GND|Pad UP1-1(12.2mm,38.65mm) on L4 BOTTOM GND",0
TRACK,R12:WIFI_UART_RX,WIFI_UART_RX,Top Layer,41.725,42.075,41.475,42.075,0.2,,,"WIFI_UART_RX|Pad U_WIFI1-23(42.126mm,42.475mm) on L1 TOP [Unplated]|Pad R_WIFI_UART_TX_LINK-1(43.226mm,40.805mm) on L4 BOTTOM GND",0
TRACK,R12:WIFI_UART_RX,WIFI_UART_RX,Top Layer,41.475,42.075,41.075,41.675,0.2,,,"WIFI_UART_RX|Pad U_WIFI1-23(42.126mm,42.475mm) on L1 TOP [Unplated]|Pad R_WIFI_UART_TX_LINK-1(43.226mm,40.805mm) on L4 BOTTOM GND",0
TRACK,R12:WIFI_UART_RX,WIFI_UART_RX,Top Layer,41.075,41.675,41.075,40.925,0.2,,,"WIFI_UART_RX|Pad U_WIFI1-23(42.126mm,42.475mm) on L1 TOP [Unplated]|Pad R_WIFI_UART_TX_LINK-1(43.226mm,40.805mm) on L4 BOTTOM GND",0
TRACK,R12:WIFI_UART_RX,WIFI_UART_RX,Mid Layer 2,41.075,40.925,41.825,40.175,0.2,,,"WIFI_UART_RX|Pad U_WIFI1-23(42.126mm,42.475mm) on L1 TOP [Unplated]|Pad R_WIFI_UART_TX_LINK-1(43.226mm,40.805mm) on L4 BOTTOM GND",0
TRACK,R12:WIFI_UART_RX,WIFI_UART_RX,Mid Layer 2,41.825,40.175,43.125,40.175,0.2,,,"WIFI_UART_RX|Pad U_WIFI1-23(42.126mm,42.475mm) on L1 TOP [Unplated]|Pad R_WIFI_UART_TX_LINK-1(43.226mm,40.805mm) on L4 BOTTOM GND",0
TRACK,R12:WIFI_UART_RX,WIFI_UART_RX,Bottom Layer,43.125,40.175,43.125,40.625,0.2,,,"WIFI_UART_RX|Pad U_WIFI1-23(42.126mm,42.475mm) on L1 TOP [Unplated]|Pad R_WIFI_UART_TX_LINK-1(43.226mm,40.805mm) on L4 BOTTOM GND",0
VIA,R12:WIFI_UART_RX,WIFI_UART_RX,Multi Layer,41.075,40.925,,,,0.6,0.3,"WIFI_UART_RX|Pad U_WIFI1-23(42.126mm,42.475mm) on L1 TOP [Unplated]|Pad R_WIFI_UART_TX_LINK-1(43.226mm,40.805mm) on L4 BOTTOM GND",0
VIA,R12:WIFI_UART_RX,WIFI_UART_RX,Multi Layer,43.125,40.175,,,,0.6,0.3,"WIFI_UART_RX|Pad U_WIFI1-23(42.126mm,42.475mm) on L1 TOP [Unplated]|Pad R_WIFI_UART_TX_LINK-1(43.226mm,40.805mm) on L4 BOTTOM GND",0
TRACK,R14:NetR_TMR_2,NetR_TMR_2,Bottom Layer,13.825,37.725,13.825,37.575,0.2,,,"NetR_TMR_2|Pad UP1-14(13.85mm,38mm) on L4 BOTTOM GND|Pad R_TMR-2(14.15mm,35.303mm) on L4 BOTTOM GND",0
TRACK,R14:NetR_TMR_2,NetR_TMR_2,Bottom Layer,13.825,37.575,14.125,37.275,0.2,,,"NetR_TMR_2|Pad UP1-14(13.85mm,38mm) on L4 BOTTOM GND|Pad R_TMR-2(14.15mm,35.303mm) on L4 BOTTOM GND",0
TRACK,R14:NetR_TMR_2,NetR_TMR_2,Bottom Layer,14.125,37.275,14.875,37.275,0.2,,,"NetR_TMR_2|Pad UP1-14(13.85mm,38mm) on L4 BOTTOM GND|Pad R_TMR-2(14.15mm,35.303mm) on L4 BOTTOM GND",0
TRACK,R14:NetR_TMR_2,NetR_TMR_2,Top Layer,14.875,37.275,14.875,36.7,0.2,,,"NetR_TMR_2|Pad UP1-14(13.85mm,38mm) on L4 BOTTOM GND|Pad R_TMR-2(14.15mm,35.303mm) on L4 BOTTOM GND",0
TRACK,R14:NetR_TMR_2,NetR_TMR_2,Top Layer,14.875,36.7,14.875,35.575,0.2,,,"NetR_TMR_2|Pad UP1-14(13.85mm,38mm) on L4 BOTTOM GND|Pad R_TMR-2(14.15mm,35.303mm) on L4 BOTTOM GND",0
TRACK,R14:NetR_TMR_2,NetR_TMR_2,Bottom Layer,14.875,35.575,14.425,35.575,0.2,,,"NetR_TMR_2|Pad UP1-14(13.85mm,38mm) on L4 BOTTOM GND|Pad R_TMR-2(14.15mm,35.303mm) on L4 BOTTOM GND",0
VIA,R14:NetR_TMR_2,NetR_TMR_2,Multi Layer,14.875,37.275,,,,0.6,0.3,"NetR_TMR_2|Pad UP1-14(13.85mm,38mm) on L4 BOTTOM GND|Pad R_TMR-2(14.15mm,35.303mm) on L4 BOTTOM GND",0
VIA,R14:NetR_TMR_2,NetR_TMR_2,Multi Layer,14.875,35.575,,,,0.6,0.3,"NetR_TMR_2|Pad UP1-14(13.85mm,38mm) on L4 BOTTOM GND|Pad R_TMR-2(14.15mm,35.303mm) on L4 BOTTOM GND",0
TRACK,R15:USB_PGOOD_N,USB_PGOOD_N,Bottom Layer,11.125,42.025,11.125,41.625,0.15,,,"USB_PGOOD_N|Pad R_PGOOD-1(10.977mm,42.299mm) on L4 BOTTOM GND|Pad UP1-7(13.85mm,40.8mm) on L4 BOTTOM GND",0
TRACK,R15:USB_PGOOD_N,USB_PGOOD_N,Top Layer,11.125,41.625,13.775,41.625,0.15,,,"USB_PGOOD_N|Pad R_PGOOD-1(10.977mm,42.299mm) on L4 BOTTOM GND|Pad UP1-7(13.85mm,40.8mm) on L4 BOTTOM GND",0
TRACK,R15:USB_PGOOD_N,USB_PGOOD_N,Top Layer,13.775,41.625,13.825,41.575,0.15,,,"USB_PGOOD_N|Pad R_PGOOD-1(10.977mm,42.299mm) on L4 BOTTOM GND|Pad UP1-7(13.85mm,40.8mm) on L4 BOTTOM GND",0
TRACK,R15:USB_PGOOD_N,USB_PGOOD_N,Bottom Layer,13.825,41.575,13.825,41.075,0.15,,,"USB_PGOOD_N|Pad R_PGOOD-1(10.977mm,42.299mm) on L4 BOTTOM GND|Pad UP1-7(13.85mm,40.8mm) on L4 BOTTOM GND",0
VIA,R15:USB_PGOOD_N,USB_PGOOD_N,Multi Layer,11.125,41.625,,,,0.45,0.2,"USB_PGOOD_N|Pad R_PGOOD-1(10.977mm,42.299mm) on L4 BOTTOM GND|Pad UP1-7(13.85mm,40.8mm) on L4 BOTTOM GND",0
VIA,R15:USB_PGOOD_N,USB_PGOOD_N,Multi Layer,13.825,41.575,,,,0.45,0.2,"USB_PGOOD_N|Pad R_PGOOD-1(10.977mm,42.299mm) on L4 BOTTOM GND|Pad UP1-7(13.85mm,40.8mm) on L4 BOTTOM GND",0
TRACK,R25:WIFI_UART_RX,WIFI_UART_RX,Top Layer,43.375,40.075,44.375,39.075,0.2,,,"WIFI_UART_RX|Pad R_WIFI_UART_TX_LINK-1(43.226mm,40.805mm) on L4 BOTTOM GND|Pad TP_WIFI_UART_RX-TP(47.268mm,37.227mm) on L4 BOTTOM GND",0
TRACK,R25:WIFI_UART_RX,WIFI_UART_RX,Top Layer,44.375,39.075,46.275,39.075,0.2,,,"WIFI_UART_RX|Pad R_WIFI_UART_TX_LINK-1(43.226mm,40.805mm) on L4 BOTTOM GND|Pad TP_WIFI_UART_RX-TP(47.268mm,37.227mm) on L4 BOTTOM GND",0
TRACK,R25:WIFI_UART_RX,WIFI_UART_RX,Top Layer,46.275,39.075,47.075,38.275,0.2,,,"WIFI_UART_RX|Pad R_WIFI_UART_TX_LINK-1(43.226mm,40.805mm) on L4 BOTTOM GND|Pad TP_WIFI_UART_RX-TP(47.268mm,37.227mm) on L4 BOTTOM GND",0
TRACK,R25:WIFI_UART_RX,WIFI_UART_RX,Bottom Layer,47.075,38.275,47.075,37.825,0.2,,,"WIFI_UART_RX|Pad R_WIFI_UART_TX_LINK-1(43.226mm,40.805mm) on L4 BOTTOM GND|Pad TP_WIFI_UART_RX-TP(47.268mm,37.227mm) on L4 BOTTOM GND",0
VIA,R25:WIFI_UART_RX,WIFI_UART_RX,Multi Layer,47.075,38.275,,,,0.6,0.3,"WIFI_UART_RX|Pad R_WIFI_UART_TX_LINK-1(43.226mm,40.805mm) on L4 BOTTOM GND|Pad TP_WIFI_UART_RX-TP(47.268mm,37.227mm) on L4 BOTTOM GND",0
TRACK,R27:SYS_EN,SYS_EN,Bottom Layer,44.175,38.175,44.175,37.725,0.2,,,"SYS_EN|Pad R_EN-2(44.198mm,38.442mm) on L4 BOTTOM GND|Pad UP2-5(51.562mm,39.699mm) on L4 BOTTOM GND",0
TRACK,R27:SYS_EN,SYS_EN,Mid Layer 2,44.175,37.725,45.525,39.075,0.2,,,"SYS_EN|Pad R_EN-2(44.198mm,38.442mm) on L4 BOTTOM GND|Pad UP2-5(51.562mm,39.699mm) on L4 BOTTOM GND",0
TRACK,R27:SYS_EN,SYS_EN,Mid Layer 2,45.525,39.075,48.6045,39.075,0.2,,,"SYS_EN|Pad R_EN-2(44.198mm,38.442mm) on L4 BOTTOM GND|Pad UP2-5(51.562mm,39.699mm) on L4 BOTTOM GND",0
TRACK,R27:SYS_EN,SYS_EN,Mid Layer 2,48.6045,39.075,48.9019,39.075,0.2,,,"SYS_EN|Pad R_EN-2(44.198mm,38.442mm) on L4 BOTTOM GND|Pad UP2-5(51.562mm,39.699mm) on L4 BOTTOM GND",0
TRACK,R27:SYS_EN,SYS_EN,Mid Layer 2,48.9019,39.075,51.975,39.075,0.2,,,"SYS_EN|Pad R_EN-2(44.198mm,38.442mm) on L4 BOTTOM GND|Pad UP2-5(51.562mm,39.699mm) on L4 BOTTOM GND",0
TRACK,R27:SYS_EN,SYS_EN,Bottom Layer,51.975,39.075,51.625,39.425,0.2,,,"SYS_EN|Pad R_EN-2(44.198mm,38.442mm) on L4 BOTTOM GND|Pad UP2-5(51.562mm,39.699mm) on L4 BOTTOM GND",0
VIA,R27:SYS_EN,SYS_EN,Multi Layer,44.175,37.725,,,,0.6,0.3,"SYS_EN|Pad R_EN-2(44.198mm,38.442mm) on L4 BOTTOM GND|Pad UP2-5(51.562mm,39.699mm) on L4 BOTTOM GND",0
VIA,R27:SYS_EN,SYS_EN,Multi Layer,51.975,39.075,,,,0.6,0.3,"SYS_EN|Pad R_EN-2(44.198mm,38.442mm) on L4 BOTTOM GND|Pad UP2-5(51.562mm,39.699mm) on L4 BOTTOM GND",0
TRACK,R28:SYS_EN,SYS_EN,Top Layer,52.225,38.975,52.7219,38.975,0.2,,,"SYS_EN|Pad UP2-5(51.562mm,39.699mm) on L4 BOTTOM GND|Pad U_EN1-6(61.18mm,37.325mm) on L4 BOTTOM GND",0
TRACK,R28:SYS_EN,SYS_EN,Top Layer,52.7219,38.975,58.125,38.975,0.2,,,"SYS_EN|Pad UP2-5(51.562mm,39.699mm) on L4 BOTTOM GND|Pad U_EN1-6(61.18mm,37.325mm) on L4 BOTTOM GND",0
TRACK,R28:SYS_EN,SYS_EN,Top Layer,58.125,38.975,59.975,37.125,0.2,,,"SYS_EN|Pad UP2-5(51.562mm,39.699mm) on L4 BOTTOM GND|Pad U_EN1-6(61.18mm,37.325mm) on L4 BOTTOM GND",0
TRACK,R28:SYS_EN,SYS_EN,Bottom Layer,59.975,37.125,60.175,37.125,0.2,,,"SYS_EN|Pad UP2-5(51.562mm,39.699mm) on L4 BOTTOM GND|Pad U_EN1-6(61.18mm,37.325mm) on L4 BOTTOM GND",0
TRACK,R28:SYS_EN,SYS_EN,Bottom Layer,60.175,37.125,60.325,37.275,0.2,,,"SYS_EN|Pad UP2-5(51.562mm,39.699mm) on L4 BOTTOM GND|Pad U_EN1-6(61.18mm,37.325mm) on L4 BOTTOM GND",0
TRACK,R28:SYS_EN,SYS_EN,Bottom Layer,60.325,37.275,60.575,37.275,0.2,,,"SYS_EN|Pad UP2-5(51.562mm,39.699mm) on L4 BOTTOM GND|Pad U_EN1-6(61.18mm,37.325mm) on L4 BOTTOM GND",0
VIA,R28:SYS_EN,SYS_EN,Multi Layer,59.975,37.125,,,,0.6,0.3,"SYS_EN|Pad UP2-5(51.562mm,39.699mm) on L4 BOTTOM GND|Pad U_EN1-6(61.18mm,37.325mm) on L4 BOTTOM GND",0
TRACK,R30:WIFI_SPI_RDY,WIFI_SPI_RDY,Top Layer,41.725,39.575,41.225,39.575,0.2,,,"WIFI_SPI_RDY|Pad U_WIFI1-21(42.126mm,39.935mm) on L1 TOP [Unplated]|Pad U_MCU1-89(57.58mm,43.238mm) on L1 TOP [Unplated]",0
TRACK,R30:WIFI_SPI_RDY,WIFI_SPI_RDY,Mid Layer 2,41.225,39.575,42.825,39.575,0.2,,,"WIFI_SPI_RDY|Pad U_WIFI1-21(42.126mm,39.935mm) on L1 TOP [Unplated]|Pad U_MCU1-89(57.58mm,43.238mm) on L1 TOP [Unplated]",0
TRACK,R30:WIFI_SPI_RDY,WIFI_SPI_RDY,Mid Layer 2,42.825,39.575,42.925,39.475,0.2,,,"WIFI_SPI_RDY|Pad U_WIFI1-21(42.126mm,39.935mm) on L1 TOP [Unplated]|Pad U_MCU1-89(57.58mm,43.238mm) on L1 TOP [Unplated]",0
TRACK,R30:WIFI_SPI_RDY,WIFI_SPI_RDY,Mid Layer 2,42.925,39.475,44.625,39.475,0.2,,,"WIFI_SPI_RDY|Pad U_WIFI1-21(42.126mm,39.935mm) on L1 TOP [Unplated]|Pad U_MCU1-89(57.58mm,43.238mm) on L1 TOP [Unplated]",0
TRACK,R30:WIFI_SPI_RDY,WIFI_SPI_RDY,Mid Layer 2,44.625,39.475,46.725,41.575,0.2,,,"WIFI_SPI_RDY|Pad U_WIFI1-21(42.126mm,39.935mm) on L1 TOP [Unplated]|Pad U_MCU1-89(57.58mm,43.238mm) on L1 TOP [Unplated]",0
TRACK,R30:WIFI_SPI_RDY,WIFI_SPI_RDY,Top Layer,46.725,41.575,47.075,41.575,0.2,,,"WIFI_SPI_RDY|Pad U_WIFI1-21(42.126mm,39.935mm) on L1 TOP [Unplated]|Pad U_MCU1-89(57.58mm,43.238mm) on L1 TOP [Unplated]",0
TRACK,R30:WIFI_SPI_RDY,WIFI_SPI_RDY,Top Layer,47.075,41.575,48.275,42.775,0.2,,,"WIFI_SPI_RDY|Pad U_WIFI1-21(42.126mm,39.935mm) on L1 TOP [Unplated]|Pad U_MCU1-89(57.58mm,43.238mm) on L1 TOP [Unplated]",0
TRACK,R30:WIFI_SPI_RDY,WIFI_SPI_RDY,Top Layer,48.275,42.775,48.6045,42.775,0.2,,,"WIFI_SPI_RDY|Pad U_WIFI1-21(42.126mm,39.935mm) on L1 TOP [Unplated]|Pad U_MCU1-89(57.58mm,43.238mm) on L1 TOP [Unplated]",0
TRACK,R30:WIFI_SPI_RDY,WIFI_SPI_RDY,Top Layer,48.6045,42.775,51.175,42.775,0.2,,,"WIFI_SPI_RDY|Pad U_WIFI1-21(42.126mm,39.935mm) on L1 TOP [Unplated]|Pad U_MCU1-89(57.58mm,43.238mm) on L1 TOP [Unplated]",0
TRACK,R30:WIFI_SPI_RDY,WIFI_SPI_RDY,Top Layer,51.175,42.775,51.4515,42.4985,0.2,,,"WIFI_SPI_RDY|Pad U_WIFI1-21(42.126mm,39.935mm) on L1 TOP [Unplated]|Pad U_MCU1-89(57.58mm,43.238mm) on L1 TOP [Unplated]",0
TRACK,R30:WIFI_SPI_RDY,WIFI_SPI_RDY,Top Layer,51.4515,42.4985,51.775,42.175,0.2,,,"WIFI_SPI_RDY|Pad U_WIFI1-21(42.126mm,39.935mm) on L1 TOP [Unplated]|Pad U_MCU1-89(57.58mm,43.238mm) on L1 TOP [Unplated]",0
TRACK,R30:WIFI_SPI_RDY,WIFI_SPI_RDY,Top Layer,51.775,42.175,52.7219,42.175,0.2,,,"WIFI_SPI_RDY|Pad U_WIFI1-21(42.126mm,39.935mm) on L1 TOP [Unplated]|Pad U_MCU1-89(57.58mm,43.238mm) on L1 TOP [Unplated]",0
TRACK,R30:WIFI_SPI_RDY,WIFI_SPI_RDY,Top Layer,52.7219,42.175,57.375,42.175,0.2,,,"WIFI_SPI_RDY|Pad U_WIFI1-21(42.126mm,39.935mm) on L1 TOP [Unplated]|Pad U_MCU1-89(57.58mm,43.238mm) on L1 TOP [Unplated]",0
TRACK,R30:WIFI_SPI_RDY,WIFI_SPI_RDY,Top Layer,57.375,42.175,57.575,42.375,0.2,,,"WIFI_SPI_RDY|Pad U_WIFI1-21(42.126mm,39.935mm) on L1 TOP [Unplated]|Pad U_MCU1-89(57.58mm,43.238mm) on L1 TOP [Unplated]",0
TRACK,R30:WIFI_SPI_RDY,WIFI_SPI_RDY,Top Layer,57.575,42.375,57.575,42.525,0.2,,,"WIFI_SPI_RDY|Pad U_WIFI1-21(42.126mm,39.935mm) on L1 TOP [Unplated]|Pad U_MCU1-89(57.58mm,43.238mm) on L1 TOP [Unplated]",0
VIA,R30:WIFI_SPI_RDY,WIFI_SPI_RDY,Multi Layer,41.225,39.575,,,,0.6,0.3,"WIFI_SPI_RDY|Pad U_WIFI1-21(42.126mm,39.935mm) on L1 TOP [Unplated]|Pad U_MCU1-89(57.58mm,43.238mm) on L1 TOP [Unplated]",0
VIA,R30:WIFI_SPI_RDY,WIFI_SPI_RDY,Multi Layer,46.725,41.575,,,,0.6,0.3,"WIFI_SPI_RDY|Pad U_WIFI1-21(42.126mm,39.935mm) on L1 TOP [Unplated]|Pad U_MCU1-89(57.58mm,43.238mm) on L1 TOP [Unplated]",0
TRACK,R31:MCU_WIFI_UART_TX,MCU_WIFI_UART_TX,Bottom Layer,43.825,40.625,43.825,39.875,0.2,,,"MCU_WIFI_UART_TX|Pad R_WIFI_UART_TX_LINK-2(44.026mm,40.805mm) on L4 BOTTOM GND|Pad U_MCU1-68(65.818mm,38mm) on L1 TOP [Unplated]",0
TRACK,R31:MCU_WIFI_UART_TX,MCU_WIFI_UART_TX,Bottom Layer,43.825,39.875,43.175,39.225,0.2,,,"MCU_WIFI_UART_TX|Pad R_WIFI_UART_TX_LINK-2(44.026mm,40.805mm) on L4 BOTTOM GND|Pad U_MCU1-68(65.818mm,38mm) on L1 TOP [Unplated]",0
TRACK,R31:MCU_WIFI_UART_TX,MCU_WIFI_UART_TX,Bottom Layer,43.175,39.225,42.725,39.225,0.2,,,"MCU_WIFI_UART_TX|Pad R_WIFI_UART_TX_LINK-2(44.026mm,40.805mm) on L4 BOTTOM GND|Pad U_MCU1-68(65.818mm,38mm) on L1 TOP [Unplated]",0
TRACK,R31:MCU_WIFI_UART_TX,MCU_WIFI_UART_TX,Bottom Layer,42.725,39.225,42.475,38.975,0.2,,,"MCU_WIFI_UART_TX|Pad R_WIFI_UART_TX_LINK-2(44.026mm,40.805mm) on L4 BOTTOM GND|Pad U_MCU1-68(65.818mm,38mm) on L1 TOP [Unplated]",0
TRACK,R31:MCU_WIFI_UART_TX,MCU_WIFI_UART_TX,Bottom Layer,42.475,38.975,42.475,37.975,0.2,,,"MCU_WIFI_UART_TX|Pad R_WIFI_UART_TX_LINK-2(44.026mm,40.805mm) on L4 BOTTOM GND|Pad U_MCU1-68(65.818mm,38mm) on L1 TOP [Unplated]",0
TRACK,R31:MCU_WIFI_UART_TX,MCU_WIFI_UART_TX,Bottom Layer,42.475,37.975,42.925,37.525,0.2,,,"MCU_WIFI_UART_TX|Pad R_WIFI_UART_TX_LINK-2(44.026mm,40.805mm) on L4 BOTTOM GND|Pad U_MCU1-68(65.818mm,38mm) on L1 TOP [Unplated]",0
TRACK,R31:MCU_WIFI_UART_TX,MCU_WIFI_UART_TX,Bottom Layer,42.925,37.525,43.125,37.525,0.2,,,"MCU_WIFI_UART_TX|Pad R_WIFI_UART_TX_LINK-2(44.026mm,40.805mm) on L4 BOTTOM GND|Pad U_MCU1-68(65.818mm,38mm) on L1 TOP [Unplated]",0
TRACK,R31:MCU_WIFI_UART_TX,MCU_WIFI_UART_TX,Mid Layer 2,43.125,37.525,43.325,37.525,0.2,,,"MCU_WIFI_UART_TX|Pad R_WIFI_UART_TX_LINK-2(44.026mm,40.805mm) on L4 BOTTOM GND|Pad U_MCU1-68(65.818mm,38mm) on L1 TOP [Unplated]",0
TRACK,R31:MCU_WIFI_UART_TX,MCU_WIFI_UART_TX,Mid Layer 2,43.325,37.525,44.025,36.825,0.2,,,"MCU_WIFI_UART_TX|Pad R_WIFI_UART_TX_LINK-2(44.026mm,40.805mm) on L4 BOTTOM GND|Pad U_MCU1-68(65.818mm,38mm) on L1 TOP [Unplated]",0
TRACK,R31:MCU_WIFI_UART_TX,MCU_WIFI_UART_TX,Mid Layer 2,44.025,36.825,48.6045,36.825,0.2,,,"MCU_WIFI_UART_TX|Pad R_WIFI_UART_TX_LINK-2(44.026mm,40.805mm) on L4 BOTTOM GND|Pad U_MCU1-68(65.818mm,38mm) on L1 TOP [Unplated]",0
TRACK,R31:MCU_WIFI_UART_TX,MCU_WIFI_UART_TX,Mid Layer 2,48.6045,36.825,52.225,36.825,0.2,,,"MCU_WIFI_UART_TX|Pad R_WIFI_UART_TX_LINK-2(44.026mm,40.805mm) on L4 BOTTOM GND|Pad U_MCU1-68(65.818mm,38mm) on L1 TOP [Unplated]",0
TRACK,R31:MCU_WIFI_UART_TX,MCU_WIFI_UART_TX,Top Layer,52.225,36.825,59.225,36.825,0.2,,,"MCU_WIFI_UART_TX|Pad R_WIFI_UART_TX_LINK-2(44.026mm,40.805mm) on L4 BOTTOM GND|Pad U_MCU1-68(65.818mm,38mm) on L1 TOP [Unplated]",0
TRACK,R31:MCU_WIFI_UART_TX,MCU_WIFI_UART_TX,Top Layer,59.225,36.825,59.575,36.475,0.2,,,"MCU_WIFI_UART_TX|Pad R_WIFI_UART_TX_LINK-2(44.026mm,40.805mm) on L4 BOTTOM GND|Pad U_MCU1-68(65.818mm,38mm) on L1 TOP [Unplated]",0
TRACK,R31:MCU_WIFI_UART_TX,MCU_WIFI_UART_TX,Top Layer,59.575,36.475,63.375,36.475,0.2,,,"MCU_WIFI_UART_TX|Pad R_WIFI_UART_TX_LINK-2(44.026mm,40.805mm) on L4 BOTTOM GND|Pad U_MCU1-68(65.818mm,38mm) on L1 TOP [Unplated]",0
TRACK,R31:MCU_WIFI_UART_TX,MCU_WIFI_UART_TX,Top Layer,63.375,36.475,64.925,38.025,0.2,,,"MCU_WIFI_UART_TX|Pad R_WIFI_UART_TX_LINK-2(44.026mm,40.805mm) on L4 BOTTOM GND|Pad U_MCU1-68(65.818mm,38mm) on L1 TOP [Unplated]",0
TRACK,R31:MCU_WIFI_UART_TX,MCU_WIFI_UART_TX,Top Layer,64.925,38.025,65.125,38.025,0.2,,,"MCU_WIFI_UART_TX|Pad R_WIFI_UART_TX_LINK-2(44.026mm,40.805mm) on L4 BOTTOM GND|Pad U_MCU1-68(65.818mm,38mm) on L1 TOP [Unplated]",0
VIA,R31:MCU_WIFI_UART_TX,MCU_WIFI_UART_TX,Multi Layer,43.125,37.525,,,,0.6,0.3,"MCU_WIFI_UART_TX|Pad R_WIFI_UART_TX_LINK-2(44.026mm,40.805mm) on L4 BOTTOM GND|Pad U_MCU1-68(65.818mm,38mm) on L1 TOP [Unplated]",0
VIA,R31:MCU_WIFI_UART_TX,MCU_WIFI_UART_TX,Multi Layer,52.225,36.825,,,,0.6,0.3,"MCU_WIFI_UART_TX|Pad R_WIFI_UART_TX_LINK-2(44.026mm,40.805mm) on L4 BOTTOM GND|Pad U_MCU1-68(65.818mm,38mm) on L1 TOP [Unplated]",0
TRACK,R36:MCU_SWDIO,MCU_SWDIO,Top Layer,24.675,27.275,24.675,26.875,0.15,,,"MCU_SWDIO|Pad J_SWD-2(24.793mm,27.63mm) on L1 TOP|Pad U_MCU1-72(65.818mm,40mm) on L1 TOP [Unplated]",0
TRACK,R36:MCU_SWDIO,MCU_SWDIO,Top Layer,24.675,26.875,24.575,26.775,0.15,,,"MCU_SWDIO|Pad J_SWD-2(24.793mm,27.63mm) on L1 TOP|Pad U_MCU1-72(65.818mm,40mm) on L1 TOP [Unplated]",0
TRACK,R36:MCU_SWDIO,MCU_SWDIO,Top Layer,24.575,26.775,24.575,25.975,0.15,,,"MCU_SWDIO|Pad J_SWD-2(24.793mm,27.63mm) on L1 TOP|Pad U_MCU1-72(65.818mm,40mm) on L1 TOP [Unplated]",0
TRACK,R36:MCU_SWDIO,MCU_SWDIO,Top Layer,24.575,25.975,25.025,25.525,0.15,,,"MCU_SWDIO|Pad J_SWD-2(24.793mm,27.63mm) on L1 TOP|Pad U_MCU1-72(65.818mm,40mm) on L1 TOP [Unplated]",0
TRACK,R36:MCU_SWDIO,MCU_SWDIO,Top Layer,25.025,25.525,39.725,25.525,0.15,,,"MCU_SWDIO|Pad J_SWD-2(24.793mm,27.63mm) on L1 TOP|Pad U_MCU1-72(65.818mm,40mm) on L1 TOP [Unplated]",0
TRACK,R36:MCU_SWDIO,MCU_SWDIO,Top Layer,39.725,25.525,45.275,31.075,0.15,,,"MCU_SWDIO|Pad J_SWD-2(24.793mm,27.63mm) on L1 TOP|Pad U_MCU1-72(65.818mm,40mm) on L1 TOP [Unplated]",0
TRACK,R36:MCU_SWDIO,MCU_SWDIO,Top Layer,45.275,31.075,48.275,31.075,0.15,,,"MCU_SWDIO|Pad J_SWD-2(24.793mm,27.63mm) on L1 TOP|Pad U_MCU1-72(65.818mm,40mm) on L1 TOP [Unplated]",0
TRACK,R36:MCU_SWDIO,MCU_SWDIO,Mid Layer 2,48.275,31.075,48.6045,31.4045,0.15,,,"MCU_SWDIO|Pad J_SWD-2(24.793mm,27.63mm) on L1 TOP|Pad U_MCU1-72(65.818mm,40mm) on L1 TOP [Unplated]",0
TRACK,R36:MCU_SWDIO,MCU_SWDIO,Mid Layer 2,48.6045,31.4045,56.825,39.625,0.15,,,"MCU_SWDIO|Pad J_SWD-2(24.793mm,27.63mm) on L1 TOP|Pad U_MCU1-72(65.818mm,40mm) on L1 TOP [Unplated]",0
TRACK,R36:MCU_SWDIO,MCU_SWDIO,Top Layer,56.825,39.625,64.525,39.625,0.15,,,"MCU_SWDIO|Pad J_SWD-2(24.793mm,27.63mm) on L1 TOP|Pad U_MCU1-72(65.818mm,40mm) on L1 TOP [Unplated]",0
TRACK,R36:MCU_SWDIO,MCU_SWDIO,Top Layer,64.525,39.625,64.875,39.975,0.15,,,"MCU_SWDIO|Pad J_SWD-2(24.793mm,27.63mm) on L1 TOP|Pad U_MCU1-72(65.818mm,40mm) on L1 TOP [Unplated]",0
TRACK,R36:MCU_SWDIO,MCU_SWDIO,Top Layer,64.875,39.975,65.125,39.975,0.15,,,"MCU_SWDIO|Pad J_SWD-2(24.793mm,27.63mm) on L1 TOP|Pad U_MCU1-72(65.818mm,40mm) on L1 TOP [Unplated]",0
VIA,R36:MCU_SWDIO,MCU_SWDIO,Multi Layer,48.275,31.075,,,,0.45,0.2,"MCU_SWDIO|Pad J_SWD-2(24.793mm,27.63mm) on L1 TOP|Pad U_MCU1-72(65.818mm,40mm) on L1 TOP [Unplated]",0
VIA,R36:MCU_SWDIO,MCU_SWDIO,Multi Layer,56.825,39.625,,,,0.45,0.2,"MCU_SWDIO|Pad J_SWD-2(24.793mm,27.63mm) on L1 TOP|Pad U_MCU1-72(65.818mm,40mm) on L1 TOP [Unplated]",0
TRACK,R39:USB_PGOOD_N,USB_PGOOD_N,Mid Layer 2,14.025,41.575,16.3,41.575,0.2,,,"USB_PGOOD_N|Pad UP1-7(13.85mm,40.8mm) on L4 BOTTOM GND|Pad U_MCU1-82(61.08mm,43.238mm) on L1 TOP [Unplated]",0
TRACK,R39:USB_PGOOD_N,USB_PGOOD_N,Mid Layer 2,16.3,41.575,23.675,41.575,0.2,,,"USB_PGOOD_N|Pad UP1-7(13.85mm,40.8mm) on L4 BOTTOM GND|Pad U_MCU1-82(61.08mm,43.238mm) on L1 TOP [Unplated]",0
TRACK,R39:USB_PGOOD_N,USB_PGOOD_N,Mid Layer 2,23.675,41.575,24.625,42.525,0.2,,,"USB_PGOOD_N|Pad UP1-7(13.85mm,40.8mm) on L4 BOTTOM GND|Pad U_MCU1-82(61.08mm,43.238mm) on L1 TOP [Unplated]",0
TRACK,R39:USB_PGOOD_N,USB_PGOOD_N,Mid Layer 2,24.625,42.525,48.6045,42.525,0.2,,,"USB_PGOOD_N|Pad UP1-7(13.85mm,40.8mm) on L4 BOTTOM GND|Pad U_MCU1-82(61.08mm,43.238mm) on L1 TOP [Unplated]",0
TRACK,R39:USB_PGOOD_N,USB_PGOOD_N,Mid Layer 2,48.6045,42.525,57.325,42.525,0.2,,,"USB_PGOOD_N|Pad UP1-7(13.85mm,40.8mm) on L4 BOTTOM GND|Pad U_MCU1-82(61.08mm,43.238mm) on L1 TOP [Unplated]",0
TRACK,R39:USB_PGOOD_N,USB_PGOOD_N,Mid Layer 2,57.325,42.525,57.975,41.875,0.2,,,"USB_PGOOD_N|Pad UP1-7(13.85mm,40.8mm) on L4 BOTTOM GND|Pad U_MCU1-82(61.08mm,43.238mm) on L1 TOP [Unplated]",0
TRACK,R39:USB_PGOOD_N,USB_PGOOD_N,Top Layer,57.975,41.875,60.575,41.875,0.2,,,"USB_PGOOD_N|Pad UP1-7(13.85mm,40.8mm) on L4 BOTTOM GND|Pad U_MCU1-82(61.08mm,43.238mm) on L1 TOP [Unplated]",0
TRACK,R39:USB_PGOOD_N,USB_PGOOD_N,Top Layer,60.575,41.875,61.075,42.375,0.2,,,"USB_PGOOD_N|Pad UP1-7(13.85mm,40.8mm) on L4 BOTTOM GND|Pad U_MCU1-82(61.08mm,43.238mm) on L1 TOP [Unplated]",0
TRACK,R39:USB_PGOOD_N,USB_PGOOD_N,Top Layer,61.075,42.375,61.075,42.525,0.2,,,"USB_PGOOD_N|Pad UP1-7(13.85mm,40.8mm) on L4 BOTTOM GND|Pad U_MCU1-82(61.08mm,43.238mm) on L1 TOP [Unplated]",0
VIA,R39:USB_PGOOD_N,USB_PGOOD_N,Multi Layer,57.975,41.875,,,,0.6,0.3,"USB_PGOOD_N|Pad UP1-7(13.85mm,40.8mm) on L4 BOTTOM GND|Pad U_MCU1-82(61.08mm,43.238mm) on L1 TOP [Unplated]",0
TRACK,R40:WIFI_X32_RAW_IN,WIFI_X32_RAW_IN,Top Layer,38.275,33.225,38.275,32.825,0.2,,,"WIFI_X32_RAW_IN|Pad U_WIFI1-14(38.315mm,33.584mm) on L1 TOP [Unplated]|Pad R_WIFI_X32_IN-2(38.315mm,32.6mm) on L1 TOP",0
TRACK,R41:WIFI_X32_RAW_OUT,WIFI_X32_RAW_OUT,Top Layer,37.025,33.225,37.025,32.825,0.2,,,"WIFI_X32_RAW_OUT|Pad U_WIFI1-13(37.045mm,33.584mm) on L1 TOP [Unplated]|Pad R_WIFI_X32_OUT-2(37.045mm,32.6mm) on L1 TOP",0
TRACK,R42:NetC_WIFI_X32_IN_2,NetC_WIFI_X32_IN_2,Top Layer,38.925,29.025,38.925,29.425,0.2,,,"NetC_WIFI_X32_IN_2|Pad C_WIFI_X32_IN-2(38.93mm,28.779mm) on L1 TOP|Pad X_WIFI_32K-1(38.93mm,30.3mm) on L1 TOP [Unplated]",0
TRACK,R43:NetC_WIFI_X32_OUT_2,NetC_WIFI_X32_OUT_2,Top Layer,36.425,29.025,36.425,29.425,0.2,,,"NetC_WIFI_X32_OUT_2|Pad C_WIFI_X32_OUT-2(36.43mm,28.779mm) on L1 TOP|Pad X_WIFI_32K-2(36.43mm,30.3mm) on L1 TOP [Unplated]",0
TRACK,R44:NetC_WIFI_X32_IN_2,NetC_WIFI_X32_IN_2,Top Layer,38.475,31.625,38.475,31.175,0.2,,,"NetC_WIFI_X32_IN_2|Pad R_WIFI_X32_IN-1(38.315mm,31.8mm) on L1 TOP|Pad X_WIFI_32K-1(38.93mm,30.3mm) on L1 TOP [Unplated]",0
TRACK,R45:NetC_WIFI_X32_OUT_2,NetC_WIFI_X32_OUT_2,Top Layer,36.875,31.175,36.875,31.625,0.2,,,"NetC_WIFI_X32_OUT_2|Pad X_WIFI_32K-2(36.43mm,30.3mm) on L1 TOP [Unplated]|Pad R_WIFI_X32_OUT-1(37.045mm,31.8mm) on L1 TOP",0
TRACK,R46:VREF_B_SRC,VREF_B_SRC,Bottom Layer,11.725,21.875,11.725,22.225,0.2,,,"VREF_B_SRC|Pad U1-13(11.75mm,21.7mm) on L4 BOTTOM GND|Pad U1-14(11.75mm,22.35mm) on L4 BOTTOM GND",0
TRACK,R47:VREF_A,VREF_A,Bottom Layer,11.725,18.625,11.725,18.975,0.2,,,"VREF_A|Pad U1-8(11.75mm,18.45mm) on L4 BOTTOM GND|Pad U1-9(11.75mm,19.1mm) on L4 BOTTOM GND",0
TRACK,R48:VREF_A,VREF_A,Bottom Layer,12.575,19.075,13.025,19.075,0.2,,,"VREF_A|Pad U1-8(11.75mm,18.45mm) on L4 BOTTOM GND|Pad Free-TP_VREF_A(12.5mm,18.2mm) on L1 TOP",0
TRACK,R48:VREF_A,VREF_A,Top Layer,13.025,19.075,12.625,18.675,0.2,,,"VREF_A|Pad U1-8(11.75mm,18.45mm) on L4 BOTTOM GND|Pad Free-TP_VREF_A(12.5mm,18.2mm) on L1 TOP",0
VIA,R48:VREF_A,VREF_A,Multi Layer,13.025,19.075,,,,0.6,0.3,"VREF_A|Pad U1-8(11.75mm,18.45mm) on L4 BOTTOM GND|Pad Free-TP_VREF_A(12.5mm,18.2mm) on L1 TOP",0
TRACK,R49:VOUT_5,VOUT_5,Top Layer,56.725,24.525,57.125,24.525,0.2,,,"VOUT_5|Pad R_ADC5-1(56.515mm,24.5mm) on L1 TOP|Pad Free-TP_VOUT_5(57.58mm,24.5mm) on L1 TOP",0
TRACK,R50:ADC_EMG5,ADC_EMG5,Top Layer,54.925,24.575,55.375,24.575,0.2,,,"ADC_EMG5|Pad C_ADC5-1(54.58mm,24.923mm) on L1 TOP|Pad R_ADC5-2(55.645mm,24.5mm) on L1 TOP",0
TRACK,R51:NetINA5_7,NetINA5_7,Top Layer,62.075,22.075,62.575,22.075,0.2,,,"NetINA5_7|Pad RH_5-2(61.779mm,21.75mm) on L1 TOP|Pad RL_5-1(62.8mm,22.3mm) on L1 TOP",0
TRACK,R52:NetINA2_7,NetINA2_7,Top Layer,29.675,22.075,30.175,22.075,0.2,,,"NetINA2_7|Pad RH_2-2(29.379mm,21.75mm) on L1 TOP|Pad RL_2-1(30.4mm,22.3mm) on L1 TOP",0
TRACK,R53:NetINA1_7,NetINA1_7,Top Layer,18.875,22.075,19.375,22.075,0.2,,,"NetINA1_7|Pad RH_1-2(18.579mm,21.75mm) on L1 TOP|Pad RL_1-1(19.6mm,22.3mm) on L1 TOP",0
TRACK,R54:NetINA3_7,NetINA3_7,Top Layer,40.475,22.075,40.975,22.075,0.2,,,"NetINA3_7|Pad RH_3-2(40.179mm,21.75mm) on L1 TOP|Pad RL_3-1(41.2mm,22.3mm) on L1 TOP",0
TRACK,R55:INA_OUT_2,INA_OUT_2,Top Layer,28.425,21.475,28.425,21.075,0.2,,,"INA_OUT_2|Pad RH_2-1(28.421mm,21.75mm) on L1 TOP|Pad INA2-8(28.525mm,20.55mm) on L1 TOP",0
TRACK,R56:INA_OUT_5,INA_OUT_5,Top Layer,60.825,21.475,60.825,21.075,0.2,,,"INA_OUT_5|Pad RH_5-1(60.821mm,21.75mm) on L1 TOP|Pad INA5-8(60.925mm,20.55mm) on L1 TOP",0
TRACK,R57:INA_OUT_1,INA_OUT_1,Top Layer,17.625,21.475,17.625,21.075,0.2,,,"INA_OUT_1|Pad RH_1-1(17.621mm,21.75mm) on L1 TOP|Pad INA1-8(17.725mm,20.55mm) on L1 TOP",0
TRACK,R58:INA_OUT_3,INA_OUT_3,Top Layer,39.225,21.475,39.225,21.075,0.2,,,"INA_OUT_3|Pad RH_3-1(39.221mm,21.75mm) on L1 TOP|Pad INA3-8(39.325mm,20.55mm) on L1 TOP",0
TRACK,R59:NetINA1_7,NetINA1_7,Top Layer,18.375,21.075,18.375,21.275,0.2,,,"NetINA1_7|Pad INA1-7(18.375mm,20.55mm) on L1 TOP|Pad RH_1-2(18.579mm,21.75mm) on L1 TOP",0
TRACK,R59:NetINA1_7,NetINA1_7,Top Layer,18.375,21.275,18.425,21.325,0.2,,,"NetINA1_7|Pad INA1-7(18.375mm,20.55mm) on L1 TOP|Pad RH_1-2(18.579mm,21.75mm) on L1 TOP",0
TRACK,R59:NetINA1_7,NetINA1_7,Top Layer,18.425,21.325,18.425,21.475,0.2,,,"NetINA1_7|Pad INA1-7(18.375mm,20.55mm) on L1 TOP|Pad RH_1-2(18.579mm,21.75mm) on L1 TOP",0
TRACK,R60:NetINA2_7,NetINA2_7,Top Layer,29.175,21.075,29.175,21.275,0.2,,,"NetINA2_7|Pad INA2-7(29.175mm,20.55mm) on L1 TOP|Pad RH_2-2(29.379mm,21.75mm) on L1 TOP",0
TRACK,R60:NetINA2_7,NetINA2_7,Top Layer,29.175,21.275,29.225,21.325,0.2,,,"NetINA2_7|Pad INA2-7(29.175mm,20.55mm) on L1 TOP|Pad RH_2-2(29.379mm,21.75mm) on L1 TOP",0
TRACK,R60:NetINA2_7,NetINA2_7,Top Layer,29.225,21.325,29.225,21.475,0.2,,,"NetINA2_7|Pad INA2-7(29.175mm,20.55mm) on L1 TOP|Pad RH_2-2(29.379mm,21.75mm) on L1 TOP",0
TRACK,R61:NetINA3_7,NetINA3_7,Top Layer,39.975,21.075,39.975,21.275,0.2,,,"NetINA3_7|Pad INA3-7(39.975mm,20.55mm) on L1 TOP|Pad RH_3-2(40.179mm,21.75mm) on L1 TOP",0
TRACK,R61:NetINA3_7,NetINA3_7,Top Layer,39.975,21.275,40.025,21.325,0.2,,,"NetINA3_7|Pad INA3-7(39.975mm,20.55mm) on L1 TOP|Pad RH_3-2(40.179mm,21.75mm) on L1 TOP",0
TRACK,R61:NetINA3_7,NetINA3_7,Top Layer,40.025,21.325,40.025,21.475,0.2,,,"NetINA3_7|Pad INA3-7(39.975mm,20.55mm) on L1 TOP|Pad RH_3-2(40.179mm,21.75mm) on L1 TOP",0
TRACK,R62:NetINA5_7,NetINA5_7,Top Layer,61.575,21.075,61.575,21.275,0.2,,,"NetINA5_7|Pad INA5-7(61.575mm,20.55mm) on L1 TOP|Pad RH_5-2(61.779mm,21.75mm) on L1 TOP",0
TRACK,R62:NetINA5_7,NetINA5_7,Top Layer,61.575,21.275,61.625,21.325,0.2,,,"NetINA5_7|Pad INA5-7(61.575mm,20.55mm) on L1 TOP|Pad RH_5-2(61.779mm,21.75mm) on L1 TOP",0
TRACK,R62:NetINA5_7,NetINA5_7,Top Layer,61.625,21.325,61.625,21.475,0.2,,,"NetINA5_7|Pad INA5-7(61.575mm,20.55mm) on L1 TOP|Pad RH_5-2(61.779mm,21.75mm) on L1 TOP",0
TRACK,R63:ADC_EMG1,ADC_EMG1,Top Layer,49.325,30.525,49.625,30.525,0.2,,,"ADC_EMG1|Pad R_ADC1-2(49.08mm,30.535mm) on L1 TOP|Pad U_MCU1-23(50.342mm,30.5mm) on L1 TOP [Unplated]",0
TRACK,R64:ADC_EMG1,ADC_EMG1,Top Layer,48.225,30.425,48.6045,30.425,0.2,,,"ADC_EMG1|Pad C_ADC1-1(47.857mm,30.1mm) on L1 TOP|Pad R_ADC1-2(49.08mm,30.535mm) on L1 TOP",0
TRACK,R64:ADC_EMG1,ADC_EMG1,Top Layer,48.6045,30.425,48.775,30.425,0.2,,,"ADC_EMG1|Pad C_ADC1-1(47.857mm,30.1mm) on L1 TOP|Pad R_ADC1-2(49.08mm,30.535mm) on L1 TOP",0
TRACK,R65:ADC_EMG3,ADC_EMG3,Top Layer,48.225,27.175,48.6045,27.175,0.2,,,"ADC_EMG3|Pad C_ADC3-1(47.857mm,26.8mm) on L1 TOP|Pad R_ADC3-2(49.08mm,27.235mm) on L1 TOP",0
TRACK,R65:ADC_EMG3,ADC_EMG3,Top Layer,48.6045,27.175,48.825,27.175,0.2,,,"ADC_EMG3|Pad C_ADC3-1(47.857mm,26.8mm) on L1 TOP|Pad R_ADC3-2(49.08mm,27.235mm) on L1 TOP",0
TRACK,R66:ADC_EMG2,ADC_EMG2,Top Layer,48.225,28.825,48.6045,28.825,0.2,,,"ADC_EMG2|Pad C_ADC2-1(47.857mm,28.45mm) on L1 TOP|Pad R_ADC2-2(49.08mm,28.885mm) on L1 TOP",0
TRACK,R66:ADC_EMG2,ADC_EMG2,Top Layer,48.6045,28.825,48.825,28.825,0.2,,,"ADC_EMG2|Pad C_ADC2-1(47.857mm,28.45mm) on L1 TOP|Pad R_ADC2-2(49.08mm,28.885mm) on L1 TOP",0
TRACK,R67:VDiv,VDiv,Bottom Layer,12.575,19.825,12.725,19.825,0.2,,,"VDiv|Pad U1-10(11.75mm,19.75mm) on L4 BOTTOM GND|Pad U1-12(11.75mm,21.05mm) on L4 BOTTOM GND",0
TRACK,R67:VDiv,VDiv,Bottom Layer,12.725,19.825,13.025,20.125,0.2,,,"VDiv|Pad U1-10(11.75mm,19.75mm) on L4 BOTTOM GND|Pad U1-12(11.75mm,21.05mm) on L4 BOTTOM GND",0
TRACK,R67:VDiv,VDiv,Bottom Layer,13.025,20.125,13.025,20.725,0.2,,,"VDiv|Pad U1-10(11.75mm,19.75mm) on L4 BOTTOM GND|Pad U1-12(11.75mm,21.05mm) on L4 BOTTOM GND",0
TRACK,R67:VDiv,VDiv,Bottom Layer,13.025,20.725,12.725,21.025,0.2,,,"VDiv|Pad U1-10(11.75mm,19.75mm) on L4 BOTTOM GND|Pad U1-12(11.75mm,21.05mm) on L4 BOTTOM GND",0
TRACK,R67:VDiv,VDiv,Bottom Layer,12.725,21.025,12.575,21.025,0.2,,,"VDiv|Pad U1-10(11.75mm,19.75mm) on L4 BOTTOM GND|Pad U1-12(11.75mm,21.05mm) on L4 BOTTOM GND",0
TRACK,R68:VREF_A,VREF_A,Bottom Layer,16.625,19.825,16.425,19.825,0.2,,,"VREF_A|Pad U1-5(17.45mm,19.75mm) on L4 BOTTOM GND|Pad U1-3(17.45mm,21.05mm) on L4 BOTTOM GND",0
TRACK,R68:VREF_A,VREF_A,Bottom Layer,16.425,19.825,16.125,20.125,0.2,,,"VREF_A|Pad U1-5(17.45mm,19.75mm) on L4 BOTTOM GND|Pad U1-3(17.45mm,21.05mm) on L4 BOTTOM GND",0
TRACK,R68:VREF_A,VREF_A,Bottom Layer,16.125,20.125,16.125,20.725,0.2,,,"VREF_A|Pad U1-5(17.45mm,19.75mm) on L4 BOTTOM GND|Pad U1-3(17.45mm,21.05mm) on L4 BOTTOM GND",0
TRACK,R68:VREF_A,VREF_A,Bottom Layer,16.125,20.725,16.425,21.025,0.2,,,"VREF_A|Pad U1-5(17.45mm,19.75mm) on L4 BOTTOM GND|Pad U1-3(17.45mm,21.05mm) on L4 BOTTOM GND",0
TRACK,R68:VREF_A,VREF_A,Bottom Layer,16.425,21.025,16.625,21.025,0.2,,,"VREF_A|Pad U1-5(17.45mm,19.75mm) on L4 BOTTOM GND|Pad U1-3(17.45mm,21.05mm) on L4 BOTTOM GND",0
TRACK,R69:VREF_A,VREF_A,Bottom Layer,38.125,19.825,37.925,19.825,0.2,,,"VREF_A|Pad U2-12(38.95mm,19.75mm) on L4 BOTTOM GND|Pad U2-10(38.95mm,21.05mm) on L4 BOTTOM GND",0
TRACK,R69:VREF_A,VREF_A,Bottom Layer,37.925,19.825,37.625,20.125,0.2,,,"VREF_A|Pad U2-12(38.95mm,19.75mm) on L4 BOTTOM GND|Pad U2-10(38.95mm,21.05mm) on L4 BOTTOM GND",0
TRACK,R69:VREF_A,VREF_A,Bottom Layer,37.625,20.125,37.625,20.725,0.2,,,"VREF_A|Pad U2-12(38.95mm,19.75mm) on L4 BOTTOM GND|Pad U2-10(38.95mm,21.05mm) on L4 BOTTOM GND",0
TRACK,R69:VREF_A,VREF_A,Bottom Layer,37.625,20.725,37.925,21.025,0.2,,,"VREF_A|Pad U2-12(38.95mm,19.75mm) on L4 BOTTOM GND|Pad U2-10(38.95mm,21.05mm) on L4 BOTTOM GND",0
TRACK,R69:VREF_A,VREF_A,Bottom Layer,37.925,21.025,38.125,21.025,0.2,,,"VREF_A|Pad U2-12(38.95mm,19.75mm) on L4 BOTTOM GND|Pad U2-10(38.95mm,21.05mm) on L4 BOTTOM GND",0
TRACK,R70:VREF_A,VREF_A,Bottom Layer,34.075,19.825,34.225,19.825,0.2,,,"VREF_A|Pad U2-3(33.25mm,19.75mm) on L4 BOTTOM GND|Pad U2-5(33.25mm,21.05mm) on L4 BOTTOM GND",0
TRACK,R70:VREF_A,VREF_A,Bottom Layer,34.225,19.825,34.525,20.125,0.2,,,"VREF_A|Pad U2-3(33.25mm,19.75mm) on L4 BOTTOM GND|Pad U2-5(33.25mm,21.05mm) on L4 BOTTOM GND",0
TRACK,R70:VREF_A,VREF_A,Bottom Layer,34.525,20.125,34.525,20.725,0.2,,,"VREF_A|Pad U2-3(33.25mm,19.75mm) on L4 BOTTOM GND|Pad U2-5(33.25mm,21.05mm) on L4 BOTTOM GND",0
TRACK,R70:VREF_A,VREF_A,Bottom Layer,34.525,20.725,34.225,21.025,0.2,,,"VREF_A|Pad U2-3(33.25mm,19.75mm) on L4 BOTTOM GND|Pad U2-5(33.25mm,21.05mm) on L4 BOTTOM GND",0
TRACK,R70:VREF_A,VREF_A,Bottom Layer,34.225,21.025,34.075,21.025,0.2,,,"VREF_A|Pad U2-3(33.25mm,19.75mm) on L4 BOTTOM GND|Pad U2-5(33.25mm,21.05mm) on L4 BOTTOM GND",0
TRACK,R71:VREF_A,VREF_A,Bottom Layer,59.725,19.825,59.525,19.825,0.2,,,"VREF_A|Pad U3-12(60.55mm,19.75mm) on L4 BOTTOM GND|Pad U3-10(60.55mm,21.05mm) on L4 BOTTOM GND",0
TRACK,R71:VREF_A,VREF_A,Bottom Layer,59.525,19.825,59.225,20.125,0.2,,,"VREF_A|Pad U3-12(60.55mm,19.75mm) on L4 BOTTOM GND|Pad U3-10(60.55mm,21.05mm) on L4 BOTTOM GND",0
TRACK,R71:VREF_A,VREF_A,Bottom Layer,59.225,20.125,59.225,20.725,0.2,,,"VREF_A|Pad U3-12(60.55mm,19.75mm) on L4 BOTTOM GND|Pad U3-10(60.55mm,21.05mm) on L4 BOTTOM GND",0
TRACK,R71:VREF_A,VREF_A,Bottom Layer,59.225,20.725,59.525,21.025,0.2,,,"VREF_A|Pad U3-12(60.55mm,19.75mm) on L4 BOTTOM GND|Pad U3-10(60.55mm,21.05mm) on L4 BOTTOM GND",0
TRACK,R71:VREF_A,VREF_A,Bottom Layer,59.525,21.025,59.725,21.025,0.2,,,"VREF_A|Pad U3-12(60.55mm,19.75mm) on L4 BOTTOM GND|Pad U3-10(60.55mm,21.05mm) on L4 BOTTOM GND",0
TRACK,R72:VREF_A,VREF_A,Bottom Layer,55.675,19.825,55.825,19.825,0.2,,,"VREF_A|Pad U3-3(54.85mm,19.75mm) on L4 BOTTOM GND|Pad U3-5(54.85mm,21.05mm) on L4 BOTTOM GND",0
TRACK,R72:VREF_A,VREF_A,Bottom Layer,55.825,19.825,56.125,20.125,0.2,,,"VREF_A|Pad U3-3(54.85mm,19.75mm) on L4 BOTTOM GND|Pad U3-5(54.85mm,21.05mm) on L4 BOTTOM GND",0
TRACK,R72:VREF_A,VREF_A,Bottom Layer,56.125,20.125,56.125,20.725,0.2,,,"VREF_A|Pad U3-3(54.85mm,19.75mm) on L4 BOTTOM GND|Pad U3-5(54.85mm,21.05mm) on L4 BOTTOM GND",0
TRACK,R72:VREF_A,VREF_A,Bottom Layer,56.125,20.725,55.825,21.025,0.2,,,"VREF_A|Pad U3-3(54.85mm,19.75mm) on L4 BOTTOM GND|Pad U3-5(54.85mm,21.05mm) on L4 BOTTOM GND",0
TRACK,R72:VREF_A,VREF_A,Bottom Layer,55.825,21.025,55.675,21.025,0.2,,,"VREF_A|Pad U3-3(54.85mm,19.75mm) on L4 BOTTOM GND|Pad U3-5(54.85mm,21.05mm) on L4 BOTTOM GND",0
TRACK,R73:ADC_EMG4,ADC_EMG4,Top Layer,50.525,25.675,50.925,25.675,0.2,,,"ADC_EMG4|Pad R_ADC4-2(50.315mm,25.4mm) on L1 TOP|Pad C_ADC4-1(51.68mm,25.877mm) on L1 TOP",0
TRACK,R73:ADC_EMG4,ADC_EMG4,Top Layer,50.925,25.675,51.2745,26.0245,0.2,,,"ADC_EMG4|Pad R_ADC4-2(50.315mm,25.4mm) on L1 TOP|Pad C_ADC4-1(51.68mm,25.877mm) on L1 TOP",0
TRACK,R73:ADC_EMG4,ADC_EMG4,Top Layer,51.2745,26.0245,51.325,26.075,0.2,,,"ADC_EMG4|Pad R_ADC4-2(50.315mm,25.4mm) on L1 TOP|Pad C_ADC4-1(51.68mm,25.877mm) on L1 TOP",0
TRACK,R74:VOUT_2,VOUT_2,Bottom Layer,32.075,18.425,32.425,18.425,0.2,,,"VOUT_2|Pad RG_2-2(31.8mm,18.35mm) on L4 BOTTOM GND|Pad U2-1(33.25mm,18.45mm) on L4 BOTTOM GND",0
TRACK,R75:VOUT_4,VOUT_4,Bottom Layer,53.675,18.425,54.025,18.425,0.2,,,"VOUT_4|Pad RG_4-2(53.4mm,18.35mm) on L4 BOTTOM GND|Pad U3-1(54.85mm,18.45mm) on L4 BOTTOM GND",0
TRACK,R76:NetCH_2_2,NetCH_2_2,Bottom Layer,32.075,19.125,32.425,19.125,0.2,,,"NetCH_2_2|Pad RG_2-1(31.8mm,19.35mm) on L4 BOTTOM GND|Pad U2-2(33.25mm,19.1mm) on L4 BOTTOM GND",0
TRACK,R77:NetCH_4_2,NetCH_4_2,Bottom Layer,53.675,19.125,54.025,19.125,0.2,,,"NetCH_4_2|Pad RG_4-1(53.4mm,19.35mm) on L4 BOTTOM GND|Pad U3-2(54.85mm,19.1mm) on L4 BOTTOM GND",0
TRACK,R78:VOUT_4,VOUT_4,Bottom Layer,51.925,19.175,51.575,19.175,0.2,,,"VOUT_4|Pad CH_4-1(52.2mm,19.282mm) on L4 BOTTOM GND|Pad RG_4-2(53.4mm,18.35mm) on L4 BOTTOM GND",0
TRACK,R78:VOUT_4,VOUT_4,Bottom Layer,51.575,19.175,51.275,18.875,0.2,,,"VOUT_4|Pad CH_4-1(52.2mm,19.282mm) on L4 BOTTOM GND|Pad RG_4-2(53.4mm,18.35mm) on L4 BOTTOM GND",0
TRACK,R78:VOUT_4,VOUT_4,Top Layer,51.275,18.875,51.825,18.875,0.2,,,"VOUT_4|Pad CH_4-1(52.2mm,19.282mm) on L4 BOTTOM GND|Pad RG_4-2(53.4mm,18.35mm) on L4 BOTTOM GND",0
TRACK,R78:VOUT_4,VOUT_4,Top Layer,51.825,18.875,52.975,17.725,0.2,,,"VOUT_4|Pad CH_4-1(52.2mm,19.282mm) on L4 BOTTOM GND|Pad RG_4-2(53.4mm,18.35mm) on L4 BOTTOM GND",0
TRACK,R78:VOUT_4,VOUT_4,Bottom Layer,52.975,17.725,52.975,17.975,0.2,,,"VOUT_4|Pad CH_4-1(52.2mm,19.282mm) on L4 BOTTOM GND|Pad RG_4-2(53.4mm,18.35mm) on L4 BOTTOM GND",0
TRACK,R78:VOUT_4,VOUT_4,Bottom Layer,52.975,17.975,53.125,18.125,0.2,,,"VOUT_4|Pad CH_4-1(52.2mm,19.282mm) on L4 BOTTOM GND|Pad RG_4-2(53.4mm,18.35mm) on L4 BOTTOM GND",0
VIA,R78:VOUT_4,VOUT_4,Multi Layer,51.275,18.875,,,,0.6,0.3,"VOUT_4|Pad CH_4-1(52.2mm,19.282mm) on L4 BOTTOM GND|Pad RG_4-2(53.4mm,18.35mm) on L4 BOTTOM GND",0
VIA,R78:VOUT_4,VOUT_4,Multi Layer,52.975,17.725,,,,0.6,0.3,"VOUT_4|Pad CH_4-1(52.2mm,19.282mm) on L4 BOTTOM GND|Pad RG_4-2(53.4mm,18.35mm) on L4 BOTTOM GND",0
TRACK,R79:NetCH_4_2,NetCH_4_2,Bottom Layer,51.925,18.175,51.925,17.725,0.2,,,"NetCH_4_2|Pad CH_4-2(52.2mm,18.418mm) on L4 BOTTOM GND|Pad RG_4-1(53.4mm,19.35mm) on L4 BOTTOM GND",0
TRACK,R79:NetCH_4_2,NetCH_4_2,Top Layer,51.925,17.725,52.325,17.325,0.2,,,"NetCH_4_2|Pad CH_4-2(52.2mm,18.418mm) on L4 BOTTOM GND|Pad RG_4-1(53.4mm,19.35mm) on L4 BOTTOM GND",0
TRACK,R79:NetCH_4_2,NetCH_4_2,Top Layer,52.325,17.325,52.325,17.275,0.2,,,"NetCH_4_2|Pad CH_4-2(52.2mm,18.418mm) on L4 BOTTOM GND|Pad RG_4-1(53.4mm,19.35mm) on L4 BOTTOM GND",0
TRACK,R79:NetCH_4_2,NetCH_4_2,Top Layer,52.325,17.275,52.625,16.975,0.2,,,"NetCH_4_2|Pad CH_4-2(52.2mm,18.418mm) on L4 BOTTOM GND|Pad RG_4-1(53.4mm,19.35mm) on L4 BOTTOM GND",0
TRACK,R79:NetCH_4_2,NetCH_4_2,Top Layer,52.625,16.975,53.575,16.975,0.2,,,"NetCH_4_2|Pad CH_4-2(52.2mm,18.418mm) on L4 BOTTOM GND|Pad RG_4-1(53.4mm,19.35mm) on L4 BOTTOM GND",0
TRACK,R79:NetCH_4_2,NetCH_4_2,Top Layer,53.575,16.975,56.125,19.525,0.2,,,"NetCH_4_2|Pad CH_4-2(52.2mm,18.418mm) on L4 BOTTOM GND|Pad RG_4-1(53.4mm,19.35mm) on L4 BOTTOM GND",0
TRACK,R79:NetCH_4_2,NetCH_4_2,Top Layer,56.125,19.525,56.525,19.525,0.2,,,"NetCH_4_2|Pad CH_4-2(52.2mm,18.418mm) on L4 BOTTOM GND|Pad RG_4-1(53.4mm,19.35mm) on L4 BOTTOM GND",0
TRACK,R79:NetCH_4_2,NetCH_4_2,Bottom Layer,56.525,19.525,56.275,19.525,0.2,,,"NetCH_4_2|Pad CH_4-2(52.2mm,18.418mm) on L4 BOTTOM GND|Pad RG_4-1(53.4mm,19.35mm) on L4 BOTTOM GND",0
TRACK,R79:NetCH_4_2,NetCH_4_2,Bottom Layer,56.275,19.525,55.925,19.175,0.2,,,"NetCH_4_2|Pad CH_4-2(52.2mm,18.418mm) on L4 BOTTOM GND|Pad RG_4-1(53.4mm,19.35mm) on L4 BOTTOM GND",0
TRACK,R79:NetCH_4_2,NetCH_4_2,Bottom Layer,55.925,19.175,55.675,19.175,0.2,,,"NetCH_4_2|Pad CH_4-2(52.2mm,18.418mm) on L4 BOTTOM GND|Pad RG_4-1(53.4mm,19.35mm) on L4 BOTTOM GND",0
VIA,R79:NetCH_4_2,NetCH_4_2,Multi Layer,51.925,17.725,,,,0.6,0.3,"NetCH_4_2|Pad CH_4-2(52.2mm,18.418mm) on L4 BOTTOM GND|Pad RG_4-1(53.4mm,19.35mm) on L4 BOTTOM GND",0
VIA,R79:NetCH_4_2,NetCH_4_2,Multi Layer,56.525,19.525,,,,0.6,0.3,"NetCH_4_2|Pad CH_4-2(52.2mm,18.418mm) on L4 BOTTOM GND|Pad RG_4-1(53.4mm,19.35mm) on L4 BOTTOM GND",0
TRACK,R80:VOUT_2,VOUT_2,Bottom Layer,30.325,19.175,29.975,19.175,0.2,,,"VOUT_2|Pad CH_2-1(30.6mm,19.282mm) on L4 BOTTOM GND|Pad RG_2-2(31.8mm,18.35mm) on L4 BOTTOM GND",0
TRACK,R80:VOUT_2,VOUT_2,Bottom Layer,29.975,19.175,29.675,18.875,0.2,,,"VOUT_2|Pad CH_2-1(30.6mm,19.282mm) on L4 BOTTOM GND|Pad RG_2-2(31.8mm,18.35mm) on L4 BOTTOM GND",0
TRACK,R80:VOUT_2,VOUT_2,Top Layer,29.675,18.875,30.225,18.875,0.2,,,"VOUT_2|Pad CH_2-1(30.6mm,19.282mm) on L4 BOTTOM GND|Pad RG_2-2(31.8mm,18.35mm) on L4 BOTTOM GND",0
TRACK,R80:VOUT_2,VOUT_2,Top Layer,30.225,18.875,31.375,17.725,0.2,,,"VOUT_2|Pad CH_2-1(30.6mm,19.282mm) on L4 BOTTOM GND|Pad RG_2-2(31.8mm,18.35mm) on L4 BOTTOM GND",0
TRACK,R80:VOUT_2,VOUT_2,Bottom Layer,31.375,17.725,31.375,17.975,0.2,,,"VOUT_2|Pad CH_2-1(30.6mm,19.282mm) on L4 BOTTOM GND|Pad RG_2-2(31.8mm,18.35mm) on L4 BOTTOM GND",0
TRACK,R80:VOUT_2,VOUT_2,Bottom Layer,31.375,17.975,31.525,18.125,0.2,,,"VOUT_2|Pad CH_2-1(30.6mm,19.282mm) on L4 BOTTOM GND|Pad RG_2-2(31.8mm,18.35mm) on L4 BOTTOM GND",0
VIA,R80:VOUT_2,VOUT_2,Multi Layer,29.675,18.875,,,,0.6,0.3,"VOUT_2|Pad CH_2-1(30.6mm,19.282mm) on L4 BOTTOM GND|Pad RG_2-2(31.8mm,18.35mm) on L4 BOTTOM GND",0
VIA,R80:VOUT_2,VOUT_2,Multi Layer,31.375,17.725,,,,0.6,0.3,"VOUT_2|Pad CH_2-1(30.6mm,19.282mm) on L4 BOTTOM GND|Pad RG_2-2(31.8mm,18.35mm) on L4 BOTTOM GND",0
TRACK,R81:NetCH_2_2,NetCH_2_2,Bottom Layer,30.325,18.175,30.325,17.725,0.2,,,"NetCH_2_2|Pad CH_2-2(30.6mm,18.418mm) on L4 BOTTOM GND|Pad RG_2-1(31.8mm,19.35mm) on L4 BOTTOM GND",0
TRACK,R81:NetCH_2_2,NetCH_2_2,Top Layer,30.325,17.725,30.725,17.325,0.2,,,"NetCH_2_2|Pad CH_2-2(30.6mm,18.418mm) on L4 BOTTOM GND|Pad RG_2-1(31.8mm,19.35mm) on L4 BOTTOM GND",0
TRACK,R81:NetCH_2_2,NetCH_2_2,Top Layer,30.725,17.325,30.725,17.275,0.2,,,"NetCH_2_2|Pad CH_2-2(30.6mm,18.418mm) on L4 BOTTOM GND|Pad RG_2-1(31.8mm,19.35mm) on L4 BOTTOM GND",0
TRACK,R81:NetCH_2_2,NetCH_2_2,Top Layer,30.725,17.275,31.025,16.975,0.2,,,"NetCH_2_2|Pad CH_2-2(30.6mm,18.418mm) on L4 BOTTOM GND|Pad RG_2-1(31.8mm,19.35mm) on L4 BOTTOM GND",0
TRACK,R81:NetCH_2_2,NetCH_2_2,Top Layer,31.025,16.975,31.975,16.975,0.2,,,"NetCH_2_2|Pad CH_2-2(30.6mm,18.418mm) on L4 BOTTOM GND|Pad RG_2-1(31.8mm,19.35mm) on L4 BOTTOM GND",0
TRACK,R81:NetCH_2_2,NetCH_2_2,Top Layer,31.975,16.975,34.525,19.525,0.2,,,"NetCH_2_2|Pad CH_2-2(30.6mm,18.418mm) on L4 BOTTOM GND|Pad RG_2-1(31.8mm,19.35mm) on L4 BOTTOM GND",0
TRACK,R81:NetCH_2_2,NetCH_2_2,Top Layer,34.525,19.525,34.925,19.525,0.2,,,"NetCH_2_2|Pad CH_2-2(30.6mm,18.418mm) on L4 BOTTOM GND|Pad RG_2-1(31.8mm,19.35mm) on L4 BOTTOM GND",0
TRACK,R81:NetCH_2_2,NetCH_2_2,Bottom Layer,34.925,19.525,34.675,19.525,0.2,,,"NetCH_2_2|Pad CH_2-2(30.6mm,18.418mm) on L4 BOTTOM GND|Pad RG_2-1(31.8mm,19.35mm) on L4 BOTTOM GND",0
TRACK,R81:NetCH_2_2,NetCH_2_2,Bottom Layer,34.675,19.525,34.325,19.175,0.2,,,"NetCH_2_2|Pad CH_2-2(30.6mm,18.418mm) on L4 BOTTOM GND|Pad RG_2-1(31.8mm,19.35mm) on L4 BOTTOM GND",0
TRACK,R81:NetCH_2_2,NetCH_2_2,Bottom Layer,34.325,19.175,34.075,19.175,0.2,,,"NetCH_2_2|Pad CH_2-2(30.6mm,18.418mm) on L4 BOTTOM GND|Pad RG_2-1(31.8mm,19.35mm) on L4 BOTTOM GND",0
VIA,R81:NetCH_2_2,NetCH_2_2,Multi Layer,30.325,17.725,,,,0.6,0.3,"NetCH_2_2|Pad CH_2-2(30.6mm,18.418mm) on L4 BOTTOM GND|Pad RG_2-1(31.8mm,19.35mm) on L4 BOTTOM GND",0
VIA,R81:NetCH_2_2,NetCH_2_2,Multi Layer,34.925,19.525,,,,0.6,0.3,"NetCH_2_2|Pad CH_2-2(30.6mm,18.418mm) on L4 BOTTOM GND|Pad RG_2-1(31.8mm,19.35mm) on L4 BOTTOM GND",0
TRACK,R82:NetCH_1_2,NetCH_1_2,Bottom Layer,19.025,22.675,19.025,23.175,0.2,,,"NetCH_1_2|Pad RG_1-1(18.9mm,22.45mm) on L4 BOTTOM GND|Pad CH_1-2(20.1mm,21.518mm) on L4 BOTTOM GND",0
TRACK,R82:NetCH_1_2,NetCH_1_2,Top Layer,19.025,23.175,20.925,23.175,0.2,,,"NetCH_1_2|Pad RG_1-1(18.9mm,22.45mm) on L4 BOTTOM GND|Pad CH_1-2(20.1mm,21.518mm) on L4 BOTTOM GND",0
TRACK,R82:NetCH_1_2,NetCH_1_2,Top Layer,20.925,23.175,21.275,22.825,0.2,,,"NetCH_1_2|Pad RG_1-1(18.9mm,22.45mm) on L4 BOTTOM GND|Pad CH_1-2(20.1mm,21.518mm) on L4 BOTTOM GND",0
TRACK,R82:NetCH_1_2,NetCH_1_2,Top Layer,21.275,22.825,21.275,21.625,0.2,,,"NetCH_1_2|Pad RG_1-1(18.9mm,22.45mm) on L4 BOTTOM GND|Pad CH_1-2(20.1mm,21.518mm) on L4 BOTTOM GND",0
TRACK,R82:NetCH_1_2,NetCH_1_2,Top Layer,21.275,21.625,21.125,21.475,0.2,,,"NetCH_1_2|Pad RG_1-1(18.9mm,22.45mm) on L4 BOTTOM GND|Pad CH_1-2(20.1mm,21.518mm) on L4 BOTTOM GND",0
TRACK,R82:NetCH_1_2,NetCH_1_2,Bottom Layer,21.125,21.475,20.375,21.475,0.2,,,"NetCH_1_2|Pad RG_1-1(18.9mm,22.45mm) on L4 BOTTOM GND|Pad CH_1-2(20.1mm,21.518mm) on L4 BOTTOM GND",0
VIA,R82:NetCH_1_2,NetCH_1_2,Multi Layer,19.025,23.175,,,,0.6,0.3,"NetCH_1_2|Pad RG_1-1(18.9mm,22.45mm) on L4 BOTTOM GND|Pad CH_1-2(20.1mm,21.518mm) on L4 BOTTOM GND",0
VIA,R82:NetCH_1_2,NetCH_1_2,Multi Layer,21.125,21.475,,,,0.6,0.3,"NetCH_1_2|Pad RG_1-1(18.9mm,22.45mm) on L4 BOTTOM GND|Pad CH_1-2(20.1mm,21.518mm) on L4 BOTTOM GND",0
TRACK,R83:NetCH_3_2,NetCH_3_2,Bottom Layer,40.675,22.675,40.875,22.875,0.2,,,"NetCH_3_2|Pad RG_3-1(40.4mm,22.45mm) on L4 BOTTOM GND|Pad CH_3-2(41.6mm,21.518mm) on L4 BOTTOM GND",0
TRACK,R83:NetCH_3_2,NetCH_3_2,Bottom Layer,40.875,22.875,40.875,22.925,0.2,,,"NetCH_3_2|Pad RG_3-1(40.4mm,22.45mm) on L4 BOTTOM GND|Pad CH_3-2(41.6mm,21.518mm) on L4 BOTTOM GND",0
TRACK,R83:NetCH_3_2,NetCH_3_2,Bottom Layer,40.875,22.925,41.075,23.125,0.2,,,"NetCH_3_2|Pad RG_3-1(40.4mm,22.45mm) on L4 BOTTOM GND|Pad CH_3-2(41.6mm,21.518mm) on L4 BOTTOM GND",0
TRACK,R83:NetCH_3_2,NetCH_3_2,Bottom Layer,41.075,23.125,42.075,23.125,0.2,,,"NetCH_3_2|Pad RG_3-1(40.4mm,22.45mm) on L4 BOTTOM GND|Pad CH_3-2(41.6mm,21.518mm) on L4 BOTTOM GND",0
TRACK,R83:NetCH_3_2,NetCH_3_2,Bottom Layer,42.075,23.125,42.325,22.875,0.2,,,"NetCH_3_2|Pad RG_3-1(40.4mm,22.45mm) on L4 BOTTOM GND|Pad CH_3-2(41.6mm,21.518mm) on L4 BOTTOM GND",0
TRACK,R83:NetCH_3_2,NetCH_3_2,Bottom Layer,42.325,22.875,42.325,21.925,0.2,,,"NetCH_3_2|Pad RG_3-1(40.4mm,22.45mm) on L4 BOTTOM GND|Pad CH_3-2(41.6mm,21.518mm) on L4 BOTTOM GND",0
TRACK,R83:NetCH_3_2,NetCH_3_2,Bottom Layer,42.325,21.925,42.075,21.675,0.2,,,"NetCH_3_2|Pad RG_3-1(40.4mm,22.45mm) on L4 BOTTOM GND|Pad CH_3-2(41.6mm,21.518mm) on L4 BOTTOM GND",0
TRACK,R83:NetCH_3_2,NetCH_3_2,Bottom Layer,42.075,21.675,41.875,21.675,0.2,,,"NetCH_3_2|Pad RG_3-1(40.4mm,22.45mm) on L4 BOTTOM GND|Pad CH_3-2(41.6mm,21.518mm) on L4 BOTTOM GND",0
TRACK,R84:NetCH_5_2,NetCH_5_2,Bottom Layer,62.275,22.675,62.475,22.875,0.2,,,"NetCH_5_2|Pad RG_5-1(62mm,22.45mm) on L4 BOTTOM GND|Pad CH_5-2(63.2mm,21.518mm) on L4 BOTTOM GND",0
TRACK,R84:NetCH_5_2,NetCH_5_2,Bottom Layer,62.475,22.875,62.475,22.925,0.2,,,"NetCH_5_2|Pad RG_5-1(62mm,22.45mm) on L4 BOTTOM GND|Pad CH_5-2(63.2mm,21.518mm) on L4 BOTTOM GND",0
TRACK,R84:NetCH_5_2,NetCH_5_2,Bottom Layer,62.475,22.925,62.675,23.125,0.2,,,"NetCH_5_2|Pad RG_5-1(62mm,22.45mm) on L4 BOTTOM GND|Pad CH_5-2(63.2mm,21.518mm) on L4 BOTTOM GND",0
TRACK,R84:NetCH_5_2,NetCH_5_2,Bottom Layer,62.675,23.125,63.675,23.125,0.2,,,"NetCH_5_2|Pad RG_5-1(62mm,22.45mm) on L4 BOTTOM GND|Pad CH_5-2(63.2mm,21.518mm) on L4 BOTTOM GND",0
TRACK,R84:NetCH_5_2,NetCH_5_2,Bottom Layer,63.675,23.125,63.925,22.875,0.2,,,"NetCH_5_2|Pad RG_5-1(62mm,22.45mm) on L4 BOTTOM GND|Pad CH_5-2(63.2mm,21.518mm) on L4 BOTTOM GND",0
TRACK,R84:NetCH_5_2,NetCH_5_2,Bottom Layer,63.925,22.875,63.925,21.925,0.2,,,"NetCH_5_2|Pad RG_5-1(62mm,22.45mm) on L4 BOTTOM GND|Pad CH_5-2(63.2mm,21.518mm) on L4 BOTTOM GND",0
TRACK,R84:NetCH_5_2,NetCH_5_2,Bottom Layer,63.925,21.925,63.675,21.675,0.2,,,"NetCH_5_2|Pad RG_5-1(62mm,22.45mm) on L4 BOTTOM GND|Pad CH_5-2(63.2mm,21.518mm) on L4 BOTTOM GND",0
TRACK,R84:NetCH_5_2,NetCH_5_2,Bottom Layer,63.675,21.675,63.475,21.675,0.2,,,"NetCH_5_2|Pad RG_5-1(62mm,22.45mm) on L4 BOTTOM GND|Pad CH_5-2(63.2mm,21.518mm) on L4 BOTTOM GND",0
TRACK,R85:VOUT_1,VOUT_1,Bottom Layer,19.175,21.225,19.875,20.525,0.15,,,"VOUT_1|Pad RG_1-2(18.9mm,21.45mm) on L4 BOTTOM GND|Pad CH_1-1(20.1mm,22.382mm) on L4 BOTTOM GND",0
TRACK,R85:VOUT_1,VOUT_1,Bottom Layer,19.875,20.525,21.975,20.525,0.15,,,"VOUT_1|Pad RG_1-2(18.9mm,21.45mm) on L4 BOTTOM GND|Pad CH_1-1(20.1mm,22.382mm) on L4 BOTTOM GND",0
TRACK,R85:VOUT_1,VOUT_1,Bottom Layer,21.975,20.525,22.375,20.125,0.15,,,"VOUT_1|Pad RG_1-2(18.9mm,21.45mm) on L4 BOTTOM GND|Pad CH_1-1(20.1mm,22.382mm) on L4 BOTTOM GND",0
TRACK,R85:VOUT_1,VOUT_1,Top Layer,22.375,20.125,22.275,20.225,0.15,,,"VOUT_1|Pad RG_1-2(18.9mm,21.45mm) on L4 BOTTOM GND|Pad CH_1-1(20.1mm,22.382mm) on L4 BOTTOM GND",0
TRACK,R85:VOUT_1,VOUT_1,Top Layer,22.275,20.225,22.275,22.775,0.15,,,"VOUT_1|Pad RG_1-2(18.9mm,21.45mm) on L4 BOTTOM GND|Pad CH_1-1(20.1mm,22.382mm) on L4 BOTTOM GND",0
TRACK,R85:VOUT_1,VOUT_1,Top Layer,22.275,22.775,21.575,23.475,0.15,,,"VOUT_1|Pad RG_1-2(18.9mm,21.45mm) on L4 BOTTOM GND|Pad CH_1-1(20.1mm,22.382mm) on L4 BOTTOM GND",0
TRACK,R85:VOUT_1,VOUT_1,Bottom Layer,21.575,23.475,21.225,23.475,0.15,,,"VOUT_1|Pad RG_1-2(18.9mm,21.45mm) on L4 BOTTOM GND|Pad CH_1-1(20.1mm,22.382mm) on L4 BOTTOM GND",0
TRACK,R85:VOUT_1,VOUT_1,Bottom Layer,21.225,23.475,20.375,22.625,0.15,,,"VOUT_1|Pad RG_1-2(18.9mm,21.45mm) on L4 BOTTOM GND|Pad CH_1-1(20.1mm,22.382mm) on L4 BOTTOM GND",0
VIA,R85:VOUT_1,VOUT_1,Multi Layer,22.375,20.125,,,,0.45,0.2,"VOUT_1|Pad RG_1-2(18.9mm,21.45mm) on L4 BOTTOM GND|Pad CH_1-1(20.1mm,22.382mm) on L4 BOTTOM GND",0
VIA,R85:VOUT_1,VOUT_1,Multi Layer,21.575,23.475,,,,0.45,0.2,"VOUT_1|Pad RG_1-2(18.9mm,21.45mm) on L4 BOTTOM GND|Pad CH_1-1(20.1mm,22.382mm) on L4 BOTTOM GND",0
TRACK,R86:VOUT_3,VOUT_3,Bottom Layer,40.675,21.675,40.925,21.925,0.15,,,"VOUT_3|Pad RG_3-2(40.4mm,21.45mm) on L4 BOTTOM GND|Pad CH_3-1(41.6mm,22.382mm) on L4 BOTTOM GND",1
TRACK,R86:VOUT_3,VOUT_3,Bottom Layer,40.925,21.925,40.925,21.975,0.15,,,"VOUT_3|Pad RG_3-2(40.4mm,21.45mm) on L4 BOTTOM GND|Pad CH_3-1(41.6mm,22.382mm) on L4 BOTTOM GND",1
TRACK,R86:VOUT_3,VOUT_3,Bottom Layer,40.925,21.975,40.975,21.975,0.15,,,"VOUT_3|Pad RG_3-2(40.4mm,21.45mm) on L4 BOTTOM GND|Pad CH_3-1(41.6mm,22.382mm) on L4 BOTTOM GND",1
TRACK,R86:VOUT_3,VOUT_3,Bottom Layer,40.975,21.975,40.975,22.075,0.15,,,"VOUT_3|Pad RG_3-2(40.4mm,21.45mm) on L4 BOTTOM GND|Pad CH_3-1(41.6mm,22.382mm) on L4 BOTTOM GND",1
TRACK,R86:VOUT_3,VOUT_3,Bottom Layer,40.975,22.075,41.025,22.075,0.15,,,"VOUT_3|Pad RG_3-2(40.4mm,21.45mm) on L4 BOTTOM GND|Pad CH_3-1(41.6mm,22.382mm) on L4 BOTTOM GND",1
TRACK,R86:VOUT_3,VOUT_3,Bottom Layer,41.025,22.075,41.025,22.125,0.15,,,"VOUT_3|Pad RG_3-2(40.4mm,21.45mm) on L4 BOTTOM GND|Pad CH_3-1(41.6mm,22.382mm) on L4 BOTTOM GND",1
TRACK,R86:VOUT_3,VOUT_3,Bottom Layer,41.025,22.125,41.125,22.225,0.15,,,"VOUT_3|Pad RG_3-2(40.4mm,21.45mm) on L4 BOTTOM GND|Pad CH_3-1(41.6mm,22.382mm) on L4 BOTTOM GND",1
TRACK,R86:VOUT_3,VOUT_3,Bottom Layer,41.125,22.225,41.325,22.225,0.15,,,"VOUT_3|Pad RG_3-2(40.4mm,21.45mm) on L4 BOTTOM GND|Pad CH_3-1(41.6mm,22.382mm) on L4 BOTTOM GND",1
TRACK,R87:VOUT_5,VOUT_5,Bottom Layer,62.275,21.675,62.525,21.925,0.15,,,"VOUT_5|Pad RG_5-2(62mm,21.45mm) on L4 BOTTOM GND|Pad CH_5-1(63.2mm,22.382mm) on L4 BOTTOM GND",1
TRACK,R87:VOUT_5,VOUT_5,Bottom Layer,62.525,21.925,62.525,21.975,0.15,,,"VOUT_5|Pad RG_5-2(62mm,21.45mm) on L4 BOTTOM GND|Pad CH_5-1(63.2mm,22.382mm) on L4 BOTTOM GND",1
TRACK,R87:VOUT_5,VOUT_5,Bottom Layer,62.525,21.975,62.575,21.975,0.15,,,"VOUT_5|Pad RG_5-2(62mm,21.45mm) on L4 BOTTOM GND|Pad CH_5-1(63.2mm,22.382mm) on L4 BOTTOM GND",1
TRACK,R87:VOUT_5,VOUT_5,Bottom Layer,62.575,21.975,62.575,22.075,0.15,,,"VOUT_5|Pad RG_5-2(62mm,21.45mm) on L4 BOTTOM GND|Pad CH_5-1(63.2mm,22.382mm) on L4 BOTTOM GND",1
TRACK,R87:VOUT_5,VOUT_5,Bottom Layer,62.575,22.075,62.625,22.075,0.15,,,"VOUT_5|Pad RG_5-2(62mm,21.45mm) on L4 BOTTOM GND|Pad CH_5-1(63.2mm,22.382mm) on L4 BOTTOM GND",1
TRACK,R87:VOUT_5,VOUT_5,Bottom Layer,62.625,22.075,62.625,22.125,0.15,,,"VOUT_5|Pad RG_5-2(62mm,21.45mm) on L4 BOTTOM GND|Pad CH_5-1(63.2mm,22.382mm) on L4 BOTTOM GND",1
TRACK,R87:VOUT_5,VOUT_5,Bottom Layer,62.625,22.125,62.725,22.225,0.15,,,"VOUT_5|Pad RG_5-2(62mm,21.45mm) on L4 BOTTOM GND|Pad CH_5-1(63.2mm,22.382mm) on L4 BOTTOM GND",1
TRACK,R87:VOUT_5,VOUT_5,Bottom Layer,62.725,22.225,62.925,22.225,0.15,,,"VOUT_5|Pad RG_5-2(62mm,21.45mm) on L4 BOTTOM GND|Pad CH_5-1(63.2mm,22.382mm) on L4 BOTTOM GND",1
TRACK,R88:NetINA4_7,NetINA4_7,Top Layer,50.775,21.075,50.775,21.325,0.2,,,"NetINA4_7|Pad INA4-7(50.775mm,20.55mm) on L1 TOP|Pad RL_4-1(51.8mm,21.7mm) on L1 TOP",0
TRACK,R88:NetINA4_7,NetINA4_7,Top Layer,50.775,21.325,51.125,21.675,0.2,,,"NetINA4_7|Pad INA4-7(50.775mm,20.55mm) on L1 TOP|Pad RL_4-1(51.8mm,21.7mm) on L1 TOP",0
TRACK,R88:NetINA4_7,NetINA4_7,Top Layer,51.125,21.675,51.575,21.675,0.2,,,"NetINA4_7|Pad INA4-7(50.775mm,20.55mm) on L1 TOP|Pad RL_4-1(51.8mm,21.7mm) on L1 TOP",0
TRACK,R89:NetCH_3_2,NetCH_3_2,Bottom Layer,38.125,21.775,37.625,21.775,0.2,,,"NetCH_3_2|Pad U2-9(38.95mm,21.7mm) on L4 BOTTOM GND|Pad RG_3-1(40.4mm,22.45mm) on L4 BOTTOM GND",0
TRACK,R89:NetCH_3_2,NetCH_3_2,Top Layer,37.625,21.775,39.375,23.525,0.2,,,"NetCH_3_2|Pad U2-9(38.95mm,21.7mm) on L4 BOTTOM GND|Pad RG_3-1(40.4mm,22.45mm) on L4 BOTTOM GND",0
TRACK,R89:NetCH_3_2,NetCH_3_2,Top Layer,39.375,23.525,39.425,23.525,0.2,,,"NetCH_3_2|Pad U2-9(38.95mm,21.7mm) on L4 BOTTOM GND|Pad RG_3-1(40.4mm,22.45mm) on L4 BOTTOM GND",0
TRACK,R89:NetCH_3_2,NetCH_3_2,Bottom Layer,39.425,23.525,40.275,22.675,0.2,,,"NetCH_3_2|Pad U2-9(38.95mm,21.7mm) on L4 BOTTOM GND|Pad RG_3-1(40.4mm,22.45mm) on L4 BOTTOM GND",0
VIA,R89:NetCH_3_2,NetCH_3_2,Multi Layer,37.625,21.775,,,,0.6,0.3,"NetCH_3_2|Pad U2-9(38.95mm,21.7mm) on L4 BOTTOM GND|Pad RG_3-1(40.4mm,22.45mm) on L4 BOTTOM GND",0
VIA,R89:NetCH_3_2,NetCH_3_2,Multi Layer,39.425,23.525,,,,0.6,0.3,"NetCH_3_2|Pad U2-9(38.95mm,21.7mm) on L4 BOTTOM GND|Pad RG_3-1(40.4mm,22.45mm) on L4 BOTTOM GND",0
TRACK,R90:NetCH_1_2,NetCH_1_2,Bottom Layer,16.625,21.775,16.125,21.775,0.2,,,"NetCH_1_2|Pad U1-2(17.45mm,21.7mm) on L4 BOTTOM GND|Pad RG_1-1(18.9mm,22.45mm) on L4 BOTTOM GND",0
TRACK,R90:NetCH_1_2,NetCH_1_2,Top Layer,16.125,21.775,16.225,21.775,0.2,,,"NetCH_1_2|Pad U1-2(17.45mm,21.7mm) on L4 BOTTOM GND|Pad RG_1-1(18.9mm,22.45mm) on L4 BOTTOM GND",0
TRACK,R90:NetCH_1_2,NetCH_1_2,Top Layer,16.225,21.775,17.375,22.925,0.2,,,"NetCH_1_2|Pad U1-2(17.45mm,21.7mm) on L4 BOTTOM GND|Pad RG_1-1(18.9mm,22.45mm) on L4 BOTTOM GND",0
TRACK,R90:NetCH_1_2,NetCH_1_2,Top Layer,17.375,22.925,18.875,22.925,0.2,,,"NetCH_1_2|Pad U1-2(17.45mm,21.7mm) on L4 BOTTOM GND|Pad RG_1-1(18.9mm,22.45mm) on L4 BOTTOM GND",0
VIA,R90:NetCH_1_2,NetCH_1_2,Multi Layer,16.125,21.775,,,,0.6,0.3,"NetCH_1_2|Pad U1-2(17.45mm,21.7mm) on L4 BOTTOM GND|Pad RG_1-1(18.9mm,22.45mm) on L4 BOTTOM GND",0
TRACK,R91:NetCH_5_2,NetCH_5_2,Bottom Layer,59.725,21.775,59.225,21.775,0.2,,,"NetCH_5_2|Pad U3-9(60.55mm,21.7mm) on L4 BOTTOM GND|Pad RG_5-1(62mm,22.45mm) on L4 BOTTOM GND",0
TRACK,R91:NetCH_5_2,NetCH_5_2,Top Layer,59.225,21.775,60.975,23.525,0.2,,,"NetCH_5_2|Pad U3-9(60.55mm,21.7mm) on L4 BOTTOM GND|Pad RG_5-1(62mm,22.45mm) on L4 BOTTOM GND",0
TRACK,R91:NetCH_5_2,NetCH_5_2,Top Layer,60.975,23.525,61.025,23.525,0.2,,,"NetCH_5_2|Pad U3-9(60.55mm,21.7mm) on L4 BOTTOM GND|Pad RG_5-1(62mm,22.45mm) on L4 BOTTOM GND",0
TRACK,R91:NetCH_5_2,NetCH_5_2,Bottom Layer,61.025,23.525,61.875,22.675,0.2,,,"NetCH_5_2|Pad U3-9(60.55mm,21.7mm) on L4 BOTTOM GND|Pad RG_5-1(62mm,22.45mm) on L4 BOTTOM GND",0
VIA,R91:NetCH_5_2,NetCH_5_2,Multi Layer,59.225,21.775,,,,0.6,0.3,"NetCH_5_2|Pad U3-9(60.55mm,21.7mm) on L4 BOTTOM GND|Pad RG_5-1(62mm,22.45mm) on L4 BOTTOM GND",0
VIA,R91:NetCH_5_2,NetCH_5_2,Multi Layer,61.025,23.525,,,,0.6,0.3,"NetCH_5_2|Pad U3-9(60.55mm,21.7mm) on L4 BOTTOM GND|Pad RG_5-1(62mm,22.45mm) on L4 BOTTOM GND",0
TRACK,R92:VREF_B_SRC,VREF_B_SRC,Bottom Layer,12.575,21.725,13.025,21.725,0.2,,,"VREF_B_SRC|Pad U1-13(11.75mm,21.7mm) on L4 BOTTOM GND|Pad Free-TP_VREF_B_SRC(12.5mm,20.2mm) on L1 TOP",0
TRACK,R92:VREF_B_SRC,VREF_B_SRC,Top Layer,13.025,21.725,13.025,21.025,0.2,,,"VREF_B_SRC|Pad U1-13(11.75mm,21.7mm) on L4 BOTTOM GND|Pad Free-TP_VREF_B_SRC(12.5mm,20.2mm) on L1 TOP",0
TRACK,R92:VREF_B_SRC,VREF_B_SRC,Top Layer,13.025,21.025,12.675,20.675,0.2,,,"VREF_B_SRC|Pad U1-13(11.75mm,21.7mm) on L4 BOTTOM GND|Pad Free-TP_VREF_B_SRC(12.5mm,20.2mm) on L1 TOP",0
VIA,R92:VREF_B_SRC,VREF_B_SRC,Multi Layer,13.025,21.725,,,,0.6,0.3,"VREF_B_SRC|Pad U1-13(11.75mm,21.7mm) on L4 BOTTOM GND|Pad Free-TP_VREF_B_SRC(12.5mm,20.2mm) on L1 TOP",0
TRACK,R93:ADC_EMG2,ADC_EMG2,Top Layer,47.675,28.825,47.675,29.075,0.15,,,"ADC_EMG2|Pad R_ADC2-2(49.08mm,28.885mm) on L1 TOP|Pad U_MCU1-24(50.342mm,30mm) on L1 TOP [Unplated]",0
TRACK,R93:ADC_EMG2,ADC_EMG2,Top Layer,47.675,29.075,47.475,29.275,0.15,,,"ADC_EMG2|Pad R_ADC2-2(49.08mm,28.885mm) on L1 TOP|Pad U_MCU1-24(50.342mm,30mm) on L1 TOP [Unplated]",0
TRACK,R93:ADC_EMG2,ADC_EMG2,Top Layer,47.475,29.275,46.275,29.275,0.15,,,"ADC_EMG2|Pad R_ADC2-2(49.08mm,28.885mm) on L1 TOP|Pad U_MCU1-24(50.342mm,30mm) on L1 TOP [Unplated]",0
TRACK,R93:ADC_EMG2,ADC_EMG2,Top Layer,46.275,29.275,45.925,28.925,0.15,,,"ADC_EMG2|Pad R_ADC2-2(49.08mm,28.885mm) on L1 TOP|Pad U_MCU1-24(50.342mm,30mm) on L1 TOP [Unplated]",0
TRACK,R93:ADC_EMG2,ADC_EMG2,Top Layer,45.925,28.925,45.925,28.875,0.15,,,"ADC_EMG2|Pad R_ADC2-2(49.08mm,28.885mm) on L1 TOP|Pad U_MCU1-24(50.342mm,30mm) on L1 TOP [Unplated]",0
TRACK,R93:ADC_EMG2,ADC_EMG2,Mid Layer 2,45.925,28.875,48.6045,28.875,0.15,,,"ADC_EMG2|Pad R_ADC2-2(49.08mm,28.885mm) on L1 TOP|Pad U_MCU1-24(50.342mm,30mm) on L1 TOP [Unplated]",0
TRACK,R93:ADC_EMG2,ADC_EMG2,Mid Layer 2,48.6045,28.875,50.975,28.875,0.15,,,"ADC_EMG2|Pad R_ADC2-2(49.08mm,28.885mm) on L1 TOP|Pad U_MCU1-24(50.342mm,30mm) on L1 TOP [Unplated]",0
TRACK,R93:ADC_EMG2,ADC_EMG2,Mid Layer 2,50.975,28.875,51.025,28.825,0.15,,,"ADC_EMG2|Pad R_ADC2-2(49.08mm,28.885mm) on L1 TOP|Pad U_MCU1-24(50.342mm,30mm) on L1 TOP [Unplated]",0
TRACK,R93:ADC_EMG2,ADC_EMG2,Top Layer,51.025,28.825,51.375,29.175,0.15,,,"ADC_EMG2|Pad R_ADC2-2(49.08mm,28.885mm) on L1 TOP|Pad U_MCU1-24(50.342mm,30mm) on L1 TOP [Unplated]",0
TRACK,R93:ADC_EMG2,ADC_EMG2,Top Layer,51.375,29.175,51.375,29.875,0.15,,,"ADC_EMG2|Pad R_ADC2-2(49.08mm,28.885mm) on L1 TOP|Pad U_MCU1-24(50.342mm,30mm) on L1 TOP [Unplated]",0
TRACK,R93:ADC_EMG2,ADC_EMG2,Top Layer,51.375,29.875,51.275,29.975,0.15,,,"ADC_EMG2|Pad R_ADC2-2(49.08mm,28.885mm) on L1 TOP|Pad U_MCU1-24(50.342mm,30mm) on L1 TOP [Unplated]",0
TRACK,R93:ADC_EMG2,ADC_EMG2,Top Layer,51.275,29.975,51.025,29.975,0.15,,,"ADC_EMG2|Pad R_ADC2-2(49.08mm,28.885mm) on L1 TOP|Pad U_MCU1-24(50.342mm,30mm) on L1 TOP [Unplated]",0
VIA,R93:ADC_EMG2,ADC_EMG2,Multi Layer,45.925,28.875,,,,0.45,0.2,"ADC_EMG2|Pad R_ADC2-2(49.08mm,28.885mm) on L1 TOP|Pad U_MCU1-24(50.342mm,30mm) on L1 TOP [Unplated]",0
VIA,R93:ADC_EMG2,ADC_EMG2,Multi Layer,51.025,28.825,,,,0.45,0.2,"ADC_EMG2|Pad R_ADC2-2(49.08mm,28.885mm) on L1 TOP|Pad U_MCU1-24(50.342mm,30mm) on L1 TOP [Unplated]",0
TRACK,R94:VREF_B_SRC,VREF_B_SRC,Bottom Layer,13.925,15.175,14.225,15.175,0.2,,,"VREF_B_SRC|Pad R_ref-2(13.7mm,15.4mm) on L4 BOTTOM GND|Pad U_DRL1-3(14.75mm,14.08mm) on L4 BOTTOM GND",0
TRACK,R94:VREF_B_SRC,VREF_B_SRC,Bottom Layer,14.225,15.175,14.475,14.925,0.2,,,"VREF_B_SRC|Pad R_ref-2(13.7mm,15.4mm) on L4 BOTTOM GND|Pad U_DRL1-3(14.75mm,14.08mm) on L4 BOTTOM GND",0
TRACK,R94:VREF_B_SRC,VREF_B_SRC,Bottom Layer,14.475,14.925,14.475,14.625,0.2,,,"VREF_B_SRC|Pad R_ref-2(13.7mm,15.4mm) on L4 BOTTOM GND|Pad U_DRL1-3(14.75mm,14.08mm) on L4 BOTTOM GND",0
TRACK,R95:VOUT_3,VOUT_3,Bottom Layer,38.125,22.475,37.675,22.925,0.2,,,"VOUT_3|Pad U2-8(38.95mm,22.35mm) on L4 BOTTOM GND|Pad RG_3-2(40.4mm,21.45mm) on L4 BOTTOM GND",0
TRACK,R95:VOUT_3,VOUT_3,Mid Layer 2,37.675,22.925,41.125,19.475,0.2,,,"VOUT_3|Pad U2-8(38.95mm,22.35mm) on L4 BOTTOM GND|Pad RG_3-2(40.4mm,21.45mm) on L4 BOTTOM GND",0
TRACK,R95:VOUT_3,VOUT_3,Mid Layer 2,41.125,19.475,41.125,19.375,0.2,,,"VOUT_3|Pad U2-8(38.95mm,22.35mm) on L4 BOTTOM GND|Pad RG_3-2(40.4mm,21.45mm) on L4 BOTTOM GND",0
TRACK,R95:VOUT_3,VOUT_3,Bottom Layer,41.125,19.375,41.125,20.775,0.2,,,"VOUT_3|Pad U2-8(38.95mm,22.35mm) on L4 BOTTOM GND|Pad RG_3-2(40.4mm,21.45mm) on L4 BOTTOM GND",0
TRACK,R95:VOUT_3,VOUT_3,Bottom Layer,41.125,20.775,40.675,21.225,0.2,,,"VOUT_3|Pad U2-8(38.95mm,22.35mm) on L4 BOTTOM GND|Pad RG_3-2(40.4mm,21.45mm) on L4 BOTTOM GND",0
VIA,R95:VOUT_3,VOUT_3,Multi Layer,37.675,22.925,,,,0.6,0.3,"VOUT_3|Pad U2-8(38.95mm,22.35mm) on L4 BOTTOM GND|Pad RG_3-2(40.4mm,21.45mm) on L4 BOTTOM GND",0
VIA,R95:VOUT_3,VOUT_3,Multi Layer,41.125,19.375,,,,0.6,0.3,"VOUT_3|Pad U2-8(38.95mm,22.35mm) on L4 BOTTOM GND|Pad RG_3-2(40.4mm,21.45mm) on L4 BOTTOM GND",0
TRACK,R96:VOUT_1,VOUT_1,Bottom Layer,18.125,22.525,18.125,23.725,0.2,,,"VOUT_1|Pad U1-1(17.45mm,22.35mm) on L4 BOTTOM GND|Pad RG_1-2(18.9mm,21.45mm) on L4 BOTTOM GND",0
TRACK,R96:VOUT_1,VOUT_1,Top Layer,18.125,23.725,18.425,23.725,0.2,,,"VOUT_1|Pad U1-1(17.45mm,22.35mm) on L4 BOTTOM GND|Pad RG_1-2(18.9mm,21.45mm) on L4 BOTTOM GND",0
TRACK,R96:VOUT_1,VOUT_1,Top Layer,18.425,23.725,18.675,23.975,0.2,,,"VOUT_1|Pad U1-1(17.45mm,22.35mm) on L4 BOTTOM GND|Pad RG_1-2(18.9mm,21.45mm) on L4 BOTTOM GND",0
TRACK,R96:VOUT_1,VOUT_1,Top Layer,18.675,23.975,20.925,23.975,0.2,,,"VOUT_1|Pad U1-1(17.45mm,22.35mm) on L4 BOTTOM GND|Pad RG_1-2(18.9mm,21.45mm) on L4 BOTTOM GND",0
TRACK,R96:VOUT_1,VOUT_1,Top Layer,20.925,23.975,21.375,23.525,0.2,,,"VOUT_1|Pad U1-1(17.45mm,22.35mm) on L4 BOTTOM GND|Pad RG_1-2(18.9mm,21.45mm) on L4 BOTTOM GND",0
VIA,R96:VOUT_1,VOUT_1,Multi Layer,18.125,23.725,,,,0.6,0.3,"VOUT_1|Pad U1-1(17.45mm,22.35mm) on L4 BOTTOM GND|Pad RG_1-2(18.9mm,21.45mm) on L4 BOTTOM GND",0
TRACK,R97:VOUT_5,VOUT_5,Bottom Layer,59.725,22.475,59.275,22.925,0.2,,,"VOUT_5|Pad U3-8(60.55mm,22.35mm) on L4 BOTTOM GND|Pad RG_5-2(62mm,21.45mm) on L4 BOTTOM GND",0
TRACK,R97:VOUT_5,VOUT_5,Mid Layer 2,59.275,22.925,62.725,19.475,0.2,,,"VOUT_5|Pad U3-8(60.55mm,22.35mm) on L4 BOTTOM GND|Pad RG_5-2(62mm,21.45mm) on L4 BOTTOM GND",0
TRACK,R97:VOUT_5,VOUT_5,Mid Layer 2,62.725,19.475,62.725,19.375,0.2,,,"VOUT_5|Pad U3-8(60.55mm,22.35mm) on L4 BOTTOM GND|Pad RG_5-2(62mm,21.45mm) on L4 BOTTOM GND",0
TRACK,R97:VOUT_5,VOUT_5,Bottom Layer,62.725,19.375,62.725,20.775,0.2,,,"VOUT_5|Pad U3-8(60.55mm,22.35mm) on L4 BOTTOM GND|Pad RG_5-2(62mm,21.45mm) on L4 BOTTOM GND",0
TRACK,R97:VOUT_5,VOUT_5,Bottom Layer,62.725,20.775,62.275,21.225,0.2,,,"VOUT_5|Pad U3-8(60.55mm,22.35mm) on L4 BOTTOM GND|Pad RG_5-2(62mm,21.45mm) on L4 BOTTOM GND",0
VIA,R97:VOUT_5,VOUT_5,Multi Layer,59.275,22.925,,,,0.6,0.3,"VOUT_5|Pad U3-8(60.55mm,22.35mm) on L4 BOTTOM GND|Pad RG_5-2(62mm,21.45mm) on L4 BOTTOM GND",0
VIA,R97:VOUT_5,VOUT_5,Multi Layer,62.725,19.375,,,,0.6,0.3,"VOUT_5|Pad U3-8(60.55mm,22.35mm) on L4 BOTTOM GND|Pad RG_5-2(62mm,21.45mm) on L4 BOTTOM GND",0
TRACK,R98:INA_OUT_4,INA_OUT_4,Top Layer,48.925,21.475,48.925,21.225,0.2,,,"INA_OUT_4|Pad RH_4-1(48.821mm,21.75mm) on L1 TOP|Pad INA4-8(50.125mm,20.55mm) on L1 TOP",0
TRACK,R98:INA_OUT_4,INA_OUT_4,Top Layer,48.925,21.225,49.575,20.575,0.2,,,"INA_OUT_4|Pad RH_4-1(48.821mm,21.75mm) on L1 TOP|Pad INA4-8(50.125mm,20.55mm) on L1 TOP",0
TRACK,R98:INA_OUT_4,INA_OUT_4,Top Layer,49.575,20.575,49.975,20.575,0.2,,,"INA_OUT_4|Pad RH_4-1(48.821mm,21.75mm) on L1 TOP|Pad INA4-8(50.125mm,20.55mm) on L1 TOP",0
TRACK,R99:NetINA4_3,NetINA4_3,Top Layer,57.375,17.025,57.375,18.375,0.2,,,"NetINA4_3|Pad RDD10-2(57.412mm,16.8mm) on L1 TOP|Pad RDD12-2(57.412mm,18.6mm) on L1 TOP",0
TRACK,R100:NetINA1_3,NetINA1_3,Top Layer,24.975,17.025,24.975,18.375,0.2,,,"NetINA1_3|Pad RDD1-2(25.012mm,16.8mm) on L1 TOP|Pad RDD3-2(25.012mm,18.6mm) on L1 TOP",0
TRACK,R101:NetINA5_3,NetINA5_3,Top Layer,67.775,17.025,67.775,18.375,0.2,,,"NetINA5_3|Pad RDD13-2(67.812mm,16.8mm) on L1 TOP|Pad RDD15-2(67.812mm,18.6mm) on L1 TOP",0
TRACK,R102:NetINA2_3,NetINA2_3,Top Layer,35.775,17.025,35.775,18.375,0.2,,,"NetINA2_3|Pad RDD4-2(35.812mm,16.8mm) on L1 TOP|Pad RDD6-2(35.812mm,18.6mm) on L1 TOP",0
TRACK,R103:NetINA3_3,NetINA3_3,Top Layer,46.575,17.025,46.575,18.375,0.2,,,"NetINA3_3|Pad RDD7-2(46.612mm,16.8mm) on L1 TOP|Pad RDD9-2(46.612mm,18.6mm) on L1 TOP",0
TRACK,R104:NetCH_1_2,NetCH_1_2,Bottom Layer,21.375,21.475,21.625,21.475,0.2,,,"NetCH_1_2|Pad CH_1-2(20.1mm,21.518mm) on L4 BOTTOM GND|Pad RGN_1-2(21.9mm,21.45mm) on L4 BOTTOM GND",0
TRACK,R105:NetCH_3_2,NetCH_3_2,Bottom Layer,42.375,21.875,42.575,21.675,0.2,,,"NetCH_3_2|Pad CH_3-2(41.6mm,21.518mm) on L4 BOTTOM GND|Pad RGN_3-2(43.4mm,21.45mm) on L4 BOTTOM GND",0
TRACK,R105:NetCH_3_2,NetCH_3_2,Bottom Layer,42.575,21.675,43.125,21.675,0.2,,,"NetCH_3_2|Pad CH_3-2(41.6mm,21.518mm) on L4 BOTTOM GND|Pad RGN_3-2(43.4mm,21.45mm) on L4 BOTTOM GND",0
TRACK,R106:NetCH_5_2,NetCH_5_2,Bottom Layer,63.975,21.875,64.175,21.675,0.2,,,"NetCH_5_2|Pad CH_5-2(63.2mm,21.518mm) on L4 BOTTOM GND|Pad RGN_5-2(65mm,21.45mm) on L4 BOTTOM GND",0
TRACK,R106:NetCH_5_2,NetCH_5_2,Bottom Layer,64.175,21.675,64.725,21.675,0.2,,,"NetCH_5_2|Pad CH_5-2(63.2mm,21.518mm) on L4 BOTTOM GND|Pad RGN_5-2(65mm,21.45mm) on L4 BOTTOM GND",0
TRACK,R107:NetCH_2_2,NetCH_2_2,Bottom Layer,29.075,18.125,29.775,18.125,0.2,,,"NetCH_2_2|Pad RGN_2-2(28.8mm,18.35mm) on L4 BOTTOM GND|Pad CH_2-2(30.6mm,18.418mm) on L4 BOTTOM GND",0
TRACK,R107:NetCH_2_2,NetCH_2_2,Bottom Layer,29.775,18.125,30.025,17.875,0.2,,,"NetCH_2_2|Pad RGN_2-2(28.8mm,18.35mm) on L4 BOTTOM GND|Pad CH_2-2(30.6mm,18.418mm) on L4 BOTTOM GND",0
TRACK,R108:NetCH_4_2,NetCH_4_2,Bottom Layer,50.675,18.125,51.375,18.125,0.2,,,"NetCH_4_2|Pad RGN_4-2(50.4mm,18.35mm) on L4 BOTTOM GND|Pad CH_4-2(52.2mm,18.418mm) on L4 BOTTOM GND",0
TRACK,R108:NetCH_4_2,NetCH_4_2,Bottom Layer,51.375,18.125,51.625,17.875,0.2,,,"NetCH_4_2|Pad RGN_4-2(50.4mm,18.35mm) on L4 BOTTOM GND|Pad CH_4-2(52.2mm,18.418mm) on L4 BOTTOM GND",0
TRACK,R109:VDiv,VDiv,Bottom Layer,14.825,24.525,15.225,24.125,0.2,,,"VDiv|Pad RV2-2(14.6mm,24.8mm) on L4 BOTTOM GND|Pad Cdiv_1-2(16.479mm,24.8mm) on L4 BOTTOM GND",0
TRACK,R109:VDiv,VDiv,Bottom Layer,15.225,24.125,16.175,24.125,0.2,,,"VDiv|Pad RV2-2(14.6mm,24.8mm) on L4 BOTTOM GND|Pad Cdiv_1-2(16.479mm,24.8mm) on L4 BOTTOM GND",0
TRACK,R109:VDiv,VDiv,Bottom Layer,16.175,24.125,16.425,24.375,0.2,,,"VDiv|Pad RV2-2(14.6mm,24.8mm) on L4 BOTTOM GND|Pad Cdiv_1-2(16.479mm,24.8mm) on L4 BOTTOM GND",0
TRACK,R109:VDiv,VDiv,Bottom Layer,16.425,24.375,16.425,24.625,0.2,,,"VDiv|Pad RV2-2(14.6mm,24.8mm) on L4 BOTTOM GND|Pad Cdiv_1-2(16.479mm,24.8mm) on L4 BOTTOM GND",0
TRACK,R110:ADC_EMG4,ADC_EMG4,Top Layer,52.025,26.275,52.025,27.075,0.2,,,"ADC_EMG4|Pad C_ADC4-1(51.68mm,25.877mm) on L1 TOP|Pad U_MCU1-26(52.08mm,27.762mm) on L1 TOP [Unplated]",0
TRACK,R111:NetINA4_7,NetINA4_7,Top Layer,50.075,21.575,50.825,21.575,0.2,,,"NetINA4_7|Pad RH_4-2(49.779mm,21.75mm) on L1 TOP|Pad RL_4-1(51.8mm,21.7mm) on L1 TOP",0
TRACK,R112:VDiv,VDiv,Bottom Layer,14.275,26.175,14.275,25.175,0.2,,,"VDiv|Pad Cdiv_10uF-2(13.95mm,26.8mm) on L4 BOTTOM GND|Pad RV2-2(14.6mm,24.8mm) on L4 BOTTOM GND",0
TRACK,R112:VDiv,VDiv,Bottom Layer,14.275,25.175,14.375,25.075,0.2,,,"VDiv|Pad Cdiv_10uF-2(13.95mm,26.8mm) on L4 BOTTOM GND|Pad RV2-2(14.6mm,24.8mm) on L4 BOTTOM GND",0
TRACK,R113:VREF_A,VREF_A,Top Layer,53.025,21.425,55.675,21.425,0.2,,,"VREF_A|Pad RL_4-2(52.8mm,21.7mm) on L1 TOP|Pad U3-5(54.85mm,21.05mm) on L4 BOTTOM GND",0
TRACK,R113:VREF_A,VREF_A,Top Layer,55.675,21.425,56.125,20.975,0.2,,,"VREF_A|Pad RL_4-2(52.8mm,21.7mm) on L1 TOP|Pad U3-5(54.85mm,21.05mm) on L4 BOTTOM GND",0
TRACK,R113:VREF_A,VREF_A,Bottom Layer,56.125,20.975,56.075,20.925,0.2,,,"VREF_A|Pad RL_4-2(52.8mm,21.7mm) on L1 TOP|Pad U3-5(54.85mm,21.05mm) on L4 BOTTOM GND",0
VIA,R113:VREF_A,VREF_A,Multi Layer,56.125,20.975,,,,0.6,0.3,"VREF_A|Pad RL_4-2(52.8mm,21.7mm) on L1 TOP|Pad U3-5(54.85mm,21.05mm) on L4 BOTTOM GND",0
TRACK,R114:VREF_A,VREF_A,Top Layer,31.625,22.025,32.375,21.275,0.2,,,"VREF_A|Pad RL_2-2(31.4mm,22.3mm) on L1 TOP|Pad U2-5(33.25mm,21.05mm) on L4 BOTTOM GND",0
TRACK,R114:VREF_A,VREF_A,Top Layer,32.375,21.275,34.225,21.275,0.2,,,"VREF_A|Pad RL_2-2(31.4mm,22.3mm) on L1 TOP|Pad U2-5(33.25mm,21.05mm) on L4 BOTTOM GND",0
TRACK,R114:VREF_A,VREF_A,Top Layer,34.225,21.275,34.525,20.975,0.2,,,"VREF_A|Pad RL_2-2(31.4mm,22.3mm) on L1 TOP|Pad U2-5(33.25mm,21.05mm) on L4 BOTTOM GND",0
TRACK,R114:VREF_A,VREF_A,Bottom Layer,34.525,20.975,34.475,20.925,0.2,,,"VREF_A|Pad RL_2-2(31.4mm,22.3mm) on L1 TOP|Pad U2-5(33.25mm,21.05mm) on L4 BOTTOM GND",0
VIA,R114:VREF_A,VREF_A,Multi Layer,34.525,20.975,,,,0.6,0.3,"VREF_A|Pad RL_2-2(31.4mm,22.3mm) on L1 TOP|Pad U2-5(33.25mm,21.05mm) on L4 BOTTOM GND",0
TRACK,R115:NetCservo_1_1,NetCservo_1_1,Bottom Layer,20.725,16.875,20.725,16.075,0.2,,,"NetCservo_1_1|Pad Cservo_1-1(20.225mm,17.65mm) on L4 BOTTOM GND [Unplated]|Pad Rservo_1-1(21.275mm,15.55mm) on L4 BOTTOM GND",0
TRACK,R115:NetCservo_1_1,NetCservo_1_1,Bottom Layer,20.725,16.075,20.975,15.825,0.2,,,"NetCservo_1_1|Pad Cservo_1-1(20.225mm,17.65mm) on L4 BOTTOM GND [Unplated]|Pad Rservo_1-1(21.275mm,15.55mm) on L4 BOTTOM GND",0
TRACK,R116:NetCservo_3_1,NetCservo_3_1,Bottom Layer,42.225,16.875,42.225,16.075,0.2,,,"NetCservo_3_1|Pad Cservo_3-1(41.725mm,17.65mm) on L4 BOTTOM GND [Unplated]|Pad Rservo_3-1(42.775mm,15.55mm) on L4 BOTTOM GND",0
TRACK,R116:NetCservo_3_1,NetCservo_3_1,Bottom Layer,42.225,16.075,42.475,15.825,0.2,,,"NetCservo_3_1|Pad Cservo_3-1(41.725mm,17.65mm) on L4 BOTTOM GND [Unplated]|Pad Rservo_3-1(42.775mm,15.55mm) on L4 BOTTOM GND",0
TRACK,R117:NetCservo_5_1,NetCservo_5_1,Bottom Layer,63.825,16.875,63.825,16.075,0.2,,,"NetCservo_5_1|Pad Cservo_5-1(63.325mm,17.65mm) on L4 BOTTOM GND [Unplated]|Pad Rservo_5-1(64.375mm,15.55mm) on L4 BOTTOM GND",0
TRACK,R117:NetCservo_5_1,NetCservo_5_1,Bottom Layer,63.825,16.075,64.075,15.825,0.2,,,"NetCservo_5_1|Pad Cservo_5-1(63.325mm,17.65mm) on L4 BOTTOM GND [Unplated]|Pad Rservo_5-1(64.375mm,15.55mm) on L4 BOTTOM GND",0
TRACK,R118:NetCservo_2_1,NetCservo_2_1,Bottom Layer,29.675,25.025,29.675,24.225,0.2,,,"NetCservo_2_1|Pad Rservo_2-1(29.425mm,25.25mm) on L4 BOTTOM GND|Pad Cservo_2-1(30.475mm,23.15mm) on L4 BOTTOM GND [Unplated]",0
TRACK,R118:NetCservo_2_1,NetCservo_2_1,Bottom Layer,29.675,24.225,29.975,23.925,0.2,,,"NetCservo_2_1|Pad Rservo_2-1(29.425mm,25.25mm) on L4 BOTTOM GND|Pad Cservo_2-1(30.475mm,23.15mm) on L4 BOTTOM GND [Unplated]",0
TRACK,R119:NetCservo_4_1,NetCservo_4_1,Bottom Layer,51.275,25.025,51.275,24.225,0.2,,,"NetCservo_4_1|Pad Rservo_4-1(51.025mm,25.25mm) on L4 BOTTOM GND|Pad Cservo_4-1(52.075mm,23.15mm) on L4 BOTTOM GND [Unplated]",0
TRACK,R119:NetCservo_4_1,NetCservo_4_1,Bottom Layer,51.275,24.225,51.575,23.925,0.2,,,"NetCservo_4_1|Pad Rservo_4-1(51.025mm,25.25mm) on L4 BOTTOM GND|Pad Cservo_4-1(52.075mm,23.15mm) on L4 BOTTOM GND [Unplated]",0
TRACK,R120:NetJ_REF_1,NetJ_REF_1,Top Layer,12.625,12.225,13.725,12.225,0.2,,,"NetJ_REF_1|Pad J_REF-1(11.93mm,12.2mm) on Multi-Layer|Pad J_REF-2(14.47mm,12.2mm) on Multi-Layer",0
TRACK,R121:Vservo_1,Vservo_1,Bottom Layer,18.275,18.525,18.725,18.525,0.2,,,"Vservo_1|Pad U1-7(17.45mm,18.45mm) on L4 BOTTOM GND|Pad INA1-6(19.025mm,20.55mm) on L1 TOP",0
TRACK,R121:Vservo_1,Vservo_1,Top Layer,18.725,18.525,18.725,19.575,0.2,,,"Vservo_1|Pad U1-7(17.45mm,18.45mm) on L4 BOTTOM GND|Pad INA1-6(19.025mm,20.55mm) on L1 TOP",0
TRACK,R121:Vservo_1,Vservo_1,Top Layer,18.725,19.575,18.975,19.825,0.2,,,"Vservo_1|Pad U1-7(17.45mm,18.45mm) on L4 BOTTOM GND|Pad INA1-6(19.025mm,20.55mm) on L1 TOP",0
TRACK,R121:Vservo_1,Vservo_1,Top Layer,18.975,19.825,18.975,20.025,0.2,,,"Vservo_1|Pad U1-7(17.45mm,18.45mm) on L4 BOTTOM GND|Pad INA1-6(19.025mm,20.55mm) on L1 TOP",0
VIA,R121:Vservo_1,Vservo_1,Multi Layer,18.725,18.525,,,,0.6,0.3,"Vservo_1|Pad U1-7(17.45mm,18.45mm) on L4 BOTTOM GND|Pad INA1-6(19.025mm,20.55mm) on L1 TOP",0
TRACK,R122:VOUT_2,VOUT_2,Top Layer,47.875,25.525,46.825,25.525,0.15,,,"VOUT_2|Pad Free-TP_VOUT_2(48.33mm,25.25mm) on L1 TOP|Pad R_ADC2-1(49.08mm,28.015mm) on L1 TOP",1
TRACK,R122:VOUT_2,VOUT_2,Top Layer,46.825,25.525,46.125,26.225,0.15,,,"VOUT_2|Pad Free-TP_VOUT_2(48.33mm,25.25mm) on L1 TOP|Pad R_ADC2-1(49.08mm,28.015mm) on L1 TOP",1
TRACK,R122:VOUT_2,VOUT_2,Top Layer,46.125,26.225,46.125,27.425,0.15,,,"VOUT_2|Pad Free-TP_VOUT_2(48.33mm,25.25mm) on L1 TOP|Pad R_ADC2-1(49.08mm,28.015mm) on L1 TOP",1
TRACK,R122:VOUT_2,VOUT_2,Top Layer,46.125,27.425,46.425,27.725,0.15,,,"VOUT_2|Pad Free-TP_VOUT_2(48.33mm,25.25mm) on L1 TOP|Pad R_ADC2-1(49.08mm,28.015mm) on L1 TOP",1
TRACK,R122:VOUT_2,VOUT_2,Top Layer,46.425,27.725,48.425,27.725,0.15,,,"VOUT_2|Pad Free-TP_VOUT_2(48.33mm,25.25mm) on L1 TOP|Pad R_ADC2-1(49.08mm,28.015mm) on L1 TOP",1
TRACK,R122:VOUT_2,VOUT_2,Top Layer,48.425,27.725,48.6045,27.9045,0.15,,,"VOUT_2|Pad Free-TP_VOUT_2(48.33mm,25.25mm) on L1 TOP|Pad R_ADC2-1(49.08mm,28.015mm) on L1 TOP",1
TRACK,R122:VOUT_2,VOUT_2,Top Layer,48.6045,27.9045,48.825,28.125,0.15,,,"VOUT_2|Pad Free-TP_VOUT_2(48.33mm,25.25mm) on L1 TOP|Pad R_ADC2-1(49.08mm,28.015mm) on L1 TOP",1
TRACK,R123:NetCL_1_1,NetCL_1_1,Bottom Layer,20.725,25.475,20.725,25.975,0.2,,,"NetCL_1_1|Pad CL_1-1(20.05mm,24.75mm) on L4 BOTTOM GND|Pad RGN_1-1(21.9mm,22.45mm) on L4 BOTTOM GND",0
TRACK,R123:NetCL_1_1,NetCL_1_1,Top Layer,20.725,25.975,20.725,25.375,0.2,,,"NetCL_1_1|Pad CL_1-1(20.05mm,24.75mm) on L4 BOTTOM GND|Pad RGN_1-1(21.9mm,22.45mm) on L4 BOTTOM GND",0
TRACK,R123:NetCL_1_1,NetCL_1_1,Top Layer,20.725,25.375,22.775,23.325,0.2,,,"NetCL_1_1|Pad CL_1-1(20.05mm,24.75mm) on L4 BOTTOM GND|Pad RGN_1-1(21.9mm,22.45mm) on L4 BOTTOM GND",0
TRACK,R123:NetCL_1_1,NetCL_1_1,Bottom Layer,22.775,23.325,22.125,22.675,0.2,,,"NetCL_1_1|Pad CL_1-1(20.05mm,24.75mm) on L4 BOTTOM GND|Pad RGN_1-1(21.9mm,22.45mm) on L4 BOTTOM GND",0
VIA,R123:NetCL_1_1,NetCL_1_1,Multi Layer,20.725,25.975,,,,0.6,0.3,"NetCL_1_1|Pad CL_1-1(20.05mm,24.75mm) on L4 BOTTOM GND|Pad RGN_1-1(21.9mm,22.45mm) on L4 BOTTOM GND",0
VIA,R123:NetCL_1_1,NetCL_1_1,Multi Layer,22.775,23.325,,,,0.6,0.3,"NetCL_1_1|Pad CL_1-1(20.05mm,24.75mm) on L4 BOTTOM GND|Pad RGN_1-1(21.9mm,22.45mm) on L4 BOTTOM GND",0
TRACK,R124:NetCL_3_1,NetCL_3_1,Bottom Layer,42.225,25.475,42.225,25.975,0.2,,,"NetCL_3_1|Pad CL_3-1(41.55mm,24.75mm) on L4 BOTTOM GND|Pad RGN_3-1(43.4mm,22.45mm) on L4 BOTTOM GND",0
TRACK,R124:NetCL_3_1,NetCL_3_1,Top Layer,42.225,25.975,42.225,25.225,0.2,,,"NetCL_3_1|Pad CL_3-1(41.55mm,24.75mm) on L4 BOTTOM GND|Pad RGN_3-1(43.4mm,22.45mm) on L4 BOTTOM GND",0
TRACK,R124:NetCL_3_1,NetCL_3_1,Top Layer,42.225,25.225,43.575,23.875,0.2,,,"NetCL_3_1|Pad CL_3-1(41.55mm,24.75mm) on L4 BOTTOM GND|Pad RGN_3-1(43.4mm,22.45mm) on L4 BOTTOM GND",0
TRACK,R124:NetCL_3_1,NetCL_3_1,Top Layer,43.575,23.875,43.575,23.175,0.2,,,"NetCL_3_1|Pad CL_3-1(41.55mm,24.75mm) on L4 BOTTOM GND|Pad RGN_3-1(43.4mm,22.45mm) on L4 BOTTOM GND",0
TRACK,R124:NetCL_3_1,NetCL_3_1,Bottom Layer,43.575,23.175,43.575,22.675,0.2,,,"NetCL_3_1|Pad CL_3-1(41.55mm,24.75mm) on L4 BOTTOM GND|Pad RGN_3-1(43.4mm,22.45mm) on L4 BOTTOM GND",0
VIA,R124:NetCL_3_1,NetCL_3_1,Multi Layer,42.225,25.975,,,,0.6,0.3,"NetCL_3_1|Pad CL_3-1(41.55mm,24.75mm) on L4 BOTTOM GND|Pad RGN_3-1(43.4mm,22.45mm) on L4 BOTTOM GND",0
VIA,R124:NetCL_3_1,NetCL_3_1,Multi Layer,43.575,23.175,,,,0.6,0.3,"NetCL_3_1|Pad CL_3-1(41.55mm,24.75mm) on L4 BOTTOM GND|Pad RGN_3-1(43.4mm,22.45mm) on L4 BOTTOM GND",0
TRACK,R125:NetCL_5_1,NetCL_5_1,Bottom Layer,63.825,25.475,63.875,25.525,0.2,,,"NetCL_5_1|Pad CL_5-1(63.15mm,24.75mm) on L4 BOTTOM GND|Pad RGN_5-1(65mm,22.45mm) on L4 BOTTOM GND",0
TRACK,R125:NetCL_5_1,NetCL_5_1,Bottom Layer,63.875,25.525,63.875,25.925,0.2,,,"NetCL_5_1|Pad CL_5-1(63.15mm,24.75mm) on L4 BOTTOM GND|Pad RGN_5-1(65mm,22.45mm) on L4 BOTTOM GND",0
TRACK,R125:NetCL_5_1,NetCL_5_1,Bottom Layer,63.875,25.925,63.9745,26.0245,0.2,,,"NetCL_5_1|Pad CL_5-1(63.15mm,24.75mm) on L4 BOTTOM GND|Pad RGN_5-1(65mm,22.45mm) on L4 BOTTOM GND",0
TRACK,R125:NetCL_5_1,NetCL_5_1,Bottom Layer,63.9745,26.0245,63.975,26.025,0.2,,,"NetCL_5_1|Pad CL_5-1(63.15mm,24.75mm) on L4 BOTTOM GND|Pad RGN_5-1(65mm,22.45mm) on L4 BOTTOM GND",0
TRACK,R125:NetCL_5_1,NetCL_5_1,Top Layer,63.975,26.025,63.975,26.0245,0.2,,,"NetCL_5_1|Pad CL_5-1(63.15mm,24.75mm) on L4 BOTTOM GND|Pad RGN_5-1(65mm,22.45mm) on L4 BOTTOM GND",0
TRACK,R125:NetCL_5_1,NetCL_5_1,Top Layer,63.975,26.0245,63.975,25.075,0.2,,,"NetCL_5_1|Pad CL_5-1(63.15mm,24.75mm) on L4 BOTTOM GND|Pad RGN_5-1(65mm,22.45mm) on L4 BOTTOM GND",0
TRACK,R125:NetCL_5_1,NetCL_5_1,Top Layer,63.975,25.075,65.175,23.875,0.2,,,"NetCL_5_1|Pad CL_5-1(63.15mm,24.75mm) on L4 BOTTOM GND|Pad RGN_5-1(65mm,22.45mm) on L4 BOTTOM GND",0
TRACK,R125:NetCL_5_1,NetCL_5_1,Top Layer,65.175,23.875,65.175,23.175,0.2,,,"NetCL_5_1|Pad CL_5-1(63.15mm,24.75mm) on L4 BOTTOM GND|Pad RGN_5-1(65mm,22.45mm) on L4 BOTTOM GND",0
TRACK,R125:NetCL_5_1,NetCL_5_1,Bottom Layer,65.175,23.175,65.175,22.675,0.2,,,"NetCL_5_1|Pad CL_5-1(63.15mm,24.75mm) on L4 BOTTOM GND|Pad RGN_5-1(65mm,22.45mm) on L4 BOTTOM GND",0
VIA,R125:NetCL_5_1,NetCL_5_1,Multi Layer,63.975,26.025,,,,0.6,0.3,"NetCL_5_1|Pad CL_5-1(63.15mm,24.75mm) on L4 BOTTOM GND|Pad RGN_5-1(65mm,22.45mm) on L4 BOTTOM GND",0
VIA,R125:NetCL_5_1,NetCL_5_1,Multi Layer,65.175,23.175,,,,0.6,0.3,"NetCL_5_1|Pad CL_5-1(63.15mm,24.75mm) on L4 BOTTOM GND|Pad RGN_5-1(65mm,22.45mm) on L4 BOTTOM GND",0
TRACK,R126:ADC_EMG5,ADC_EMG5,Top Layer,53.575,27.075,53.575,26.725,0.2,,,"ADC_EMG5|Pad U_MCU1-29(53.58mm,27.762mm) on L1 TOP [Unplated]|Pad C_ADC5-1(54.58mm,24.923mm) on L1 TOP",0
TRACK,R126:ADC_EMG5,ADC_EMG5,Top Layer,53.575,26.725,53.725,26.575,0.2,,,"ADC_EMG5|Pad U_MCU1-29(53.58mm,27.762mm) on L1 TOP [Unplated]|Pad C_ADC5-1(54.58mm,24.923mm) on L1 TOP",0
TRACK,R126:ADC_EMG5,ADC_EMG5,Top Layer,53.725,26.575,53.725,26.0245,0.2,,,"ADC_EMG5|Pad U_MCU1-29(53.58mm,27.762mm) on L1 TOP [Unplated]|Pad C_ADC5-1(54.58mm,24.923mm) on L1 TOP",0
TRACK,R126:ADC_EMG5,ADC_EMG5,Top Layer,53.725,26.0245,53.725,25.275,0.2,,,"ADC_EMG5|Pad U_MCU1-29(53.58mm,27.762mm) on L1 TOP [Unplated]|Pad C_ADC5-1(54.58mm,24.923mm) on L1 TOP",0
TRACK,R126:ADC_EMG5,ADC_EMG5,Top Layer,53.725,25.275,54.225,24.775,0.2,,,"ADC_EMG5|Pad U_MCU1-29(53.58mm,27.762mm) on L1 TOP [Unplated]|Pad C_ADC5-1(54.58mm,24.923mm) on L1 TOP",0
TRACK,R127:VDiv,VDiv,Bottom Layer,11.725,24.525,11.725,24.075,0.2,,,"VDiv|Pad RV1-1(11.5mm,24.8mm) on L4 BOTTOM GND|Pad RV2-2(14.6mm,24.8mm) on L4 BOTTOM GND",0
TRACK,R127:VDiv,VDiv,Top Layer,11.725,24.075,12.775,24.075,0.2,,,"VDiv|Pad RV1-1(11.5mm,24.8mm) on L4 BOTTOM GND|Pad RV2-2(14.6mm,24.8mm) on L4 BOTTOM GND",0
TRACK,R127:VDiv,VDiv,Top Layer,12.775,24.075,14.275,25.575,0.2,,,"VDiv|Pad RV1-1(11.5mm,24.8mm) on L4 BOTTOM GND|Pad RV2-2(14.6mm,24.8mm) on L4 BOTTOM GND",0
VIA,R127:VDiv,VDiv,Multi Layer,11.725,24.075,,,,0.6,0.3,"VDiv|Pad RV1-1(11.5mm,24.8mm) on L4 BOTTOM GND|Pad RV2-2(14.6mm,24.8mm) on L4 BOTTOM GND",0
VIA,R127:VDiv,VDiv,Multi Layer,14.275,25.575,,,,0.6,0.3,"VDiv|Pad RV1-1(11.5mm,24.8mm) on L4 BOTTOM GND|Pad RV2-2(14.6mm,24.8mm) on L4 BOTTOM GND",0
TRACK,R128:NetCservo_2_1,NetCservo_2_1,Bottom Layer,30.975,22.375,31.625,22.375,0.2,,,"NetCservo_2_1|Pad Cservo_2-1(30.475mm,23.15mm) on L4 BOTTOM GND [Unplated]|Pad U2-6(33.25mm,21.7mm) on L4 BOTTOM GND",0
TRACK,R128:NetCservo_2_1,NetCservo_2_1,Bottom Layer,31.625,22.375,32.225,21.775,0.2,,,"NetCservo_2_1|Pad Cservo_2-1(30.475mm,23.15mm) on L4 BOTTOM GND [Unplated]|Pad U2-6(33.25mm,21.7mm) on L4 BOTTOM GND",0
TRACK,R128:NetCservo_2_1,NetCservo_2_1,Bottom Layer,32.225,21.775,32.425,21.775,0.2,,,"NetCservo_2_1|Pad Cservo_2-1(30.475mm,23.15mm) on L4 BOTTOM GND [Unplated]|Pad U2-6(33.25mm,21.7mm) on L4 BOTTOM GND",0
TRACK,R129:NetCservo_4_1,NetCservo_4_1,Bottom Layer,52.575,22.375,53.175,21.775,0.2,,,"NetCservo_4_1|Pad Cservo_4-1(52.075mm,23.15mm) on L4 BOTTOM GND [Unplated]|Pad U3-6(54.85mm,21.7mm) on L4 BOTTOM GND",0
TRACK,R129:NetCservo_4_1,NetCservo_4_1,Bottom Layer,53.175,21.775,54.025,21.775,0.2,,,"NetCservo_4_1|Pad Cservo_4-1(52.075mm,23.15mm) on L4 BOTTOM GND [Unplated]|Pad U3-6(54.85mm,21.7mm) on L4 BOTTOM GND",0
TRACK,R130:NetCservo_3_1,NetCservo_3_1,Bottom Layer,38.125,19.075,37.625,19.075,0.2,,,"NetCservo_3_1|Pad U2-13(38.95mm,19.1mm) on L4 BOTTOM GND|Pad Cservo_3-1(41.725mm,17.65mm) on L4 BOTTOM GND [Unplated]",0
TRACK,R130:NetCservo_3_1,NetCservo_3_1,Top Layer,37.625,19.075,38.575,19.075,0.2,,,"NetCservo_3_1|Pad U2-13(38.95mm,19.1mm) on L4 BOTTOM GND|Pad Cservo_3-1(41.725mm,17.65mm) on L4 BOTTOM GND [Unplated]",0
TRACK,R130:NetCservo_3_1,NetCservo_3_1,Top Layer,38.575,19.075,40.075,17.575,0.2,,,"NetCservo_3_1|Pad U2-13(38.95mm,19.1mm) on L4 BOTTOM GND|Pad Cservo_3-1(41.725mm,17.65mm) on L4 BOTTOM GND [Unplated]",0
TRACK,R130:NetCservo_3_1,NetCservo_3_1,Top Layer,40.075,17.575,40.725,17.575,0.2,,,"NetCservo_3_1|Pad U2-13(38.95mm,19.1mm) on L4 BOTTOM GND|Pad Cservo_3-1(41.725mm,17.65mm) on L4 BOTTOM GND [Unplated]",0
TRACK,R130:NetCservo_3_1,NetCservo_3_1,Bottom Layer,40.725,17.575,41.225,17.575,0.2,,,"NetCservo_3_1|Pad U2-13(38.95mm,19.1mm) on L4 BOTTOM GND|Pad Cservo_3-1(41.725mm,17.65mm) on L4 BOTTOM GND [Unplated]",0
VIA,R130:NetCservo_3_1,NetCservo_3_1,Multi Layer,37.625,19.075,,,,0.6,0.3,"NetCservo_3_1|Pad U2-13(38.95mm,19.1mm) on L4 BOTTOM GND|Pad Cservo_3-1(41.725mm,17.65mm) on L4 BOTTOM GND [Unplated]",0
VIA,R130:NetCservo_3_1,NetCservo_3_1,Multi Layer,40.725,17.575,,,,0.6,0.3,"NetCservo_3_1|Pad U2-13(38.95mm,19.1mm) on L4 BOTTOM GND|Pad Cservo_3-1(41.725mm,17.65mm) on L4 BOTTOM GND [Unplated]",0
TRACK,R131:NetCservo_1_1,NetCservo_1_1,Bottom Layer,16.625,19.075,16.125,19.075,0.2,,,"NetCservo_1_1|Pad U1-6(17.45mm,19.1mm) on L4 BOTTOM GND|Pad Cservo_1-1(20.225mm,17.65mm) on L4 BOTTOM GND [Unplated]",0
TRACK,R131:NetCservo_1_1,NetCservo_1_1,Top Layer,16.125,19.075,17.075,19.075,0.2,,,"NetCservo_1_1|Pad U1-6(17.45mm,19.1mm) on L4 BOTTOM GND|Pad Cservo_1-1(20.225mm,17.65mm) on L4 BOTTOM GND [Unplated]",0
TRACK,R131:NetCservo_1_1,NetCservo_1_1,Top Layer,17.075,19.075,17.72,18.43,0.2,,,"NetCservo_1_1|Pad U1-6(17.45mm,19.1mm) on L4 BOTTOM GND|Pad Cservo_1-1(20.225mm,17.65mm) on L4 BOTTOM GND [Unplated]",0
TRACK,R131:NetCservo_1_1,NetCservo_1_1,Top Layer,17.72,18.43,17.95,18.2,0.2,,,"NetCservo_1_1|Pad U1-6(17.45mm,19.1mm) on L4 BOTTOM GND|Pad Cservo_1-1(20.225mm,17.65mm) on L4 BOTTOM GND [Unplated]",0
TRACK,R131:NetCservo_1_1,NetCservo_1_1,Top Layer,17.95,18.2,18.575,17.575,0.2,,,"NetCservo_1_1|Pad U1-6(17.45mm,19.1mm) on L4 BOTTOM GND|Pad Cservo_1-1(20.225mm,17.65mm) on L4 BOTTOM GND [Unplated]",0
TRACK,R131:NetCservo_1_1,NetCservo_1_1,Top Layer,18.575,17.575,19.225,17.575,0.2,,,"NetCservo_1_1|Pad U1-6(17.45mm,19.1mm) on L4 BOTTOM GND|Pad Cservo_1-1(20.225mm,17.65mm) on L4 BOTTOM GND [Unplated]",0
TRACK,R131:NetCservo_1_1,NetCservo_1_1,Bottom Layer,19.225,17.575,19.725,17.575,0.2,,,"NetCservo_1_1|Pad U1-6(17.45mm,19.1mm) on L4 BOTTOM GND|Pad Cservo_1-1(20.225mm,17.65mm) on L4 BOTTOM GND [Unplated]",0
VIA,R131:NetCservo_1_1,NetCservo_1_1,Multi Layer,16.125,19.075,,,,0.6,0.3,"NetCservo_1_1|Pad U1-6(17.45mm,19.1mm) on L4 BOTTOM GND|Pad Cservo_1-1(20.225mm,17.65mm) on L4 BOTTOM GND [Unplated]",0
VIA,R131:NetCservo_1_1,NetCservo_1_1,Multi Layer,19.225,17.575,,,,0.6,0.3,"NetCservo_1_1|Pad U1-6(17.45mm,19.1mm) on L4 BOTTOM GND|Pad Cservo_1-1(20.225mm,17.65mm) on L4 BOTTOM GND [Unplated]",0
TRACK,R132:NetCservo_5_1,NetCservo_5_1,Bottom Layer,59.725,19.075,59.225,19.075,0.2,,,"NetCservo_5_1|Pad U3-13(60.55mm,19.1mm) on L4 BOTTOM GND|Pad Cservo_5-1(63.325mm,17.65mm) on L4 BOTTOM GND [Unplated]",0
TRACK,R132:NetCservo_5_1,NetCservo_5_1,Top Layer,59.225,19.075,60.175,19.075,0.2,,,"NetCservo_5_1|Pad U3-13(60.55mm,19.1mm) on L4 BOTTOM GND|Pad Cservo_5-1(63.325mm,17.65mm) on L4 BOTTOM GND [Unplated]",0
TRACK,R132:NetCservo_5_1,NetCservo_5_1,Top Layer,60.175,19.075,61.675,17.575,0.2,,,"NetCservo_5_1|Pad U3-13(60.55mm,19.1mm) on L4 BOTTOM GND|Pad Cservo_5-1(63.325mm,17.65mm) on L4 BOTTOM GND [Unplated]",0
TRACK,R132:NetCservo_5_1,NetCservo_5_1,Top Layer,61.675,17.575,62.325,17.575,0.2,,,"NetCservo_5_1|Pad U3-13(60.55mm,19.1mm) on L4 BOTTOM GND|Pad Cservo_5-1(63.325mm,17.65mm) on L4 BOTTOM GND [Unplated]",0
TRACK,R132:NetCservo_5_1,NetCservo_5_1,Bottom Layer,62.325,17.575,62.825,17.575,0.2,,,"NetCservo_5_1|Pad U3-13(60.55mm,19.1mm) on L4 BOTTOM GND|Pad Cservo_5-1(63.325mm,17.65mm) on L4 BOTTOM GND [Unplated]",0
VIA,R132:NetCservo_5_1,NetCservo_5_1,Multi Layer,59.225,19.075,,,,0.6,0.3,"NetCservo_5_1|Pad U3-13(60.55mm,19.1mm) on L4 BOTTOM GND|Pad Cservo_5-1(63.325mm,17.65mm) on L4 BOTTOM GND [Unplated]",0
VIA,R132:NetCservo_5_1,NetCservo_5_1,Multi Layer,62.325,17.575,,,,0.6,0.3,"NetCservo_5_1|Pad U3-13(60.55mm,19.1mm) on L4 BOTTOM GND|Pad Cservo_5-1(63.325mm,17.65mm) on L4 BOTTOM GND [Unplated]",0
TRACK,R133:NetJ_REF_1,NetJ_REF_1,Top Layer,12.175,12.925,12.175,13.278,0.2,,,"NetJ_REF_1|Pad J_REF-1(11.93mm,12.2mm) on Multi-Layer|Pad R_ref-1(12.7mm,15.4mm) on L4 BOTTOM GND",0
TRACK,R133:NetJ_REF_1,NetJ_REF_1,Top Layer,12.175,13.278,12.175,14.775,0.2,,,"NetJ_REF_1|Pad J_REF-1(11.93mm,12.2mm) on Multi-Layer|Pad R_ref-1(12.7mm,15.4mm) on L4 BOTTOM GND",0
TRACK,R133:NetJ_REF_1,NetJ_REF_1,Bottom Layer,12.175,14.775,12.525,15.125,0.2,,,"NetJ_REF_1|Pad J_REF-1(11.93mm,12.2mm) on Multi-Layer|Pad R_ref-1(12.7mm,15.4mm) on L4 BOTTOM GND",0
VIA,R133:NetJ_REF_1,NetJ_REF_1,Multi Layer,12.175,14.775,,,,0.6,0.3,"NetJ_REF_1|Pad J_REF-1(11.93mm,12.2mm) on Multi-Layer|Pad R_ref-1(12.7mm,15.4mm) on L4 BOTTOM GND",0
TRACK,R134:VREF_A,VREF_A,Mid Layer 2,16.225,19.875,18.575,19.875,0.15,,,"VREF_A|Pad U1-3(17.45mm,21.05mm) on L4 BOTTOM GND|Pad RL_1-2(20.6mm,22.3mm) on L1 TOP",1
TRACK,R134:VREF_A,VREF_A,Mid Layer 2,18.575,19.875,19.325,19.125,0.15,,,"VREF_A|Pad U1-3(17.45mm,21.05mm) on L4 BOTTOM GND|Pad RL_1-2(20.6mm,22.3mm) on L1 TOP",1
TRACK,R134:VREF_A,VREF_A,Top Layer,19.325,19.125,19.875,19.675,0.15,,,"VREF_A|Pad U1-3(17.45mm,21.05mm) on L4 BOTTOM GND|Pad RL_1-2(20.6mm,22.3mm) on L1 TOP",1
TRACK,R134:VREF_A,VREF_A,Top Layer,19.875,19.675,20.025,19.675,0.15,,,"VREF_A|Pad U1-3(17.45mm,21.05mm) on L4 BOTTOM GND|Pad RL_1-2(20.6mm,22.3mm) on L1 TOP",1
TRACK,R134:VREF_A,VREF_A,Top Layer,20.025,19.675,20.225,19.875,0.15,,,"VREF_A|Pad U1-3(17.45mm,21.05mm) on L4 BOTTOM GND|Pad RL_1-2(20.6mm,22.3mm) on L1 TOP",1
TRACK,R134:VREF_A,VREF_A,Top Layer,20.225,19.875,20.225,21.825,0.15,,,"VREF_A|Pad U1-3(17.45mm,21.05mm) on L4 BOTTOM GND|Pad RL_1-2(20.6mm,22.3mm) on L1 TOP",1
TRACK,R134:VREF_A,VREF_A,Top Layer,20.225,21.825,20.425,22.025,0.15,,,"VREF_A|Pad U1-3(17.45mm,21.05mm) on L4 BOTTOM GND|Pad RL_1-2(20.6mm,22.3mm) on L1 TOP",1
VIA,R134:VREF_A,VREF_A,Multi Layer,16.225,19.875,,,,0.45,0.2,"VREF_A|Pad U1-3(17.45mm,21.05mm) on L4 BOTTOM GND|Pad RL_1-2(20.6mm,22.3mm) on L1 TOP",1
VIA,R134:VREF_A,VREF_A,Multi Layer,19.325,19.125,,,,0.45,0.2,"VREF_A|Pad U1-3(17.45mm,21.05mm) on L4 BOTTOM GND|Pad RL_1-2(20.6mm,22.3mm) on L1 TOP",1
TRACK,R135:VOUT_3,VOUT_3,Top Layer,46.275,25.125,46.425,25.125,0.2,,,"VOUT_3|Pad Free-TP_VOUT_3(45.83mm,25.25mm) on L1 TOP|Pad R_ADC3-1(49.08mm,26.365mm) on L1 TOP",0
TRACK,R135:VOUT_3,VOUT_3,Top Layer,46.425,25.125,46.725,24.825,0.2,,,"VOUT_3|Pad Free-TP_VOUT_3(45.83mm,25.25mm) on L1 TOP|Pad R_ADC3-1(49.08mm,26.365mm) on L1 TOP",0
TRACK,R135:VOUT_3,VOUT_3,Top Layer,46.725,24.825,47.225,24.825,0.2,,,"VOUT_3|Pad Free-TP_VOUT_3(45.83mm,25.25mm) on L1 TOP|Pad R_ADC3-1(49.08mm,26.365mm) on L1 TOP",0
TRACK,R135:VOUT_3,VOUT_3,Mid Layer 2,47.225,24.825,48.275,24.825,0.2,,,"VOUT_3|Pad Free-TP_VOUT_3(45.83mm,25.25mm) on L1 TOP|Pad R_ADC3-1(49.08mm,26.365mm) on L1 TOP",0
TRACK,R135:VOUT_3,VOUT_3,Mid Layer 2,48.275,24.825,49.4745,26.0245,0.2,,,"VOUT_3|Pad Free-TP_VOUT_3(45.83mm,25.25mm) on L1 TOP|Pad R_ADC3-1(49.08mm,26.365mm) on L1 TOP",0
TRACK,R135:VOUT_3,VOUT_3,Mid Layer 2,49.4745,26.0245,49.825,26.375,0.2,,,"VOUT_3|Pad Free-TP_VOUT_3(45.83mm,25.25mm) on L1 TOP|Pad R_ADC3-1(49.08mm,26.365mm) on L1 TOP",0
TRACK,R135:VOUT_3,VOUT_3,Top Layer,49.825,26.375,49.325,26.375,0.2,,,"VOUT_3|Pad Free-TP_VOUT_3(45.83mm,25.25mm) on L1 TOP|Pad R_ADC3-1(49.08mm,26.365mm) on L1 TOP",0
VIA,R135:VOUT_3,VOUT_3,Multi Layer,47.225,24.825,,,,0.6,0.3,"VOUT_3|Pad Free-TP_VOUT_3(45.83mm,25.25mm) on L1 TOP|Pad R_ADC3-1(49.08mm,26.365mm) on L1 TOP",0
VIA,R135:VOUT_3,VOUT_3,Multi Layer,49.825,26.375,,,,0.6,0.3,"VOUT_3|Pad Free-TP_VOUT_3(45.83mm,25.25mm) on L1 TOP|Pad R_ADC3-1(49.08mm,26.365mm) on L1 TOP",0
TRACK,R136:VREF_A,VREF_A,Top Layer,37.525,20.825,37.175,21.175,0.2,,,"VREF_A|Pad U2-10(38.95mm,21.05mm) on L4 BOTTOM GND|Pad RL_3-2(42.2mm,22.3mm) on L1 TOP",0
TRACK,R136:VREF_A,VREF_A,Top Layer,37.175,21.175,37.125,21.175,0.2,,,"VREF_A|Pad U2-10(38.95mm,21.05mm) on L4 BOTTOM GND|Pad RL_3-2(42.2mm,22.3mm) on L1 TOP",0
TRACK,R136:VREF_A,VREF_A,Top Layer,37.125,21.175,36.875,21.425,0.2,,,"VREF_A|Pad U2-10(38.95mm,21.05mm) on L4 BOTTOM GND|Pad RL_3-2(42.2mm,22.3mm) on L1 TOP",0
TRACK,R136:VREF_A,VREF_A,Top Layer,36.875,21.425,36.875,23.275,0.2,,,"VREF_A|Pad U2-10(38.95mm,21.05mm) on L4 BOTTOM GND|Pad RL_3-2(42.2mm,22.3mm) on L1 TOP",0
TRACK,R136:VREF_A,VREF_A,Top Layer,36.875,23.275,37.875,24.275,0.2,,,"VREF_A|Pad U2-10(38.95mm,21.05mm) on L4 BOTTOM GND|Pad RL_3-2(42.2mm,22.3mm) on L1 TOP",0
TRACK,R136:VREF_A,VREF_A,Top Layer,37.875,24.275,40.175,24.275,0.2,,,"VREF_A|Pad U2-10(38.95mm,21.05mm) on L4 BOTTOM GND|Pad RL_3-2(42.2mm,22.3mm) on L1 TOP",0
TRACK,R136:VREF_A,VREF_A,Mid Layer 2,40.175,24.275,40.975,24.275,0.2,,,"VREF_A|Pad U2-10(38.95mm,21.05mm) on L4 BOTTOM GND|Pad RL_3-2(42.2mm,22.3mm) on L1 TOP",0
TRACK,R136:VREF_A,VREF_A,Mid Layer 2,40.975,24.275,42.825,22.425,0.2,,,"VREF_A|Pad U2-10(38.95mm,21.05mm) on L4 BOTTOM GND|Pad RL_3-2(42.2mm,22.3mm) on L1 TOP",0
TRACK,R136:VREF_A,VREF_A,Mid Layer 2,42.825,22.425,44.325,22.425,0.2,,,"VREF_A|Pad U2-10(38.95mm,21.05mm) on L4 BOTTOM GND|Pad RL_3-2(42.2mm,22.3mm) on L1 TOP",0
TRACK,R136:VREF_A,VREF_A,Top Layer,44.325,22.425,42.425,22.425,0.2,,,"VREF_A|Pad U2-10(38.95mm,21.05mm) on L4 BOTTOM GND|Pad RL_3-2(42.2mm,22.3mm) on L1 TOP",0
VIA,R136:VREF_A,VREF_A,Multi Layer,37.525,20.825,,,,0.6,0.3,"VREF_A|Pad U2-10(38.95mm,21.05mm) on L4 BOTTOM GND|Pad RL_3-2(42.2mm,22.3mm) on L1 TOP",0
VIA,R136:VREF_A,VREF_A,Multi Layer,40.175,24.275,,,,0.6,0.3,"VREF_A|Pad U2-10(38.95mm,21.05mm) on L4 BOTTOM GND|Pad RL_3-2(42.2mm,22.3mm) on L1 TOP",0
VIA,R136:VREF_A,VREF_A,Multi Layer,44.325,22.425,,,,0.6,0.3,"VREF_A|Pad U2-10(38.95mm,21.05mm) on L4 BOTTOM GND|Pad RL_3-2(42.2mm,22.3mm) on L1 TOP",0
TRACK,R137:VREF_A,VREF_A,Top Layer,59.125,20.825,58.775,21.175,0.2,,,"VREF_A|Pad U3-10(60.55mm,21.05mm) on L4 BOTTOM GND|Pad RL_5-2(63.8mm,22.3mm) on L1 TOP",0
TRACK,R137:VREF_A,VREF_A,Top Layer,58.775,21.175,58.725,21.175,0.2,,,"VREF_A|Pad U3-10(60.55mm,21.05mm) on L4 BOTTOM GND|Pad RL_5-2(63.8mm,22.3mm) on L1 TOP",0
TRACK,R137:VREF_A,VREF_A,Top Layer,58.725,21.175,58.475,21.425,0.2,,,"VREF_A|Pad U3-10(60.55mm,21.05mm) on L4 BOTTOM GND|Pad RL_5-2(63.8mm,22.3mm) on L1 TOP",0
TRACK,R137:VREF_A,VREF_A,Top Layer,58.475,21.425,58.475,23.275,0.2,,,"VREF_A|Pad U3-10(60.55mm,21.05mm) on L4 BOTTOM GND|Pad RL_5-2(63.8mm,22.3mm) on L1 TOP",0
TRACK,R137:VREF_A,VREF_A,Top Layer,58.475,23.275,59.625,24.425,0.2,,,"VREF_A|Pad U3-10(60.55mm,21.05mm) on L4 BOTTOM GND|Pad RL_5-2(63.8mm,22.3mm) on L1 TOP",0
TRACK,R137:VREF_A,VREF_A,Top Layer,59.625,24.425,61.325,24.425,0.2,,,"VREF_A|Pad U3-10(60.55mm,21.05mm) on L4 BOTTOM GND|Pad RL_5-2(63.8mm,22.3mm) on L1 TOP",0
TRACK,R137:VREF_A,VREF_A,Mid Layer 2,61.325,24.425,62.425,24.425,0.2,,,"VREF_A|Pad U3-10(60.55mm,21.05mm) on L4 BOTTOM GND|Pad RL_5-2(63.8mm,22.3mm) on L1 TOP",0
TRACK,R137:VREF_A,VREF_A,Mid Layer 2,62.425,24.425,64.425,22.425,0.2,,,"VREF_A|Pad U3-10(60.55mm,21.05mm) on L4 BOTTOM GND|Pad RL_5-2(63.8mm,22.3mm) on L1 TOP",0
TRACK,R137:VREF_A,VREF_A,Mid Layer 2,64.425,22.425,65.925,22.425,0.2,,,"VREF_A|Pad U3-10(60.55mm,21.05mm) on L4 BOTTOM GND|Pad RL_5-2(63.8mm,22.3mm) on L1 TOP",0
TRACK,R137:VREF_A,VREF_A,Top Layer,65.925,22.425,64.025,22.425,0.2,,,"VREF_A|Pad U3-10(60.55mm,21.05mm) on L4 BOTTOM GND|Pad RL_5-2(63.8mm,22.3mm) on L1 TOP",0
VIA,R137:VREF_A,VREF_A,Multi Layer,59.125,20.825,,,,0.6,0.3,"VREF_A|Pad U3-10(60.55mm,21.05mm) on L4 BOTTOM GND|Pad RL_5-2(63.8mm,22.3mm) on L1 TOP",0
VIA,R137:VREF_A,VREF_A,Multi Layer,61.325,24.425,,,,0.6,0.3,"VREF_A|Pad U3-10(60.55mm,21.05mm) on L4 BOTTOM GND|Pad RL_5-2(63.8mm,22.3mm) on L1 TOP",0
VIA,R137:VREF_A,VREF_A,Multi Layer,65.925,22.425,,,,0.6,0.3,"VREF_A|Pad U3-10(60.55mm,21.05mm) on L4 BOTTOM GND|Pad RL_5-2(63.8mm,22.3mm) on L1 TOP",0
TRACK,R138:INA_OUT_2,INA_OUT_2,Top Layer,28.075,22.075,28.075,22.375,0.2,,,"INA_OUT_2|Pad RH_2-1(28.421mm,21.75mm) on L1 TOP|Pad Rservo_2-2(28.575mm,25.25mm) on L4 BOTTOM GND",0
TRACK,R138:INA_OUT_2,INA_OUT_2,Top Layer,28.075,22.375,27.725,22.725,0.2,,,"INA_OUT_2|Pad RH_2-1(28.421mm,21.75mm) on L1 TOP|Pad Rservo_2-2(28.575mm,25.25mm) on L4 BOTTOM GND",0
TRACK,R138:INA_OUT_2,INA_OUT_2,Top Layer,27.725,22.725,27.725,24.475,0.2,,,"INA_OUT_2|Pad RH_2-1(28.421mm,21.75mm) on L1 TOP|Pad Rservo_2-2(28.575mm,25.25mm) on L4 BOTTOM GND",0
TRACK,R138:INA_OUT_2,INA_OUT_2,Top Layer,27.725,24.475,27.975,24.725,0.2,,,"INA_OUT_2|Pad RH_2-1(28.421mm,21.75mm) on L1 TOP|Pad Rservo_2-2(28.575mm,25.25mm) on L4 BOTTOM GND",0
TRACK,R138:INA_OUT_2,INA_OUT_2,Bottom Layer,27.975,24.725,28.275,25.025,0.2,,,"INA_OUT_2|Pad RH_2-1(28.421mm,21.75mm) on L1 TOP|Pad Rservo_2-2(28.575mm,25.25mm) on L4 BOTTOM GND",0
VIA,R138:INA_OUT_2,INA_OUT_2,Multi Layer,27.975,24.725,,,,0.6,0.3,"INA_OUT_2|Pad RH_2-1(28.421mm,21.75mm) on L1 TOP|Pad Rservo_2-2(28.575mm,25.25mm) on L4 BOTTOM GND",0
TRACK,R139:VOUT_5,VOUT_5,Top Layer,58.025,24.375,58.475,24.375,0.2,,,"VOUT_5|Pad Free-TP_VOUT_5(57.58mm,24.5mm) on L1 TOP|Pad U3-8(60.55mm,22.35mm) on L4 BOTTOM GND",0
TRACK,R139:VOUT_5,VOUT_5,Mid Layer 2,58.475,24.375,58.475,23.925,0.2,,,"VOUT_5|Pad Free-TP_VOUT_5(57.58mm,24.5mm) on L1 TOP|Pad U3-8(60.55mm,22.35mm) on L4 BOTTOM GND",0
TRACK,R139:VOUT_5,VOUT_5,Mid Layer 2,58.475,23.925,59.175,23.225,0.2,,,"VOUT_5|Pad Free-TP_VOUT_5(57.58mm,24.5mm) on L1 TOP|Pad U3-8(60.55mm,22.35mm) on L4 BOTTOM GND",0
VIA,R139:VOUT_5,VOUT_5,Multi Layer,58.475,24.375,,,,0.6,0.3,"VOUT_5|Pad Free-TP_VOUT_5(57.58mm,24.5mm) on L1 TOP|Pad U3-8(60.55mm,22.35mm) on L4 BOTTOM GND",0
TRACK,R141:VDiv,VDiv,Top Layer,12.825,24.025,12.825,23.025,0.2,,,"VDiv|Pad RV1-1(11.5mm,24.8mm) on L4 BOTTOM GND|Pad U1-12(11.75mm,21.05mm) on L4 BOTTOM GND",0
TRACK,R141:VDiv,VDiv,Top Layer,12.825,23.025,13.775,22.075,0.2,,,"VDiv|Pad RV1-1(11.5mm,24.8mm) on L4 BOTTOM GND|Pad U1-12(11.75mm,21.05mm) on L4 BOTTOM GND",0
TRACK,R141:VDiv,VDiv,Top Layer,13.775,22.075,13.775,20.775,0.2,,,"VDiv|Pad RV1-1(11.5mm,24.8mm) on L4 BOTTOM GND|Pad U1-12(11.75mm,21.05mm) on L4 BOTTOM GND",0
TRACK,R141:VDiv,VDiv,Top Layer,13.775,20.775,13.575,20.575,0.2,,,"VDiv|Pad RV1-1(11.5mm,24.8mm) on L4 BOTTOM GND|Pad U1-12(11.75mm,21.05mm) on L4 BOTTOM GND",0
TRACK,R141:VDiv,VDiv,Bottom Layer,13.575,20.575,13.075,20.575,0.2,,,"VDiv|Pad RV1-1(11.5mm,24.8mm) on L4 BOTTOM GND|Pad U1-12(11.75mm,21.05mm) on L4 BOTTOM GND",0
VIA,R141:VDiv,VDiv,Multi Layer,13.575,20.575,,,,0.6,0.3,"VDiv|Pad RV1-1(11.5mm,24.8mm) on L4 BOTTOM GND|Pad U1-12(11.75mm,21.05mm) on L4 BOTTOM GND",0
TRACK,R142:NetCL_2_1,NetCL_2_1,Bottom Layer,28.525,19.125,28.475,19.075,0.2,,,"NetCL_2_1|Pad RGN_2-1(28.8mm,19.35mm) on L4 BOTTOM GND|Pad CL_2-1(30.65mm,16.05mm) on L4 BOTTOM GND",0
TRACK,R142:NetCL_2_1,NetCL_2_1,Bottom Layer,28.475,19.075,28.075,19.075,0.2,,,"NetCL_2_1|Pad RGN_2-1(28.8mm,19.35mm) on L4 BOTTOM GND|Pad CL_2-1(30.65mm,16.05mm) on L4 BOTTOM GND",0
TRACK,R142:NetCL_2_1,NetCL_2_1,Bottom Layer,28.075,19.075,27.875,18.875,0.2,,,"NetCL_2_1|Pad RGN_2-1(28.8mm,19.35mm) on L4 BOTTOM GND|Pad CL_2-1(30.65mm,16.05mm) on L4 BOTTOM GND",0
TRACK,R142:NetCL_2_1,NetCL_2_1,Top Layer,27.875,18.875,27.875,18.325,0.2,,,"NetCL_2_1|Pad RGN_2-1(28.8mm,19.35mm) on L4 BOTTOM GND|Pad CL_2-1(30.65mm,16.05mm) on L4 BOTTOM GND",0
TRACK,R142:NetCL_2_1,NetCL_2_1,Top Layer,27.875,18.325,28.725,17.475,0.2,,,"NetCL_2_1|Pad RGN_2-1(28.8mm,19.35mm) on L4 BOTTOM GND|Pad CL_2-1(30.65mm,16.05mm) on L4 BOTTOM GND",0
TRACK,R142:NetCL_2_1,NetCL_2_1,Bottom Layer,28.725,17.475,28.925,17.275,0.2,,,"NetCL_2_1|Pad RGN_2-1(28.8mm,19.35mm) on L4 BOTTOM GND|Pad CL_2-1(30.65mm,16.05mm) on L4 BOTTOM GND",0
TRACK,R142:NetCL_2_1,NetCL_2_1,Bottom Layer,28.925,17.275,29.625,17.275,0.2,,,"NetCL_2_1|Pad RGN_2-1(28.8mm,19.35mm) on L4 BOTTOM GND|Pad CL_2-1(30.65mm,16.05mm) on L4 BOTTOM GND",0
TRACK,R142:NetCL_2_1,NetCL_2_1,Bottom Layer,29.625,17.275,29.975,16.925,0.2,,,"NetCL_2_1|Pad RGN_2-1(28.8mm,19.35mm) on L4 BOTTOM GND|Pad CL_2-1(30.65mm,16.05mm) on L4 BOTTOM GND",0
TRACK,R142:NetCL_2_1,NetCL_2_1,Bottom Layer,29.975,16.925,29.975,16.775,0.2,,,"NetCL_2_1|Pad RGN_2-1(28.8mm,19.35mm) on L4 BOTTOM GND|Pad CL_2-1(30.65mm,16.05mm) on L4 BOTTOM GND",0
VIA,R142:NetCL_2_1,NetCL_2_1,Multi Layer,27.875,18.875,,,,0.6,0.3,"NetCL_2_1|Pad RGN_2-1(28.8mm,19.35mm) on L4 BOTTOM GND|Pad CL_2-1(30.65mm,16.05mm) on L4 BOTTOM GND",0
VIA,R142:NetCL_2_1,NetCL_2_1,Multi Layer,28.725,17.475,,,,0.6,0.3,"NetCL_2_1|Pad RGN_2-1(28.8mm,19.35mm) on L4 BOTTOM GND|Pad CL_2-1(30.65mm,16.05mm) on L4 BOTTOM GND",0
TRACK,R143:NetCL_4_1,NetCL_4_1,Bottom Layer,50.125,19.125,50.075,19.075,0.2,,,"NetCL_4_1|Pad RGN_4-1(50.4mm,19.35mm) on L4 BOTTOM GND|Pad CL_4-1(52.25mm,16.05mm) on L4 BOTTOM GND",0
TRACK,R143:NetCL_4_1,NetCL_4_1,Bottom Layer,50.075,19.075,49.675,19.075,0.2,,,"NetCL_4_1|Pad RGN_4-1(50.4mm,19.35mm) on L4 BOTTOM GND|Pad CL_4-1(52.25mm,16.05mm) on L4 BOTTOM GND",0
TRACK,R143:NetCL_4_1,NetCL_4_1,Bottom Layer,49.675,19.075,49.475,18.875,0.2,,,"NetCL_4_1|Pad RGN_4-1(50.4mm,19.35mm) on L4 BOTTOM GND|Pad CL_4-1(52.25mm,16.05mm) on L4 BOTTOM GND",0
TRACK,R143:NetCL_4_1,NetCL_4_1,Top Layer,49.475,18.875,49.475,18.325,0.2,,,"NetCL_4_1|Pad RGN_4-1(50.4mm,19.35mm) on L4 BOTTOM GND|Pad CL_4-1(52.25mm,16.05mm) on L4 BOTTOM GND",0
TRACK,R143:NetCL_4_1,NetCL_4_1,Top Layer,49.475,18.325,50.325,17.475,0.2,,,"NetCL_4_1|Pad RGN_4-1(50.4mm,19.35mm) on L4 BOTTOM GND|Pad CL_4-1(52.25mm,16.05mm) on L4 BOTTOM GND",0
TRACK,R143:NetCL_4_1,NetCL_4_1,Bottom Layer,50.325,17.475,50.525,17.275,0.2,,,"NetCL_4_1|Pad RGN_4-1(50.4mm,19.35mm) on L4 BOTTOM GND|Pad CL_4-1(52.25mm,16.05mm) on L4 BOTTOM GND",0
TRACK,R143:NetCL_4_1,NetCL_4_1,Bottom Layer,50.525,17.275,51.225,17.275,0.2,,,"NetCL_4_1|Pad RGN_4-1(50.4mm,19.35mm) on L4 BOTTOM GND|Pad CL_4-1(52.25mm,16.05mm) on L4 BOTTOM GND",0
TRACK,R143:NetCL_4_1,NetCL_4_1,Bottom Layer,51.225,17.275,51.575,16.925,0.2,,,"NetCL_4_1|Pad RGN_4-1(50.4mm,19.35mm) on L4 BOTTOM GND|Pad CL_4-1(52.25mm,16.05mm) on L4 BOTTOM GND",0
TRACK,R143:NetCL_4_1,NetCL_4_1,Bottom Layer,51.575,16.925,51.575,16.775,0.2,,,"NetCL_4_1|Pad RGN_4-1(50.4mm,19.35mm) on L4 BOTTOM GND|Pad CL_4-1(52.25mm,16.05mm) on L4 BOTTOM GND",0
VIA,R143:NetCL_4_1,NetCL_4_1,Multi Layer,49.475,18.875,,,,0.6,0.3,"NetCL_4_1|Pad RGN_4-1(50.4mm,19.35mm) on L4 BOTTOM GND|Pad CL_4-1(52.25mm,16.05mm) on L4 BOTTOM GND",0
VIA,R143:NetCL_4_1,NetCL_4_1,Multi Layer,50.325,17.475,,,,0.6,0.3,"NetCL_4_1|Pad RGN_4-1(50.4mm,19.35mm) on L4 BOTTOM GND|Pad CL_4-1(52.25mm,16.05mm) on L4 BOTTOM GND",0
TRACK,R144:INA_OUT_2,INA_OUT_2,Top Layer,27.625,22.725,27.025,22.725,0.2,,,"INA_OUT_2|Pad INA2-8(28.525mm,20.55mm) on L1 TOP|Pad CL_2-2(28.75mm,16.05mm) on L4 BOTTOM GND",0
TRACK,R144:INA_OUT_2,INA_OUT_2,Top Layer,27.025,22.725,26.575,22.275,0.2,,,"INA_OUT_2|Pad INA2-8(28.525mm,20.55mm) on L1 TOP|Pad CL_2-2(28.75mm,16.05mm) on L4 BOTTOM GND",0
TRACK,R144:INA_OUT_2,INA_OUT_2,Top Layer,26.575,22.275,26.575,18.275,0.2,,,"INA_OUT_2|Pad INA2-8(28.525mm,20.55mm) on L1 TOP|Pad CL_2-2(28.75mm,16.05mm) on L4 BOTTOM GND",0
TRACK,R144:INA_OUT_2,INA_OUT_2,Top Layer,26.575,18.275,27.725,17.125,0.2,,,"INA_OUT_2|Pad INA2-8(28.525mm,20.55mm) on L1 TOP|Pad CL_2-2(28.75mm,16.05mm) on L4 BOTTOM GND",0
TRACK,R144:INA_OUT_2,INA_OUT_2,Bottom Layer,27.725,17.125,28.075,16.775,0.2,,,"INA_OUT_2|Pad INA2-8(28.525mm,20.55mm) on L1 TOP|Pad CL_2-2(28.75mm,16.05mm) on L4 BOTTOM GND",0
VIA,R144:INA_OUT_2,INA_OUT_2,Multi Layer,27.725,17.125,,,,0.6,0.3,"INA_OUT_2|Pad INA2-8(28.525mm,20.55mm) on L1 TOP|Pad CL_2-2(28.75mm,16.05mm) on L4 BOTTOM GND",0
TRACK,R145:INA_OUT_4,INA_OUT_4,Mid Layer 2,49.475,20.775,48.675,19.975,0.2,,,"INA_OUT_4|Pad INA4-8(50.125mm,20.55mm) on L1 TOP|Pad CL_4-2(50.35mm,16.05mm) on L4 BOTTOM GND",0
TRACK,R145:INA_OUT_4,INA_OUT_4,Mid Layer 2,48.675,19.975,48.675,19.475,0.2,,,"INA_OUT_4|Pad INA4-8(50.125mm,20.55mm) on L1 TOP|Pad CL_4-2(50.35mm,16.05mm) on L4 BOTTOM GND",0
TRACK,R145:INA_OUT_4,INA_OUT_4,Top Layer,48.675,19.475,48.675,17.775,0.2,,,"INA_OUT_4|Pad INA4-8(50.125mm,20.55mm) on L1 TOP|Pad CL_4-2(50.35mm,16.05mm) on L4 BOTTOM GND",0
TRACK,R145:INA_OUT_4,INA_OUT_4,Top Layer,48.675,17.775,49.325,17.125,0.2,,,"INA_OUT_4|Pad INA4-8(50.125mm,20.55mm) on L1 TOP|Pad CL_4-2(50.35mm,16.05mm) on L4 BOTTOM GND",0
TRACK,R145:INA_OUT_4,INA_OUT_4,Bottom Layer,49.325,17.125,49.675,16.775,0.2,,,"INA_OUT_4|Pad INA4-8(50.125mm,20.55mm) on L1 TOP|Pad CL_4-2(50.35mm,16.05mm) on L4 BOTTOM GND",0
VIA,R145:INA_OUT_4,INA_OUT_4,Multi Layer,49.475,20.775,,,,0.6,0.3,"INA_OUT_4|Pad INA4-8(50.125mm,20.55mm) on L1 TOP|Pad CL_4-2(50.35mm,16.05mm) on L4 BOTTOM GND",0
VIA,R145:INA_OUT_4,INA_OUT_4,Multi Layer,48.675,19.475,,,,0.6,0.3,"INA_OUT_4|Pad INA4-8(50.125mm,20.55mm) on L1 TOP|Pad CL_4-2(50.35mm,16.05mm) on L4 BOTTOM GND",0
VIA,R145:INA_OUT_4,INA_OUT_4,Multi Layer,49.325,17.125,,,,0.6,0.3,"INA_OUT_4|Pad INA4-8(50.125mm,20.55mm) on L1 TOP|Pad CL_4-2(50.35mm,16.05mm) on L4 BOTTOM GND",0
TRACK,R146:INA_OUT_4,INA_OUT_4,Top Layer,48.925,22.075,48.925,23.425,0.2,,,"INA_OUT_4|Pad INA4-8(50.125mm,20.55mm) on L1 TOP|Pad Rservo_4-2(50.175mm,25.25mm) on L4 BOTTOM GND",0
TRACK,R146:INA_OUT_4,INA_OUT_4,Top Layer,48.925,23.425,49.975,24.475,0.2,,,"INA_OUT_4|Pad INA4-8(50.125mm,20.55mm) on L1 TOP|Pad Rservo_4-2(50.175mm,25.25mm) on L4 BOTTOM GND",0
TRACK,R146:INA_OUT_4,INA_OUT_4,Bottom Layer,49.975,24.475,49.975,25.025,0.2,,,"INA_OUT_4|Pad INA4-8(50.125mm,20.55mm) on L1 TOP|Pad Rservo_4-2(50.175mm,25.25mm) on L4 BOTTOM GND",0
VIA,R146:INA_OUT_4,INA_OUT_4,Multi Layer,49.975,24.475,,,,0.6,0.3,"INA_OUT_4|Pad INA4-8(50.125mm,20.55mm) on L1 TOP|Pad Rservo_4-2(50.175mm,25.25mm) on L4 BOTTOM GND",0
TRACK,R147:VREF_B_SRC,VREF_B_SRC,Top Layer,12.925,20.025,13.025,20.025,0.2,,,"VREF_B_SRC|Pad Free-TP_VREF_B_SRC(12.5mm,20.2mm) on L1 TOP|Pad R_ref-2(13.7mm,15.4mm) on L4 BOTTOM GND",0
TRACK,R147:VREF_B_SRC,VREF_B_SRC,Top Layer,13.025,20.025,13.275,19.775,0.2,,,"VREF_B_SRC|Pad Free-TP_VREF_B_SRC(12.5mm,20.2mm) on L1 TOP|Pad R_ref-2(13.7mm,15.4mm) on L4 BOTTOM GND",0
TRACK,R147:VREF_B_SRC,VREF_B_SRC,Top Layer,13.275,19.775,13.425,19.775,0.2,,,"VREF_B_SRC|Pad Free-TP_VREF_B_SRC(12.5mm,20.2mm) on L1 TOP|Pad R_ref-2(13.7mm,15.4mm) on L4 BOTTOM GND",0
TRACK,R147:VREF_B_SRC,VREF_B_SRC,Top Layer,13.425,19.775,14.375,18.825,0.2,,,"VREF_B_SRC|Pad Free-TP_VREF_B_SRC(12.5mm,20.2mm) on L1 TOP|Pad R_ref-2(13.7mm,15.4mm) on L4 BOTTOM GND",0
TRACK,R147:VREF_B_SRC,VREF_B_SRC,Top Layer,14.375,18.825,14.375,18.43,0.2,,,"VREF_B_SRC|Pad Free-TP_VREF_B_SRC(12.5mm,20.2mm) on L1 TOP|Pad R_ref-2(13.7mm,15.4mm) on L4 BOTTOM GND",0
TRACK,R147:VREF_B_SRC,VREF_B_SRC,Top Layer,14.375,18.43,14.375,15.778,0.2,,,"VREF_B_SRC|Pad Free-TP_VREF_B_SRC(12.5mm,20.2mm) on L1 TOP|Pad R_ref-2(13.7mm,15.4mm) on L4 BOTTOM GND",0
TRACK,R147:VREF_B_SRC,VREF_B_SRC,Top Layer,14.375,15.778,14.375,15.375,0.2,,,"VREF_B_SRC|Pad Free-TP_VREF_B_SRC(12.5mm,20.2mm) on L1 TOP|Pad R_ref-2(13.7mm,15.4mm) on L4 BOTTOM GND",0
TRACK,R147:VREF_B_SRC,VREF_B_SRC,Bottom Layer,14.375,15.375,14.275,15.275,0.2,,,"VREF_B_SRC|Pad Free-TP_VREF_B_SRC(12.5mm,20.2mm) on L1 TOP|Pad R_ref-2(13.7mm,15.4mm) on L4 BOTTOM GND",0
VIA,R147:VREF_B_SRC,VREF_B_SRC,Multi Layer,14.375,15.375,,,,0.6,0.3,"VREF_B_SRC|Pad Free-TP_VREF_B_SRC(12.5mm,20.2mm) on L1 TOP|Pad R_ref-2(13.7mm,15.4mm) on L4 BOTTOM GND",0
TRACK,R148:VSYS,VSYS,Bottom Layer,15.075,39.275,15.075,39.575,0.4,,,"VSYS|Pad UP1-11(15mm,39.15mm) on L4 BOTTOM GND|Pad UP1-10(15mm,39.65mm) on L4 BOTTOM GND",0
TRACK,R149:VBAT_CELL,VBAT_CELL,Bottom Layer,12.125,39.275,12.125,39.575,0.4,,,"VBAT_CELL|Pad UP1-2(12.2mm,39.15mm) on L4 BOTTOM GND|Pad UP1-3(12.2mm,39.65mm) on L4 BOTTOM GND",0
TRACK,R150:VBAT_CELL,VBAT_CELL,Bottom Layer,20.825,32.125,20.825,32.425,0.4,,,"VBAT_CELL|Pad UP4-3(20.745mm,32.025mm) on L4 BOTTOM GND|Pad UP4-2(20.745mm,32.525mm) on L4 BOTTOM GND",0
TRACK,R151:VSYS,VSYS,Bottom Layer,43.875,42.025,43.875,42.525,0.4,,,"VSYS|Pad U_UV1-6(43.973mm,41.792mm) on L4 BOTTOM GND|Pad U_UV1-5(43.973mm,42.742mm) on L4 BOTTOM GND",0
TRACK,R152:VBAT_CELL,VBAT_CELL,Bottom Layer,21.075,32.125,21.525,32.125,0.4,,,"VBAT_CELL|Pad UP4-3(20.745mm,32.025mm) on L4 BOTTOM GND|Pad CU6_1-2(21.781mm,31.975mm) on L4 BOTTOM GND",0
TRACK,R153:VSYS,VSYS,Bottom Layer,44.325,41.675,44.775,41.675,0.4,,,"VSYS|Pad U_UV1-6(43.973mm,41.792mm) on L4 BOTTOM GND|Pad C_UV_BYPASS-1(45.02mm,41.642mm) on L4 BOTTOM GND",0
TRACK,R154:VSYS,VSYS,Bottom Layer,18.475,39.575,18.925,39.575,0.4,,,"VSYS|Pad R_CHG_LED-1(18.2mm,39.65mm) on L4 BOTTOM GND|Pad Free-TP_VSYS(18.617mm,38.659mm) on L1 TOP",0
TRACK,R154:VSYS,VSYS,Top Layer,18.925,39.575,18.925,39.025,0.4,,,"VSYS|Pad R_CHG_LED-1(18.2mm,39.65mm) on L4 BOTTOM GND|Pad Free-TP_VSYS(18.617mm,38.659mm) on L1 TOP",0
VIA,R154:VSYS,VSYS,Multi Layer,18.925,39.575,,,,0.6,0.3,"VSYS|Pad R_CHG_LED-1(18.2mm,39.65mm) on L4 BOTTOM GND|Pad Free-TP_VSYS(18.617mm,38.659mm) on L1 TOP",0
TRACK,R156:VSYS,VSYS,Bottom Layer,15.275,39.225,15.775,39.225,0.4,,,"VSYS|Pad UP1-11(15mm,39.15mm) on L4 BOTTOM GND|Pad C_OUT_-1(16.6mm,38.7mm) on L4 BOTTOM GND",0
TRACK,R156:VSYS,VSYS,Bottom Layer,15.775,39.225,15.975,39.025,0.4,,,"VSYS|Pad UP1-11(15mm,39.15mm) on L4 BOTTOM GND|Pad C_OUT_-1(16.6mm,38.7mm) on L4 BOTTOM GND",0
TRACK,R157:VSYS,VSYS,Bottom Layer,17.225,39.025,17.525,39.025,0.4,,,"VSYS|Pad C_OUT_-1(16.6mm,38.7mm) on L4 BOTTOM GND|Pad R_CHG_LED-1(18.2mm,39.65mm) on L4 BOTTOM GND",0
TRACK,R157:VSYS,VSYS,Bottom Layer,17.525,39.025,17.925,39.425,0.4,,,"VSYS|Pad C_OUT_-1(16.6mm,38.7mm) on L4 BOTTOM GND|Pad R_CHG_LED-1(18.2mm,39.65mm) on L4 BOTTOM GND",0
TRACK,R158:VSYS,VSYS,Bottom Layer,51.675,41.425,52.7219,41.425,0.4,,,"VSYS|Pad UP2-4(51.562mm,41.169mm) on L4 BOTTOM GND|Pad CUP4_1-1(53.412mm,41.384mm) on L4 BOTTOM GND",0
TRACK,R158:VSYS,VSYS,Bottom Layer,52.7219,41.425,52.775,41.425,0.4,,,"VSYS|Pad UP2-4(51.562mm,41.169mm) on L4 BOTTOM GND|Pad CUP4_1-1(53.412mm,41.384mm) on L4 BOTTOM GND",0
TRACK,R159:VBUS,VBUS,Top Layer,17.675,37.175,17.875,37.175,0.15,,,"VBUS|Pad J_USB_C-B4_A9(17.155mm,37mm) on L1 TOP|Pad C_VBUS-2(19.1mm,36.6mm) on L1 TOP",1
TRACK,R159:VBUS,VBUS,Top Layer,17.875,37.175,17.925,37.225,0.15,,,"VBUS|Pad J_USB_C-B4_A9(17.155mm,37mm) on L1 TOP|Pad C_VBUS-2(19.1mm,36.6mm) on L1 TOP",1
TRACK,R159:VBUS,VBUS,Top Layer,17.925,37.225,18.675,37.225,0.15,,,"VBUS|Pad J_USB_C-B4_A9(17.155mm,37mm) on L1 TOP|Pad C_VBUS-2(19.1mm,36.6mm) on L1 TOP",1
TRACK,R159:VBUS,VBUS,Top Layer,18.675,37.225,19.075,36.825,0.15,,,"VBUS|Pad J_USB_C-B4_A9(17.155mm,37mm) on L1 TOP|Pad C_VBUS-2(19.1mm,36.6mm) on L1 TOP",1
TRACK,R160:VBAT_CELL,VBAT_CELL,Top Layer,25.075,40.725,25.875,40.725,0.4,,,"VBAT_CELL|Pad J_Li-Po-3(24.369mm,40.534mm) on Multi-Layer|Pad Free-TP_VBAT_CELL(26.353mm,40.785mm) on L1 TOP",0
TRACK,R163:VSYS,VSYS,Bottom Layer,41.775,43.575,42.575,43.575,0.4,,,"VSYS|Pad U_UV1-3(41.423mm,43.692mm) on L4 BOTTOM GND|Pad U_UV1-5(43.973mm,42.742mm) on L4 BOTTOM GND",0
TRACK,R163:VSYS,VSYS,Bottom Layer,42.575,43.575,43.275,42.875,0.4,,,"VSYS|Pad U_UV1-3(41.423mm,43.692mm) on L4 BOTTOM GND|Pad U_UV1-5(43.973mm,42.742mm) on L4 BOTTOM GND",0
TRACK,R163:VSYS,VSYS,Bottom Layer,43.275,42.875,43.575,42.875,0.4,,,"VSYS|Pad U_UV1-3(41.423mm,43.692mm) on L4 BOTTOM GND|Pad U_UV1-5(43.973mm,42.742mm) on L4 BOTTOM GND",0
TRACK,R165:VBUS,VBUS,Top Layer,18.775,33.575,18.775,34.16,0.4,,,"VBUS|Pad D_VBUS-1(18.5mm,33.3mm) on L1 TOP|Pad C_VBUS-2(19.1mm,36.6mm) on L1 TOP",0
TRACK,R165:VBUS,VBUS,Top Layer,18.775,34.16,18.775,34.425,0.4,,,"VBUS|Pad D_VBUS-1(18.5mm,33.3mm) on L1 TOP|Pad C_VBUS-2(19.1mm,36.6mm) on L1 TOP",0
TRACK,R165:VBUS,VBUS,Top Layer,18.775,34.425,19.325,34.975,0.4,,,"VBUS|Pad D_VBUS-1(18.5mm,33.3mm) on L1 TOP|Pad C_VBUS-2(19.1mm,36.6mm) on L1 TOP",0
TRACK,R165:VBUS,VBUS,Top Layer,19.325,34.975,19.325,36.325,0.4,,,"VBUS|Pad D_VBUS-1(18.5mm,33.3mm) on L1 TOP|Pad C_VBUS-2(19.1mm,36.6mm) on L1 TOP",0
TRACK,R165:VBUS,VBUS,Top Layer,19.325,36.325,19.275,36.375,0.4,,,"VBUS|Pad D_VBUS-1(18.5mm,33.3mm) on L1 TOP|Pad C_VBUS-2(19.1mm,36.6mm) on L1 TOP",0
TRACK,R167:VSYS,VSYS,Bottom Layer,13.925,43.375,13.925,42.975,0.4,,,"VSYS|Pad R_EN1_BIAS-1(14.231mm,43.719mm) on L4 BOTTOM GND|Pad UP1-10(15mm,39.65mm) on L4 BOTTOM GND",0
TRACK,R167:VSYS,VSYS,Bottom Layer,13.925,42.975,13.875,42.925,0.4,,,"VSYS|Pad R_EN1_BIAS-1(14.231mm,43.719mm) on L4 BOTTOM GND|Pad UP1-10(15mm,39.65mm) on L4 BOTTOM GND",0
TRACK,R167:VSYS,VSYS,Top Layer,13.875,42.925,14.7,42.1,0.4,,,"VSYS|Pad R_EN1_BIAS-1(14.231mm,43.719mm) on L4 BOTTOM GND|Pad UP1-10(15mm,39.65mm) on L4 BOTTOM GND",0
TRACK,R167:VSYS,VSYS,Top Layer,14.7,42.1,15.675,41.125,0.4,,,"VSYS|Pad R_EN1_BIAS-1(14.231mm,43.719mm) on L4 BOTTOM GND|Pad UP1-10(15mm,39.65mm) on L4 BOTTOM GND",0
TRACK,R167:VSYS,VSYS,Top Layer,15.675,41.125,15.675,39.425,0.4,,,"VSYS|Pad R_EN1_BIAS-1(14.231mm,43.719mm) on L4 BOTTOM GND|Pad UP1-10(15mm,39.65mm) on L4 BOTTOM GND",0
VIA,R167:VSYS,VSYS,Multi Layer,13.875,42.925,,,,0.6,0.3,"VSYS|Pad R_EN1_BIAS-1(14.231mm,43.719mm) on L4 BOTTOM GND|Pad UP1-10(15mm,39.65mm) on L4 BOTTOM GND",0
VIA,R167:VSYS,VSYS,Multi Layer,15.675,39.425,,,,0.6,0.3,"VSYS|Pad R_EN1_BIAS-1(14.231mm,43.719mm) on L4 BOTTOM GND|Pad UP1-10(15mm,39.65mm) on L4 BOTTOM GND",0
TRACK,R168:VBUS,VBUS,Bottom Layer,11.425,40.925,11.875,40.925,0.15,,,"VBUS|Pad R_TS_TOP-2(11.194mm,40.774mm) on L4 BOTTOM GND|Pad UP1-13(14.35mm,38mm) on L4 BOTTOM GND",0
TRACK,R168:VBUS,VBUS,Top Layer,11.875,40.925,14.075,40.925,0.15,,,"VBUS|Pad R_TS_TOP-2(11.194mm,40.774mm) on L4 BOTTOM GND|Pad UP1-13(14.35mm,38mm) on L4 BOTTOM GND",0
TRACK,R168:VBUS,VBUS,Top Layer,14.075,40.925,14.975,40.025,0.15,,,"VBUS|Pad R_TS_TOP-2(11.194mm,40.774mm) on L4 BOTTOM GND|Pad UP1-13(14.35mm,38mm) on L4 BOTTOM GND",0
TRACK,R168:VBUS,VBUS,Top Layer,14.975,40.025,14.975,38.475,0.15,,,"VBUS|Pad R_TS_TOP-2(11.194mm,40.774mm) on L4 BOTTOM GND|Pad UP1-13(14.35mm,38mm) on L4 BOTTOM GND",0
TRACK,R168:VBUS,VBUS,Top Layer,14.975,38.475,15.575,37.875,0.15,,,"VBUS|Pad R_TS_TOP-2(11.194mm,40.774mm) on L4 BOTTOM GND|Pad UP1-13(14.35mm,38mm) on L4 BOTTOM GND",0
TRACK,R168:VBUS,VBUS,Bottom Layer,15.575,37.875,15.325,37.875,0.15,,,"VBUS|Pad R_TS_TOP-2(11.194mm,40.774mm) on L4 BOTTOM GND|Pad UP1-13(14.35mm,38mm) on L4 BOTTOM GND",0
TRACK,R168:VBUS,VBUS,Bottom Layer,15.325,37.875,15.225,37.975,0.15,,,"VBUS|Pad R_TS_TOP-2(11.194mm,40.774mm) on L4 BOTTOM GND|Pad UP1-13(14.35mm,38mm) on L4 BOTTOM GND",0
TRACK,R168:VBUS,VBUS,Bottom Layer,15.225,37.975,14.425,37.975,0.15,,,"VBUS|Pad R_TS_TOP-2(11.194mm,40.774mm) on L4 BOTTOM GND|Pad UP1-13(14.35mm,38mm) on L4 BOTTOM GND",0
VIA,R168:VBUS,VBUS,Multi Layer,11.875,40.925,,,,0.6,0.3,"VBUS|Pad R_TS_TOP-2(11.194mm,40.774mm) on L4 BOTTOM GND|Pad UP1-13(14.35mm,38mm) on L4 BOTTOM GND",0
VIA,R168:VBUS,VBUS,Multi Layer,15.575,37.875,,,,0.6,0.3,"VBUS|Pad R_TS_TOP-2(11.194mm,40.774mm) on L4 BOTTOM GND|Pad UP1-13(14.35mm,38mm) on L4 BOTTOM GND",0
TRACK,R169:VBUS,VBUS,Top Layer,18.725,37.275,18.725,37.475,0.15,,,"VBUS|Pad J_USB_C-B4_A9(17.155mm,37mm) on L1 TOP|Pad J_USB_C-A4_B9(17.155mm,41.8mm) on L1 TOP",0
TRACK,R169:VBUS,VBUS,Top Layer,18.725,37.475,19.625,38.375,0.15,,,"VBUS|Pad J_USB_C-B4_A9(17.155mm,37mm) on L1 TOP|Pad J_USB_C-A4_B9(17.155mm,41.8mm) on L1 TOP",0
TRACK,R169:VBUS,VBUS,Top Layer,19.625,38.375,19.625,41.375,0.15,,,"VBUS|Pad J_USB_C-B4_A9(17.155mm,37mm) on L1 TOP|Pad J_USB_C-A4_B9(17.155mm,41.8mm) on L1 TOP",0
TRACK,R169:VBUS,VBUS,Top Layer,19.625,41.375,19.275,41.725,0.15,,,"VBUS|Pad J_USB_C-B4_A9(17.155mm,37mm) on L1 TOP|Pad J_USB_C-A4_B9(17.155mm,41.8mm) on L1 TOP",0
TRACK,R169:VBUS,VBUS,Top Layer,19.275,41.725,17.675,41.725,0.15,,,"VBUS|Pad J_USB_C-B4_A9(17.155mm,37mm) on L1 TOP|Pad J_USB_C-A4_B9(17.155mm,41.8mm) on L1 TOP",0
TRACK,R170:VSYS,VSYS,Bottom Layer,43.575,41.625,43.175,41.625,0.15,,,"VSYS|Pad C_UV_BYPASS-1(45.02mm,41.642mm) on L4 BOTTOM GND|Pad UP2-4(51.562mm,41.169mm) on L4 BOTTOM GND",0
TRACK,R170:VSYS,VSYS,Top Layer,43.175,41.625,45.625,41.625,0.15,,,"VSYS|Pad C_UV_BYPASS-1(45.02mm,41.642mm) on L4 BOTTOM GND|Pad UP2-4(51.562mm,41.169mm) on L4 BOTTOM GND",0
TRACK,R170:VSYS,VSYS,Top Layer,45.625,41.625,46.475,40.775,0.15,,,"VSYS|Pad C_UV_BYPASS-1(45.02mm,41.642mm) on L4 BOTTOM GND|Pad UP2-4(51.562mm,41.169mm) on L4 BOTTOM GND",0
TRACK,R170:VSYS,VSYS,Top Layer,46.475,40.775,46.875,40.775,0.15,,,"VSYS|Pad C_UV_BYPASS-1(45.02mm,41.642mm) on L4 BOTTOM GND|Pad UP2-4(51.562mm,41.169mm) on L4 BOTTOM GND",0
TRACK,R170:VSYS,VSYS,Mid Layer 2,46.875,40.775,47.075,40.975,0.15,,,"VSYS|Pad C_UV_BYPASS-1(45.02mm,41.642mm) on L4 BOTTOM GND|Pad UP2-4(51.562mm,41.169mm) on L4 BOTTOM GND",0
TRACK,R170:VSYS,VSYS,Mid Layer 2,47.075,40.975,48.6045,40.975,0.15,,,"VSYS|Pad C_UV_BYPASS-1(45.02mm,41.642mm) on L4 BOTTOM GND|Pad UP2-4(51.562mm,41.169mm) on L4 BOTTOM GND",0
TRACK,R170:VSYS,VSYS,Mid Layer 2,48.6045,40.975,48.9019,40.975,0.15,,,"VSYS|Pad C_UV_BYPASS-1(45.02mm,41.642mm) on L4 BOTTOM GND|Pad UP2-4(51.562mm,41.169mm) on L4 BOTTOM GND",0
TRACK,R170:VSYS,VSYS,Mid Layer 2,48.9019,40.975,51.725,40.975,0.15,,,"VSYS|Pad C_UV_BYPASS-1(45.02mm,41.642mm) on L4 BOTTOM GND|Pad UP2-4(51.562mm,41.169mm) on L4 BOTTOM GND",0
TRACK,R170:VSYS,VSYS,Mid Layer 2,51.725,40.975,52.025,41.275,0.15,,,"VSYS|Pad C_UV_BYPASS-1(45.02mm,41.642mm) on L4 BOTTOM GND|Pad UP2-4(51.562mm,41.169mm) on L4 BOTTOM GND",0
VIA,R170:VSYS,VSYS,Multi Layer,43.175,41.625,,,,0.45,0.2,"VSYS|Pad C_UV_BYPASS-1(45.02mm,41.642mm) on L4 BOTTOM GND|Pad UP2-4(51.562mm,41.169mm) on L4 BOTTOM GND",0
VIA,R170:VSYS,VSYS,Multi Layer,46.875,40.775,,,,0.45,0.2,"VSYS|Pad C_UV_BYPASS-1(45.02mm,41.642mm) on L4 BOTTOM GND|Pad UP2-4(51.562mm,41.169mm) on L4 BOTTOM GND",0
VIA,R170:VSYS,VSYS,Multi Layer,52.025,41.275,,,,0.45,0.2,"VSYS|Pad C_UV_BYPASS-1(45.02mm,41.642mm) on L4 BOTTOM GND|Pad UP2-4(51.562mm,41.169mm) on L4 BOTTOM GND",0
TRACK,R171:VBAT_CELL,VBAT_CELL,Bottom Layer,21.575,32.325,21.575,32.575,0.4,,,"VBAT_CELL|Pad CU6_1-2(21.781mm,31.975mm) on L4 BOTTOM GND|Pad J_Li-Po-3(24.369mm,40.534mm) on Multi-Layer",0
TRACK,R171:VBAT_CELL,VBAT_CELL,Bottom Layer,21.575,32.575,21.675,32.675,0.4,,,"VBAT_CELL|Pad CU6_1-2(21.781mm,31.975mm) on L4 BOTTOM GND|Pad J_Li-Po-3(24.369mm,40.534mm) on Multi-Layer",0
TRACK,R171:VBAT_CELL,VBAT_CELL,Top Layer,21.675,32.675,21.675,34.16,0.4,,,"VBAT_CELL|Pad CU6_1-2(21.781mm,31.975mm) on L4 BOTTOM GND|Pad J_Li-Po-3(24.369mm,40.534mm) on Multi-Layer",0
TRACK,R171:VBAT_CELL,VBAT_CELL,Top Layer,21.675,34.16,21.675,34.875,0.4,,,"VBAT_CELL|Pad CU6_1-2(21.781mm,31.975mm) on L4 BOTTOM GND|Pad J_Li-Po-3(24.369mm,40.534mm) on Multi-Layer",0
TRACK,R171:VBAT_CELL,VBAT_CELL,Top Layer,21.675,34.875,21.325,35.225,0.4,,,"VBAT_CELL|Pad CU6_1-2(21.781mm,31.975mm) on L4 BOTTOM GND|Pad J_Li-Po-3(24.369mm,40.534mm) on Multi-Layer",0
TRACK,R171:VBAT_CELL,VBAT_CELL,Top Layer,21.325,35.225,21.325,36.875,0.4,,,"VBAT_CELL|Pad CU6_1-2(21.781mm,31.975mm) on L4 BOTTOM GND|Pad J_Li-Po-3(24.369mm,40.534mm) on Multi-Layer",0
TRACK,R171:VBAT_CELL,VBAT_CELL,Top Layer,21.325,36.875,24.275,39.825,0.4,,,"VBAT_CELL|Pad CU6_1-2(21.781mm,31.975mm) on L4 BOTTOM GND|Pad J_Li-Po-3(24.369mm,40.534mm) on Multi-Layer",0
VIA,R171:VBAT_CELL,VBAT_CELL,Multi Layer,21.675,32.675,,,,0.6,0.3,"VBAT_CELL|Pad CU6_1-2(21.781mm,31.975mm) on L4 BOTTOM GND|Pad J_Li-Po-3(24.369mm,40.534mm) on Multi-Layer",0
TRACK,R173:VSYS,VSYS,Top Layer,52.225,41.275,52.7219,41.275,0.4,,,"VSYS|Pad CUP4_1-1(53.412mm,41.384mm) on L4 BOTTOM GND|Pad R_EN1_1-1(64.969mm,40.25mm) on L4 BOTTOM GND",0
TRACK,R173:VSYS,VSYS,Top Layer,52.7219,41.275,57.325,41.275,0.4,,,"VSYS|Pad CUP4_1-1(53.412mm,41.384mm) on L4 BOTTOM GND|Pad R_EN1_1-1(64.969mm,40.25mm) on L4 BOTTOM GND",0
TRACK,R173:VSYS,VSYS,Top Layer,57.325,41.275,57.525,41.075,0.4,,,"VSYS|Pad CUP4_1-1(53.412mm,41.384mm) on L4 BOTTOM GND|Pad R_EN1_1-1(64.969mm,40.25mm) on L4 BOTTOM GND",0
TRACK,R173:VSYS,VSYS,Top Layer,57.525,41.075,64.225,41.075,0.4,,,"VSYS|Pad CUP4_1-1(53.412mm,41.384mm) on L4 BOTTOM GND|Pad R_EN1_1-1(64.969mm,40.25mm) on L4 BOTTOM GND",0
TRACK,R173:VSYS,VSYS,Top Layer,64.225,41.075,64.425,41.275,0.4,,,"VSYS|Pad CUP4_1-1(53.412mm,41.384mm) on L4 BOTTOM GND|Pad R_EN1_1-1(64.969mm,40.25mm) on L4 BOTTOM GND",0
TRACK,R173:VSYS,VSYS,Bottom Layer,64.425,41.275,64.625,41.075,0.4,,,"VSYS|Pad CUP4_1-1(53.412mm,41.384mm) on L4 BOTTOM GND|Pad R_EN1_1-1(64.969mm,40.25mm) on L4 BOTTOM GND",0
TRACK,R173:VSYS,VSYS,Bottom Layer,64.625,41.075,64.675,41.075,0.4,,,"VSYS|Pad CUP4_1-1(53.412mm,41.384mm) on L4 BOTTOM GND|Pad R_EN1_1-1(64.969mm,40.25mm) on L4 BOTTOM GND",0
TRACK,R173:VSYS,VSYS,Bottom Layer,64.675,41.075,64.875,40.875,0.4,,,"VSYS|Pad CUP4_1-1(53.412mm,41.384mm) on L4 BOTTOM GND|Pad R_EN1_1-1(64.969mm,40.25mm) on L4 BOTTOM GND",0
TRACK,R173:VSYS,VSYS,Bottom Layer,64.875,40.875,64.875,40.575,0.4,,,"VSYS|Pad CUP4_1-1(53.412mm,41.384mm) on L4 BOTTOM GND|Pad R_EN1_1-1(64.969mm,40.25mm) on L4 BOTTOM GND",0
VIA,R173:VSYS,VSYS,Multi Layer,64.425,41.275,,,,0.6,0.3,"VSYS|Pad CUP4_1-1(53.412mm,41.384mm) on L4 BOTTOM GND|Pad R_EN1_1-1(64.969mm,40.25mm) on L4 BOTTOM GND",0
TRACK,R175:VOUT_3,VOUT_3,Mid Layer 2,40.625,20.125,43.425,20.125,0.2,,,"VOUT_3|Pad CH_3-1(41.6mm,22.382mm) on L4 BOTTOM GND|Pad Free-TP_VOUT_3(45.83mm,25.25mm) on L1 TOP",0
TRACK,R175:VOUT_3,VOUT_3,Mid Layer 2,43.425,20.125,44.175,20.875,0.2,,,"VOUT_3|Pad CH_3-1(41.6mm,22.382mm) on L4 BOTTOM GND|Pad Free-TP_VOUT_3(45.83mm,25.25mm) on L1 TOP",0
TRACK,R175:VOUT_3,VOUT_3,Top Layer,44.175,20.875,44.175,21.225,0.2,,,"VOUT_3|Pad CH_3-1(41.6mm,22.382mm) on L4 BOTTOM GND|Pad Free-TP_VOUT_3(45.83mm,25.25mm) on L1 TOP",0
TRACK,R175:VOUT_3,VOUT_3,Top Layer,44.175,21.225,46.625,23.675,0.2,,,"VOUT_3|Pad CH_3-1(41.6mm,22.382mm) on L4 BOTTOM GND|Pad Free-TP_VOUT_3(45.83mm,25.25mm) on L1 TOP",0
TRACK,R175:VOUT_3,VOUT_3,Top Layer,46.625,23.675,46.625,24.775,0.2,,,"VOUT_3|Pad CH_3-1(41.6mm,22.382mm) on L4 BOTTOM GND|Pad Free-TP_VOUT_3(45.83mm,25.25mm) on L1 TOP",0
VIA,R175:VOUT_3,VOUT_3,Multi Layer,44.175,20.875,,,,0.6,0.3,"VOUT_3|Pad CH_3-1(41.6mm,22.382mm) on L4 BOTTOM GND|Pad Free-TP_VOUT_3(45.83mm,25.25mm) on L1 TOP",0
TRACK,R176:INA_OUT_1,INA_OUT_1,Top Layer,17.275,21.475,16.875,21.475,0.2,,,"INA_OUT_1|Pad RH_1-1(17.621mm,21.75mm) on L1 TOP|Pad CL_1-2(21.95mm,24.75mm) on L4 BOTTOM GND",0
TRACK,R176:INA_OUT_1,INA_OUT_1,Top Layer,16.875,21.475,16.425,21.025,0.2,,,"INA_OUT_1|Pad RH_1-1(17.621mm,21.75mm) on L1 TOP|Pad CL_1-2(21.95mm,24.75mm) on L4 BOTTOM GND",0
TRACK,R176:INA_OUT_1,INA_OUT_1,Top Layer,16.425,21.025,15.775,21.025,0.2,,,"INA_OUT_1|Pad RH_1-1(17.621mm,21.75mm) on L1 TOP|Pad CL_1-2(21.95mm,24.75mm) on L4 BOTTOM GND",0
TRACK,R176:INA_OUT_1,INA_OUT_1,Top Layer,15.775,21.025,15.325,21.475,0.2,,,"INA_OUT_1|Pad RH_1-1(17.621mm,21.75mm) on L1 TOP|Pad CL_1-2(21.95mm,24.75mm) on L4 BOTTOM GND",0
TRACK,R176:INA_OUT_1,INA_OUT_1,Top Layer,15.325,21.475,15.325,22.125,0.2,,,"INA_OUT_1|Pad RH_1-1(17.621mm,21.75mm) on L1 TOP|Pad CL_1-2(21.95mm,24.75mm) on L4 BOTTOM GND",0
TRACK,R176:INA_OUT_1,INA_OUT_1,Top Layer,15.325,22.125,18.125,24.925,0.2,,,"INA_OUT_1|Pad RH_1-1(17.621mm,21.75mm) on L1 TOP|Pad CL_1-2(21.95mm,24.75mm) on L4 BOTTOM GND",0
TRACK,R176:INA_OUT_1,INA_OUT_1,Top Layer,18.125,24.925,18.525,24.925,0.2,,,"INA_OUT_1|Pad RH_1-1(17.621mm,21.75mm) on L1 TOP|Pad CL_1-2(21.95mm,24.75mm) on L4 BOTTOM GND",0
TRACK,R176:INA_OUT_1,INA_OUT_1,Top Layer,18.525,24.925,20.375,26.775,0.2,,,"INA_OUT_1|Pad RH_1-1(17.621mm,21.75mm) on L1 TOP|Pad CL_1-2(21.95mm,24.75mm) on L4 BOTTOM GND",0
TRACK,R176:INA_OUT_1,INA_OUT_1,Top Layer,20.375,26.775,21.025,26.775,0.2,,,"INA_OUT_1|Pad RH_1-1(17.621mm,21.75mm) on L1 TOP|Pad CL_1-2(21.95mm,24.75mm) on L4 BOTTOM GND",0
TRACK,R176:INA_OUT_1,INA_OUT_1,Top Layer,21.025,26.775,21.825,25.975,0.2,,,"INA_OUT_1|Pad RH_1-1(17.621mm,21.75mm) on L1 TOP|Pad CL_1-2(21.95mm,24.75mm) on L4 BOTTOM GND",0
TRACK,R176:INA_OUT_1,INA_OUT_1,Bottom Layer,21.825,25.975,21.825,25.475,0.2,,,"INA_OUT_1|Pad RH_1-1(17.621mm,21.75mm) on L1 TOP|Pad CL_1-2(21.95mm,24.75mm) on L4 BOTTOM GND",0
VIA,R176:INA_OUT_1,INA_OUT_1,Multi Layer,21.825,25.975,,,,0.6,0.3,"INA_OUT_1|Pad RH_1-1(17.621mm,21.75mm) on L1 TOP|Pad CL_1-2(21.95mm,24.75mm) on L4 BOTTOM GND",0
TRACK,R177:VOUT_4,VOUT_4,Top Layer,44.525,26.825,44.525,25.175,0.2,,,"VOUT_4|Pad Free-TP_VOUT_4(44.33mm,27.25mm) on L1 TOP|Pad R_ADC4-1(49.445mm,25.4mm) on L1 TOP",0
TRACK,R177:VOUT_4,VOUT_4,Top Layer,44.525,25.175,45.775,23.925,0.2,,,"VOUT_4|Pad Free-TP_VOUT_4(44.33mm,27.25mm) on L1 TOP|Pad R_ADC4-1(49.445mm,25.4mm) on L1 TOP",0
TRACK,R177:VOUT_4,VOUT_4,Mid Layer 2,45.775,23.925,47.375,23.925,0.2,,,"VOUT_4|Pad Free-TP_VOUT_4(44.33mm,27.25mm) on L1 TOP|Pad R_ADC4-1(49.445mm,25.4mm) on L1 TOP",0
TRACK,R177:VOUT_4,VOUT_4,Top Layer,47.375,23.925,47.775,24.325,0.2,,,"VOUT_4|Pad Free-TP_VOUT_4(44.33mm,27.25mm) on L1 TOP|Pad R_ADC4-1(49.445mm,25.4mm) on L1 TOP",0
TRACK,R177:VOUT_4,VOUT_4,Top Layer,47.775,24.325,48.725,24.325,0.2,,,"VOUT_4|Pad Free-TP_VOUT_4(44.33mm,27.25mm) on L1 TOP|Pad R_ADC4-1(49.445mm,25.4mm) on L1 TOP",0
TRACK,R177:VOUT_4,VOUT_4,Top Layer,48.725,24.325,49.275,24.875,0.2,,,"VOUT_4|Pad Free-TP_VOUT_4(44.33mm,27.25mm) on L1 TOP|Pad R_ADC4-1(49.445mm,25.4mm) on L1 TOP",0
TRACK,R177:VOUT_4,VOUT_4,Top Layer,49.275,24.875,49.275,25.125,0.2,,,"VOUT_4|Pad Free-TP_VOUT_4(44.33mm,27.25mm) on L1 TOP|Pad R_ADC4-1(49.445mm,25.4mm) on L1 TOP",0
VIA,R177:VOUT_4,VOUT_4,Multi Layer,45.775,23.925,,,,0.6,0.3,"VOUT_4|Pad Free-TP_VOUT_4(44.33mm,27.25mm) on L1 TOP|Pad R_ADC4-1(49.445mm,25.4mm) on L1 TOP",0
VIA,R177:VOUT_4,VOUT_4,Multi Layer,47.375,23.925,,,,0.6,0.3,"VOUT_4|Pad Free-TP_VOUT_4(44.33mm,27.25mm) on L1 TOP|Pad R_ADC4-1(49.445mm,25.4mm) on L1 TOP",0
TRACK,R178:NetINA5_3,NetINA5_3,Top Layer,62.225,16.375,62.225,16.625,0.2,,,"NetINA5_3|Pad INA5-3(62.225mm,15.85mm) on L1 TOP|Pad RDD13-2(67.812mm,16.8mm) on L1 TOP",0
TRACK,R178:NetINA5_3,NetINA5_3,Top Layer,62.225,16.625,62.475,16.875,0.2,,,"NetINA5_3|Pad INA5-3(62.225mm,15.85mm) on L1 TOP|Pad RDD13-2(67.812mm,16.8mm) on L1 TOP",0
TRACK,R178:NetINA5_3,NetINA5_3,Top Layer,62.475,16.875,65.675,16.875,0.2,,,"NetINA5_3|Pad INA5-3(62.225mm,15.85mm) on L1 TOP|Pad RDD13-2(67.812mm,16.8mm) on L1 TOP",0
TRACK,R178:NetINA5_3,NetINA5_3,Top Layer,65.675,16.875,66.425,17.625,0.2,,,"NetINA5_3|Pad INA5-3(62.225mm,15.85mm) on L1 TOP|Pad RDD13-2(67.812mm,16.8mm) on L1 TOP",0
TRACK,R178:NetINA5_3,NetINA5_3,Top Layer,66.425,17.625,67.675,17.625,0.2,,,"NetINA5_3|Pad INA5-3(62.225mm,15.85mm) on L1 TOP|Pad RDD13-2(67.812mm,16.8mm) on L1 TOP",0
TRACK,R179:VREF_A,VREF_A,Top Layer,56.375,21.125,58.625,21.125,0.2,,,"VREF_A|Pad U3-5(54.85mm,21.05mm) on L4 BOTTOM GND|Pad U3-10(60.55mm,21.05mm) on L4 BOTTOM GND",0
TRACK,R180:VREF_A,VREF_A,Top Layer,34.775,20.975,37.225,20.975,0.2,,,"VREF_A|Pad U2-5(33.25mm,21.05mm) on L4 BOTTOM GND|Pad U2-10(38.95mm,21.05mm) on L4 BOTTOM GND",0
TRACK,R181:VREF_A,VREF_A,Mid Layer 2,13.275,19.225,15.125,19.225,0.2,,,"VREF_A|Pad U1-9(11.75mm,19.1mm) on L4 BOTTOM GND|Pad U1-5(17.45mm,19.75mm) on L4 BOTTOM GND",0
TRACK,R181:VREF_A,VREF_A,Mid Layer 2,15.125,19.225,15.725,19.825,0.2,,,"VREF_A|Pad U1-9(11.75mm,19.1mm) on L4 BOTTOM GND|Pad U1-5(17.45mm,19.75mm) on L4 BOTTOM GND",0
TRACK,R181:VREF_A,VREF_A,Mid Layer 2,15.725,19.825,16.025,19.825,0.2,,,"VREF_A|Pad U1-9(11.75mm,19.1mm) on L4 BOTTOM GND|Pad U1-5(17.45mm,19.75mm) on L4 BOTTOM GND",0
TRACK,R182:Vservo_3,Vservo_3,Top Layer,40.475,18.425,43.125,18.425,0.2,,,"Vservo_3|Pad U2-14(38.95mm,18.45mm) on L4 BOTTOM GND|Pad Cservo_3-2(44.675mm,17.65mm) on L4 BOTTOM GND [Unplated]",0
TRACK,R182:Vservo_3,Vservo_3,Top Layer,43.125,18.425,43.675,17.875,0.2,,,"Vservo_3|Pad U2-14(38.95mm,18.45mm) on L4 BOTTOM GND|Pad Cservo_3-2(44.675mm,17.65mm) on L4 BOTTOM GND [Unplated]",0
TRACK,R182:Vservo_3,Vservo_3,Bottom Layer,43.675,17.875,44.175,17.875,0.2,,,"Vservo_3|Pad U2-14(38.95mm,18.45mm) on L4 BOTTOM GND|Pad Cservo_3-2(44.675mm,17.65mm) on L4 BOTTOM GND [Unplated]",0
VIA,R182:Vservo_3,Vservo_3,Multi Layer,43.675,17.875,,,,0.6,0.3,"Vservo_3|Pad U2-14(38.95mm,18.45mm) on L4 BOTTOM GND|Pad Cservo_3-2(44.675mm,17.65mm) on L4 BOTTOM GND [Unplated]",0
TRACK,R183:Vservo_1,Vservo_1,Top Layer,18.975,18.425,21.625,18.425,0.2,,,"Vservo_1|Pad U1-7(17.45mm,18.45mm) on L4 BOTTOM GND|Pad Cservo_1-2(23.175mm,17.65mm) on L4 BOTTOM GND [Unplated]",0
TRACK,R183:Vservo_1,Vservo_1,Top Layer,21.625,18.425,22.175,17.875,0.2,,,"Vservo_1|Pad U1-7(17.45mm,18.45mm) on L4 BOTTOM GND|Pad Cservo_1-2(23.175mm,17.65mm) on L4 BOTTOM GND [Unplated]",0
TRACK,R183:Vservo_1,Vservo_1,Bottom Layer,22.175,17.875,22.675,17.875,0.2,,,"Vservo_1|Pad U1-7(17.45mm,18.45mm) on L4 BOTTOM GND|Pad Cservo_1-2(23.175mm,17.65mm) on L4 BOTTOM GND [Unplated]",0
VIA,R183:Vservo_1,Vservo_1,Multi Layer,22.175,17.875,,,,0.6,0.3,"Vservo_1|Pad U1-7(17.45mm,18.45mm) on L4 BOTTOM GND|Pad Cservo_1-2(23.175mm,17.65mm) on L4 BOTTOM GND [Unplated]",0
TRACK,R184:Vservo_5,Vservo_5,Top Layer,62.075,18.425,64.725,18.425,0.2,,,"Vservo_5|Pad U3-14(60.55mm,18.45mm) on L4 BOTTOM GND|Pad Cservo_5-2(66.275mm,17.65mm) on L4 BOTTOM GND [Unplated]",0
TRACK,R184:Vservo_5,Vservo_5,Top Layer,64.725,18.425,65.275,17.875,0.2,,,"Vservo_5|Pad U3-14(60.55mm,18.45mm) on L4 BOTTOM GND|Pad Cservo_5-2(66.275mm,17.65mm) on L4 BOTTOM GND [Unplated]",0
TRACK,R184:Vservo_5,Vservo_5,Bottom Layer,65.275,17.875,65.775,17.875,0.2,,,"Vservo_5|Pad U3-14(60.55mm,18.45mm) on L4 BOTTOM GND|Pad Cservo_5-2(66.275mm,17.65mm) on L4 BOTTOM GND [Unplated]",0
VIA,R184:Vservo_5,Vservo_5,Multi Layer,65.275,17.875,,,,0.6,0.3,"Vservo_5|Pad U3-14(60.55mm,18.45mm) on L4 BOTTOM GND|Pad Cservo_5-2(66.275mm,17.65mm) on L4 BOTTOM GND [Unplated]",0
TRACK,R185:NetINA2_3,NetINA2_3,Top Layer,29.825,15.325,29.825,15.125,0.2,,,"NetINA2_3|Pad INA2-3(29.825mm,15.85mm) on L1 TOP|Pad RDD4-2(35.812mm,16.8mm) on L1 TOP",0
TRACK,R185:NetINA2_3,NetINA2_3,Top Layer,29.825,15.125,30.075,14.875,0.2,,,"NetINA2_3|Pad INA2-3(29.825mm,15.85mm) on L1 TOP|Pad RDD4-2(35.812mm,16.8mm) on L1 TOP",0
TRACK,R185:NetINA2_3,NetINA2_3,Top Layer,30.075,14.875,31.675,14.875,0.2,,,"NetINA2_3|Pad INA2-3(29.825mm,15.85mm) on L1 TOP|Pad RDD4-2(35.812mm,16.8mm) on L1 TOP",0
TRACK,R185:NetINA2_3,NetINA2_3,Top Layer,31.675,14.875,34.425,17.625,0.2,,,"NetINA2_3|Pad INA2-3(29.825mm,15.85mm) on L1 TOP|Pad RDD4-2(35.812mm,16.8mm) on L1 TOP",0
TRACK,R185:NetINA2_3,NetINA2_3,Top Layer,34.425,17.625,35.675,17.625,0.2,,,"NetINA2_3|Pad INA2-3(29.825mm,15.85mm) on L1 TOP|Pad RDD4-2(35.812mm,16.8mm) on L1 TOP",0
TRACK,R186:NetINA1_3,NetINA1_3,Top Layer,19.025,16.375,19.025,16.625,0.2,,,"NetINA1_3|Pad INA1-3(19.025mm,15.85mm) on L1 TOP|Pad RDD1-2(25.012mm,16.8mm) on L1 TOP",0
TRACK,R186:NetINA1_3,NetINA1_3,Top Layer,19.025,16.625,19.225,16.825,0.2,,,"NetINA1_3|Pad INA1-3(19.025mm,15.85mm) on L1 TOP|Pad RDD1-2(25.012mm,16.8mm) on L1 TOP",0
TRACK,R186:NetINA1_3,NetINA1_3,Top Layer,19.225,16.825,19.325,16.825,0.2,,,"NetINA1_3|Pad INA1-3(19.025mm,15.85mm) on L1 TOP|Pad RDD1-2(25.012mm,16.8mm) on L1 TOP",0
TRACK,R186:NetINA1_3,NetINA1_3,Top Layer,19.325,16.825,19.375,16.875,0.2,,,"NetINA1_3|Pad INA1-3(19.025mm,15.85mm) on L1 TOP|Pad RDD1-2(25.012mm,16.8mm) on L1 TOP",0
TRACK,R186:NetINA1_3,NetINA1_3,Top Layer,19.375,16.875,22.875,16.875,0.2,,,"NetINA1_3|Pad INA1-3(19.025mm,15.85mm) on L1 TOP|Pad RDD1-2(25.012mm,16.8mm) on L1 TOP",0
TRACK,R186:NetINA1_3,NetINA1_3,Top Layer,22.875,16.875,23.625,17.625,0.2,,,"NetINA1_3|Pad INA1-3(19.025mm,15.85mm) on L1 TOP|Pad RDD1-2(25.012mm,16.8mm) on L1 TOP",0
TRACK,R186:NetINA1_3,NetINA1_3,Top Layer,23.625,17.625,24.875,17.625,0.2,,,"NetINA1_3|Pad INA1-3(19.025mm,15.85mm) on L1 TOP|Pad RDD1-2(25.012mm,16.8mm) on L1 TOP",0
TRACK,R187:NetINA3_3,NetINA3_3,Top Layer,40.625,16.375,40.625,16.625,0.2,,,"NetINA3_3|Pad INA3-3(40.625mm,15.85mm) on L1 TOP|Pad RDD7-2(46.612mm,16.8mm) on L1 TOP",0
TRACK,R187:NetINA3_3,NetINA3_3,Top Layer,40.625,16.625,40.875,16.875,0.2,,,"NetINA3_3|Pad INA3-3(40.625mm,15.85mm) on L1 TOP|Pad RDD7-2(46.612mm,16.8mm) on L1 TOP",0
TRACK,R187:NetINA3_3,NetINA3_3,Top Layer,40.875,16.875,44.475,16.875,0.2,,,"NetINA3_3|Pad INA3-3(40.625mm,15.85mm) on L1 TOP|Pad RDD7-2(46.612mm,16.8mm) on L1 TOP",0
TRACK,R187:NetINA3_3,NetINA3_3,Top Layer,44.475,16.875,45.225,17.625,0.2,,,"NetINA3_3|Pad INA3-3(40.625mm,15.85mm) on L1 TOP|Pad RDD7-2(46.612mm,16.8mm) on L1 TOP",0
TRACK,R187:NetINA3_3,NetINA3_3,Top Layer,45.225,17.625,46.475,17.625,0.2,,,"NetINA3_3|Pad INA3-3(40.625mm,15.85mm) on L1 TOP|Pad RDD7-2(46.612mm,16.8mm) on L1 TOP",0
TRACK,R188:NetINA4_3,NetINA4_3,Top Layer,51.425,15.325,51.425,15.125,0.2,,,"NetINA4_3|Pad INA4-3(51.425mm,15.85mm) on L1 TOP|Pad RDD10-2(57.412mm,16.8mm) on L1 TOP",0
TRACK,R188:NetINA4_3,NetINA4_3,Top Layer,51.425,15.125,51.675,14.875,0.2,,,"NetINA4_3|Pad INA4-3(51.425mm,15.85mm) on L1 TOP|Pad RDD10-2(57.412mm,16.8mm) on L1 TOP",0
TRACK,R188:NetINA4_3,NetINA4_3,Top Layer,51.675,14.875,53.275,14.875,0.2,,,"NetINA4_3|Pad INA4-3(51.425mm,15.85mm) on L1 TOP|Pad RDD10-2(57.412mm,16.8mm) on L1 TOP",0
TRACK,R188:NetINA4_3,NetINA4_3,Top Layer,53.275,14.875,56.025,17.625,0.2,,,"NetINA4_3|Pad INA4-3(51.425mm,15.85mm) on L1 TOP|Pad RDD10-2(57.412mm,16.8mm) on L1 TOP",0
TRACK,R188:NetINA4_3,NetINA4_3,Top Layer,56.025,17.625,57.275,17.625,0.2,,,"NetINA4_3|Pad INA4-3(51.425mm,15.85mm) on L1 TOP|Pad RDD10-2(57.412mm,16.8mm) on L1 TOP",0
TRACK,R189:NetINA5_2,NetINA5_2,Top Layer,61.575,15.325,61.575,15.125,0.2,,,"NetINA5_2|Pad INA5-2(61.575mm,15.85mm) on L1 TOP|Pad RDD14-2(67.8mm,15mm) on L1 TOP",0
TRACK,R189:NetINA5_2,NetINA5_2,Top Layer,61.575,15.125,62.425,14.275,0.2,,,"NetINA5_2|Pad INA5-2(61.575mm,15.85mm) on L1 TOP|Pad RDD14-2(67.8mm,15mm) on L1 TOP",0
TRACK,R189:NetINA5_2,NetINA5_2,Top Layer,62.425,14.275,67.225,14.275,0.2,,,"NetINA5_2|Pad INA5-2(61.575mm,15.85mm) on L1 TOP|Pad RDD14-2(67.8mm,15mm) on L1 TOP",0
TRACK,R189:NetINA5_2,NetINA5_2,Top Layer,67.225,14.275,67.675,14.725,0.2,,,"NetINA5_2|Pad INA5-2(61.575mm,15.85mm) on L1 TOP|Pad RDD14-2(67.8mm,15mm) on L1 TOP",0
TRACK,R190:NetINA2_2,NetINA2_2,Top Layer,29.175,15.325,29.175,14.975,0.2,,,"NetINA2_2|Pad INA2-2(29.175mm,15.85mm) on L1 TOP|Pad RDD5-2(35.8mm,15mm) on L1 TOP",0
TRACK,R190:NetINA2_2,NetINA2_2,Top Layer,29.175,14.975,29.875,14.275,0.2,,,"NetINA2_2|Pad INA2-2(29.175mm,15.85mm) on L1 TOP|Pad RDD5-2(35.8mm,15mm) on L1 TOP",0
TRACK,R190:NetINA2_2,NetINA2_2,Top Layer,29.875,14.275,35.225,14.275,0.2,,,"NetINA2_2|Pad INA2-2(29.175mm,15.85mm) on L1 TOP|Pad RDD5-2(35.8mm,15mm) on L1 TOP",0
TRACK,R190:NetINA2_2,NetINA2_2,Top Layer,35.225,14.275,35.675,14.725,0.2,,,"NetINA2_2|Pad INA2-2(29.175mm,15.85mm) on L1 TOP|Pad RDD5-2(35.8mm,15mm) on L1 TOP",0
TRACK,R191:NetINA1_2,NetINA1_2,Top Layer,18.375,15.325,18.375,15.125,0.2,,,"NetINA1_2|Pad INA1-2(18.375mm,15.85mm) on L1 TOP|Pad RDD2-2(25mm,15mm) on L1 TOP",0
TRACK,R191:NetINA1_2,NetINA1_2,Top Layer,18.375,15.125,19.225,14.275,0.2,,,"NetINA1_2|Pad INA1-2(18.375mm,15.85mm) on L1 TOP|Pad RDD2-2(25mm,15mm) on L1 TOP",0
TRACK,R191:NetINA1_2,NetINA1_2,Top Layer,19.225,14.275,24.425,14.275,0.2,,,"NetINA1_2|Pad INA1-2(18.375mm,15.85mm) on L1 TOP|Pad RDD2-2(25mm,15mm) on L1 TOP",0
TRACK,R191:NetINA1_2,NetINA1_2,Top Layer,24.425,14.275,24.875,14.725,0.2,,,"NetINA1_2|Pad INA1-2(18.375mm,15.85mm) on L1 TOP|Pad RDD2-2(25mm,15mm) on L1 TOP",0
TRACK,R192:NetINA3_2,NetINA3_2,Top Layer,39.975,15.325,39.975,15.125,0.2,,,"NetINA3_2|Pad INA3-2(39.975mm,15.85mm) on L1 TOP|Pad RDD8-2(46.6mm,15mm) on L1 TOP",0
TRACK,R192:NetINA3_2,NetINA3_2,Top Layer,39.975,15.125,40.825,14.275,0.2,,,"NetINA3_2|Pad INA3-2(39.975mm,15.85mm) on L1 TOP|Pad RDD8-2(46.6mm,15mm) on L1 TOP",0
TRACK,R192:NetINA3_2,NetINA3_2,Top Layer,40.825,14.275,46.025,14.275,0.2,,,"NetINA3_2|Pad INA3-2(39.975mm,15.85mm) on L1 TOP|Pad RDD8-2(46.6mm,15mm) on L1 TOP",0
TRACK,R192:NetINA3_2,NetINA3_2,Top Layer,46.025,14.275,46.475,14.725,0.2,,,"NetINA3_2|Pad INA3-2(39.975mm,15.85mm) on L1 TOP|Pad RDD8-2(46.6mm,15mm) on L1 TOP",0
TRACK,R193:NetINA4_2,NetINA4_2,Top Layer,50.775,15.325,50.775,14.975,0.2,,,"NetINA4_2|Pad INA4-2(50.775mm,15.85mm) on L1 TOP|Pad RDD11-2(57.4mm,15mm) on L1 TOP",0
TRACK,R193:NetINA4_2,NetINA4_2,Top Layer,50.775,14.975,51.475,14.275,0.2,,,"NetINA4_2|Pad INA4-2(50.775mm,15.85mm) on L1 TOP|Pad RDD11-2(57.4mm,15mm) on L1 TOP",0
TRACK,R193:NetINA4_2,NetINA4_2,Top Layer,51.475,14.275,56.825,14.275,0.2,,,"NetINA4_2|Pad INA4-2(50.775mm,15.85mm) on L1 TOP|Pad RDD11-2(57.4mm,15mm) on L1 TOP",0
TRACK,R193:NetINA4_2,NetINA4_2,Top Layer,56.825,14.275,57.275,14.725,0.2,,,"NetINA4_2|Pad INA4-2(50.775mm,15.85mm) on L1 TOP|Pad RDD11-2(57.4mm,15mm) on L1 TOP",0
TRACK,R194:VOUT_4,VOUT_4,Mid Layer 2,47.625,23.825,48.075,23.825,0.2,,,"VOUT_4|Pad R_ADC4-1(49.445mm,25.4mm) on L1 TOP|Pad CH_4-1(52.2mm,19.282mm) on L4 BOTTOM GND",0
TRACK,R194:VOUT_4,VOUT_4,Mid Layer 2,48.075,23.825,49.375,22.525,0.2,,,"VOUT_4|Pad R_ADC4-1(49.445mm,25.4mm) on L1 TOP|Pad CH_4-1(52.2mm,19.282mm) on L4 BOTTOM GND",0
TRACK,R194:VOUT_4,VOUT_4,Mid Layer 2,49.375,22.525,49.375,21.975,0.2,,,"VOUT_4|Pad R_ADC4-1(49.445mm,25.4mm) on L1 TOP|Pad CH_4-1(52.2mm,19.282mm) on L4 BOTTOM GND",0
TRACK,R194:VOUT_4,VOUT_4,Mid Layer 2,49.375,21.975,51.375,19.975,0.2,,,"VOUT_4|Pad R_ADC4-1(49.445mm,25.4mm) on L1 TOP|Pad CH_4-1(52.2mm,19.282mm) on L4 BOTTOM GND",0
TRACK,R194:VOUT_4,VOUT_4,Mid Layer 2,51.375,19.975,51.375,19.175,0.2,,,"VOUT_4|Pad R_ADC4-1(49.445mm,25.4mm) on L1 TOP|Pad CH_4-1(52.2mm,19.282mm) on L4 BOTTOM GND",0
TRACK,R195:Vc_1,Vc_1,Bottom Layer,23.375,11.825,23.375,11.975,0.2,,,"Vc_1|Pad R_DRL_VC1-1(23.075mm,11.4mm) on L4 BOTTOM GND|Pad RDD3-1(23.988mm,18.6mm) on L1 TOP",0
TRACK,R195:Vc_1,Vc_1,Bottom Layer,23.375,11.975,23.625,12.225,0.2,,,"Vc_1|Pad R_DRL_VC1-1(23.075mm,11.4mm) on L4 BOTTOM GND|Pad RDD3-1(23.988mm,18.6mm) on L1 TOP",0
TRACK,R195:Vc_1,Vc_1,Mid Layer 2,23.625,12.225,23.625,18.875,0.2,,,"Vc_1|Pad R_DRL_VC1-1(23.075mm,11.4mm) on L4 BOTTOM GND|Pad RDD3-1(23.988mm,18.6mm) on L1 TOP",0
TRACK,R195:Vc_1,Vc_1,Mid Layer 2,23.625,18.875,23.375,19.125,0.2,,,"Vc_1|Pad R_DRL_VC1-1(23.075mm,11.4mm) on L4 BOTTOM GND|Pad RDD3-1(23.988mm,18.6mm) on L1 TOP",0
TRACK,R195:Vc_1,Vc_1,Top Layer,23.375,19.125,23.775,18.725,0.2,,,"Vc_1|Pad R_DRL_VC1-1(23.075mm,11.4mm) on L4 BOTTOM GND|Pad RDD3-1(23.988mm,18.6mm) on L1 TOP",0
VIA,R195:Vc_1,Vc_1,Multi Layer,23.625,12.225,,,,0.6,0.3,"Vc_1|Pad R_DRL_VC1-1(23.075mm,11.4mm) on L4 BOTTOM GND|Pad RDD3-1(23.988mm,18.6mm) on L1 TOP",0
VIA,R195:Vc_1,Vc_1,Multi Layer,23.375,19.125,,,,0.6,0.3,"Vc_1|Pad R_DRL_VC1-1(23.075mm,11.4mm) on L4 BOTTOM GND|Pad RDD3-1(23.988mm,18.6mm) on L1 TOP",0
TRACK,R196:Vc_2,Vc_2,Bottom Layer,32.575,11.825,32.575,12.225,0.15,,,"Vc_2|Pad R_DRL_VC2-1(32.875mm,11.4mm) on L4 BOTTOM GND|Pad RDD6-1(34.788mm,18.6mm) on L1 TOP",0
TRACK,R196:Vc_2,Vc_2,Mid Layer 2,32.575,12.225,32.575,15.975,0.15,,,"Vc_2|Pad R_DRL_VC2-1(32.875mm,11.4mm) on L4 BOTTOM GND|Pad RDD6-1(34.788mm,18.6mm) on L1 TOP",0
TRACK,R196:Vc_2,Vc_2,Mid Layer 2,32.575,15.975,32.175,16.375,0.15,,,"Vc_2|Pad R_DRL_VC2-1(32.875mm,11.4mm) on L4 BOTTOM GND|Pad RDD6-1(34.788mm,18.6mm) on L1 TOP",0
TRACK,R196:Vc_2,Vc_2,Top Layer,32.175,16.375,34.275,18.475,0.15,,,"Vc_2|Pad R_DRL_VC2-1(32.875mm,11.4mm) on L4 BOTTOM GND|Pad RDD6-1(34.788mm,18.6mm) on L1 TOP",0
TRACK,R196:Vc_2,Vc_2,Top Layer,34.275,18.475,34.575,18.475,0.15,,,"Vc_2|Pad R_DRL_VC2-1(32.875mm,11.4mm) on L4 BOTTOM GND|Pad RDD6-1(34.788mm,18.6mm) on L1 TOP",0
VIA,R196:Vc_2,Vc_2,Multi Layer,32.575,12.225,,,,0.45,0.2,"Vc_2|Pad R_DRL_VC2-1(32.875mm,11.4mm) on L4 BOTTOM GND|Pad RDD6-1(34.788mm,18.6mm) on L1 TOP",0
VIA,R196:Vc_2,Vc_2,Multi Layer,32.175,16.375,,,,0.45,0.2,"Vc_2|Pad R_DRL_VC2-1(32.875mm,11.4mm) on L4 BOTTOM GND|Pad RDD6-1(34.788mm,18.6mm) on L1 TOP",0
TRACK,R197:Vc_5,Vc_5,Bottom Layer,64.775,11.825,64.775,12.325,0.2,,,"Vc_5|Pad R_DRL_VC5-1(64.475mm,11.4mm) on L4 BOTTOM GND|Pad RDD15-1(66.788mm,18.6mm) on L1 TOP",0
TRACK,R197:Vc_5,Vc_5,Mid Layer 2,64.775,12.325,64.775,16.325,0.2,,,"Vc_5|Pad R_DRL_VC5-1(64.475mm,11.4mm) on L4 BOTTOM GND|Pad RDD15-1(66.788mm,18.6mm) on L1 TOP",0
TRACK,R197:Vc_5,Vc_5,Mid Layer 2,64.775,16.325,66.175,17.725,0.2,,,"Vc_5|Pad R_DRL_VC5-1(64.475mm,11.4mm) on L4 BOTTOM GND|Pad RDD15-1(66.788mm,18.6mm) on L1 TOP",0
TRACK,R197:Vc_5,Vc_5,Mid Layer 2,66.175,17.725,66.175,19.125,0.2,,,"Vc_5|Pad R_DRL_VC5-1(64.475mm,11.4mm) on L4 BOTTOM GND|Pad RDD15-1(66.788mm,18.6mm) on L1 TOP",0
TRACK,R197:Vc_5,Vc_5,Top Layer,66.175,19.125,66.575,18.725,0.2,,,"Vc_5|Pad R_DRL_VC5-1(64.475mm,11.4mm) on L4 BOTTOM GND|Pad RDD15-1(66.788mm,18.6mm) on L1 TOP",0
VIA,R197:Vc_5,Vc_5,Multi Layer,64.775,12.325,,,,0.6,0.3,"Vc_5|Pad R_DRL_VC5-1(64.475mm,11.4mm) on L4 BOTTOM GND|Pad RDD15-1(66.788mm,18.6mm) on L1 TOP",0
VIA,R197:Vc_5,Vc_5,Multi Layer,66.175,19.125,,,,0.6,0.3,"Vc_5|Pad R_DRL_VC5-1(64.475mm,11.4mm) on L4 BOTTOM GND|Pad RDD15-1(66.788mm,18.6mm) on L1 TOP",0
TRACK,R198:Vc_3,Vc_3,Bottom Layer,43.175,11.825,43.175,12.325,0.2,,,"Vc_3|Pad R_DRL_VC3-1(42.875mm,11.4mm) on L4 BOTTOM GND|Pad RDD9-1(45.588mm,18.6mm) on L1 TOP",0
TRACK,R198:Vc_3,Vc_3,Mid Layer 2,43.175,12.325,43.175,16.325,0.2,,,"Vc_3|Pad R_DRL_VC3-1(42.875mm,11.4mm) on L4 BOTTOM GND|Pad RDD9-1(45.588mm,18.6mm) on L1 TOP",0
TRACK,R198:Vc_3,Vc_3,Mid Layer 2,43.175,16.325,44.975,18.125,0.2,,,"Vc_3|Pad R_DRL_VC3-1(42.875mm,11.4mm) on L4 BOTTOM GND|Pad RDD9-1(45.588mm,18.6mm) on L1 TOP",0
TRACK,R198:Vc_3,Vc_3,Mid Layer 2,44.975,18.125,44.975,19.125,0.2,,,"Vc_3|Pad R_DRL_VC3-1(42.875mm,11.4mm) on L4 BOTTOM GND|Pad RDD9-1(45.588mm,18.6mm) on L1 TOP",0
TRACK,R198:Vc_3,Vc_3,Top Layer,44.975,19.125,45.375,18.725,0.2,,,"Vc_3|Pad R_DRL_VC3-1(42.875mm,11.4mm) on L4 BOTTOM GND|Pad RDD9-1(45.588mm,18.6mm) on L1 TOP",0
VIA,R198:Vc_3,Vc_3,Multi Layer,43.175,12.325,,,,0.6,0.3,"Vc_3|Pad R_DRL_VC3-1(42.875mm,11.4mm) on L4 BOTTOM GND|Pad RDD9-1(45.588mm,18.6mm) on L1 TOP",0
VIA,R198:Vc_3,Vc_3,Multi Layer,44.975,19.125,,,,0.6,0.3,"Vc_3|Pad R_DRL_VC3-1(42.875mm,11.4mm) on L4 BOTTOM GND|Pad RDD9-1(45.588mm,18.6mm) on L1 TOP",0
