kind,group,net,layer,x1,y1,x2,y2,w,d,h,conn,relax
TRACK,R0:Vservo_1,Vservo_1,Bottom Layer,18.275,18.525,18.775,18.525,0.2,,,"Vservo_1|Pad U1-7(17.45mm,18.45mm) on L6 BOTTOM|Pad INA1-6(19.025mm,20.55mm) on L1 TOP",0
TRACK,R0:Vservo_1,Vservo_1,Top Layer,18.775,18.525,18.775,19.625,0.2,,,"Vservo_1|Pad U1-7(17.45mm,18.45mm) on L6 BOTTOM|Pad INA1-6(19.025mm,20.55mm) on L1 TOP",0
TRACK,R0:Vservo_1,Vservo_1,Top Layer,18.775,19.625,18.975,19.825,0.2,,,"Vservo_1|Pad U1-7(17.45mm,18.45mm) on L6 BOTTOM|Pad INA1-6(19.025mm,20.55mm) on L1 TOP",0
TRACK,R0:Vservo_1,Vservo_1,Top Layer,18.975,19.825,18.975,20.025,0.2,,,"Vservo_1|Pad U1-7(17.45mm,18.45mm) on L6 BOTTOM|Pad INA1-6(19.025mm,20.55mm) on L1 TOP",0
VIA,R0:Vservo_1,Vservo_1,Multi Layer,18.775,18.525,,,,0.6,0.3,"Vservo_1|Pad U1-7(17.45mm,18.45mm) on L6 BOTTOM|Pad INA1-6(19.025mm,20.55mm) on L1 TOP",0
TRACK,R1:Vservo_4,Vservo_4,Bottom Layer,49.275,22.375,49.275,20.775,0.2,,,"Vservo_4|Pad Cservo_4-2(49.125mm,23.15mm) on L6 BOTTOM [Unplated]|Pad INA4-6(51.425mm,20.55mm) on L1 TOP",0
TRACK,R1:Vservo_4,Vservo_4,Top Layer,49.275,20.775,49.475,20.575,0.2,,,"Vservo_4|Pad Cservo_4-2(49.125mm,23.15mm) on L6 BOTTOM [Unplated]|Pad INA4-6(51.425mm,20.55mm) on L1 TOP",0
TRACK,R1:Vservo_4,Vservo_4,Top Layer,49.475,20.575,49.475,19.825,0.2,,,"Vservo_4|Pad Cservo_4-2(49.125mm,23.15mm) on L6 BOTTOM [Unplated]|Pad INA4-6(51.425mm,20.55mm) on L1 TOP",0
TRACK,R1:Vservo_4,Vservo_4,Top Layer,49.475,19.825,49.725,19.575,0.2,,,"Vservo_4|Pad Cservo_4-2(49.125mm,23.15mm) on L6 BOTTOM [Unplated]|Pad INA4-6(51.425mm,20.55mm) on L1 TOP",0
TRACK,R1:Vservo_4,Vservo_4,Top Layer,49.725,19.575,51.125,19.575,0.2,,,"Vservo_4|Pad Cservo_4-2(49.125mm,23.15mm) on L6 BOTTOM [Unplated]|Pad INA4-6(51.425mm,20.55mm) on L1 TOP",0
TRACK,R1:Vservo_4,Vservo_4,Top Layer,51.125,19.575,51.375,19.825,0.2,,,"Vservo_4|Pad Cservo_4-2(49.125mm,23.15mm) on L6 BOTTOM [Unplated]|Pad INA4-6(51.425mm,20.55mm) on L1 TOP",0
TRACK,R1:Vservo_4,Vservo_4,Top Layer,51.375,19.825,51.375,20.025,0.2,,,"Vservo_4|Pad Cservo_4-2(49.125mm,23.15mm) on L6 BOTTOM [Unplated]|Pad INA4-6(51.425mm,20.55mm) on L1 TOP",0
VIA,R1:Vservo_4,Vservo_4,Multi Layer,49.275,20.775,,,,0.6,0.3,"Vservo_4|Pad Cservo_4-2(49.125mm,23.15mm) on L6 BOTTOM [Unplated]|Pad INA4-6(51.425mm,20.55mm) on L1 TOP",0
TRACK,R2:Vservo_2 VIP,Vservo_2,Top Layer,27.575,22.625,27.575,20.125,0.2,,,"Vservo_2|Pad Cservo_2-2(27.525mm,23.15mm) on L6 BOTTOM [Unplated]|Pad INA2-6(29.825mm,20.55mm) on L1 TOP",0
TRACK,R2:Vservo_2 VIP,Vservo_2,Top Layer,27.575,20.125,28.125,19.575,0.2,,,"Vservo_2|Pad Cservo_2-2(27.525mm,23.15mm) on L6 BOTTOM [Unplated]|Pad INA2-6(29.825mm,20.55mm) on L1 TOP",0
TRACK,R2:Vservo_2 VIP,Vservo_2,Top Layer,28.125,19.575,29.525,19.575,0.2,,,"Vservo_2|Pad Cservo_2-2(27.525mm,23.15mm) on L6 BOTTOM [Unplated]|Pad INA2-6(29.825mm,20.55mm) on L1 TOP",0
TRACK,R2:Vservo_2 VIP,Vservo_2,Top Layer,29.525,19.575,29.775,19.825,0.2,,,"Vservo_2|Pad Cservo_2-2(27.525mm,23.15mm) on L6 BOTTOM [Unplated]|Pad INA2-6(29.825mm,20.55mm) on L1 TOP",0
TRACK,R2:Vservo_2 VIP,Vservo_2,Top Layer,29.775,19.825,29.775,20.025,0.2,,,"Vservo_2|Pad Cservo_2-2(27.525mm,23.15mm) on L6 BOTTOM [Unplated]|Pad INA2-6(29.825mm,20.55mm) on L1 TOP",0
VIA,R2:Vservo_2 VIP,Vservo_2,Multi Layer,27.575,22.625,,,,0.6,0.3,"Vservo_2|Pad Cservo_2-2(27.525mm,23.15mm) on L6 BOTTOM [Unplated]|Pad INA2-6(29.825mm,20.55mm) on L1 TOP",0
TRACK,R3:Vservo_3 VIP,Vservo_3,Bottom Layer,39.775,18.425,40.125,18.075,0.2,,,"Vservo_3|Pad U2-14(38.95mm,18.45mm) on L6 BOTTOM|Pad Cservo_3-2(44.675mm,17.65mm) on L6 BOTTOM [Unplated]",0
TRACK,R3:Vservo_3 VIP,Vservo_3,Top Layer,40.125,18.075,44.075,18.075,0.2,,,"Vservo_3|Pad U2-14(38.95mm,18.45mm) on L6 BOTTOM|Pad Cservo_3-2(44.675mm,17.65mm) on L6 BOTTOM [Unplated]",0
TRACK,R3:Vservo_3 VIP,Vservo_3,Top Layer,44.075,18.075,44.375,17.775,0.2,,,"Vservo_3|Pad U2-14(38.95mm,18.45mm) on L6 BOTTOM|Pad Cservo_3-2(44.675mm,17.65mm) on L6 BOTTOM [Unplated]",0
VIA,R3:Vservo_3 VIP,Vservo_3,Multi Layer,40.125,18.075,,,,0.6,0.3,"Vservo_3|Pad U2-14(38.95mm,18.45mm) on L6 BOTTOM|Pad Cservo_3-2(44.675mm,17.65mm) on L6 BOTTOM [Unplated]",0
VIA,R3:Vservo_3 VIP,Vservo_3,Multi Layer,44.375,17.775,,,,0.6,0.3,"Vservo_3|Pad U2-14(38.95mm,18.45mm) on L6 BOTTOM|Pad Cservo_3-2(44.675mm,17.65mm) on L6 BOTTOM [Unplated]",0
TRACK,R4:Vservo_2,Vservo_2,Top Layer,27.825,22.775,29.625,22.775,0.2,,,"Vservo_2|Pad INA2-6(29.825mm,20.55mm) on L1 TOP|Pad U2-7(33.25mm,22.35mm) on L6 BOTTOM",0
TRACK,R4:Vservo_2,Vservo_2,Top Layer,29.625,22.775,29.925,23.075,0.2,,,"Vservo_2|Pad INA2-6(29.825mm,20.55mm) on L1 TOP|Pad U2-7(33.25mm,22.35mm) on L6 BOTTOM",0
TRACK,R4:Vservo_2,Vservo_2,Top Layer,29.925,23.075,32.025,23.075,0.2,,,"Vservo_2|Pad INA2-6(29.825mm,20.55mm) on L1 TOP|Pad U2-7(33.25mm,22.35mm) on L6 BOTTOM",0
TRACK,R4:Vservo_2,Vservo_2,Top Layer,32.025,23.075,32.175,22.925,0.2,,,"Vservo_2|Pad INA2-6(29.825mm,20.55mm) on L1 TOP|Pad U2-7(33.25mm,22.35mm) on L6 BOTTOM",0
TRACK,R4:Vservo_2,Vservo_2,Bottom Layer,32.175,22.925,32.575,22.525,0.2,,,"Vservo_2|Pad INA2-6(29.825mm,20.55mm) on L1 TOP|Pad U2-7(33.25mm,22.35mm) on L6 BOTTOM",0
VIA,R4:Vservo_2,Vservo_2,Multi Layer,32.175,22.925,,,,0.6,0.3,"Vservo_2|Pad INA2-6(29.825mm,20.55mm) on L1 TOP|Pad U2-7(33.25mm,22.35mm) on L6 BOTTOM",0
TRACK,R5:Vservo_4 VIP,Vservo_4,Top Layer,49.375,22.875,53.725,22.875,0.2,,,"Vservo_4|Pad INA4-6(51.425mm,20.55mm) on L1 TOP|Pad U3-7(54.85mm,22.35mm) on L6 BOTTOM",0
TRACK,R5:Vservo_4 VIP,Vservo_4,Bottom Layer,53.725,22.875,54.075,22.525,0.2,,,"Vservo_4|Pad INA4-6(51.425mm,20.55mm) on L1 TOP|Pad U3-7(54.85mm,22.35mm) on L6 BOTTOM",0
VIA,R5:Vservo_4 VIP,Vservo_4,Multi Layer,49.375,22.875,,,,0.6,0.3,"Vservo_4|Pad INA4-6(51.425mm,20.55mm) on L1 TOP|Pad U3-7(54.85mm,22.35mm) on L6 BOTTOM",0
VIA,R5:Vservo_4 VIP,Vservo_4,Multi Layer,53.725,22.875,,,,0.6,0.3,"Vservo_4|Pad INA4-6(51.425mm,20.55mm) on L1 TOP|Pad U3-7(54.85mm,22.35mm) on L6 BOTTOM",0
TRACK,R6:Vservo_1 VIP,Vservo_1,Top Layer,19.025,18.425,21.525,18.425,0.2,,,"Vservo_1|Pad U1-7(17.45mm,18.45mm) on L6 BOTTOM|Pad Cservo_1-2(23.175mm,17.65mm) on L6 BOTTOM [Unplated]",0
TRACK,R6:Vservo_1 VIP,Vservo_1,Top Layer,21.525,18.425,22.175,17.775,0.2,,,"Vservo_1|Pad U1-7(17.45mm,18.45mm) on L6 BOTTOM|Pad Cservo_1-2(23.175mm,17.65mm) on L6 BOTTOM [Unplated]",0
TRACK,R6:Vservo_1 VIP,Vservo_1,Top Layer,22.175,17.775,22.875,17.775,0.2,,,"Vservo_1|Pad U1-7(17.45mm,18.45mm) on L6 BOTTOM|Pad Cservo_1-2(23.175mm,17.65mm) on L6 BOTTOM [Unplated]",0
VIA,R6:Vservo_1 VIP,Vservo_1,Multi Layer,22.875,17.775,,,,0.6,0.3,"Vservo_1|Pad U1-7(17.45mm,18.45mm) on L6 BOTTOM|Pad Cservo_1-2(23.175mm,17.65mm) on L6 BOTTOM [Unplated]",0
TRACK,R7:Vservo_5,Vservo_5,Bottom Layer,61.375,18.525,61.875,18.525,0.2,,,"Vservo_5|Pad U3-14(60.55mm,18.45mm) on L6 BOTTOM|Pad INA5-6(62.225mm,20.55mm) on L1 TOP",0
TRACK,R7:Vservo_5,Vservo_5,Top Layer,61.875,18.525,61.875,19.525,0.2,,,"Vservo_5|Pad U3-14(60.55mm,18.45mm) on L6 BOTTOM|Pad INA5-6(62.225mm,20.55mm) on L1 TOP",0
TRACK,R7:Vservo_5,Vservo_5,Top Layer,61.875,19.525,62.175,19.825,0.2,,,"Vservo_5|Pad U3-14(60.55mm,18.45mm) on L6 BOTTOM|Pad INA5-6(62.225mm,20.55mm) on L1 TOP",0
TRACK,R7:Vservo_5,Vservo_5,Top Layer,62.175,19.825,62.175,20.025,0.2,,,"Vservo_5|Pad U3-14(60.55mm,18.45mm) on L6 BOTTOM|Pad INA5-6(62.225mm,20.55mm) on L1 TOP",0
VIA,R7:Vservo_5,Vservo_5,Multi Layer,61.875,18.525,,,,0.6,0.3,"Vservo_5|Pad U3-14(60.55mm,18.45mm) on L6 BOTTOM|Pad INA5-6(62.225mm,20.55mm) on L1 TOP",0
TRACK,R8:Vservo_3,Vservo_3,Top Layer,40.225,18.375,40.225,19.475,0.2,,,"Vservo_3|Pad U2-14(38.95mm,18.45mm) on L6 BOTTOM|Pad INA3-6(40.625mm,20.55mm) on L1 TOP",0
TRACK,R8:Vservo_3,Vservo_3,Top Layer,40.225,19.475,40.575,19.825,0.2,,,"Vservo_3|Pad U2-14(38.95mm,18.45mm) on L6 BOTTOM|Pad INA3-6(40.625mm,20.55mm) on L1 TOP",0
TRACK,R8:Vservo_3,Vservo_3,Top Layer,40.575,19.825,40.575,20.025,0.2,,,"Vservo_3|Pad U2-14(38.95mm,18.45mm) on L6 BOTTOM|Pad INA3-6(40.625mm,20.55mm) on L1 TOP",0
TRACK,R9:Vservo_5 VIP,Vservo_5,Top Layer,62.125,18.425,65.325,18.425,0.2,,,"Vservo_5|Pad U3-14(60.55mm,18.45mm) on L6 BOTTOM|Pad Cservo_5-2(66.275mm,17.65mm) on L6 BOTTOM [Unplated]",0
TRACK,R9:Vservo_5 VIP,Vservo_5,Top Layer,65.325,18.425,65.975,17.775,0.2,,,"Vservo_5|Pad U3-14(60.55mm,18.45mm) on L6 BOTTOM|Pad Cservo_5-2(66.275mm,17.65mm) on L6 BOTTOM [Unplated]",0
VIA,R9:Vservo_5 VIP,Vservo_5,Multi Layer,65.975,17.775,,,,0.6,0.3,"Vservo_5|Pad U3-14(60.55mm,18.45mm) on L6 BOTTOM|Pad Cservo_5-2(66.275mm,17.65mm) on L6 BOTTOM [Unplated]",0
TRACK,R10:INA_OUT_3,INA_OUT_3,Bottom Layer,43.075,24.025,43.075,23.525,0.2,,,"INA_OUT_3|Pad CL_3-2(43.45mm,24.75mm) on L6 BOTTOM|Pad Rservo_3-2(43.625mm,15.55mm) on L6 BOTTOM",0
TRACK,R10:INA_OUT_3,INA_OUT_3,Mid Layer 2,43.075,23.525,43.075,16.775,0.2,,,"INA_OUT_3|Pad CL_3-2(43.45mm,24.75mm) on L6 BOTTOM|Pad Rservo_3-2(43.625mm,15.55mm) on L6 BOTTOM",0
TRACK,R10:INA_OUT_3,INA_OUT_3,Mid Layer 2,43.075,16.775,43.525,16.325,0.2,,,"INA_OUT_3|Pad CL_3-2(43.45mm,24.75mm) on L6 BOTTOM|Pad Rservo_3-2(43.625mm,15.55mm) on L6 BOTTOM",0
TRACK,R10:INA_OUT_3,INA_OUT_3,Bottom Layer,43.525,16.325,43.525,15.825,0.2,,,"INA_OUT_3|Pad CL_3-2(43.45mm,24.75mm) on L6 BOTTOM|Pad Rservo_3-2(43.625mm,15.55mm) on L6 BOTTOM",0
VIA,R10:INA_OUT_3,INA_OUT_3,Multi Layer,43.075,23.525,,,,0.6,0.3,"INA_OUT_3|Pad CL_3-2(43.45mm,24.75mm) on L6 BOTTOM|Pad Rservo_3-2(43.625mm,15.55mm) on L6 BOTTOM",0
VIA,R10:INA_OUT_3,INA_OUT_3,Multi Layer,43.525,16.325,,,,0.6,0.3,"INA_OUT_3|Pad CL_3-2(43.45mm,24.75mm) on L6 BOTTOM|Pad Rservo_3-2(43.625mm,15.55mm) on L6 BOTTOM",0
TRACK,R11:INA_OUT_1,INA_OUT_1,Bottom Layer,21.275,24.025,21.275,23.525,0.2,,,"INA_OUT_1|Pad CL_1-2(21.95mm,24.75mm) on L6 BOTTOM|Pad Rservo_1-2(22.125mm,15.55mm) on L6 BOTTOM",0
TRACK,R11:INA_OUT_1,INA_OUT_1,Mid Layer 2,21.275,23.525,21.275,17.025,0.2,,,"INA_OUT_1|Pad CL_1-2(21.95mm,24.75mm) on L6 BOTTOM|Pad Rservo_1-2(22.125mm,15.55mm) on L6 BOTTOM",0
TRACK,R11:INA_OUT_1,INA_OUT_1,Mid Layer 2,21.275,17.025,21.975,16.325,0.2,,,"INA_OUT_1|Pad CL_1-2(21.95mm,24.75mm) on L6 BOTTOM|Pad Rservo_1-2(22.125mm,15.55mm) on L6 BOTTOM",0
TRACK,R11:INA_OUT_1,INA_OUT_1,Bottom Layer,21.975,16.325,21.975,15.825,0.2,,,"INA_OUT_1|Pad CL_1-2(21.95mm,24.75mm) on L6 BOTTOM|Pad Rservo_1-2(22.125mm,15.55mm) on L6 BOTTOM",0
VIA,R11:INA_OUT_1,INA_OUT_1,Multi Layer,21.275,23.525,,,,0.6,0.3,"INA_OUT_1|Pad CL_1-2(21.95mm,24.75mm) on L6 BOTTOM|Pad Rservo_1-2(22.125mm,15.55mm) on L6 BOTTOM",0
VIA,R11:INA_OUT_1,INA_OUT_1,Multi Layer,21.975,16.325,,,,0.6,0.3,"INA_OUT_1|Pad CL_1-2(21.95mm,24.75mm) on L6 BOTTOM|Pad Rservo_1-2(22.125mm,15.55mm) on L6 BOTTOM",0
TRACK,R14:INA_OUT_1,INA_OUT_1,Top Layer,17.725,22.075,17.725,22.325,0.2,,,"INA_OUT_1|Pad RH_1-1(17.621mm,21.75mm) on L1 TOP|Pad CL_1-2(21.95mm,24.75mm) on L6 BOTTOM",0
TRACK,R14:INA_OUT_1,INA_OUT_1,Top Layer,17.725,22.325,18.825,23.425,0.2,,,"INA_OUT_1|Pad RH_1-1(17.621mm,21.75mm) on L1 TOP|Pad CL_1-2(21.95mm,24.75mm) on L6 BOTTOM",0
TRACK,R14:INA_OUT_1,INA_OUT_1,Top Layer,18.825,23.425,20.975,23.425,0.2,,,"INA_OUT_1|Pad RH_1-1(17.621mm,21.75mm) on L1 TOP|Pad CL_1-2(21.95mm,24.75mm) on L6 BOTTOM",0
TRACK,R15:INA_OUT_5,INA_OUT_5,Top Layer,60.825,21.475,60.825,21.075,0.2,,,"INA_OUT_5|Pad RH_5-1(60.821mm,21.75mm) on L1 TOP|Pad INA5-8(60.925mm,20.55mm) on L1 TOP",0
TRACK,R16:INA_OUT_2 VIP,INA_OUT_2,Mid Layer 2,28.325,21.825,28.325,24.525,0.2,,,"INA_OUT_2|Pad RH_2-1(28.421mm,21.75mm) on L1 TOP|Pad Rservo_2-2(28.575mm,25.25mm) on L6 BOTTOM",0
TRACK,R16:INA_OUT_2 VIP,INA_OUT_2,Bottom Layer,28.325,24.525,28.325,25.025,0.2,,,"INA_OUT_2|Pad RH_2-1(28.421mm,21.75mm) on L1 TOP|Pad Rservo_2-2(28.575mm,25.25mm) on L6 BOTTOM",0
VIA,R16:INA_OUT_2 VIP,INA_OUT_2,Multi Layer,28.325,21.825,,,,0.6,0.3,"INA_OUT_2|Pad RH_2-1(28.421mm,21.75mm) on L1 TOP|Pad Rservo_2-2(28.575mm,25.25mm) on L6 BOTTOM",0
VIA,R16:INA_OUT_2 VIP,INA_OUT_2,Multi Layer,28.325,24.525,,,,0.6,0.3,"INA_OUT_2|Pad RH_2-1(28.421mm,21.75mm) on L1 TOP|Pad Rservo_2-2(28.575mm,25.25mm) on L6 BOTTOM",0
TRACK,R17:INA_OUT_5 VIP,INA_OUT_5,Top Layer,60.925,22.075,60.925,22.325,0.2,,,"INA_OUT_5|Pad RH_5-1(60.821mm,21.75mm) on L1 TOP|Pad CL_5-2(65.05mm,24.75mm) on L6 BOTTOM",0
TRACK,R17:INA_OUT_5 VIP,INA_OUT_5,Top Layer,60.925,22.325,62.175,23.575,0.2,,,"INA_OUT_5|Pad RH_5-1(60.821mm,21.75mm) on L1 TOP|Pad CL_5-2(65.05mm,24.75mm) on L6 BOTTOM",0
TRACK,R17:INA_OUT_5 VIP,INA_OUT_5,Top Layer,62.175,23.575,63.625,23.575,0.2,,,"INA_OUT_5|Pad RH_5-1(60.821mm,21.75mm) on L1 TOP|Pad CL_5-2(65.05mm,24.75mm) on L6 BOTTOM",0
TRACK,R17:INA_OUT_5 VIP,INA_OUT_5,Top Layer,63.625,23.575,64.575,24.525,0.2,,,"INA_OUT_5|Pad RH_5-1(60.821mm,21.75mm) on L1 TOP|Pad CL_5-2(65.05mm,24.75mm) on L6 BOTTOM",0
VIA,R17:INA_OUT_5 VIP,INA_OUT_5,Multi Layer,64.575,24.525,,,,0.6,0.3,"INA_OUT_5|Pad RH_5-1(60.821mm,21.75mm) on L1 TOP|Pad CL_5-2(65.05mm,24.75mm) on L6 BOTTOM",0
TRACK,R19:INA_OUT_1,INA_OUT_1,Top Layer,17.625,21.475,17.625,21.075,0.2,,,"INA_OUT_1|Pad RH_1-1(17.621mm,21.75mm) on L1 TOP|Pad INA1-8(17.725mm,20.55mm) on L1 TOP",0
TRACK,R21:INA_OUT_2,INA_OUT_2,Top Layer,28.425,21.475,28.425,21.075,0.2,,,"INA_OUT_2|Pad RH_2-1(28.421mm,21.75mm) on L1 TOP|Pad INA2-8(28.525mm,20.55mm) on L1 TOP",0
TRACK,R22:INA_OUT_3,INA_OUT_3,Top Layer,39.225,21.475,39.225,21.075,0.2,,,"INA_OUT_3|Pad RH_3-1(39.221mm,21.75mm) on L1 TOP|Pad INA3-8(39.325mm,20.55mm) on L1 TOP",0
TRACK,R23:INA_OUT_3,INA_OUT_3,Top Layer,39.325,22.075,39.325,22.325,0.2,,,"INA_OUT_3|Pad RH_3-1(39.221mm,21.75mm) on L1 TOP|Pad CL_3-2(43.45mm,24.75mm) on L6 BOTTOM",0
TRACK,R23:INA_OUT_3,INA_OUT_3,Top Layer,39.325,22.325,40.525,23.525,0.2,,,"INA_OUT_3|Pad RH_3-1(39.221mm,21.75mm) on L1 TOP|Pad CL_3-2(43.45mm,24.75mm) on L6 BOTTOM",0
TRACK,R23:INA_OUT_3,INA_OUT_3,Top Layer,40.525,23.525,42.775,23.525,0.2,,,"INA_OUT_3|Pad RH_3-1(39.221mm,21.75mm) on L1 TOP|Pad CL_3-2(43.45mm,24.75mm) on L6 BOTTOM",0
TRACK,R24:INA_OUT_5,INA_OUT_5,Top Layer,63.725,23.575,65.625,21.675,0.2,,,"INA_OUT_5|Pad CL_5-2(65.05mm,24.75mm) on L6 BOTTOM|Pad Rservo_5-2(65.225mm,15.55mm) on L6 BOTTOM",0
TRACK,R24:INA_OUT_5,INA_OUT_5,Top Layer,65.625,21.675,65.625,19.125,0.2,,,"INA_OUT_5|Pad CL_5-2(65.05mm,24.75mm) on L6 BOTTOM|Pad Rservo_5-2(65.225mm,15.55mm) on L6 BOTTOM",0
TRACK,R24:INA_OUT_5,INA_OUT_5,Mid Layer 2,65.625,19.125,65.175,18.675,0.2,,,"INA_OUT_5|Pad CL_5-2(65.05mm,24.75mm) on L6 BOTTOM|Pad Rservo_5-2(65.225mm,15.55mm) on L6 BOTTOM",0
TRACK,R24:INA_OUT_5,INA_OUT_5,Mid Layer 2,65.175,18.675,65.175,16.375,0.2,,,"INA_OUT_5|Pad CL_5-2(65.05mm,24.75mm) on L6 BOTTOM|Pad Rservo_5-2(65.225mm,15.55mm) on L6 BOTTOM",0
TRACK,R24:INA_OUT_5,INA_OUT_5,Bottom Layer,65.175,16.375,65.175,15.825,0.2,,,"INA_OUT_5|Pad CL_5-2(65.05mm,24.75mm) on L6 BOTTOM|Pad Rservo_5-2(65.225mm,15.55mm) on L6 BOTTOM",0
VIA,R24:INA_OUT_5,INA_OUT_5,Multi Layer,65.625,19.125,,,,0.6,0.3,"INA_OUT_5|Pad CL_5-2(65.05mm,24.75mm) on L6 BOTTOM|Pad Rservo_5-2(65.225mm,15.55mm) on L6 BOTTOM",0
VIA,R24:INA_OUT_5,INA_OUT_5,Multi Layer,65.175,16.375,,,,0.6,0.3,"INA_OUT_5|Pad CL_5-2(65.05mm,24.75mm) on L6 BOTTOM|Pad Rservo_5-2(65.225mm,15.55mm) on L6 BOTTOM",0
TRACK,R25:NetINA2_7,NetINA2_7,Top Layer,29.675,22.075,30.175,22.075,0.2,,,"NetINA2_7|Pad RH_2-2(29.379mm,21.75mm) on L1 TOP|Pad RL_2-1(30.4mm,22.3mm) on L1 TOP",0
TRACK,R26:NetINA3_2,NetINA3_2,Top Layer,39.975,16.375,39.975,16.625,0.2,,,"NetINA3_2|Pad INA3-2(39.975mm,15.85mm) on L1 TOP|Pad RDD8-2(46.6mm,15mm) on L1 TOP",0
TRACK,R26:NetINA3_2,NetINA3_2,Top Layer,39.975,16.625,40.425,17.075,0.2,,,"NetINA3_2|Pad INA3-2(39.975mm,15.85mm) on L1 TOP|Pad RDD8-2(46.6mm,15mm) on L1 TOP",0
TRACK,R26:NetINA3_2,NetINA3_2,Top Layer,40.425,17.075,44.225,17.075,0.2,,,"NetINA3_2|Pad INA3-2(39.975mm,15.85mm) on L1 TOP|Pad RDD8-2(46.6mm,15mm) on L1 TOP",0
TRACK,R26:NetINA3_2,NetINA3_2,Top Layer,44.225,17.075,44.275,17.025,0.2,,,"NetINA3_2|Pad INA3-2(39.975mm,15.85mm) on L1 TOP|Pad RDD8-2(46.6mm,15mm) on L1 TOP",0
TRACK,R26:NetINA3_2,NetINA3_2,Top Layer,44.275,17.025,44.675,17.025,0.2,,,"NetINA3_2|Pad INA3-2(39.975mm,15.85mm) on L1 TOP|Pad RDD8-2(46.6mm,15mm) on L1 TOP",0
TRACK,R26:NetINA3_2,NetINA3_2,Top Layer,44.675,17.025,44.925,17.275,0.2,,,"NetINA3_2|Pad INA3-2(39.975mm,15.85mm) on L1 TOP|Pad RDD8-2(46.6mm,15mm) on L1 TOP",0
TRACK,R26:NetINA3_2,NetINA3_2,Top Layer,44.925,17.275,44.925,17.325,0.2,,,"NetINA3_2|Pad INA3-2(39.975mm,15.85mm) on L1 TOP|Pad RDD8-2(46.6mm,15mm) on L1 TOP",0
TRACK,R26:NetINA3_2,NetINA3_2,Top Layer,44.925,17.325,44.975,17.325,0.2,,,"NetINA3_2|Pad INA3-2(39.975mm,15.85mm) on L1 TOP|Pad RDD8-2(46.6mm,15mm) on L1 TOP",0
TRACK,R26:NetINA3_2,NetINA3_2,Top Layer,44.975,17.325,44.975,17.375,0.2,,,"NetINA3_2|Pad INA3-2(39.975mm,15.85mm) on L1 TOP|Pad RDD8-2(46.6mm,15mm) on L1 TOP",0
TRACK,R26:NetINA3_2,NetINA3_2,Top Layer,44.975,17.375,45.125,17.525,0.2,,,"NetINA3_2|Pad INA3-2(39.975mm,15.85mm) on L1 TOP|Pad RDD8-2(46.6mm,15mm) on L1 TOP",0
TRACK,R26:NetINA3_2,NetINA3_2,Top Layer,45.125,17.525,47.025,17.525,0.2,,,"NetINA3_2|Pad INA3-2(39.975mm,15.85mm) on L1 TOP|Pad RDD8-2(46.6mm,15mm) on L1 TOP",0
TRACK,R26:NetINA3_2,NetINA3_2,Top Layer,47.025,17.525,47.275,17.275,0.2,,,"NetINA3_2|Pad INA3-2(39.975mm,15.85mm) on L1 TOP|Pad RDD8-2(46.6mm,15mm) on L1 TOP",0
TRACK,R26:NetINA3_2,NetINA3_2,Top Layer,47.275,17.275,47.275,15.825,0.2,,,"NetINA3_2|Pad INA3-2(39.975mm,15.85mm) on L1 TOP|Pad RDD8-2(46.6mm,15mm) on L1 TOP",0
TRACK,R26:NetINA3_2,NetINA3_2,Top Layer,47.275,15.825,46.725,15.275,0.2,,,"NetINA3_2|Pad INA3-2(39.975mm,15.85mm) on L1 TOP|Pad RDD8-2(46.6mm,15mm) on L1 TOP",0
TRACK,R27:NetINA5_3,NetINA5_3,Top Layer,67.775,17.025,67.775,18.375,0.2,,,"NetINA5_3|Pad RDD13-2(67.812mm,16.8mm) on L1 TOP|Pad RDD15-2(67.812mm,18.6mm) on L1 TOP",0
TRACK,R28:NetINA1_7,NetINA1_7,Top Layer,18.375,21.075,18.375,21.275,0.2,,,"NetINA1_7|Pad INA1-7(18.375mm,20.55mm) on L1 TOP|Pad RH_1-2(18.579mm,21.75mm) on L1 TOP",0
TRACK,R28:NetINA1_7,NetINA1_7,Top Layer,18.375,21.275,18.425,21.325,0.2,,,"NetINA1_7|Pad INA1-7(18.375mm,20.55mm) on L1 TOP|Pad RH_1-2(18.579mm,21.75mm) on L1 TOP",0
TRACK,R28:NetINA1_7,NetINA1_7,Top Layer,18.425,21.325,18.425,21.475,0.2,,,"NetINA1_7|Pad INA1-7(18.375mm,20.55mm) on L1 TOP|Pad RH_1-2(18.579mm,21.75mm) on L1 TOP",0
TRACK,R29:NetINA3_7,NetINA3_7,Top Layer,39.975,21.075,39.975,21.275,0.2,,,"NetINA3_7|Pad INA3-7(39.975mm,20.55mm) on L1 TOP|Pad RH_3-2(40.179mm,21.75mm) on L1 TOP",0
TRACK,R29:NetINA3_7,NetINA3_7,Top Layer,39.975,21.275,40.025,21.325,0.2,,,"NetINA3_7|Pad INA3-7(39.975mm,20.55mm) on L1 TOP|Pad RH_3-2(40.179mm,21.75mm) on L1 TOP",0
TRACK,R29:NetINA3_7,NetINA3_7,Top Layer,40.025,21.325,40.025,21.475,0.2,,,"NetINA3_7|Pad INA3-7(39.975mm,20.55mm) on L1 TOP|Pad RH_3-2(40.179mm,21.75mm) on L1 TOP",0
TRACK,R30:NetINA5_7,NetINA5_7,Top Layer,61.575,21.075,61.575,21.275,0.2,,,"NetINA5_7|Pad INA5-7(61.575mm,20.55mm) on L1 TOP|Pad RH_5-2(61.779mm,21.75mm) on L1 TOP",0
TRACK,R30:NetINA5_7,NetINA5_7,Top Layer,61.575,21.275,61.625,21.325,0.2,,,"NetINA5_7|Pad INA5-7(61.575mm,20.55mm) on L1 TOP|Pad RH_5-2(61.779mm,21.75mm) on L1 TOP",0
TRACK,R30:NetINA5_7,NetINA5_7,Top Layer,61.625,21.325,61.625,21.475,0.2,,,"NetINA5_7|Pad INA5-7(61.575mm,20.55mm) on L1 TOP|Pad RH_5-2(61.779mm,21.75mm) on L1 TOP",0
TRACK,R31:NetINA4_3,NetINA4_3,Top Layer,57.375,17.025,57.375,18.375,0.2,,,"NetINA4_3|Pad RDD10-2(57.412mm,16.8mm) on L1 TOP|Pad RDD12-2(57.412mm,18.6mm) on L1 TOP",0
TRACK,R32:NetINA1_7,NetINA1_7,Top Layer,18.875,22.075,19.375,22.075,0.2,,,"NetINA1_7|Pad RH_1-2(18.579mm,21.75mm) on L1 TOP|Pad RL_1-1(19.6mm,22.3mm) on L1 TOP",0
TRACK,R33:NetINA3_3,NetINA3_3,Top Layer,46.425,16.575,46.425,16.075,0.2,,,"NetINA3_3|Pad RDD7-2(46.612mm,16.8mm) on L1 TOP|Pad RDD9-2(46.612mm,18.6mm) on L1 TOP",0
TRACK,R33:NetINA3_3,NetINA3_3,Mid Layer 2,46.425,16.075,46.425,17.375,0.2,,,"NetINA3_3|Pad RDD7-2(46.612mm,16.8mm) on L1 TOP|Pad RDD9-2(46.612mm,18.6mm) on L1 TOP",0
TRACK,R33:NetINA3_3,NetINA3_3,Mid Layer 2,46.425,17.375,47.275,18.225,0.2,,,"NetINA3_3|Pad RDD7-2(46.612mm,16.8mm) on L1 TOP|Pad RDD9-2(46.612mm,18.6mm) on L1 TOP",0
TRACK,R33:NetINA3_3,NetINA3_3,Top Layer,47.275,18.225,47.025,18.475,0.2,,,"NetINA3_3|Pad RDD7-2(46.612mm,16.8mm) on L1 TOP|Pad RDD9-2(46.612mm,18.6mm) on L1 TOP",0
TRACK,R33:NetINA3_3,NetINA3_3,Top Layer,47.025,18.475,46.825,18.475,0.2,,,"NetINA3_3|Pad RDD7-2(46.612mm,16.8mm) on L1 TOP|Pad RDD9-2(46.612mm,18.6mm) on L1 TOP",0
VIA,R33:NetINA3_3,NetINA3_3,Multi Layer,46.425,16.075,,,,0.6,0.3,"NetINA3_3|Pad RDD7-2(46.612mm,16.8mm) on L1 TOP|Pad RDD9-2(46.612mm,18.6mm) on L1 TOP",0
VIA,R33:NetINA3_3,NetINA3_3,Multi Layer,47.275,18.225,,,,0.6,0.3,"NetINA3_3|Pad RDD7-2(46.612mm,16.8mm) on L1 TOP|Pad RDD9-2(46.612mm,18.6mm) on L1 TOP",0
TRACK,R35:NetINA4_2,NetINA4_2,Top Layer,50.775,16.375,50.775,16.625,0.2,,,"NetINA4_2|Pad INA4-2(50.775mm,15.85mm) on L1 TOP|Pad RDD11-2(57.4mm,15mm) on L1 TOP",0
TRACK,R35:NetINA4_2,NetINA4_2,Top Layer,50.775,16.625,51.025,16.875,0.2,,,"NetINA4_2|Pad INA4-2(50.775mm,15.85mm) on L1 TOP|Pad RDD11-2(57.4mm,15mm) on L1 TOP",0
TRACK,R35:NetINA4_2,NetINA4_2,Top Layer,51.025,16.875,55.425,16.875,0.2,,,"NetINA4_2|Pad INA4-2(50.775mm,15.85mm) on L1 TOP|Pad RDD11-2(57.4mm,15mm) on L1 TOP",0
TRACK,R35:NetINA4_2,NetINA4_2,Mid Layer 2,55.425,16.875,56.375,15.925,0.2,,,"NetINA4_2|Pad INA4-2(50.775mm,15.85mm) on L1 TOP|Pad RDD11-2(57.4mm,15mm) on L1 TOP",0
TRACK,R35:NetINA4_2,NetINA4_2,Mid Layer 2,56.375,15.925,56.775,15.925,0.2,,,"NetINA4_2|Pad INA4-2(50.775mm,15.85mm) on L1 TOP|Pad RDD11-2(57.4mm,15mm) on L1 TOP",0
TRACK,R35:NetINA4_2,NetINA4_2,Top Layer,56.775,15.925,57.425,15.275,0.2,,,"NetINA4_2|Pad INA4-2(50.775mm,15.85mm) on L1 TOP|Pad RDD11-2(57.4mm,15mm) on L1 TOP",0
VIA,R35:NetINA4_2,NetINA4_2,Multi Layer,55.425,16.875,,,,0.6,0.3,"NetINA4_2|Pad INA4-2(50.775mm,15.85mm) on L1 TOP|Pad RDD11-2(57.4mm,15mm) on L1 TOP",0
VIA,R35:NetINA4_2,NetINA4_2,Multi Layer,56.775,15.925,,,,0.6,0.3,"NetINA4_2|Pad INA4-2(50.775mm,15.85mm) on L1 TOP|Pad RDD11-2(57.4mm,15mm) on L1 TOP",0
TRACK,R36:NetINA1_2,NetINA1_2,Top Layer,18.375,16.375,18.375,16.625,0.2,,,"NetINA1_2|Pad INA1-2(18.375mm,15.85mm) on L1 TOP|Pad RDD2-2(25mm,15mm) on L1 TOP",0
TRACK,R36:NetINA1_2,NetINA1_2,Top Layer,18.375,16.625,18.825,17.075,0.2,,,"NetINA1_2|Pad INA1-2(18.375mm,15.85mm) on L1 TOP|Pad RDD2-2(25mm,15mm) on L1 TOP",0
TRACK,R36:NetINA1_2,NetINA1_2,Top Layer,18.825,17.075,19.025,17.075,0.2,,,"NetINA1_2|Pad INA1-2(18.375mm,15.85mm) on L1 TOP|Pad RDD2-2(25mm,15mm) on L1 TOP",0
TRACK,R36:NetINA1_2,NetINA1_2,Mid Layer 2,19.025,17.075,20.125,17.075,0.2,,,"NetINA1_2|Pad INA1-2(18.375mm,15.85mm) on L1 TOP|Pad RDD2-2(25mm,15mm) on L1 TOP",0
TRACK,R36:NetINA1_2,NetINA1_2,Mid Layer 2,20.125,17.075,21.625,15.575,0.2,,,"NetINA1_2|Pad INA1-2(18.375mm,15.85mm) on L1 TOP|Pad RDD2-2(25mm,15mm) on L1 TOP",0
TRACK,R36:NetINA1_2,NetINA1_2,Mid Layer 2,21.625,15.575,24.025,15.575,0.2,,,"NetINA1_2|Pad INA1-2(18.375mm,15.85mm) on L1 TOP|Pad RDD2-2(25mm,15mm) on L1 TOP",0
TRACK,R36:NetINA1_2,NetINA1_2,Mid Layer 2,24.025,15.575,24.375,15.925,0.2,,,"NetINA1_2|Pad INA1-2(18.375mm,15.85mm) on L1 TOP|Pad RDD2-2(25mm,15mm) on L1 TOP",0
TRACK,R36:NetINA1_2,NetINA1_2,Top Layer,24.375,15.925,25.025,15.275,0.2,,,"NetINA1_2|Pad INA1-2(18.375mm,15.85mm) on L1 TOP|Pad RDD2-2(25mm,15mm) on L1 TOP",0
VIA,R36:NetINA1_2,NetINA1_2,Multi Layer,19.025,17.075,,,,0.6,0.3,"NetINA1_2|Pad INA1-2(18.375mm,15.85mm) on L1 TOP|Pad RDD2-2(25mm,15mm) on L1 TOP",0
VIA,R36:NetINA1_2,NetINA1_2,Multi Layer,24.375,15.925,,,,0.6,0.3,"NetINA1_2|Pad INA1-2(18.375mm,15.85mm) on L1 TOP|Pad RDD2-2(25mm,15mm) on L1 TOP",0
TRACK,R38:NetINA2_7,NetINA2_7,Top Layer,29.175,21.075,29.175,21.275,0.2,,,"NetINA2_7|Pad INA2-7(29.175mm,20.55mm) on L1 TOP|Pad RH_2-2(29.379mm,21.75mm) on L1 TOP",0
TRACK,R38:NetINA2_7,NetINA2_7,Top Layer,29.175,21.275,29.225,21.325,0.2,,,"NetINA2_7|Pad INA2-7(29.175mm,20.55mm) on L1 TOP|Pad RH_2-2(29.379mm,21.75mm) on L1 TOP",0
TRACK,R38:NetINA2_7,NetINA2_7,Top Layer,29.225,21.325,29.225,21.475,0.2,,,"NetINA2_7|Pad INA2-7(29.175mm,20.55mm) on L1 TOP|Pad RH_2-2(29.379mm,21.75mm) on L1 TOP",0
TRACK,R40:NetINA4_7,NetINA4_7,Top Layer,50.075,21.575,50.475,21.575,0.2,,,"NetINA4_7|Pad RH_4-2(49.779mm,21.75mm) on L1 TOP|Pad RL_4-1(51.8mm,21.7mm) on L1 TOP",0
TRACK,R40:NetINA4_7,NetINA4_7,Top Layer,50.475,21.575,50.525,21.525,0.2,,,"NetINA4_7|Pad RH_4-2(49.779mm,21.75mm) on L1 TOP|Pad RL_4-1(51.8mm,21.7mm) on L1 TOP",0
TRACK,R40:NetINA4_7,NetINA4_7,Top Layer,50.525,21.525,51.075,21.525,0.2,,,"NetINA4_7|Pad RH_4-2(49.779mm,21.75mm) on L1 TOP|Pad RL_4-1(51.8mm,21.7mm) on L1 TOP",0
TRACK,R40:NetINA4_7,NetINA4_7,Top Layer,51.075,21.525,51.225,21.675,0.2,,,"NetINA4_7|Pad RH_4-2(49.779mm,21.75mm) on L1 TOP|Pad RL_4-1(51.8mm,21.7mm) on L1 TOP",0
TRACK,R40:NetINA4_7,NetINA4_7,Top Layer,51.225,21.675,51.575,21.675,0.2,,,"NetINA4_7|Pad RH_4-2(49.779mm,21.75mm) on L1 TOP|Pad RL_4-1(51.8mm,21.7mm) on L1 TOP",0
TRACK,R41:NetINA2_2,NetINA2_2,Top Layer,29.175,16.375,29.175,16.625,0.2,,,"NetINA2_2|Pad INA2-2(29.175mm,15.85mm) on L1 TOP|Pad RDD5-2(35.8mm,15mm) on L1 TOP",0
TRACK,R41:NetINA2_2,NetINA2_2,Top Layer,29.175,16.625,30.075,17.525,0.2,,,"NetINA2_2|Pad INA2-2(29.175mm,15.85mm) on L1 TOP|Pad RDD5-2(35.8mm,15mm) on L1 TOP",0
TRACK,R41:NetINA2_2,NetINA2_2,Top Layer,30.075,17.525,36.225,17.525,0.2,,,"NetINA2_2|Pad INA2-2(29.175mm,15.85mm) on L1 TOP|Pad RDD5-2(35.8mm,15mm) on L1 TOP",0
TRACK,R41:NetINA2_2,NetINA2_2,Top Layer,36.225,17.525,36.475,17.275,0.2,,,"NetINA2_2|Pad INA2-2(29.175mm,15.85mm) on L1 TOP|Pad RDD5-2(35.8mm,15mm) on L1 TOP",0
TRACK,R41:NetINA2_2,NetINA2_2,Top Layer,36.475,17.275,36.475,15.825,0.2,,,"NetINA2_2|Pad INA2-2(29.175mm,15.85mm) on L1 TOP|Pad RDD5-2(35.8mm,15mm) on L1 TOP",0
TRACK,R41:NetINA2_2,NetINA2_2,Top Layer,36.475,15.825,35.925,15.275,0.2,,,"NetINA2_2|Pad INA2-2(29.175mm,15.85mm) on L1 TOP|Pad RDD5-2(35.8mm,15mm) on L1 TOP",0
TRACK,R42:NetINA5_7,NetINA5_7,Top Layer,62.075,22.075,62.575,22.075,0.2,,,"NetINA5_7|Pad RH_5-2(61.779mm,21.75mm) on L1 TOP|Pad RL_5-1(62.8mm,22.3mm) on L1 TOP",0
TRACK,R43:NetINA1_3,NetINA1_3,Top Layer,24.975,17.025,24.975,18.375,0.2,,,"NetINA1_3|Pad RDD1-2(25.012mm,16.8mm) on L1 TOP|Pad RDD3-2(25.012mm,18.6mm) on L1 TOP",0
TRACK,R44:NetINA5_2 VIP,NetINA5_2,Top Layer,61.575,16.375,61.575,16.625,0.2,,,"NetINA5_2|Pad INA5-2(61.575mm,15.85mm) on L1 TOP|Pad RDD14-2(67.8mm,15mm) on L1 TOP",0
TRACK,R44:NetINA5_2 VIP,NetINA5_2,Top Layer,61.575,16.625,62.025,17.075,0.2,,,"NetINA5_2|Pad INA5-2(61.575mm,15.85mm) on L1 TOP|Pad RDD14-2(67.8mm,15mm) on L1 TOP",0
TRACK,R44:NetINA5_2 VIP,NetINA5_2,Mid Layer 2,62.025,17.075,63.375,17.075,0.2,,,"NetINA5_2|Pad INA5-2(61.575mm,15.85mm) on L1 TOP|Pad RDD14-2(67.8mm,15mm) on L1 TOP",0
TRACK,R44:NetINA5_2 VIP,NetINA5_2,Mid Layer 2,63.375,17.075,65.425,15.025,0.2,,,"NetINA5_2|Pad INA5-2(61.575mm,15.85mm) on L1 TOP|Pad RDD14-2(67.8mm,15mm) on L1 TOP",0
TRACK,R44:NetINA5_2 VIP,NetINA5_2,Mid Layer 2,65.425,15.025,67.775,15.025,0.2,,,"NetINA5_2|Pad INA5-2(61.575mm,15.85mm) on L1 TOP|Pad RDD14-2(67.8mm,15mm) on L1 TOP",0
VIA,R44:NetINA5_2 VIP,NetINA5_2,Multi Layer,62.025,17.075,,,,0.6,0.3,"NetINA5_2|Pad INA5-2(61.575mm,15.85mm) on L1 TOP|Pad RDD14-2(67.8mm,15mm) on L1 TOP",0
VIA,R44:NetINA5_2 VIP,NetINA5_2,Multi Layer,67.775,15.025,,,,0.6,0.3,"NetINA5_2|Pad INA5-2(61.575mm,15.85mm) on L1 TOP|Pad RDD14-2(67.8mm,15mm) on L1 TOP",0
TRACK,R45:NetINA2_3,NetINA2_3,Top Layer,35.625,16.575,35.625,16.075,0.2,,,"NetINA2_3|Pad RDD4-2(35.812mm,16.8mm) on L1 TOP|Pad RDD6-2(35.812mm,18.6mm) on L1 TOP",0
TRACK,R45:NetINA2_3,NetINA2_3,Mid Layer 2,35.625,16.075,35.625,17.375,0.2,,,"NetINA2_3|Pad RDD4-2(35.812mm,16.8mm) on L1 TOP|Pad RDD6-2(35.812mm,18.6mm) on L1 TOP",0
TRACK,R45:NetINA2_3,NetINA2_3,Mid Layer 2,35.625,17.375,36.475,18.225,0.2,,,"NetINA2_3|Pad RDD4-2(35.812mm,16.8mm) on L1 TOP|Pad RDD6-2(35.812mm,18.6mm) on L1 TOP",0
TRACK,R45:NetINA2_3,NetINA2_3,Top Layer,36.475,18.225,36.225,18.475,0.2,,,"NetINA2_3|Pad RDD4-2(35.812mm,16.8mm) on L1 TOP|Pad RDD6-2(35.812mm,18.6mm) on L1 TOP",0
TRACK,R45:NetINA2_3,NetINA2_3,Top Layer,36.225,18.475,36.025,18.475,0.2,,,"NetINA2_3|Pad RDD4-2(35.812mm,16.8mm) on L1 TOP|Pad RDD6-2(35.812mm,18.6mm) on L1 TOP",0
VIA,R45:NetINA2_3,NetINA2_3,Multi Layer,35.625,16.075,,,,0.6,0.3,"NetINA2_3|Pad RDD4-2(35.812mm,16.8mm) on L1 TOP|Pad RDD6-2(35.812mm,18.6mm) on L1 TOP",0
VIA,R45:NetINA2_3,NetINA2_3,Multi Layer,36.475,18.225,,,,0.6,0.3,"NetINA2_3|Pad RDD4-2(35.812mm,16.8mm) on L1 TOP|Pad RDD6-2(35.812mm,18.6mm) on L1 TOP",0
TRACK,R47:NetINA4_7,NetINA4_7,Top Layer,50.775,21.075,50.775,21.475,0.2,,,"NetINA4_7|Pad INA4-7(50.775mm,20.55mm) on L1 TOP|Pad RL_4-1(51.8mm,21.7mm) on L1 TOP",0
TRACK,R48:NetINA3_7,NetINA3_7,Top Layer,40.475,22.075,40.975,22.075,0.2,,,"NetINA3_7|Pad RH_3-2(40.179mm,21.75mm) on L1 TOP|Pad RL_3-1(41.2mm,22.3mm) on L1 TOP",0
TRACK,R49:NetINA2_3,NetINA2_3,Top Layer,29.875,16.375,29.875,16.625,0.15,,,"NetINA2_3|Pad INA2-3(29.825mm,15.85mm) on L1 TOP|Pad RDD4-2(35.812mm,16.8mm) on L1 TOP",0
TRACK,R49:NetINA2_3,NetINA2_3,Top Layer,29.875,16.625,30.075,16.825,0.15,,,"NetINA2_3|Pad INA2-3(29.825mm,15.85mm) on L1 TOP|Pad RDD4-2(35.812mm,16.8mm) on L1 TOP",0
TRACK,R49:NetINA2_3,NetINA2_3,Top Layer,30.075,16.825,33.675,16.825,0.15,,,"NetINA2_3|Pad INA2-3(29.825mm,15.85mm) on L1 TOP|Pad RDD4-2(35.812mm,16.8mm) on L1 TOP",0
TRACK,R49:NetINA2_3,NetINA2_3,Top Layer,33.675,16.825,33.725,16.775,0.15,,,"NetINA2_3|Pad INA2-3(29.825mm,15.85mm) on L1 TOP|Pad RDD4-2(35.812mm,16.8mm) on L1 TOP",0
TRACK,R49:NetINA2_3,NetINA2_3,Mid Layer 2,33.725,16.775,35.525,16.775,0.15,,,"NetINA2_3|Pad INA2-3(29.825mm,15.85mm) on L1 TOP|Pad RDD4-2(35.812mm,16.8mm) on L1 TOP",0
VIA,R49:NetINA2_3,NetINA2_3,Multi Layer,33.725,16.775,,,,0.6,0.3,"NetINA2_3|Pad INA2-3(29.825mm,15.85mm) on L1 TOP|Pad RDD4-2(35.812mm,16.8mm) on L1 TOP",0
TRACK,R50:NetCservo_2_1,NetCservo_2_1,Bottom Layer,30.975,22.375,31.625,22.375,0.2,,,"NetCservo_2_1|Pad Cservo_2-1(30.475mm,23.15mm) on L6 BOTTOM [Unplated]|Pad U2-6(33.25mm,21.7mm) on L6 BOTTOM",0
TRACK,R50:NetCservo_2_1,NetCservo_2_1,Bottom Layer,31.625,22.375,32.225,21.775,0.2,,,"NetCservo_2_1|Pad Cservo_2-1(30.475mm,23.15mm) on L6 BOTTOM [Unplated]|Pad U2-6(33.25mm,21.7mm) on L6 BOTTOM",0
TRACK,R50:NetCservo_2_1,NetCservo_2_1,Bottom Layer,32.225,21.775,32.425,21.775,0.2,,,"NetCservo_2_1|Pad Cservo_2-1(30.475mm,23.15mm) on L6 BOTTOM [Unplated]|Pad U2-6(33.25mm,21.7mm) on L6 BOTTOM",0
TRACK,R51:NetCservo_4_1,NetCservo_4_1,Bottom Layer,52.575,22.375,53.125,22.375,0.2,,,"NetCservo_4_1|Pad Cservo_4-1(52.075mm,23.15mm) on L6 BOTTOM [Unplated]|Pad U3-6(54.85mm,21.7mm) on L6 BOTTOM",0
TRACK,R51:NetCservo_4_1,NetCservo_4_1,Bottom Layer,53.125,22.375,53.725,21.775,0.2,,,"NetCservo_4_1|Pad Cservo_4-1(52.075mm,23.15mm) on L6 BOTTOM [Unplated]|Pad U3-6(54.85mm,21.7mm) on L6 BOTTOM",0
TRACK,R51:NetCservo_4_1,NetCservo_4_1,Bottom Layer,53.725,21.775,54.025,21.775,0.2,,,"NetCservo_4_1|Pad Cservo_4-1(52.075mm,23.15mm) on L6 BOTTOM [Unplated]|Pad U3-6(54.85mm,21.7mm) on L6 BOTTOM",0
TRACK,R52:NetCservo_2_1,NetCservo_2_1,Bottom Layer,29.675,25.025,29.675,24.225,0.2,,,"NetCservo_2_1|Pad Rservo_2-1(29.425mm,25.25mm) on L6 BOTTOM|Pad Cservo_2-1(30.475mm,23.15mm) on L6 BOTTOM [Unplated]",0
TRACK,R52:NetCservo_2_1,NetCservo_2_1,Bottom Layer,29.675,24.225,29.975,23.925,0.2,,,"NetCservo_2_1|Pad Rservo_2-1(29.425mm,25.25mm) on L6 BOTTOM|Pad Cservo_2-1(30.475mm,23.15mm) on L6 BOTTOM [Unplated]",0
TRACK,R53:NetCservo_1_1,NetCservo_1_1,Bottom Layer,20.725,16.875,20.725,16.225,0.2,,,"NetCservo_1_1|Pad Cservo_1-1(20.225mm,17.65mm) on L6 BOTTOM [Unplated]|Pad Rservo_1-1(21.275mm,15.55mm) on L6 BOTTOM",0
TRACK,R53:NetCservo_1_1,NetCservo_1_1,Bottom Layer,20.725,16.225,20.975,15.975,0.2,,,"NetCservo_1_1|Pad Cservo_1-1(20.225mm,17.65mm) on L6 BOTTOM [Unplated]|Pad Rservo_1-1(21.275mm,15.55mm) on L6 BOTTOM",0
TRACK,R53:NetCservo_1_1,NetCservo_1_1,Bottom Layer,20.975,15.975,20.975,15.825,0.2,,,"NetCservo_1_1|Pad Cservo_1-1(20.225mm,17.65mm) on L6 BOTTOM [Unplated]|Pad Rservo_1-1(21.275mm,15.55mm) on L6 BOTTOM",0
TRACK,R54:NetCservo_3_1,NetCservo_3_1,Bottom Layer,42.225,16.875,42.225,16.075,0.2,,,"NetCservo_3_1|Pad Cservo_3-1(41.725mm,17.65mm) on L6 BOTTOM [Unplated]|Pad Rservo_3-1(42.775mm,15.55mm) on L6 BOTTOM",0
TRACK,R54:NetCservo_3_1,NetCservo_3_1,Bottom Layer,42.225,16.075,42.475,15.825,0.2,,,"NetCservo_3_1|Pad Cservo_3-1(41.725mm,17.65mm) on L6 BOTTOM [Unplated]|Pad Rservo_3-1(42.775mm,15.55mm) on L6 BOTTOM",0
TRACK,R55:NetCservo_4_1,NetCservo_4_1,Bottom Layer,51.275,25.025,51.275,24.225,0.2,,,"NetCservo_4_1|Pad Rservo_4-1(51.025mm,25.25mm) on L6 BOTTOM|Pad Cservo_4-1(52.075mm,23.15mm) on L6 BOTTOM [Unplated]",0
TRACK,R55:NetCservo_4_1,NetCservo_4_1,Bottom Layer,51.275,24.225,51.575,23.925,0.2,,,"NetCservo_4_1|Pad Rservo_4-1(51.025mm,25.25mm) on L6 BOTTOM|Pad Cservo_4-1(52.075mm,23.15mm) on L6 BOTTOM [Unplated]",0
TRACK,R56:NetCservo_5_1,NetCservo_5_1,Bottom Layer,63.825,16.875,63.825,16.075,0.2,,,"NetCservo_5_1|Pad Cservo_5-1(63.325mm,17.65mm) on L6 BOTTOM [Unplated]|Pad Rservo_5-1(64.375mm,15.55mm) on L6 BOTTOM",0
TRACK,R56:NetCservo_5_1,NetCservo_5_1,Bottom Layer,63.825,16.075,64.075,15.825,0.2,,,"NetCservo_5_1|Pad Cservo_5-1(63.325mm,17.65mm) on L6 BOTTOM [Unplated]|Pad Rservo_5-1(64.375mm,15.55mm) on L6 BOTTOM",0
TRACK,R57:NetCservo_3_1,NetCservo_3_1,Bottom Layer,39.775,19.075,40.575,19.075,0.2,,,"NetCservo_3_1|Pad U2-13(38.95mm,19.1mm) on L6 BOTTOM|Pad Cservo_3-1(41.725mm,17.65mm) on L6 BOTTOM [Unplated]",0
TRACK,R57:NetCservo_3_1,NetCservo_3_1,Bottom Layer,40.575,19.075,41.225,18.425,0.2,,,"NetCservo_3_1|Pad U2-13(38.95mm,19.1mm) on L6 BOTTOM|Pad Cservo_3-1(41.725mm,17.65mm) on L6 BOTTOM [Unplated]",0
TRACK,R58:NetCservo_1_1,NetCservo_1_1,Bottom Layer,16.625,19.075,16.075,19.075,0.2,,,"NetCservo_1_1|Pad U1-6(17.45mm,19.1mm) on L6 BOTTOM|Pad Cservo_1-1(20.225mm,17.65mm) on L6 BOTTOM [Unplated]",0
TRACK,R58:NetCservo_1_1,NetCservo_1_1,Top Layer,16.075,19.075,16.075,18.43,0.2,,,"NetCservo_1_1|Pad U1-6(17.45mm,19.1mm) on L6 BOTTOM|Pad Cservo_1-1(20.225mm,17.65mm) on L6 BOTTOM [Unplated]",0
TRACK,R58:NetCservo_1_1,NetCservo_1_1,Top Layer,16.075,18.43,16.075,17.825,0.2,,,"NetCservo_1_1|Pad U1-6(17.45mm,19.1mm) on L6 BOTTOM|Pad Cservo_1-1(20.225mm,17.65mm) on L6 BOTTOM [Unplated]",0
TRACK,R58:NetCservo_1_1,NetCservo_1_1,Top Layer,16.075,17.825,16.675,17.225,0.2,,,"NetCservo_1_1|Pad U1-6(17.45mm,19.1mm) on L6 BOTTOM|Pad Cservo_1-1(20.225mm,17.65mm) on L6 BOTTOM [Unplated]",0
TRACK,R58:NetCservo_1_1,NetCservo_1_1,Top Layer,16.675,17.225,16.675,16.375,0.2,,,"NetCservo_1_1|Pad U1-6(17.45mm,19.1mm) on L6 BOTTOM|Pad Cservo_1-1(20.225mm,17.65mm) on L6 BOTTOM [Unplated]",0
TRACK,R58:NetCservo_1_1,NetCservo_1_1,Top Layer,16.675,16.375,16.375,16.075,0.2,,,"NetCservo_1_1|Pad U1-6(17.45mm,19.1mm) on L6 BOTTOM|Pad Cservo_1-1(20.225mm,17.65mm) on L6 BOTTOM [Unplated]",0
TRACK,R58:NetCservo_1_1,NetCservo_1_1,Top Layer,16.375,16.075,16.375,15.175,0.2,,,"NetCservo_1_1|Pad U1-6(17.45mm,19.1mm) on L6 BOTTOM|Pad Cservo_1-1(20.225mm,17.65mm) on L6 BOTTOM [Unplated]",0
TRACK,R58:NetCservo_1_1,NetCservo_1_1,Bottom Layer,16.375,15.175,16.575,15.175,0.2,,,"NetCservo_1_1|Pad U1-6(17.45mm,19.1mm) on L6 BOTTOM|Pad Cservo_1-1(20.225mm,17.65mm) on L6 BOTTOM [Unplated]",0
TRACK,R58:NetCservo_1_1,NetCservo_1_1,Bottom Layer,16.575,15.175,16.775,14.975,0.2,,,"NetCservo_1_1|Pad U1-6(17.45mm,19.1mm) on L6 BOTTOM|Pad Cservo_1-1(20.225mm,17.65mm) on L6 BOTTOM [Unplated]",0
TRACK,R58:NetCservo_1_1,NetCservo_1_1,Bottom Layer,16.775,14.975,17.95,14.975,0.2,,,"NetCservo_1_1|Pad U1-6(17.45mm,19.1mm) on L6 BOTTOM|Pad Cservo_1-1(20.225mm,17.65mm) on L6 BOTTOM [Unplated]",0
TRACK,R58:NetCservo_1_1,NetCservo_1_1,Bottom Layer,17.95,14.975,20.525,14.975,0.2,,,"NetCservo_1_1|Pad U1-6(17.45mm,19.1mm) on L6 BOTTOM|Pad Cservo_1-1(20.225mm,17.65mm) on L6 BOTTOM [Unplated]",0
TRACK,R58:NetCservo_1_1,NetCservo_1_1,Bottom Layer,20.525,14.975,20.975,15.425,0.2,,,"NetCservo_1_1|Pad U1-6(17.45mm,19.1mm) on L6 BOTTOM|Pad Cservo_1-1(20.225mm,17.65mm) on L6 BOTTOM [Unplated]",0
VIA,R58:NetCservo_1_1,NetCservo_1_1,Multi Layer,16.075,19.075,,,,0.6,0.3,"NetCservo_1_1|Pad U1-6(17.45mm,19.1mm) on L6 BOTTOM|Pad Cservo_1-1(20.225mm,17.65mm) on L6 BOTTOM [Unplated]",0
VIA,R58:NetCservo_1_1,NetCservo_1_1,Multi Layer,16.375,15.175,,,,0.6,0.3,"NetCservo_1_1|Pad U1-6(17.45mm,19.1mm) on L6 BOTTOM|Pad Cservo_1-1(20.225mm,17.65mm) on L6 BOTTOM [Unplated]",0
TRACK,R59:NetCservo_5_1,NetCservo_5_1,Bottom Layer,61.375,19.175,61.425,19.175,0.2,,,"NetCservo_5_1|Pad U3-13(60.55mm,19.1mm) on L6 BOTTOM|Pad Cservo_5-1(63.325mm,17.65mm) on L6 BOTTOM [Unplated]",0
TRACK,R59:NetCservo_5_1,NetCservo_5_1,Bottom Layer,61.425,19.175,61.475,19.225,0.2,,,"NetCservo_5_1|Pad U3-13(60.55mm,19.1mm) on L6 BOTTOM|Pad Cservo_5-1(63.325mm,17.65mm) on L6 BOTTOM [Unplated]",0
TRACK,R59:NetCservo_5_1,NetCservo_5_1,Bottom Layer,61.475,19.225,61.575,19.225,0.2,,,"NetCservo_5_1|Pad U3-13(60.55mm,19.1mm) on L6 BOTTOM|Pad Cservo_5-1(63.325mm,17.65mm) on L6 BOTTOM [Unplated]",0
TRACK,R59:NetCservo_5_1,NetCservo_5_1,Bottom Layer,61.575,19.225,61.625,19.275,0.2,,,"NetCservo_5_1|Pad U3-13(60.55mm,19.1mm) on L6 BOTTOM|Pad Cservo_5-1(63.325mm,17.65mm) on L6 BOTTOM [Unplated]",0
TRACK,R59:NetCservo_5_1,NetCservo_5_1,Bottom Layer,61.625,19.275,62.225,19.275,0.2,,,"NetCservo_5_1|Pad U3-13(60.55mm,19.1mm) on L6 BOTTOM|Pad Cservo_5-1(63.325mm,17.65mm) on L6 BOTTOM [Unplated]",0
TRACK,R59:NetCservo_5_1,NetCservo_5_1,Bottom Layer,62.225,19.275,62.825,18.675,0.2,,,"NetCservo_5_1|Pad U3-13(60.55mm,19.1mm) on L6 BOTTOM|Pad Cservo_5-1(63.325mm,17.65mm) on L6 BOTTOM [Unplated]",0
TRACK,R59:NetCservo_5_1,NetCservo_5_1,Bottom Layer,62.825,18.675,62.825,18.425,0.2,,,"NetCservo_5_1|Pad U3-13(60.55mm,19.1mm) on L6 BOTTOM|Pad Cservo_5-1(63.325mm,17.65mm) on L6 BOTTOM [Unplated]",0
TRACK,R60:NetCL_4_1,NetCL_4_1,Bottom Layer,50.675,19.125,50.825,19.125,0.2,,,"NetCL_4_1|Pad RGN_4-1(50.4mm,19.35mm) on L6 BOTTOM|Pad CL_4-1(52.25mm,16.05mm) on L6 BOTTOM",0
TRACK,R60:NetCL_4_1,NetCL_4_1,Bottom Layer,50.825,19.125,51.425,18.525,0.2,,,"NetCL_4_1|Pad RGN_4-1(50.4mm,19.35mm) on L6 BOTTOM|Pad CL_4-1(52.25mm,16.05mm) on L6 BOTTOM",0
TRACK,R60:NetCL_4_1,NetCL_4_1,Bottom Layer,51.425,18.525,51.425,16.975,0.2,,,"NetCL_4_1|Pad RGN_4-1(50.4mm,19.35mm) on L6 BOTTOM|Pad CL_4-1(52.25mm,16.05mm) on L6 BOTTOM",0
TRACK,R60:NetCL_4_1,NetCL_4_1,Bottom Layer,51.425,16.975,51.625,16.775,0.2,,,"NetCL_4_1|Pad RGN_4-1(50.4mm,19.35mm) on L6 BOTTOM|Pad CL_4-1(52.25mm,16.05mm) on L6 BOTTOM",0
TRACK,R61:NetCL_3_1,NetCL_3_1,Bottom Layer,42.225,24.025,42.225,23.275,0.2,,,"NetCL_3_1|Pad CL_3-1(41.55mm,24.75mm) on L6 BOTTOM|Pad RGN_3-1(43.4mm,22.45mm) on L6 BOTTOM",0
TRACK,R61:NetCL_3_1,NetCL_3_1,Bottom Layer,42.225,23.275,42.825,22.675,0.2,,,"NetCL_3_1|Pad CL_3-1(41.55mm,24.75mm) on L6 BOTTOM|Pad RGN_3-1(43.4mm,22.45mm) on L6 BOTTOM",0
TRACK,R61:NetCL_3_1,NetCL_3_1,Bottom Layer,42.825,22.675,43.125,22.675,0.2,,,"NetCL_3_1|Pad CL_3-1(41.55mm,24.75mm) on L6 BOTTOM|Pad RGN_3-1(43.4mm,22.45mm) on L6 BOTTOM",0
TRACK,R62:NetCL_1_1,NetCL_1_1,Bottom Layer,20.475,24.025,20.475,23.225,0.2,,,"NetCL_1_1|Pad CL_1-1(20.05mm,24.75mm) on L6 BOTTOM|Pad RGN_1-1(21.9mm,22.45mm) on L6 BOTTOM",0
TRACK,R62:NetCL_1_1,NetCL_1_1,Bottom Layer,20.475,23.225,21.025,22.675,0.2,,,"NetCL_1_1|Pad CL_1-1(20.05mm,24.75mm) on L6 BOTTOM|Pad RGN_1-1(21.9mm,22.45mm) on L6 BOTTOM",0
TRACK,R62:NetCL_1_1,NetCL_1_1,Bottom Layer,21.025,22.675,21.625,22.675,0.2,,,"NetCL_1_1|Pad CL_1-1(20.05mm,24.75mm) on L6 BOTTOM|Pad RGN_1-1(21.9mm,22.45mm) on L6 BOTTOM",0
TRACK,R63:NetCL_2_1,NetCL_2_1,Bottom Layer,29.075,19.125,29.225,19.125,0.2,,,"NetCL_2_1|Pad RGN_2-1(28.8mm,19.35mm) on L6 BOTTOM|Pad CL_2-1(30.65mm,16.05mm) on L6 BOTTOM",0
TRACK,R63:NetCL_2_1,NetCL_2_1,Bottom Layer,29.225,19.125,29.825,18.525,0.2,,,"NetCL_2_1|Pad RGN_2-1(28.8mm,19.35mm) on L6 BOTTOM|Pad CL_2-1(30.65mm,16.05mm) on L6 BOTTOM",0
TRACK,R63:NetCL_2_1,NetCL_2_1,Bottom Layer,29.825,18.525,29.825,16.975,0.2,,,"NetCL_2_1|Pad RGN_2-1(28.8mm,19.35mm) on L6 BOTTOM|Pad CL_2-1(30.65mm,16.05mm) on L6 BOTTOM",0
TRACK,R63:NetCL_2_1,NetCL_2_1,Bottom Layer,29.825,16.975,30.025,16.775,0.2,,,"NetCL_2_1|Pad RGN_2-1(28.8mm,19.35mm) on L6 BOTTOM|Pad CL_2-1(30.65mm,16.05mm) on L6 BOTTOM",0
TRACK,R64:NetCL_5_1,NetCL_5_1,Bottom Layer,63.825,24.025,63.825,23.575,0.2,,,"NetCL_5_1|Pad CL_5-1(63.15mm,24.75mm) on L6 BOTTOM|Pad RGN_5-1(65mm,22.45mm) on L6 BOTTOM",0
TRACK,R64:NetCL_5_1,NetCL_5_1,Bottom Layer,63.825,23.575,64.725,22.675,0.2,,,"NetCL_5_1|Pad CL_5-1(63.15mm,24.75mm) on L6 BOTTOM|Pad RGN_5-1(65mm,22.45mm) on L6 BOTTOM",0
TRACK,R65:NetCH_1_2,NetCH_1_2,Bottom Layer,16.625,21.775,16.425,21.775,0.2,,,"NetCH_1_2|Pad U1-2(17.45mm,21.7mm) on L6 BOTTOM|Pad RG_1-1(18.9mm,22.45mm) on L6 BOTTOM",0
TRACK,R65:NetCH_1_2,NetCH_1_2,Bottom Layer,16.425,21.775,16.125,22.075,0.2,,,"NetCH_1_2|Pad U1-2(17.45mm,21.7mm) on L6 BOTTOM|Pad RG_1-1(18.9mm,22.45mm) on L6 BOTTOM",0
TRACK,R65:NetCH_1_2,NetCH_1_2,Bottom Layer,16.125,22.075,16.125,22.675,0.2,,,"NetCH_1_2|Pad U1-2(17.45mm,21.7mm) on L6 BOTTOM|Pad RG_1-1(18.9mm,22.45mm) on L6 BOTTOM",0
TRACK,R65:NetCH_1_2,NetCH_1_2,Bottom Layer,16.125,22.675,16.475,23.025,0.2,,,"NetCH_1_2|Pad U1-2(17.45mm,21.7mm) on L6 BOTTOM|Pad RG_1-1(18.9mm,22.45mm) on L6 BOTTOM",0
TRACK,R65:NetCH_1_2,NetCH_1_2,Bottom Layer,16.475,23.025,18.375,23.025,0.2,,,"NetCH_1_2|Pad U1-2(17.45mm,21.7mm) on L6 BOTTOM|Pad RG_1-1(18.9mm,22.45mm) on L6 BOTTOM",0
TRACK,R65:NetCH_1_2,NetCH_1_2,Bottom Layer,18.375,23.025,18.725,22.675,0.2,,,"NetCH_1_2|Pad U1-2(17.45mm,21.7mm) on L6 BOTTOM|Pad RG_1-1(18.9mm,22.45mm) on L6 BOTTOM",0
TRACK,R66:NetCH_2_2 VIP,NetCH_2_2,Mid Layer 2,28.825,18.375,29.725,18.375,0.2,,,"NetCH_2_2|Pad RGN_2-2(28.8mm,18.35mm) on L6 BOTTOM|Pad CH_2-2(30.6mm,18.418mm) on L6 BOTTOM",0
TRACK,R66:NetCH_2_2 VIP,NetCH_2_2,Mid Layer 2,29.725,18.375,31.975,16.125,0.2,,,"NetCH_2_2|Pad RGN_2-2(28.8mm,18.35mm) on L6 BOTTOM|Pad CH_2-2(30.6mm,18.418mm) on L6 BOTTOM",0
TRACK,R66:NetCH_2_2 VIP,NetCH_2_2,Bottom Layer,31.975,16.125,31.975,16.975,0.2,,,"NetCH_2_2|Pad RGN_2-2(28.8mm,18.35mm) on L6 BOTTOM|Pad CH_2-2(30.6mm,18.418mm) on L6 BOTTOM",0
TRACK,R66:NetCH_2_2 VIP,NetCH_2_2,Bottom Layer,31.975,16.975,30.775,18.175,0.2,,,"NetCH_2_2|Pad RGN_2-2(28.8mm,18.35mm) on L6 BOTTOM|Pad CH_2-2(30.6mm,18.418mm) on L6 BOTTOM",0
VIA,R66:NetCH_2_2 VIP,NetCH_2_2,Multi Layer,28.825,18.375,,,,0.6,0.3,"NetCH_2_2|Pad RGN_2-2(28.8mm,18.35mm) on L6 BOTTOM|Pad CH_2-2(30.6mm,18.418mm) on L6 BOTTOM",0
VIA,R66:NetCH_2_2 VIP,NetCH_2_2,Multi Layer,31.975,16.125,,,,0.6,0.3,"NetCH_2_2|Pad RGN_2-2(28.8mm,18.35mm) on L6 BOTTOM|Pad CH_2-2(30.6mm,18.418mm) on L6 BOTTOM",0
TRACK,R67:NetCH_5_2,NetCH_5_2,Bottom Layer,61.775,22.675,61.775,22.775,0.2,,,"NetCH_5_2|Pad RG_5-1(62mm,22.45mm) on L6 BOTTOM|Pad CH_5-2(63.2mm,21.518mm) on L6 BOTTOM",0
TRACK,R67:NetCH_5_2,NetCH_5_2,Bottom Layer,61.775,22.775,61.025,23.525,0.2,,,"NetCH_5_2|Pad RG_5-1(62mm,22.45mm) on L6 BOTTOM|Pad CH_5-2(63.2mm,21.518mm) on L6 BOTTOM",0
TRACK,R67:NetCH_5_2,NetCH_5_2,Mid Layer 2,61.025,23.525,63.175,21.375,0.2,,,"NetCH_5_2|Pad RG_5-1(62mm,22.45mm) on L6 BOTTOM|Pad CH_5-2(63.2mm,21.518mm) on L6 BOTTOM",0
TRACK,R67:NetCH_5_2,NetCH_5_2,Mid Layer 2,63.175,21.375,63.175,19.425,0.2,,,"NetCH_5_2|Pad RG_5-1(62mm,22.45mm) on L6 BOTTOM|Pad CH_5-2(63.2mm,21.518mm) on L6 BOTTOM",0
TRACK,R67:NetCH_5_2,NetCH_5_2,Bottom Layer,63.175,19.425,63.175,21.275,0.2,,,"NetCH_5_2|Pad RG_5-1(62mm,22.45mm) on L6 BOTTOM|Pad CH_5-2(63.2mm,21.518mm) on L6 BOTTOM",0
VIA,R67:NetCH_5_2,NetCH_5_2,Multi Layer,61.025,23.525,,,,0.6,0.3,"NetCH_5_2|Pad RG_5-1(62mm,22.45mm) on L6 BOTTOM|Pad CH_5-2(63.2mm,21.518mm) on L6 BOTTOM",0
VIA,R67:NetCH_5_2,NetCH_5_2,Multi Layer,63.175,19.425,,,,0.6,0.3,"NetCH_5_2|Pad RG_5-1(62mm,22.45mm) on L6 BOTTOM|Pad CH_5-2(63.2mm,21.518mm) on L6 BOTTOM",0
TRACK,R68:NetCH_5_2,NetCH_5_2,Bottom Layer,63.475,21.475,64.725,21.475,0.2,,,"NetCH_5_2|Pad CH_5-2(63.2mm,21.518mm) on L6 BOTTOM|Pad RGN_5-2(65mm,21.45mm) on L6 BOTTOM",0
TRACK,R69:NetCH_1_2 VIP,NetCH_1_2,Top Layer,17.525,23.125,18.625,24.225,0.15,,,"NetCH_1_2|Pad RG_1-1(18.9mm,22.45mm) on L6 BOTTOM|Pad CH_1-2(20.1mm,21.518mm) on L6 BOTTOM",0
TRACK,R69:NetCH_1_2 VIP,NetCH_1_2,Top Layer,18.625,24.225,21.625,24.225,0.15,,,"NetCH_1_2|Pad RG_1-1(18.9mm,22.45mm) on L6 BOTTOM|Pad CH_1-2(20.1mm,21.518mm) on L6 BOTTOM",0
TRACK,R69:NetCH_1_2 VIP,NetCH_1_2,Top Layer,21.625,24.225,21.925,23.925,0.15,,,"NetCH_1_2|Pad RG_1-1(18.9mm,22.45mm) on L6 BOTTOM|Pad CH_1-2(20.1mm,21.518mm) on L6 BOTTOM",0
TRACK,R69:NetCH_1_2 VIP,NetCH_1_2,Top Layer,21.925,23.925,21.925,21.475,0.15,,,"NetCH_1_2|Pad RG_1-1(18.9mm,22.45mm) on L6 BOTTOM|Pad CH_1-2(20.1mm,21.518mm) on L6 BOTTOM",0
TRACK,R69:NetCH_1_2 VIP,NetCH_1_2,Bottom Layer,21.925,21.475,20.375,21.475,0.15,,,"NetCH_1_2|Pad RG_1-1(18.9mm,22.45mm) on L6 BOTTOM|Pad CH_1-2(20.1mm,21.518mm) on L6 BOTTOM",0
VIA,R69:NetCH_1_2 VIP,NetCH_1_2,Multi Layer,17.525,23.125,,,,0.45,0.2,"NetCH_1_2|Pad RG_1-1(18.9mm,22.45mm) on L6 BOTTOM|Pad CH_1-2(20.1mm,21.518mm) on L6 BOTTOM",0
VIA,R69:NetCH_1_2 VIP,NetCH_1_2,Multi Layer,21.925,21.475,,,,0.45,0.2,"NetCH_1_2|Pad RG_1-1(18.9mm,22.45mm) on L6 BOTTOM|Pad CH_1-2(20.1mm,21.518mm) on L6 BOTTOM",0
TRACK,R70:NetCH_3_2,NetCH_3_2,Bottom Layer,38.125,21.775,37.925,21.775,0.2,,,"NetCH_3_2|Pad U2-9(38.95mm,21.7mm) on L6 BOTTOM|Pad RG_3-1(40.4mm,22.45mm) on L6 BOTTOM",0
TRACK,R70:NetCH_3_2,NetCH_3_2,Bottom Layer,37.925,21.775,37.625,22.075,0.2,,,"NetCH_3_2|Pad U2-9(38.95mm,21.7mm) on L6 BOTTOM|Pad RG_3-1(40.4mm,22.45mm) on L6 BOTTOM",0
TRACK,R70:NetCH_3_2,NetCH_3_2,Bottom Layer,37.625,22.075,37.625,22.675,0.2,,,"NetCH_3_2|Pad U2-9(38.95mm,21.7mm) on L6 BOTTOM|Pad RG_3-1(40.4mm,22.45mm) on L6 BOTTOM",0
TRACK,R70:NetCH_3_2,NetCH_3_2,Bottom Layer,37.625,22.675,37.925,22.975,0.2,,,"NetCH_3_2|Pad U2-9(38.95mm,21.7mm) on L6 BOTTOM|Pad RG_3-1(40.4mm,22.45mm) on L6 BOTTOM",0
TRACK,R70:NetCH_3_2,NetCH_3_2,Bottom Layer,37.925,22.975,39.925,22.975,0.2,,,"NetCH_3_2|Pad U2-9(38.95mm,21.7mm) on L6 BOTTOM|Pad RG_3-1(40.4mm,22.45mm) on L6 BOTTOM",0
TRACK,R70:NetCH_3_2,NetCH_3_2,Bottom Layer,39.925,22.975,40.225,22.675,0.2,,,"NetCH_3_2|Pad U2-9(38.95mm,21.7mm) on L6 BOTTOM|Pad RG_3-1(40.4mm,22.45mm) on L6 BOTTOM",0
TRACK,R71:NetCH_5_2,NetCH_5_2,Bottom Layer,59.725,21.775,59.175,21.775,0.2,,,"NetCH_5_2|Pad U3-9(60.55mm,21.7mm) on L6 BOTTOM|Pad RG_5-1(62mm,22.45mm) on L6 BOTTOM",0
TRACK,R71:NetCH_5_2,NetCH_5_2,Top Layer,59.175,21.775,59.375,21.775,0.2,,,"NetCH_5_2|Pad U3-9(60.55mm,21.7mm) on L6 BOTTOM|Pad RG_5-1(62mm,22.45mm) on L6 BOTTOM",0
TRACK,R71:NetCH_5_2,NetCH_5_2,Top Layer,59.375,21.775,60.875,23.275,0.2,,,"NetCH_5_2|Pad U3-9(60.55mm,21.7mm) on L6 BOTTOM|Pad RG_5-1(62mm,22.45mm) on L6 BOTTOM",0
VIA,R71:NetCH_5_2,NetCH_5_2,Multi Layer,59.175,21.775,,,,0.6,0.3,"NetCH_5_2|Pad U3-9(60.55mm,21.7mm) on L6 BOTTOM|Pad RG_5-1(62mm,22.45mm) on L6 BOTTOM",0
TRACK,R72:NetCH_4_2 VIP,NetCH_4_2,Top Layer,50.425,18.375,51.425,18.375,0.2,,,"NetCH_4_2|Pad RGN_4-2(50.4mm,18.35mm) on L6 BOTTOM|Pad CH_4-2(52.2mm,18.418mm) on L6 BOTTOM",0
TRACK,R72:NetCH_4_2 VIP,NetCH_4_2,Top Layer,51.425,18.375,52.125,17.675,0.2,,,"NetCH_4_2|Pad RGN_4-2(50.4mm,18.35mm) on L6 BOTTOM|Pad CH_4-2(52.2mm,18.418mm) on L6 BOTTOM",0
TRACK,R72:NetCH_4_2 VIP,NetCH_4_2,Bottom Layer,52.125,17.675,52.125,18.175,0.2,,,"NetCH_4_2|Pad RGN_4-2(50.4mm,18.35mm) on L6 BOTTOM|Pad CH_4-2(52.2mm,18.418mm) on L6 BOTTOM",0
VIA,R72:NetCH_4_2 VIP,NetCH_4_2,Multi Layer,50.425,18.375,,,,0.6,0.3,"NetCH_4_2|Pad RGN_4-2(50.4mm,18.35mm) on L6 BOTTOM|Pad CH_4-2(52.2mm,18.418mm) on L6 BOTTOM",0
VIA,R72:NetCH_4_2 VIP,NetCH_4_2,Multi Layer,52.125,17.675,,,,0.6,0.3,"NetCH_4_2|Pad RGN_4-2(50.4mm,18.35mm) on L6 BOTTOM|Pad CH_4-2(52.2mm,18.418mm) on L6 BOTTOM",0
TRACK,R73:NetCH_4_2,NetCH_4_2,Bottom Layer,53.675,19.125,54.025,19.125,0.2,,,"NetCH_4_2|Pad RG_4-1(53.4mm,19.35mm) on L6 BOTTOM|Pad U3-2(54.85mm,19.1mm) on L6 BOTTOM",0
TRACK,R74:NetCH_2_2,NetCH_2_2,Bottom Layer,32.075,19.125,32.425,19.125,0.2,,,"NetCH_2_2|Pad RG_2-1(31.8mm,19.35mm) on L6 BOTTOM|Pad U2-2(33.25mm,19.1mm) on L6 BOTTOM",0
TRACK,R76:NetCH_3_2,NetCH_3_2,Bottom Layer,41.875,21.475,43.125,21.475,0.2,,,"NetCH_3_2|Pad CH_3-2(41.6mm,21.518mm) on L6 BOTTOM|Pad RGN_3-2(43.4mm,21.45mm) on L6 BOTTOM",0
TRACK,R77:NetCH_2_2,NetCH_2_2,Bottom Layer,32.025,17.075,32.825,17.875,0.2,,,"NetCH_2_2|Pad CH_2-2(30.6mm,18.418mm) on L6 BOTTOM|Pad RG_2-1(31.8mm,19.35mm) on L6 BOTTOM",0
TRACK,R77:NetCH_2_2,NetCH_2_2,Bottom Layer,32.825,17.875,34.225,17.875,0.2,,,"NetCH_2_2|Pad CH_2-2(30.6mm,18.418mm) on L6 BOTTOM|Pad RG_2-1(31.8mm,19.35mm) on L6 BOTTOM",0
TRACK,R77:NetCH_2_2,NetCH_2_2,Bottom Layer,34.225,17.875,34.525,18.175,0.2,,,"NetCH_2_2|Pad CH_2-2(30.6mm,18.418mm) on L6 BOTTOM|Pad RG_2-1(31.8mm,19.35mm) on L6 BOTTOM",0
TRACK,R77:NetCH_2_2,NetCH_2_2,Bottom Layer,34.525,18.175,34.525,18.775,0.2,,,"NetCH_2_2|Pad CH_2-2(30.6mm,18.418mm) on L6 BOTTOM|Pad RG_2-1(31.8mm,19.35mm) on L6 BOTTOM",0
TRACK,R77:NetCH_2_2,NetCH_2_2,Bottom Layer,34.525,18.775,34.225,19.075,0.2,,,"NetCH_2_2|Pad CH_2-2(30.6mm,18.418mm) on L6 BOTTOM|Pad RG_2-1(31.8mm,19.35mm) on L6 BOTTOM",0
TRACK,R77:NetCH_2_2,NetCH_2_2,Bottom Layer,34.225,19.075,34.075,19.075,0.2,,,"NetCH_2_2|Pad CH_2-2(30.6mm,18.418mm) on L6 BOTTOM|Pad RG_2-1(31.8mm,19.35mm) on L6 BOTTOM",0
TRACK,R78:NetCH_4_2,NetCH_4_2,Top Layer,52.375,17.825,53.425,18.875,0.2,,,"NetCH_4_2|Pad CH_4-2(52.2mm,18.418mm) on L6 BOTTOM|Pad RG_4-1(53.4mm,19.35mm) on L6 BOTTOM",0
TRACK,R78:NetCH_4_2,NetCH_4_2,Top Layer,53.425,18.875,55.475,18.875,0.2,,,"NetCH_4_2|Pad CH_4-2(52.2mm,18.418mm) on L6 BOTTOM|Pad RG_4-1(53.4mm,19.35mm) on L6 BOTTOM",0
TRACK,R78:NetCH_4_2,NetCH_4_2,Top Layer,55.475,18.875,56.125,19.525,0.2,,,"NetCH_4_2|Pad CH_4-2(52.2mm,18.418mm) on L6 BOTTOM|Pad RG_4-1(53.4mm,19.35mm) on L6 BOTTOM",0
TRACK,R78:NetCH_4_2,NetCH_4_2,Top Layer,56.125,19.525,56.275,19.525,0.2,,,"NetCH_4_2|Pad CH_4-2(52.2mm,18.418mm) on L6 BOTTOM|Pad RG_4-1(53.4mm,19.35mm) on L6 BOTTOM",0
TRACK,R78:NetCH_4_2,NetCH_4_2,Bottom Layer,56.275,19.525,56.175,19.525,0.2,,,"NetCH_4_2|Pad CH_4-2(52.2mm,18.418mm) on L6 BOTTOM|Pad RG_4-1(53.4mm,19.35mm) on L6 BOTTOM",0
TRACK,R78:NetCH_4_2,NetCH_4_2,Bottom Layer,56.175,19.525,55.825,19.175,0.2,,,"NetCH_4_2|Pad CH_4-2(52.2mm,18.418mm) on L6 BOTTOM|Pad RG_4-1(53.4mm,19.35mm) on L6 BOTTOM",0
TRACK,R78:NetCH_4_2,NetCH_4_2,Bottom Layer,55.825,19.175,55.675,19.175,0.2,,,"NetCH_4_2|Pad CH_4-2(52.2mm,18.418mm) on L6 BOTTOM|Pad RG_4-1(53.4mm,19.35mm) on L6 BOTTOM",0
VIA,R78:NetCH_4_2,NetCH_4_2,Multi Layer,56.275,19.525,,,,0.6,0.3,"NetCH_4_2|Pad CH_4-2(52.2mm,18.418mm) on L6 BOTTOM|Pad RG_4-1(53.4mm,19.35mm) on L6 BOTTOM",0
TRACK,R79:NetCH_3_2,NetCH_3_2,Bottom Layer,39.075,23.075,39.075,23.175,0.2,,,"NetCH_3_2|Pad RG_3-1(40.4mm,22.45mm) on L6 BOTTOM|Pad CH_3-2(41.6mm,21.518mm) on L6 BOTTOM",0
TRACK,R79:NetCH_3_2,NetCH_3_2,Mid Layer 2,39.075,23.175,41.575,20.675,0.2,,,"NetCH_3_2|Pad RG_3-1(40.4mm,22.45mm) on L6 BOTTOM|Pad CH_3-2(41.6mm,21.518mm) on L6 BOTTOM",0
TRACK,R79:NetCH_3_2,NetCH_3_2,Mid Layer 2,41.575,20.675,41.575,19.425,0.2,,,"NetCH_3_2|Pad RG_3-1(40.4mm,22.45mm) on L6 BOTTOM|Pad CH_3-2(41.6mm,21.518mm) on L6 BOTTOM",0
TRACK,R79:NetCH_3_2,NetCH_3_2,Bottom Layer,41.575,19.425,41.575,21.275,0.2,,,"NetCH_3_2|Pad RG_3-1(40.4mm,22.45mm) on L6 BOTTOM|Pad CH_3-2(41.6mm,21.518mm) on L6 BOTTOM",0
VIA,R79:NetCH_3_2,NetCH_3_2,Multi Layer,39.075,23.175,,,,0.6,0.3,"NetCH_3_2|Pad RG_3-1(40.4mm,22.45mm) on L6 BOTTOM|Pad CH_3-2(41.6mm,21.518mm) on L6 BOTTOM",0
VIA,R79:NetCH_3_2,NetCH_3_2,Multi Layer,41.575,19.425,,,,0.6,0.3,"NetCH_3_2|Pad RG_3-1(40.4mm,22.45mm) on L6 BOTTOM|Pad CH_3-2(41.6mm,21.518mm) on L6 BOTTOM",0
TRACK,R80:VOUT_5,VOUT_5,Top Layer,57.975,24.275,59.375,22.875,0.2,,,"VOUT_5|Pad Free-TP_VOUT_5(57.58mm,24.5mm) on L1 TOP|Pad U3-8(60.55mm,22.35mm) on L6 BOTTOM",0
TRACK,R80:VOUT_5,VOUT_5,Bottom Layer,59.375,22.875,59.775,22.475,0.2,,,"VOUT_5|Pad Free-TP_VOUT_5(57.58mm,24.5mm) on L1 TOP|Pad U3-8(60.55mm,22.35mm) on L6 BOTTOM",0
VIA,R80:VOUT_5,VOUT_5,Multi Layer,59.375,22.875,,,,0.6,0.3,"VOUT_5|Pad Free-TP_VOUT_5(57.58mm,24.5mm) on L1 TOP|Pad U3-8(60.55mm,22.35mm) on L6 BOTTOM",0
TRACK,R82:VOUT_4 VIP,VOUT_4,Mid Layer 2,52.225,19.275,53.225,18.275,0.15,,,"VOUT_4|Pad CH_4-1(52.2mm,19.282mm) on L6 BOTTOM|Pad RG_4-2(53.4mm,18.35mm) on L6 BOTTOM",0
TRACK,R82:VOUT_4 VIP,VOUT_4,Mid Layer 2,53.225,18.275,53.225,17.725,0.15,,,"VOUT_4|Pad CH_4-1(52.2mm,19.282mm) on L6 BOTTOM|Pad RG_4-2(53.4mm,18.35mm) on L6 BOTTOM",0
TRACK,R82:VOUT_4 VIP,VOUT_4,Bottom Layer,53.225,17.725,53.225,18.125,0.15,,,"VOUT_4|Pad CH_4-1(52.2mm,19.282mm) on L6 BOTTOM|Pad RG_4-2(53.4mm,18.35mm) on L6 BOTTOM",0
VIA,R82:VOUT_4 VIP,VOUT_4,Multi Layer,52.225,19.275,,,,0.45,0.2,"VOUT_4|Pad CH_4-1(52.2mm,19.282mm) on L6 BOTTOM|Pad RG_4-2(53.4mm,18.35mm) on L6 BOTTOM",0
VIA,R82:VOUT_4 VIP,VOUT_4,Multi Layer,53.225,17.725,,,,0.45,0.2,"VOUT_4|Pad CH_4-1(52.2mm,19.282mm) on L6 BOTTOM|Pad RG_4-2(53.4mm,18.35mm) on L6 BOTTOM",0
TRACK,R83:VOUT_3,VOUT_3,Top Layer,46.275,25.425,46.925,25.425,0.2,,,"VOUT_3|Pad Free-TP_VOUT_3(45.83mm,25.25mm) on L1 TOP|Pad R_ADC3-1(49.08mm,26.365mm) on L1 TOP",0
TRACK,R83:VOUT_3,VOUT_3,Top Layer,46.925,25.425,47.275,25.775,0.2,,,"VOUT_3|Pad Free-TP_VOUT_3(45.83mm,25.25mm) on L1 TOP|Pad R_ADC3-1(49.08mm,26.365mm) on L1 TOP",0
TRACK,R83:VOUT_3,VOUT_3,Mid Layer 2,47.275,25.775,49.325,25.775,0.2,,,"VOUT_3|Pad Free-TP_VOUT_3(45.83mm,25.25mm) on L1 TOP|Pad R_ADC3-1(49.08mm,26.365mm) on L1 TOP",0
TRACK,R83:VOUT_3,VOUT_3,Mid Layer 2,49.325,25.775,49.5745,26.0245,0.2,,,"VOUT_3|Pad Free-TP_VOUT_3(45.83mm,25.25mm) on L1 TOP|Pad R_ADC3-1(49.08mm,26.365mm) on L1 TOP",0
TRACK,R83:VOUT_3,VOUT_3,Mid Layer 2,49.5745,26.0245,49.875,26.325,0.2,,,"VOUT_3|Pad Free-TP_VOUT_3(45.83mm,25.25mm) on L1 TOP|Pad R_ADC3-1(49.08mm,26.365mm) on L1 TOP",0
TRACK,R83:VOUT_3,VOUT_3,Top Layer,49.875,26.325,49.325,26.325,0.2,,,"VOUT_3|Pad Free-TP_VOUT_3(45.83mm,25.25mm) on L1 TOP|Pad R_ADC3-1(49.08mm,26.365mm) on L1 TOP",0
VIA,R83:VOUT_3,VOUT_3,Multi Layer,47.275,25.775,,,,0.6,0.3,"VOUT_3|Pad Free-TP_VOUT_3(45.83mm,25.25mm) on L1 TOP|Pad R_ADC3-1(49.08mm,26.365mm) on L1 TOP",0
VIA,R83:VOUT_3,VOUT_3,Multi Layer,49.875,26.325,,,,0.6,0.3,"VOUT_3|Pad Free-TP_VOUT_3(45.83mm,25.25mm) on L1 TOP|Pad R_ADC3-1(49.08mm,26.365mm) on L1 TOP",0
TRACK,R87:VOUT_4,VOUT_4,Bottom Layer,53.675,18.425,54.025,18.425,0.2,,,"VOUT_4|Pad RG_4-2(53.4mm,18.35mm) on L6 BOTTOM|Pad U3-1(54.85mm,18.45mm) on L6 BOTTOM",0
TRACK,R88:VOUT_3,VOUT_3,Bottom Layer,41.325,22.625,41.325,22.875,0.2,,,"VOUT_3|Pad CH_3-1(41.6mm,22.382mm) on L6 BOTTOM|Pad Free-TP_VOUT_3(45.83mm,25.25mm) on L1 TOP",0
TRACK,R88:VOUT_3,VOUT_3,Bottom Layer,41.325,22.875,40.075,24.125,0.2,,,"VOUT_3|Pad CH_3-1(41.6mm,22.382mm) on L6 BOTTOM|Pad Free-TP_VOUT_3(45.83mm,25.25mm) on L1 TOP",0
TRACK,R88:VOUT_3,VOUT_3,Top Layer,40.075,24.125,42.525,24.125,0.2,,,"VOUT_3|Pad CH_3-1(41.6mm,22.382mm) on L6 BOTTOM|Pad Free-TP_VOUT_3(45.83mm,25.25mm) on L1 TOP",0
TRACK,R88:VOUT_3,VOUT_3,Top Layer,42.525,24.125,43.425,25.025,0.2,,,"VOUT_3|Pad CH_3-1(41.6mm,22.382mm) on L6 BOTTOM|Pad Free-TP_VOUT_3(45.83mm,25.25mm) on L1 TOP",0
TRACK,R88:VOUT_3,VOUT_3,Top Layer,43.425,25.025,45.375,25.025,0.2,,,"VOUT_3|Pad CH_3-1(41.6mm,22.382mm) on L6 BOTTOM|Pad Free-TP_VOUT_3(45.83mm,25.25mm) on L1 TOP",0
VIA,R88:VOUT_3,VOUT_3,Multi Layer,40.075,24.125,,,,0.6,0.3,"VOUT_3|Pad CH_3-1(41.6mm,22.382mm) on L6 BOTTOM|Pad Free-TP_VOUT_3(45.83mm,25.25mm) on L1 TOP",0
TRACK,R89:VOUT_5,VOUT_5,Top Layer,56.725,24.225,57.175,24.225,0.2,,,"VOUT_5|Pad R_ADC5-1(56.515mm,24.5mm) on L1 TOP|Pad Free-TP_VOUT_5(57.58mm,24.5mm) on L1 TOP",0
TRACK,R91:VOUT_2 VIP,VOUT_2,Mid Layer 2,48.425,25.025,48.625,25.225,0.2,,,"VOUT_2|Pad Free-TP_VOUT_2(48.33mm,25.25mm) on L1 TOP|Pad R_ADC2-1(49.08mm,28.015mm) on L1 TOP",0
TRACK,R91:VOUT_2 VIP,VOUT_2,Mid Layer 2,48.625,25.225,49.825,25.225,0.2,,,"VOUT_2|Pad Free-TP_VOUT_2(48.33mm,25.25mm) on L1 TOP|Pad R_ADC2-1(49.08mm,28.015mm) on L1 TOP",0
TRACK,R91:VOUT_2 VIP,VOUT_2,Mid Layer 2,49.825,25.225,50.575,25.975,0.2,,,"VOUT_2|Pad Free-TP_VOUT_2(48.33mm,25.25mm) on L1 TOP|Pad R_ADC2-1(49.08mm,28.015mm) on L1 TOP",0
TRACK,R91:VOUT_2 VIP,VOUT_2,Mid Layer 2,50.575,25.975,50.575,26.0245,0.2,,,"VOUT_2|Pad Free-TP_VOUT_2(48.33mm,25.25mm) on L1 TOP|Pad R_ADC2-1(49.08mm,28.015mm) on L1 TOP",0
TRACK,R91:VOUT_2 VIP,VOUT_2,Mid Layer 2,50.575,26.0245,50.575,26.925,0.2,,,"VOUT_2|Pad Free-TP_VOUT_2(48.33mm,25.25mm) on L1 TOP|Pad R_ADC2-1(49.08mm,28.015mm) on L1 TOP",0
TRACK,R91:VOUT_2 VIP,VOUT_2,Top Layer,50.575,26.925,49.775,27.725,0.2,,,"VOUT_2|Pad Free-TP_VOUT_2(48.33mm,25.25mm) on L1 TOP|Pad R_ADC2-1(49.08mm,28.015mm) on L1 TOP",0
TRACK,R91:VOUT_2 VIP,VOUT_2,Top Layer,49.775,27.725,49.775,27.775,0.2,,,"VOUT_2|Pad Free-TP_VOUT_2(48.33mm,25.25mm) on L1 TOP|Pad R_ADC2-1(49.08mm,28.015mm) on L1 TOP",0
TRACK,R91:VOUT_2 VIP,VOUT_2,Top Layer,49.775,27.775,49.575,27.975,0.2,,,"VOUT_2|Pad Free-TP_VOUT_2(48.33mm,25.25mm) on L1 TOP|Pad R_ADC2-1(49.08mm,28.015mm) on L1 TOP",0
TRACK,R91:VOUT_2 VIP,VOUT_2,Top Layer,49.575,27.975,49.325,27.975,0.2,,,"VOUT_2|Pad Free-TP_VOUT_2(48.33mm,25.25mm) on L1 TOP|Pad R_ADC2-1(49.08mm,28.015mm) on L1 TOP",0
VIA,R91:VOUT_2 VIP,VOUT_2,Multi Layer,48.425,25.025,,,,0.6,0.3,"VOUT_2|Pad Free-TP_VOUT_2(48.33mm,25.25mm) on L1 TOP|Pad R_ADC2-1(49.08mm,28.015mm) on L1 TOP",0
VIA,R91:VOUT_2 VIP,VOUT_2,Multi Layer,50.575,26.925,,,,0.6,0.3,"VOUT_2|Pad Free-TP_VOUT_2(48.33mm,25.25mm) on L1 TOP|Pad R_ADC2-1(49.08mm,28.015mm) on L1 TOP",0
TRACK,R93:VOUT_2,VOUT_2,Bottom Layer,32.075,18.475,32.425,18.475,0.2,,,"VOUT_2|Pad RG_2-2(31.8mm,18.35mm) on L6 BOTTOM|Pad U2-1(33.25mm,18.45mm) on L6 BOTTOM",0
TRACK,R96:VOUT_4,VOUT_4,Top Layer,49.575,25.125,49.575,24.875,0.2,,,"VOUT_4|Pad R_ADC4-1(49.445mm,25.4mm) on L1 TOP|Pad CH_4-1(52.2mm,19.282mm) on L6 BOTTOM",0
TRACK,R96:VOUT_4,VOUT_4,Top Layer,49.575,24.875,50.775,23.675,0.2,,,"VOUT_4|Pad R_ADC4-1(49.445mm,25.4mm) on L1 TOP|Pad CH_4-1(52.2mm,19.282mm) on L6 BOTTOM",0
TRACK,R96:VOUT_4,VOUT_4,Mid Layer 2,50.775,23.675,50.775,23.125,0.2,,,"VOUT_4|Pad R_ADC4-1(49.445mm,25.4mm) on L1 TOP|Pad CH_4-1(52.2mm,19.282mm) on L6 BOTTOM",0
TRACK,R96:VOUT_4,VOUT_4,Mid Layer 2,50.775,23.125,52.275,21.625,0.2,,,"VOUT_4|Pad R_ADC4-1(49.445mm,25.4mm) on L1 TOP|Pad CH_4-1(52.2mm,19.282mm) on L6 BOTTOM",0
TRACK,R96:VOUT_4,VOUT_4,Mid Layer 2,52.275,21.625,52.275,19.475,0.2,,,"VOUT_4|Pad R_ADC4-1(49.445mm,25.4mm) on L1 TOP|Pad CH_4-1(52.2mm,19.282mm) on L6 BOTTOM",0
VIA,R96:VOUT_4,VOUT_4,Multi Layer,50.775,23.675,,,,0.6,0.3,"VOUT_4|Pad R_ADC4-1(49.445mm,25.4mm) on L1 TOP|Pad CH_4-1(52.2mm,19.282mm) on L6 BOTTOM",0
TRACK,R97:VOUT_1,VOUT_1,Bottom Layer,19.825,22.625,19.825,22.875,0.2,,,"VOUT_1|Pad CH_1-1(20.1mm,22.382mm) on L6 BOTTOM|Pad Free-TP_VOUT_1(45.33mm,29.75mm) on L1 TOP",0
TRACK,R97:VOUT_1,VOUT_1,Bottom Layer,19.825,22.875,18.675,24.025,0.2,,,"VOUT_1|Pad CH_1-1(20.1mm,22.382mm) on L6 BOTTOM|Pad Free-TP_VOUT_1(45.33mm,29.75mm) on L1 TOP",0
TRACK,R97:VOUT_1,VOUT_1,Bottom Layer,18.675,24.025,18.675,24.975,0.2,,,"VOUT_1|Pad CH_1-1(20.1mm,22.382mm) on L6 BOTTOM|Pad Free-TP_VOUT_1(45.33mm,29.75mm) on L1 TOP",0
TRACK,R97:VOUT_1,VOUT_1,Top Layer,18.675,24.975,27.625,24.975,0.2,,,"VOUT_1|Pad CH_1-1(20.1mm,22.382mm) on L6 BOTTOM|Pad Free-TP_VOUT_1(45.33mm,29.75mm) on L1 TOP",0
TRACK,R97:VOUT_1,VOUT_1,Top Layer,27.625,24.975,29.925,27.275,0.2,,,"VOUT_1|Pad CH_1-1(20.1mm,22.382mm) on L6 BOTTOM|Pad Free-TP_VOUT_1(45.33mm,29.75mm) on L1 TOP",0
TRACK,R97:VOUT_1,VOUT_1,Top Layer,29.925,27.275,42.575,27.275,0.2,,,"VOUT_1|Pad CH_1-1(20.1mm,22.382mm) on L6 BOTTOM|Pad Free-TP_VOUT_1(45.33mm,29.75mm) on L1 TOP",0
TRACK,R97:VOUT_1,VOUT_1,Top Layer,42.575,27.275,44.875,29.575,0.2,,,"VOUT_1|Pad CH_1-1(20.1mm,22.382mm) on L6 BOTTOM|Pad Free-TP_VOUT_1(45.33mm,29.75mm) on L1 TOP",0
VIA,R97:VOUT_1,VOUT_1,Multi Layer,18.675,24.975,,,,0.6,0.3,"VOUT_1|Pad CH_1-1(20.1mm,22.382mm) on L6 BOTTOM|Pad Free-TP_VOUT_1(45.33mm,29.75mm) on L1 TOP",0
TRACK,R98:VOUT_1,VOUT_1,Bottom Layer,19.175,21.225,19.675,20.725,0.2,,,"VOUT_1|Pad RG_1-2(18.9mm,21.45mm) on L6 BOTTOM|Pad CH_1-1(20.1mm,22.382mm) on L6 BOTTOM",0
TRACK,R98:VOUT_1,VOUT_1,Bottom Layer,19.675,20.725,22.525,20.725,0.2,,,"VOUT_1|Pad RG_1-2(18.9mm,21.45mm) on L6 BOTTOM|Pad CH_1-1(20.1mm,22.382mm) on L6 BOTTOM",0
TRACK,R98:VOUT_1,VOUT_1,Top Layer,22.525,20.725,22.525,21.275,0.2,,,"VOUT_1|Pad RG_1-2(18.9mm,21.45mm) on L6 BOTTOM|Pad CH_1-1(20.1mm,22.382mm) on L6 BOTTOM",0
TRACK,R98:VOUT_1,VOUT_1,Top Layer,22.525,21.275,22.575,21.325,0.2,,,"VOUT_1|Pad RG_1-2(18.9mm,21.45mm) on L6 BOTTOM|Pad CH_1-1(20.1mm,22.382mm) on L6 BOTTOM",0
TRACK,R98:VOUT_1,VOUT_1,Top Layer,22.575,21.325,22.575,24.075,0.2,,,"VOUT_1|Pad RG_1-2(18.9mm,21.45mm) on L6 BOTTOM|Pad CH_1-1(20.1mm,22.382mm) on L6 BOTTOM",0
TRACK,R98:VOUT_1,VOUT_1,Top Layer,22.575,24.075,21.725,24.925,0.2,,,"VOUT_1|Pad RG_1-2(18.9mm,21.45mm) on L6 BOTTOM|Pad CH_1-1(20.1mm,22.382mm) on L6 BOTTOM",0
VIA,R98:VOUT_1,VOUT_1,Multi Layer,22.525,20.725,,,,0.6,0.3,"VOUT_1|Pad RG_1-2(18.9mm,21.45mm) on L6 BOTTOM|Pad CH_1-1(20.1mm,22.382mm) on L6 BOTTOM",0
TRACK,R99:VOUT_4,VOUT_4,Top Layer,44.775,27.125,45.525,26.375,0.2,,,"VOUT_4|Pad Free-TP_VOUT_4(44.33mm,27.25mm) on L1 TOP|Pad R_ADC4-1(49.445mm,25.4mm) on L1 TOP",0
TRACK,R99:VOUT_4,VOUT_4,Mid Layer 2,45.525,26.375,47.175,24.725,0.2,,,"VOUT_4|Pad Free-TP_VOUT_4(44.33mm,27.25mm) on L1 TOP|Pad R_ADC4-1(49.445mm,25.4mm) on L1 TOP",0
TRACK,R99:VOUT_4,VOUT_4,Top Layer,47.175,24.725,47.475,24.725,0.2,,,"VOUT_4|Pad Free-TP_VOUT_4(44.33mm,27.25mm) on L1 TOP|Pad R_ADC4-1(49.445mm,25.4mm) on L1 TOP",0
TRACK,R99:VOUT_4,VOUT_4,Top Layer,47.475,24.725,47.925,24.275,0.2,,,"VOUT_4|Pad Free-TP_VOUT_4(44.33mm,27.25mm) on L1 TOP|Pad R_ADC4-1(49.445mm,25.4mm) on L1 TOP",0
TRACK,R99:VOUT_4,VOUT_4,Top Layer,47.925,24.275,50.025,24.275,0.2,,,"VOUT_4|Pad Free-TP_VOUT_4(44.33mm,27.25mm) on L1 TOP|Pad R_ADC4-1(49.445mm,25.4mm) on L1 TOP",0
VIA,R99:VOUT_4,VOUT_4,Multi Layer,45.525,26.375,,,,0.6,0.3,"VOUT_4|Pad Free-TP_VOUT_4(44.33mm,27.25mm) on L1 TOP|Pad R_ADC4-1(49.445mm,25.4mm) on L1 TOP",0
VIA,R99:VOUT_4,VOUT_4,Multi Layer,47.175,24.725,,,,0.6,0.3,"VOUT_4|Pad Free-TP_VOUT_4(44.33mm,27.25mm) on L1 TOP|Pad R_ADC4-1(49.445mm,25.4mm) on L1 TOP",0
TRACK,R100:Va_1 VIP,Va_1,Top Layer,22.175,14.925,22.175,14.625,0.2,,,"Va_1|Pad RDD1-1(23.988mm,16.8mm) on L1 TOP|Pad R_DRL_VA1-1(24.255mm,10.855mm) on L6 BOTTOM",0
TRACK,R100:Va_1 VIP,Va_1,Mid Layer 2,22.175,14.625,24.225,12.575,0.2,,,"Va_1|Pad RDD1-1(23.988mm,16.8mm) on L1 TOP|Pad R_DRL_VA1-1(24.255mm,10.855mm) on L6 BOTTOM",0
TRACK,R100:Va_1 VIP,Va_1,Mid Layer 2,24.225,12.575,24.225,10.925,0.2,,,"Va_1|Pad RDD1-1(23.988mm,16.8mm) on L1 TOP|Pad R_DRL_VA1-1(24.255mm,10.855mm) on L6 BOTTOM",0
VIA,R100:Va_1 VIP,Va_1,Multi Layer,22.175,14.625,,,,0.6,0.3,"Va_1|Pad RDD1-1(23.988mm,16.8mm) on L1 TOP|Pad R_DRL_VA1-1(24.255mm,10.855mm) on L6 BOTTOM",0
VIA,R100:Va_1 VIP,Va_1,Multi Layer,24.225,10.925,,,,0.6,0.3,"Va_1|Pad RDD1-1(23.988mm,16.8mm) on L1 TOP|Pad R_DRL_VA1-1(24.255mm,10.855mm) on L6 BOTTOM",0
TRACK,R101:Va_2 VIP,Va_2,Mid Layer 2,34.075,11.225,34.075,15.625,0.2,,,"Va_2|Pad R_DRL_VA2-1(34.175mm,11mm) on L6 BOTTOM|Pad RDD4-1(34.788mm,16.8mm) on L1 TOP",0
TRACK,R101:Va_2 VIP,Va_2,Mid Layer 2,34.075,15.625,33.875,15.825,0.2,,,"Va_2|Pad R_DRL_VA2-1(34.175mm,11mm) on L6 BOTTOM|Pad RDD4-1(34.788mm,16.8mm) on L1 TOP",0
VIA,R101:Va_2 VIP,Va_2,Multi Layer,34.075,11.225,,,,0.6,0.3,"Va_2|Pad R_DRL_VA2-1(34.175mm,11mm) on L6 BOTTOM|Pad RDD4-1(34.788mm,16.8mm) on L1 TOP",0
VIA,R101:Va_2 VIP,Va_2,Multi Layer,33.875,15.825,,,,0.6,0.3,"Va_2|Pad R_DRL_VA2-1(34.175mm,11mm) on L6 BOTTOM|Pad RDD4-1(34.788mm,16.8mm) on L1 TOP",0
TRACK,R102:Va_4 VIP,Va_4,Mid Layer 2,55.675,11.225,55.675,15.525,0.2,,,"Va_4|Pad R_DRL_VA4-1(55.775mm,11mm) on L6 BOTTOM|Pad RDD10-1(56.388mm,16.8mm) on L1 TOP",0
TRACK,R102:Va_4 VIP,Va_4,Mid Layer 2,55.675,15.525,55.425,15.775,0.2,,,"Va_4|Pad R_DRL_VA4-1(55.775mm,11mm) on L6 BOTTOM|Pad RDD10-1(56.388mm,16.8mm) on L1 TOP",0
VIA,R102:Va_4 VIP,Va_4,Multi Layer,55.675,11.225,,,,0.6,0.3,"Va_4|Pad R_DRL_VA4-1(55.775mm,11mm) on L6 BOTTOM|Pad RDD10-1(56.388mm,16.8mm) on L1 TOP",0
VIA,R102:Va_4 VIP,Va_4,Multi Layer,55.425,15.775,,,,0.6,0.3,"Va_4|Pad R_DRL_VA4-1(55.775mm,11mm) on L6 BOTTOM|Pad RDD10-1(56.388mm,16.8mm) on L1 TOP",0
TRACK,R103:Va_5 VIP,Va_5,Mid Layer 2,63.525,14.925,63.525,13.975,0.2,,,"Va_5|Track (61.55mm,13.23mm)(61.55mm,14.95mm) on L1 TOP|Pad R_DRL_VA5-1(66.446mm,11.483mm) on L6 BOTTOM",0
TRACK,R103:Va_5 VIP,Va_5,Mid Layer 2,63.525,13.975,64.525,12.975,0.2,,,"Va_5|Track (61.55mm,13.23mm)(61.55mm,14.95mm) on L1 TOP|Pad R_DRL_VA5-1(66.446mm,11.483mm) on L6 BOTTOM",0
TRACK,R103:Va_5 VIP,Va_5,Mid Layer 2,64.525,12.975,64.875,12.975,0.2,,,"Va_5|Track (61.55mm,13.23mm)(61.55mm,14.95mm) on L1 TOP|Pad R_DRL_VA5-1(66.446mm,11.483mm) on L6 BOTTOM",0
TRACK,R103:Va_5 VIP,Va_5,Mid Layer 2,64.875,12.975,66.525,11.325,0.2,,,"Va_5|Track (61.55mm,13.23mm)(61.55mm,14.95mm) on L1 TOP|Pad R_DRL_VA5-1(66.446mm,11.483mm) on L6 BOTTOM",0
VIA,R103:Va_5 VIP,Va_5,Multi Layer,63.525,14.925,,,,0.6,0.3,"Va_5|Track (61.55mm,13.23mm)(61.55mm,14.95mm) on L1 TOP|Pad R_DRL_VA5-1(66.446mm,11.483mm) on L6 BOTTOM",0
VIA,R103:Va_5 VIP,Va_5,Multi Layer,66.525,11.325,,,,0.6,0.3,"Va_5|Track (61.55mm,13.23mm)(61.55mm,14.95mm) on L1 TOP|Pad R_DRL_VA5-1(66.446mm,11.483mm) on L6 BOTTOM",0
TRACK,R104:Va_3 VIP,Va_3,Mid Layer 2,44.875,11.225,44.875,15.625,0.2,,,"Va_3|Pad R_DRL_VA3-1(44.975mm,11mm) on L6 BOTTOM|Pad RDD7-1(45.588mm,16.8mm) on L1 TOP",0
TRACK,R104:Va_3 VIP,Va_3,Mid Layer 2,44.875,15.625,44.675,15.825,0.2,,,"Va_3|Pad R_DRL_VA3-1(44.975mm,11mm) on L6 BOTTOM|Pad RDD7-1(45.588mm,16.8mm) on L1 TOP",0
VIA,R104:Va_3 VIP,Va_3,Multi Layer,44.875,11.225,,,,0.6,0.3,"Va_3|Pad R_DRL_VA3-1(44.975mm,11mm) on L6 BOTTOM|Pad RDD7-1(45.588mm,16.8mm) on L1 TOP",0
VIA,R104:Va_3 VIP,Va_3,Multi Layer,44.675,15.825,,,,0.6,0.3,"Va_3|Pad R_DRL_VA3-1(44.975mm,11mm) on L6 BOTTOM|Pad RDD7-1(45.588mm,16.8mm) on L1 TOP",0
TRACK,R105:Vb_2,Vb_2,Bottom Layer,33.875,13.125,33.225,13.775,0.2,,,"Vb_2|Pad R_DRL_VB2-1(34.175mm,12.7mm) on L6 BOTTOM|Track (33.4mm,13.6mm)(34.8mm,15mm) on L1 TOP",0
TRACK,R105:Vb_2,Vb_2,Bottom Layer,33.225,13.775,33.225,13.825,0.2,,,"Vb_2|Pad R_DRL_VB2-1(34.175mm,12.7mm) on L6 BOTTOM|Track (33.4mm,13.6mm)(34.8mm,15mm) on L1 TOP",0
TRACK,R105:Vb_2,Vb_2,Top Layer,33.225,13.825,33.475,13.825,0.2,,,"Vb_2|Pad R_DRL_VB2-1(34.175mm,12.7mm) on L6 BOTTOM|Track (33.4mm,13.6mm)(34.8mm,15mm) on L1 TOP",0
VIA,R105:Vb_2,Vb_2,Multi Layer,33.225,13.825,,,,0.6,0.3,"Vb_2|Pad R_DRL_VB2-1(34.175mm,12.7mm) on L6 BOTTOM|Track (33.4mm,13.6mm)(34.8mm,15mm) on L1 TOP",0
TRACK,R106:Vb_4,Vb_4,Bottom Layer,55.475,13.125,54.825,13.775,0.2,,,"Vb_4|Pad R_DRL_VB4-1(55.775mm,12.7mm) on L6 BOTTOM|Track (55mm,13.6mm)(56.4mm,15mm) on L1 TOP",0
TRACK,R106:Vb_4,Vb_4,Bottom Layer,54.825,13.775,54.825,13.825,0.2,,,"Vb_4|Pad R_DRL_VB4-1(55.775mm,12.7mm) on L6 BOTTOM|Track (55mm,13.6mm)(56.4mm,15mm) on L1 TOP",0
TRACK,R106:Vb_4,Vb_4,Top Layer,54.825,13.825,55.075,13.825,0.2,,,"Vb_4|Pad R_DRL_VB4-1(55.775mm,12.7mm) on L6 BOTTOM|Track (55mm,13.6mm)(56.4mm,15mm) on L1 TOP",0
VIA,R106:Vb_4,Vb_4,Multi Layer,54.825,13.825,,,,0.6,0.3,"Vb_4|Pad R_DRL_VB4-1(55.775mm,12.7mm) on L6 BOTTOM|Track (55mm,13.6mm)(56.4mm,15mm) on L1 TOP",0
TRACK,R107:Vb_1 VIP,Vb_1,Top Layer,24.175,14.725,24.175,14.275,0.2,,,"Vb_1|Pad RDD2-1(24mm,15mm) on L1 TOP|Pad R_DRL_VB1-1(24.175mm,14.086mm) on L6 BOTTOM",0
VIA,R107:Vb_1 VIP,Vb_1,Multi Layer,24.175,14.275,,,,0.6,0.3,"Vb_1|Pad RDD2-1(24mm,15mm) on L1 TOP|Pad R_DRL_VB1-1(24.175mm,14.086mm) on L6 BOTTOM",0
TRACK,R108:Vb_3,Vb_3,Bottom Layer,44.675,13.125,44.675,13.225,0.2,,,"Vb_3|Pad R_DRL_VB3-1(44.975mm,12.7mm) on L6 BOTTOM|Pad RDD8-1(45.6mm,15mm) on L1 TOP",0
TRACK,R108:Vb_3,Vb_3,Bottom Layer,44.675,13.225,44.075,13.825,0.2,,,"Vb_3|Pad R_DRL_VB3-1(44.975mm,12.7mm) on L6 BOTTOM|Pad RDD8-1(45.6mm,15mm) on L1 TOP",0
TRACK,R108:Vb_3,Vb_3,Top Layer,44.075,13.825,44.275,13.825,0.2,,,"Vb_3|Pad R_DRL_VB3-1(44.975mm,12.7mm) on L6 BOTTOM|Pad RDD8-1(45.6mm,15mm) on L1 TOP",0
VIA,R108:Vb_3,Vb_3,Multi Layer,44.075,13.825,,,,0.6,0.3,"Vb_3|Pad R_DRL_VB3-1(44.975mm,12.7mm) on L6 BOTTOM|Pad RDD8-1(45.6mm,15mm) on L1 TOP",0
TRACK,R109:Vb_5,Vb_5,Bottom Layer,66.375,13.625,66.025,13.975,0.2,,,"Vb_5|Pad R_DRL_VB5-1(66.704mm,13.183mm) on L6 BOTTOM|Pad RDD14-1(66.8mm,15mm) on L1 TOP",0
TRACK,R109:Vb_5,Vb_5,Top Layer,66.025,13.975,66.025,14.175,0.2,,,"Vb_5|Pad R_DRL_VB5-1(66.704mm,13.183mm) on L6 BOTTOM|Pad RDD14-1(66.8mm,15mm) on L1 TOP",0
VIA,R109:Vb_5,Vb_5,Multi Layer,66.025,13.975,,,,0.6,0.3,"Vb_5|Pad R_DRL_VB5-1(66.704mm,13.183mm) on L6 BOTTOM|Pad RDD14-1(66.8mm,15mm) on L1 TOP",0
TRACK,R110:Vc_2,Vc_2,Mid Layer 2,26.525,11.475,26.525,11.675,0.2,,,"Vc_2|Track (28.8mm,10.88mm)(28.8mm,11.17mm) on L1 TOP|Pad R_DRL_VC2-1(34.175mm,14.4mm) on L6 BOTTOM",0
TRACK,R110:Vc_2,Vc_2,Mid Layer 2,26.525,11.675,25.975,12.225,0.2,,,"Vc_2|Track (28.8mm,10.88mm)(28.8mm,11.17mm) on L1 TOP|Pad R_DRL_VC2-1(34.175mm,14.4mm) on L6 BOTTOM",0
TRACK,R110:Vc_2,Vc_2,Mid Layer 2,25.975,12.225,25.975,12.925,0.2,,,"Vc_2|Track (28.8mm,10.88mm)(28.8mm,11.17mm) on L1 TOP|Pad R_DRL_VC2-1(34.175mm,14.4mm) on L6 BOTTOM",0
TRACK,R110:Vc_2,Vc_2,Mid Layer 2,25.975,12.925,28.425,15.375,0.2,,,"Vc_2|Track (28.8mm,10.88mm)(28.8mm,11.17mm) on L1 TOP|Pad R_DRL_VC2-1(34.175mm,14.4mm) on L6 BOTTOM",0
TRACK,R110:Vc_2,Vc_2,Mid Layer 2,28.425,15.375,32.325,15.375,0.2,,,"Vc_2|Track (28.8mm,10.88mm)(28.8mm,11.17mm) on L1 TOP|Pad R_DRL_VC2-1(34.175mm,14.4mm) on L6 BOTTOM",0
TRACK,R110:Vc_2,Vc_2,Mid Layer 2,32.325,15.375,32.825,15.875,0.2,,,"Vc_2|Track (28.8mm,10.88mm)(28.8mm,11.17mm) on L1 TOP|Pad R_DRL_VC2-1(34.175mm,14.4mm) on L6 BOTTOM",0
TRACK,R110:Vc_2,Vc_2,Bottom Layer,32.825,15.875,32.825,15.775,0.2,,,"Vc_2|Track (28.8mm,10.88mm)(28.8mm,11.17mm) on L1 TOP|Pad R_DRL_VC2-1(34.175mm,14.4mm) on L6 BOTTOM",0
TRACK,R110:Vc_2,Vc_2,Bottom Layer,32.825,15.775,33.875,14.725,0.2,,,"Vc_2|Track (28.8mm,10.88mm)(28.8mm,11.17mm) on L1 TOP|Pad R_DRL_VC2-1(34.175mm,14.4mm) on L6 BOTTOM",0
VIA,R110:Vc_2,Vc_2,Multi Layer,32.825,15.875,,,,0.6,0.3,"Vc_2|Track (28.8mm,10.88mm)(28.8mm,11.17mm) on L1 TOP|Pad R_DRL_VC2-1(34.175mm,14.4mm) on L6 BOTTOM",0
TRACK,R111:Vc_5,Vc_5,Mid Layer 2,58.925,11.475,58.925,11.675,0.2,,,"Vc_5|Track (61.2mm,10.88mm)(61.2mm,11.17mm) on L1 TOP|Pad RDD15-1(66.788mm,18.6mm) on L1 TOP",0
TRACK,R111:Vc_5,Vc_5,Mid Layer 2,58.925,11.675,58.375,12.225,0.2,,,"Vc_5|Track (61.2mm,10.88mm)(61.2mm,11.17mm) on L1 TOP|Pad RDD15-1(66.788mm,18.6mm) on L1 TOP",0
TRACK,R111:Vc_5,Vc_5,Mid Layer 2,58.375,12.225,58.375,16.175,0.2,,,"Vc_5|Track (61.2mm,10.88mm)(61.2mm,11.17mm) on L1 TOP|Pad RDD15-1(66.788mm,18.6mm) on L1 TOP",0
TRACK,R111:Vc_5,Vc_5,Mid Layer 2,58.375,16.175,61.475,19.275,0.2,,,"Vc_5|Track (61.2mm,10.88mm)(61.2mm,11.17mm) on L1 TOP|Pad RDD15-1(66.788mm,18.6mm) on L1 TOP",0
TRACK,R111:Vc_5,Vc_5,Mid Layer 2,61.475,19.275,62.225,19.275,0.2,,,"Vc_5|Track (61.2mm,10.88mm)(61.2mm,11.17mm) on L1 TOP|Pad RDD15-1(66.788mm,18.6mm) on L1 TOP",0
TRACK,R111:Vc_5,Vc_5,Mid Layer 2,62.225,19.275,62.825,18.675,0.2,,,"Vc_5|Track (61.2mm,10.88mm)(61.2mm,11.17mm) on L1 TOP|Pad RDD15-1(66.788mm,18.6mm) on L1 TOP",0
TRACK,R111:Vc_5,Vc_5,Mid Layer 2,62.825,18.675,64.025,18.675,0.2,,,"Vc_5|Track (61.2mm,10.88mm)(61.2mm,11.17mm) on L1 TOP|Pad RDD15-1(66.788mm,18.6mm) on L1 TOP",0
TRACK,R111:Vc_5,Vc_5,Mid Layer 2,64.025,18.675,65.225,19.875,0.2,,,"Vc_5|Track (61.2mm,10.88mm)(61.2mm,11.17mm) on L1 TOP|Pad RDD15-1(66.788mm,18.6mm) on L1 TOP",0
TRACK,R111:Vc_5,Vc_5,Mid Layer 2,65.225,19.875,66.025,19.875,0.2,,,"Vc_5|Track (61.2mm,10.88mm)(61.2mm,11.17mm) on L1 TOP|Pad RDD15-1(66.788mm,18.6mm) on L1 TOP",0
TRACK,R111:Vc_5,Vc_5,Mid Layer 2,66.025,19.875,66.525,19.375,0.2,,,"Vc_5|Track (61.2mm,10.88mm)(61.2mm,11.17mm) on L1 TOP|Pad RDD15-1(66.788mm,18.6mm) on L1 TOP",0
TRACK,R111:Vc_5,Vc_5,Top Layer,66.525,19.375,66.525,18.925,0.2,,,"Vc_5|Track (61.2mm,10.88mm)(61.2mm,11.17mm) on L1 TOP|Pad RDD15-1(66.788mm,18.6mm) on L1 TOP",0
TRACK,R111:Vc_5,Vc_5,Top Layer,66.525,18.925,66.625,18.825,0.2,,,"Vc_5|Track (61.2mm,10.88mm)(61.2mm,11.17mm) on L1 TOP|Pad RDD15-1(66.788mm,18.6mm) on L1 TOP",0
VIA,R111:Vc_5,Vc_5,Multi Layer,66.525,19.375,,,,0.6,0.3,"Vc_5|Track (61.2mm,10.88mm)(61.2mm,11.17mm) on L1 TOP|Pad RDD15-1(66.788mm,18.6mm) on L1 TOP",0
TRACK,R112:Vc_3,Vc_3,Mid Layer 2,37.325,11.475,37.325,11.725,0.15,,,"Vc_3|Track (39.6mm,10.88mm)(39.6mm,11.17mm) on L1 TOP|Pad R_DRL_VC3-1(45.175mm,14.4mm) on L6 BOTTOM",0
TRACK,R112:Vc_3,Vc_3,Mid Layer 2,37.325,11.725,36.825,12.225,0.15,,,"Vc_3|Track (39.6mm,10.88mm)(39.6mm,11.17mm) on L1 TOP|Pad R_DRL_VC3-1(45.175mm,14.4mm) on L6 BOTTOM",0
TRACK,R112:Vc_3,Vc_3,Mid Layer 2,36.825,12.225,36.825,12.925,0.15,,,"Vc_3|Track (39.6mm,10.88mm)(39.6mm,11.17mm) on L1 TOP|Pad R_DRL_VC3-1(45.175mm,14.4mm) on L6 BOTTOM",0
TRACK,R112:Vc_3,Vc_3,Mid Layer 2,36.825,12.925,37.325,13.425,0.15,,,"Vc_3|Track (39.6mm,10.88mm)(39.6mm,11.17mm) on L1 TOP|Pad R_DRL_VC3-1(45.175mm,14.4mm) on L6 BOTTOM",0
TRACK,R112:Vc_3,Vc_3,Mid Layer 2,37.325,13.425,42.875,13.425,0.15,,,"Vc_3|Track (39.6mm,10.88mm)(39.6mm,11.17mm) on L1 TOP|Pad R_DRL_VC3-1(45.175mm,14.4mm) on L6 BOTTOM",0
TRACK,R112:Vc_3,Vc_3,Mid Layer 2,42.875,13.425,43.325,12.975,0.15,,,"Vc_3|Track (39.6mm,10.88mm)(39.6mm,11.17mm) on L1 TOP|Pad R_DRL_VC3-1(45.175mm,14.4mm) on L6 BOTTOM",0
TRACK,R112:Vc_3,Vc_3,Bottom Layer,43.325,12.975,43.325,13.975,0.15,,,"Vc_3|Track (39.6mm,10.88mm)(39.6mm,11.17mm) on L1 TOP|Pad R_DRL_VC3-1(45.175mm,14.4mm) on L6 BOTTOM",0
TRACK,R112:Vc_3,Vc_3,Bottom Layer,43.325,13.975,43.375,14.025,0.15,,,"Vc_3|Track (39.6mm,10.88mm)(39.6mm,11.17mm) on L1 TOP|Pad R_DRL_VC3-1(45.175mm,14.4mm) on L6 BOTTOM",0
TRACK,R112:Vc_3,Vc_3,Bottom Layer,43.375,14.025,43.375,14.225,0.15,,,"Vc_3|Track (39.6mm,10.88mm)(39.6mm,11.17mm) on L1 TOP|Pad R_DRL_VC3-1(45.175mm,14.4mm) on L6 BOTTOM",0
TRACK,R112:Vc_3,Vc_3,Bottom Layer,43.375,14.225,43.675,14.525,0.15,,,"Vc_3|Track (39.6mm,10.88mm)(39.6mm,11.17mm) on L1 TOP|Pad R_DRL_VC3-1(45.175mm,14.4mm) on L6 BOTTOM",0
TRACK,R112:Vc_3,Vc_3,Bottom Layer,43.675,14.525,44.875,14.525,0.15,,,"Vc_3|Track (39.6mm,10.88mm)(39.6mm,11.17mm) on L1 TOP|Pad R_DRL_VC3-1(45.175mm,14.4mm) on L6 BOTTOM",0
VIA,R112:Vc_3,Vc_3,Multi Layer,43.325,12.975,,,,0.45,0.2,"Vc_3|Track (39.6mm,10.88mm)(39.6mm,11.17mm) on L1 TOP|Pad R_DRL_VC3-1(45.175mm,14.4mm) on L6 BOTTOM",0
TRACK,R113:Vc_5,Vc_5,Bottom Layer,66.625,19.675,66.625,20.025,0.2,,,"Vc_5|Pad RDD15-1(66.788mm,18.6mm) on L1 TOP|Pad R_DRL_VC5-1(67.3mm,20.575mm) on L6 BOTTOM",0
TRACK,R113:Vc_5,Vc_5,Bottom Layer,66.625,20.025,66.875,20.275,0.2,,,"Vc_5|Pad RDD15-1(66.788mm,18.6mm) on L1 TOP|Pad R_DRL_VC5-1(67.3mm,20.575mm) on L6 BOTTOM",0
TRACK,R114:Vc_4,Vc_4,Bottom Layer,55.475,14.825,55.275,14.825,0.2,,,"Vc_4|Pad R_DRL_VC4-1(55.775mm,14.4mm) on L6 BOTTOM|Pad RDD12-1(56.388mm,18.6mm) on L1 TOP",0
TRACK,R114:Vc_4,Vc_4,Bottom Layer,55.275,14.825,54.325,15.775,0.2,,,"Vc_4|Pad R_DRL_VC4-1(55.775mm,14.4mm) on L6 BOTTOM|Pad RDD12-1(56.388mm,18.6mm) on L1 TOP",0
TRACK,R114:Vc_4,Vc_4,Mid Layer 2,54.325,15.775,54.675,16.125,0.2,,,"Vc_4|Pad R_DRL_VC4-1(55.775mm,14.4mm) on L6 BOTTOM|Pad RDD12-1(56.388mm,18.6mm) on L1 TOP",0
TRACK,R114:Vc_4,Vc_4,Mid Layer 2,54.675,16.125,54.675,17.275,0.2,,,"Vc_4|Pad R_DRL_VC4-1(55.775mm,14.4mm) on L6 BOTTOM|Pad RDD12-1(56.388mm,18.6mm) on L1 TOP",0
TRACK,R114:Vc_4,Vc_4,Mid Layer 2,54.675,17.275,55.225,17.825,0.2,,,"Vc_4|Pad R_DRL_VC4-1(55.775mm,14.4mm) on L6 BOTTOM|Pad RDD12-1(56.388mm,18.6mm) on L1 TOP",0
TRACK,R114:Vc_4,Vc_4,Mid Layer 2,55.225,17.825,55.975,17.825,0.2,,,"Vc_4|Pad R_DRL_VC4-1(55.775mm,14.4mm) on L6 BOTTOM|Pad RDD12-1(56.388mm,18.6mm) on L1 TOP",0
TRACK,R114:Vc_4,Vc_4,Top Layer,55.975,17.825,55.975,18.125,0.2,,,"Vc_4|Pad R_DRL_VC4-1(55.775mm,14.4mm) on L6 BOTTOM|Pad RDD12-1(56.388mm,18.6mm) on L1 TOP",0
TRACK,R114:Vc_4,Vc_4,Top Layer,55.975,18.125,56.225,18.375,0.2,,,"Vc_4|Pad R_DRL_VC4-1(55.775mm,14.4mm) on L6 BOTTOM|Pad RDD12-1(56.388mm,18.6mm) on L1 TOP",0
VIA,R114:Vc_4,Vc_4,Multi Layer,54.325,15.775,,,,0.6,0.3,"Vc_4|Pad R_DRL_VC4-1(55.775mm,14.4mm) on L6 BOTTOM|Pad RDD12-1(56.388mm,18.6mm) on L1 TOP",0
VIA,R114:Vc_4,Vc_4,Multi Layer,55.975,17.825,,,,0.6,0.3,"Vc_4|Pad R_DRL_VC4-1(55.775mm,14.4mm) on L6 BOTTOM|Pad RDD12-1(56.388mm,18.6mm) on L1 TOP",0
TRACK,R115:Vc_2,Vc_2,Mid Layer 2,32.925,16.175,32.925,17.325,0.2,,,"Vc_2|Pad R_DRL_VC2-1(34.175mm,14.4mm) on L6 BOTTOM|Pad RDD6-1(34.788mm,18.6mm) on L1 TOP",0
TRACK,R115:Vc_2,Vc_2,Mid Layer 2,32.925,17.325,34.975,19.375,0.2,,,"Vc_2|Pad R_DRL_VC2-1(34.175mm,14.4mm) on L6 BOTTOM|Pad RDD6-1(34.788mm,18.6mm) on L1 TOP",0
TRACK,R115:Vc_2,Vc_2,Top Layer,34.975,19.375,34.975,18.825,0.2,,,"Vc_2|Pad R_DRL_VC2-1(34.175mm,14.4mm) on L6 BOTTOM|Pad RDD6-1(34.788mm,18.6mm) on L1 TOP",0
VIA,R115:Vc_2,Vc_2,Multi Layer,34.975,19.375,,,,0.6,0.3,"Vc_2|Pad R_DRL_VC2-1(34.175mm,14.4mm) on L6 BOTTOM|Pad RDD6-1(34.788mm,18.6mm) on L1 TOP",0
TRACK,R116:Vc_4,Vc_4,Mid Layer 2,48.125,11.475,48.125,11.675,0.2,,,"Vc_4|Track (50.4mm,10.88mm)(50.4mm,11.17mm) on L1 TOP|Pad R_DRL_VC4-1(55.775mm,14.4mm) on L6 BOTTOM",0
TRACK,R116:Vc_4,Vc_4,Mid Layer 2,48.125,11.675,47.575,12.225,0.2,,,"Vc_4|Track (50.4mm,10.88mm)(50.4mm,11.17mm) on L1 TOP|Pad R_DRL_VC4-1(55.775mm,14.4mm) on L6 BOTTOM",0
TRACK,R116:Vc_4,Vc_4,Mid Layer 2,47.575,12.225,47.575,12.925,0.2,,,"Vc_4|Track (50.4mm,10.88mm)(50.4mm,11.17mm) on L1 TOP|Pad R_DRL_VC4-1(55.775mm,14.4mm) on L6 BOTTOM",0
TRACK,R116:Vc_4,Vc_4,Mid Layer 2,47.575,12.925,50.525,15.875,0.2,,,"Vc_4|Track (50.4mm,10.88mm)(50.4mm,11.17mm) on L1 TOP|Pad R_DRL_VC4-1(55.775mm,14.4mm) on L6 BOTTOM",0
TRACK,R116:Vc_4,Vc_4,Mid Layer 2,50.525,15.875,54.025,15.875,0.2,,,"Vc_4|Track (50.4mm,10.88mm)(50.4mm,11.17mm) on L1 TOP|Pad R_DRL_VC4-1(55.775mm,14.4mm) on L6 BOTTOM",0
TRACK,R117:Vc_3,Vc_3,Bottom Layer,45.475,14.825,45.475,16.525,0.2,,,"Vc_3|Pad R_DRL_VC3-1(45.175mm,14.4mm) on L6 BOTTOM|Pad RDD9-1(45.588mm,18.6mm) on L1 TOP",0
TRACK,R117:Vc_3,Vc_3,Bottom Layer,45.475,16.525,45.625,16.675,0.2,,,"Vc_3|Pad R_DRL_VC3-1(45.175mm,14.4mm) on L6 BOTTOM|Pad RDD9-1(45.588mm,18.6mm) on L1 TOP",0
TRACK,R117:Vc_3,Vc_3,Bottom Layer,45.625,16.675,45.625,19.375,0.2,,,"Vc_3|Pad R_DRL_VC3-1(45.175mm,14.4mm) on L6 BOTTOM|Pad RDD9-1(45.588mm,18.6mm) on L1 TOP",0
TRACK,R117:Vc_3,Vc_3,Top Layer,45.625,19.375,45.625,18.825,0.2,,,"Vc_3|Pad R_DRL_VC3-1(45.175mm,14.4mm) on L6 BOTTOM|Pad RDD9-1(45.588mm,18.6mm) on L1 TOP",0
VIA,R117:Vc_3,Vc_3,Multi Layer,45.625,19.375,,,,0.6,0.3,"Vc_3|Pad R_DRL_VC3-1(45.175mm,14.4mm) on L6 BOTTOM|Pad RDD9-1(45.588mm,18.6mm) on L1 TOP",0
TRACK,R119:Vc_1 VIP,Vc_1,Top Layer,24.175,18.825,24.175,19.375,0.2,,,"Vc_1|Pad RDD3-1(23.988mm,18.6mm) on L1 TOP|Pad R_DRL_VC1-1(25.55mm,16.187mm) on L6 BOTTOM",0
TRACK,R119:Vc_1 VIP,Vc_1,Mid Layer 2,24.175,19.375,24.175,17.775,0.2,,,"Vc_1|Pad RDD3-1(23.988mm,18.6mm) on L1 TOP|Pad R_DRL_VC1-1(25.55mm,16.187mm) on L6 BOTTOM",0
TRACK,R119:Vc_1 VIP,Vc_1,Mid Layer 2,24.175,17.775,25.725,16.225,0.2,,,"Vc_1|Pad RDD3-1(23.988mm,18.6mm) on L1 TOP|Pad R_DRL_VC1-1(25.55mm,16.187mm) on L6 BOTTOM",0
VIA,R119:Vc_1 VIP,Vc_1,Multi Layer,24.175,19.375,,,,0.6,0.3,"Vc_1|Pad RDD3-1(23.988mm,18.6mm) on L1 TOP|Pad R_DRL_VC1-1(25.55mm,16.187mm) on L6 BOTTOM",0
VIA,R119:Vc_1 VIP,Vc_1,Multi Layer,25.725,16.225,,,,0.6,0.3,"Vc_1|Pad RDD3-1(23.988mm,18.6mm) on L1 TOP|Pad R_DRL_VC1-1(25.55mm,16.187mm) on L6 BOTTOM",0
TRACK,R121:NetJ_FPC2_8,NetJ_FPC2_8,Mid Layer 2,32.425,11.125,32.825,11.525,0.15,,,"NetJ_FPC2_8|Via (32.3mm,10.85mm) from L1 TOP to L6 BOTTOM|Pad R_VREF2-2(33.4mm,12.912mm) on L1 TOP",0
TRACK,R121:NetJ_FPC2_8,NetJ_FPC2_8,Mid Layer 2,32.825,11.525,32.825,12.775,0.15,,,"NetJ_FPC2_8|Via (32.3mm,10.85mm) from L1 TOP to L6 BOTTOM|Pad R_VREF2-2(33.4mm,12.912mm) on L1 TOP",0
TRACK,R121:NetJ_FPC2_8,NetJ_FPC2_8,Mid Layer 2,32.825,12.775,32.725,12.875,0.15,,,"NetJ_FPC2_8|Via (32.3mm,10.85mm) from L1 TOP to L6 BOTTOM|Pad R_VREF2-2(33.4mm,12.912mm) on L1 TOP",0
TRACK,R121:NetJ_FPC2_8,NetJ_FPC2_8,Top Layer,32.725,12.875,33.175,12.875,0.15,,,"NetJ_FPC2_8|Via (32.3mm,10.85mm) from L1 TOP to L6 BOTTOM|Pad R_VREF2-2(33.4mm,12.912mm) on L1 TOP",0
VIA,R121:NetJ_FPC2_8,NetJ_FPC2_8,Multi Layer,32.725,12.875,,,,0.45,0.2,"NetJ_FPC2_8|Via (32.3mm,10.85mm) from L1 TOP to L6 BOTTOM|Pad R_VREF2-2(33.4mm,12.912mm) on L1 TOP",0
TRACK,R122:NetJ_FPC1_8,NetJ_FPC1_8,Top Layer,21.625,11.125,21.625,11.925,0.2,,,"NetJ_FPC1_8|Via (21.5mm,10.85mm) from L1 TOP to L6 BOTTOM|Pad R_VREF1-2(22.6mm,12.912mm) on L1 TOP",0
TRACK,R122:NetJ_FPC1_8,NetJ_FPC1_8,Top Layer,21.625,11.925,21.875,12.175,0.2,,,"NetJ_FPC1_8|Via (21.5mm,10.85mm) from L1 TOP to L6 BOTTOM|Pad R_VREF1-2(22.6mm,12.912mm) on L1 TOP",0
TRACK,R122:NetJ_FPC1_8,NetJ_FPC1_8,Top Layer,21.875,12.175,21.875,12.325,0.2,,,"NetJ_FPC1_8|Via (21.5mm,10.85mm) from L1 TOP to L6 BOTTOM|Pad R_VREF1-2(22.6mm,12.912mm) on L1 TOP",0
TRACK,R122:NetJ_FPC1_8,NetJ_FPC1_8,Top Layer,21.875,12.325,21.925,12.375,0.2,,,"NetJ_FPC1_8|Via (21.5mm,10.85mm) from L1 TOP to L6 BOTTOM|Pad R_VREF1-2(22.6mm,12.912mm) on L1 TOP",0
TRACK,R122:NetJ_FPC1_8,NetJ_FPC1_8,Top Layer,21.925,12.375,21.925,12.425,0.2,,,"NetJ_FPC1_8|Via (21.5mm,10.85mm) from L1 TOP to L6 BOTTOM|Pad R_VREF1-2(22.6mm,12.912mm) on L1 TOP",0
TRACK,R122:NetJ_FPC1_8,NetJ_FPC1_8,Top Layer,21.925,12.425,22.375,12.875,0.2,,,"NetJ_FPC1_8|Via (21.5mm,10.85mm) from L1 TOP to L6 BOTTOM|Pad R_VREF1-2(22.6mm,12.912mm) on L1 TOP",0
TRACK,R123:NetJ_FPC4_8,NetJ_FPC4_8,Mid Layer 2,54.025,11.125,54.425,11.525,0.15,,,"NetJ_FPC4_8|Via (53.9mm,10.85mm) from L1 TOP to L6 BOTTOM|Pad R_VREF4-2(55mm,12.912mm) on L1 TOP",0
TRACK,R123:NetJ_FPC4_8,NetJ_FPC4_8,Mid Layer 2,54.425,11.525,54.425,12.775,0.15,,,"NetJ_FPC4_8|Via (53.9mm,10.85mm) from L1 TOP to L6 BOTTOM|Pad R_VREF4-2(55mm,12.912mm) on L1 TOP",0
TRACK,R123:NetJ_FPC4_8,NetJ_FPC4_8,Mid Layer 2,54.425,12.775,54.325,12.875,0.15,,,"NetJ_FPC4_8|Via (53.9mm,10.85mm) from L1 TOP to L6 BOTTOM|Pad R_VREF4-2(55mm,12.912mm) on L1 TOP",0
TRACK,R123:NetJ_FPC4_8,NetJ_FPC4_8,Top Layer,54.325,12.875,54.775,12.875,0.15,,,"NetJ_FPC4_8|Via (53.9mm,10.85mm) from L1 TOP to L6 BOTTOM|Pad R_VREF4-2(55mm,12.912mm) on L1 TOP",0
VIA,R123:NetJ_FPC4_8,NetJ_FPC4_8,Multi Layer,54.325,12.875,,,,0.45,0.2,"NetJ_FPC4_8|Via (53.9mm,10.85mm) from L1 TOP to L6 BOTTOM|Pad R_VREF4-2(55mm,12.912mm) on L1 TOP",0
TRACK,R124:NetJ_FPC5_8,NetJ_FPC5_8,Top Layer,64.975,10.825,65.975,10.825,0.15,,,"NetJ_FPC5_8|Via (64.7mm,10.85mm) from L1 TOP to L6 BOTTOM|Pad R_VREF5-2(65.8mm,12.912mm) on L1 TOP",0
TRACK,R124:NetJ_FPC5_8,NetJ_FPC5_8,Top Layer,65.975,10.825,66.175,10.625,0.15,,,"NetJ_FPC5_8|Via (64.7mm,10.85mm) from L1 TOP to L6 BOTTOM|Pad R_VREF5-2(65.8mm,12.912mm) on L1 TOP",0
TRACK,R124:NetJ_FPC5_8,NetJ_FPC5_8,Top Layer,66.175,10.625,66.825,10.625,0.15,,,"NetJ_FPC5_8|Via (64.7mm,10.85mm) from L1 TOP to L6 BOTTOM|Pad R_VREF5-2(65.8mm,12.912mm) on L1 TOP",0
TRACK,R124:NetJ_FPC5_8,NetJ_FPC5_8,Top Layer,66.825,10.625,67.225,11.025,0.15,,,"NetJ_FPC5_8|Via (64.7mm,10.85mm) from L1 TOP to L6 BOTTOM|Pad R_VREF5-2(65.8mm,12.912mm) on L1 TOP",0
TRACK,R124:NetJ_FPC5_8,NetJ_FPC5_8,Top Layer,67.225,11.025,67.225,11.675,0.15,,,"NetJ_FPC5_8|Via (64.7mm,10.85mm) from L1 TOP to L6 BOTTOM|Pad R_VREF5-2(65.8mm,12.912mm) on L1 TOP",0
TRACK,R124:NetJ_FPC5_8,NetJ_FPC5_8,Top Layer,67.225,11.675,66.025,12.875,0.15,,,"NetJ_FPC5_8|Via (64.7mm,10.85mm) from L1 TOP to L6 BOTTOM|Pad R_VREF5-2(65.8mm,12.912mm) on L1 TOP",0
TRACK,R125:DRL_SUM,DRL_SUM,Bottom Layer,35.625,13.125,35.625,13.975,0.2,,,"DRL_SUM|Pad R_DRL_VB2-2(35.625mm,12.7mm) on L6 BOTTOM|Pad R_DRL_VC2-2(35.625mm,14.4mm) on L6 BOTTOM",0
TRACK,R126:DRL_SUM,DRL_SUM,Bottom Layer,24.675,12.625,25.325,13.275,0.2,,,"DRL_SUM|Pad R_DRL_VA1-2(24.255mm,12.305mm) on L6 BOTTOM|Pad R_DRL_VB1-2(25.625mm,14.086mm) on L6 BOTTOM",0
TRACK,R126:DRL_SUM,DRL_SUM,Bottom Layer,25.325,13.275,25.325,13.675,0.2,,,"DRL_SUM|Pad R_DRL_VA1-2(24.255mm,12.305mm) on L6 BOTTOM|Pad R_DRL_VB1-2(25.625mm,14.086mm) on L6 BOTTOM",0
TRACK,R127:DRL_SUM VIP,DRL_SUM,Mid Layer 2,35.675,13.575,39.475,17.375,0.15,,,"DRL_SUM|Pad R_DRL_VB2-2(35.625mm,12.7mm) on L6 BOTTOM|Pad R_DRL_VB3-2(46.425mm,12.7mm) on L6 BOTTOM",0
TRACK,R127:DRL_SUM VIP,DRL_SUM,Mid Layer 2,39.475,17.375,40.525,17.375,0.15,,,"DRL_SUM|Pad R_DRL_VB2-2(35.625mm,12.7mm) on L6 BOTTOM|Pad R_DRL_VB3-2(46.425mm,12.7mm) on L6 BOTTOM",0
TRACK,R127:DRL_SUM VIP,DRL_SUM,Mid Layer 2,40.525,17.375,42.375,19.225,0.15,,,"DRL_SUM|Pad R_DRL_VB2-2(35.625mm,12.7mm) on L6 BOTTOM|Pad R_DRL_VB3-2(46.425mm,12.7mm) on L6 BOTTOM",0
TRACK,R127:DRL_SUM VIP,DRL_SUM,Mid Layer 2,42.375,19.225,42.375,23.925,0.15,,,"DRL_SUM|Pad R_DRL_VB2-2(35.625mm,12.7mm) on L6 BOTTOM|Pad R_DRL_VB3-2(46.425mm,12.7mm) on L6 BOTTOM",0
TRACK,R127:DRL_SUM VIP,DRL_SUM,Mid Layer 2,42.375,23.925,42.675,24.225,0.15,,,"DRL_SUM|Pad R_DRL_VB2-2(35.625mm,12.7mm) on L6 BOTTOM|Pad R_DRL_VB3-2(46.425mm,12.7mm) on L6 BOTTOM",0
TRACK,R127:DRL_SUM VIP,DRL_SUM,Mid Layer 2,42.675,24.225,43.425,24.225,0.15,,,"DRL_SUM|Pad R_DRL_VB2-2(35.625mm,12.7mm) on L6 BOTTOM|Pad R_DRL_VB3-2(46.425mm,12.7mm) on L6 BOTTOM",0
TRACK,R127:DRL_SUM VIP,DRL_SUM,Mid Layer 2,43.425,24.225,44.925,22.725,0.15,,,"DRL_SUM|Pad R_DRL_VB2-2(35.625mm,12.7mm) on L6 BOTTOM|Pad R_DRL_VB3-2(46.425mm,12.7mm) on L6 BOTTOM",0
TRACK,R127:DRL_SUM VIP,DRL_SUM,Mid Layer 2,44.925,22.725,44.925,18.275,0.15,,,"DRL_SUM|Pad R_DRL_VB2-2(35.625mm,12.7mm) on L6 BOTTOM|Pad R_DRL_VB3-2(46.425mm,12.7mm) on L6 BOTTOM",0
TRACK,R127:DRL_SUM VIP,DRL_SUM,Mid Layer 2,44.925,18.275,45.725,17.475,0.15,,,"DRL_SUM|Pad R_DRL_VB2-2(35.625mm,12.7mm) on L6 BOTTOM|Pad R_DRL_VB3-2(46.425mm,12.7mm) on L6 BOTTOM",0
TRACK,R127:DRL_SUM VIP,DRL_SUM,Mid Layer 2,45.725,17.475,45.725,13.525,0.15,,,"DRL_SUM|Pad R_DRL_VB2-2(35.625mm,12.7mm) on L6 BOTTOM|Pad R_DRL_VB3-2(46.425mm,12.7mm) on L6 BOTTOM",0
TRACK,R127:DRL_SUM VIP,DRL_SUM,Mid Layer 2,45.725,13.525,46.325,12.925,0.15,,,"DRL_SUM|Pad R_DRL_VB2-2(35.625mm,12.7mm) on L6 BOTTOM|Pad R_DRL_VB3-2(46.425mm,12.7mm) on L6 BOTTOM",0
VIA,R127:DRL_SUM VIP,DRL_SUM,Multi Layer,35.675,13.575,,,,0.45,0.2,"DRL_SUM|Pad R_DRL_VB2-2(35.625mm,12.7mm) on L6 BOTTOM|Pad R_DRL_VB3-2(46.425mm,12.7mm) on L6 BOTTOM",0
VIA,R127:DRL_SUM VIP,DRL_SUM,Multi Layer,46.325,12.925,,,,0.45,0.2,"DRL_SUM|Pad R_DRL_VB2-2(35.625mm,12.7mm) on L6 BOTTOM|Pad R_DRL_VB3-2(46.425mm,12.7mm) on L6 BOTTOM",0
TRACK,R128:DRL_SUM VIP,DRL_SUM,Top Layer,57.275,11.225,58.425,12.375,0.15,,,"DRL_SUM|Pad R_DRL_VA4-2(57.225mm,11mm) on L6 BOTTOM|Pad R_DRL_VA5-2(67.896mm,11.483mm) on L6 BOTTOM",0
TRACK,R128:DRL_SUM VIP,DRL_SUM,Top Layer,58.425,12.375,58.425,12.925,0.15,,,"DRL_SUM|Pad R_DRL_VA4-2(57.225mm,11mm) on L6 BOTTOM|Pad R_DRL_VA5-2(67.896mm,11.483mm) on L6 BOTTOM",0
TRACK,R128:DRL_SUM VIP,DRL_SUM,Top Layer,58.425,12.925,59.425,13.925,0.15,,,"DRL_SUM|Pad R_DRL_VA4-2(57.225mm,11mm) on L6 BOTTOM|Pad R_DRL_VA5-2(67.896mm,11.483mm) on L6 BOTTOM",0
TRACK,R128:DRL_SUM VIP,DRL_SUM,Top Layer,59.425,13.925,59.525,13.925,0.15,,,"DRL_SUM|Pad R_DRL_VA4-2(57.225mm,11mm) on L6 BOTTOM|Pad R_DRL_VA5-2(67.896mm,11.483mm) on L6 BOTTOM",0
TRACK,R128:DRL_SUM VIP,DRL_SUM,Bottom Layer,59.525,13.925,60.225,13.925,0.15,,,"DRL_SUM|Pad R_DRL_VA4-2(57.225mm,11mm) on L6 BOTTOM|Pad R_DRL_VA5-2(67.896mm,11.483mm) on L6 BOTTOM",0
TRACK,R128:DRL_SUM VIP,DRL_SUM,Bottom Layer,60.225,13.925,60.775,13.375,0.15,,,"DRL_SUM|Pad R_DRL_VA4-2(57.225mm,11mm) on L6 BOTTOM|Pad R_DRL_VA5-2(67.896mm,11.483mm) on L6 BOTTOM",0
TRACK,R128:DRL_SUM VIP,DRL_SUM,Bottom Layer,60.775,13.375,65.175,13.375,0.15,,,"DRL_SUM|Pad R_DRL_VA4-2(57.225mm,11mm) on L6 BOTTOM|Pad R_DRL_VA5-2(67.896mm,11.483mm) on L6 BOTTOM",0
TRACK,R128:DRL_SUM VIP,DRL_SUM,Bottom Layer,65.175,13.375,66.175,12.375,0.15,,,"DRL_SUM|Pad R_DRL_VA4-2(57.225mm,11mm) on L6 BOTTOM|Pad R_DRL_VA5-2(67.896mm,11.483mm) on L6 BOTTOM",0
TRACK,R128:DRL_SUM VIP,DRL_SUM,Bottom Layer,66.175,12.375,67.125,12.375,0.15,,,"DRL_SUM|Pad R_DRL_VA4-2(57.225mm,11mm) on L6 BOTTOM|Pad R_DRL_VA5-2(67.896mm,11.483mm) on L6 BOTTOM",0
TRACK,R128:DRL_SUM VIP,DRL_SUM,Bottom Layer,67.125,12.375,67.575,11.925,0.15,,,"DRL_SUM|Pad R_DRL_VA4-2(57.225mm,11mm) on L6 BOTTOM|Pad R_DRL_VA5-2(67.896mm,11.483mm) on L6 BOTTOM",0
VIA,R128:DRL_SUM VIP,DRL_SUM,Multi Layer,57.275,11.225,,,,0.6,0.3,"DRL_SUM|Pad R_DRL_VA4-2(57.225mm,11mm) on L6 BOTTOM|Pad R_DRL_VA5-2(67.896mm,11.483mm) on L6 BOTTOM",0
VIA,R128:DRL_SUM VIP,DRL_SUM,Multi Layer,59.525,13.925,,,,0.6,0.3,"DRL_SUM|Pad R_DRL_VA4-2(57.225mm,11mm) on L6 BOTTOM|Pad R_DRL_VA5-2(67.896mm,11.483mm) on L6 BOTTOM",0
TRACK,R129:DRL_SUM,DRL_SUM,Bottom Layer,46.625,13.125,46.625,13.975,0.2,,,"DRL_SUM|Pad R_DRL_VB3-2(46.425mm,12.7mm) on L6 BOTTOM|Pad R_DRL_VC3-2(46.625mm,14.4mm) on L6 BOTTOM",0
TRACK,R130:DRL_SUM,DRL_SUM,Bottom Layer,35.725,11.425,35.725,12.275,0.2,,,"DRL_SUM|Pad R_DRL_VA2-2(35.625mm,11mm) on L6 BOTTOM|Pad R_DRL_VB2-2(35.625mm,12.7mm) on L6 BOTTOM",0
TRACK,R131:DRL_SUM,DRL_SUM,Mid Layer 2,45.775,15.325,49.125,15.325,0.2,,,"DRL_SUM|Pad R_DRL_VC3-2(46.625mm,14.4mm) on L6 BOTTOM|Pad R_DRL_VC4-2(57.225mm,14.4mm) on L6 BOTTOM",0
TRACK,R131:DRL_SUM,DRL_SUM,Mid Layer 2,49.125,15.325,50.725,16.925,0.2,,,"DRL_SUM|Pad R_DRL_VC3-2(46.625mm,14.4mm) on L6 BOTTOM|Pad R_DRL_VC4-2(57.225mm,14.4mm) on L6 BOTTOM",0
TRACK,R131:DRL_SUM,DRL_SUM,Mid Layer 2,50.725,16.925,53.475,16.925,0.2,,,"DRL_SUM|Pad R_DRL_VC3-2(46.625mm,14.4mm) on L6 BOTTOM|Pad R_DRL_VC4-2(57.225mm,14.4mm) on L6 BOTTOM",0
TRACK,R131:DRL_SUM,DRL_SUM,Mid Layer 2,53.475,16.925,55.125,18.575,0.2,,,"DRL_SUM|Pad R_DRL_VC3-2(46.625mm,14.4mm) on L6 BOTTOM|Pad R_DRL_VC4-2(57.225mm,14.4mm) on L6 BOTTOM",0
TRACK,R131:DRL_SUM,DRL_SUM,Mid Layer 2,55.125,18.575,56.325,18.575,0.2,,,"DRL_SUM|Pad R_DRL_VC3-2(46.625mm,14.4mm) on L6 BOTTOM|Pad R_DRL_VC4-2(57.225mm,14.4mm) on L6 BOTTOM",0
TRACK,R131:DRL_SUM,DRL_SUM,Mid Layer 2,56.325,18.575,57.475,17.425,0.2,,,"DRL_SUM|Pad R_DRL_VC3-2(46.625mm,14.4mm) on L6 BOTTOM|Pad R_DRL_VC4-2(57.225mm,14.4mm) on L6 BOTTOM",0
TRACK,R131:DRL_SUM,DRL_SUM,Mid Layer 2,57.475,17.425,57.475,14.525,0.2,,,"DRL_SUM|Pad R_DRL_VC3-2(46.625mm,14.4mm) on L6 BOTTOM|Pad R_DRL_VC4-2(57.225mm,14.4mm) on L6 BOTTOM",0
TRACK,R131:DRL_SUM,DRL_SUM,Mid Layer 2,57.475,14.525,56.575,13.625,0.2,,,"DRL_SUM|Pad R_DRL_VC3-2(46.625mm,14.4mm) on L6 BOTTOM|Pad R_DRL_VC4-2(57.225mm,14.4mm) on L6 BOTTOM",0
TRACK,R131:DRL_SUM,DRL_SUM,Bottom Layer,56.575,13.625,56.925,13.975,0.2,,,"DRL_SUM|Pad R_DRL_VC3-2(46.625mm,14.4mm) on L6 BOTTOM|Pad R_DRL_VC4-2(57.225mm,14.4mm) on L6 BOTTOM",0
VIA,R131:DRL_SUM,DRL_SUM,Multi Layer,56.575,13.625,,,,0.6,0.3,"DRL_SUM|Pad R_DRL_VC3-2(46.625mm,14.4mm) on L6 BOTTOM|Pad R_DRL_VC4-2(57.225mm,14.4mm) on L6 BOTTOM",0
TRACK,R132:DRL_SUM VIP,DRL_SUM,Top Layer,25.675,14.275,27.975,16.575,0.2,,,"DRL_SUM|Pad R_DRL_VB1-2(25.625mm,14.086mm) on L6 BOTTOM|Pad R_DRL_VC2-2(35.625mm,14.4mm) on L6 BOTTOM",0
TRACK,R132:DRL_SUM VIP,DRL_SUM,Top Layer,27.975,16.575,27.975,16.675,0.2,,,"DRL_SUM|Pad R_DRL_VB1-2(25.625mm,14.086mm) on L6 BOTTOM|Pad R_DRL_VC2-2(35.625mm,14.4mm) on L6 BOTTOM",0
TRACK,R132:DRL_SUM VIP,DRL_SUM,Top Layer,27.975,16.675,28.975,17.675,0.2,,,"DRL_SUM|Pad R_DRL_VB1-2(25.625mm,14.086mm) on L6 BOTTOM|Pad R_DRL_VC2-2(35.625mm,14.4mm) on L6 BOTTOM",0
TRACK,R132:DRL_SUM VIP,DRL_SUM,Top Layer,28.975,17.675,29.375,17.675,0.2,,,"DRL_SUM|Pad R_DRL_VB1-2(25.625mm,14.086mm) on L6 BOTTOM|Pad R_DRL_VC2-2(35.625mm,14.4mm) on L6 BOTTOM",0
TRACK,R132:DRL_SUM VIP,DRL_SUM,Top Layer,29.375,17.675,30.575,18.875,0.2,,,"DRL_SUM|Pad R_DRL_VB1-2(25.625mm,14.086mm) on L6 BOTTOM|Pad R_DRL_VC2-2(35.625mm,14.4mm) on L6 BOTTOM",0
TRACK,R132:DRL_SUM VIP,DRL_SUM,Top Layer,30.575,18.875,33.325,18.875,0.2,,,"DRL_SUM|Pad R_DRL_VB1-2(25.625mm,14.086mm) on L6 BOTTOM|Pad R_DRL_VC2-2(35.625mm,14.4mm) on L6 BOTTOM",0
TRACK,R132:DRL_SUM VIP,DRL_SUM,Top Layer,33.325,18.875,34.575,20.125,0.2,,,"DRL_SUM|Pad R_DRL_VB1-2(25.625mm,14.086mm) on L6 BOTTOM|Pad R_DRL_VC2-2(35.625mm,14.4mm) on L6 BOTTOM",0
TRACK,R132:DRL_SUM VIP,DRL_SUM,Top Layer,34.575,20.125,35.675,20.125,0.2,,,"DRL_SUM|Pad R_DRL_VB1-2(25.625mm,14.086mm) on L6 BOTTOM|Pad R_DRL_VC2-2(35.625mm,14.4mm) on L6 BOTTOM",0
TRACK,R132:DRL_SUM VIP,DRL_SUM,Top Layer,35.675,20.125,37.175,18.625,0.2,,,"DRL_SUM|Pad R_DRL_VB1-2(25.625mm,14.086mm) on L6 BOTTOM|Pad R_DRL_VC2-2(35.625mm,14.4mm) on L6 BOTTOM",0
TRACK,R132:DRL_SUM VIP,DRL_SUM,Top Layer,37.175,18.625,37.175,15.075,0.2,,,"DRL_SUM|Pad R_DRL_VB1-2(25.625mm,14.086mm) on L6 BOTTOM|Pad R_DRL_VC2-2(35.625mm,14.4mm) on L6 BOTTOM",0
TRACK,R132:DRL_SUM VIP,DRL_SUM,Top Layer,37.175,15.075,35.825,13.725,0.2,,,"DRL_SUM|Pad R_DRL_VB1-2(25.625mm,14.086mm) on L6 BOTTOM|Pad R_DRL_VC2-2(35.625mm,14.4mm) on L6 BOTTOM",0
VIA,R132:DRL_SUM VIP,DRL_SUM,Multi Layer,25.675,14.275,,,,0.6,0.3,"DRL_SUM|Pad R_DRL_VB1-2(25.625mm,14.086mm) on L6 BOTTOM|Pad R_DRL_VC2-2(35.625mm,14.4mm) on L6 BOTTOM",0
TRACK,R133:DRL_AMP_OUT,DRL_AMP_OUT,Bottom Layer,16.925,14.325,17.675,14.325,0.2,,,"DRL_AMP_OUT|Pad U_DRL1-1(16.65mm,14.08mm) on L6 BOTTOM|Pad R_DRL_OUT1-1(18.1mm,14.475mm) on L6 BOTTOM",0
TRACK,R134:DRL_SUM VIP,DRL_SUM,Mid Layer 2,67.275,21.975,67.275,16.025,0.2,,,"DRL_SUM|Pad R_DRL_VC5-2(67.3mm,22.025mm) on L6 BOTTOM|Pad R_DRL_VB5-2(68.154mm,13.183mm) on L6 BOTTOM",0
TRACK,R134:DRL_SUM VIP,DRL_SUM,Mid Layer 2,67.275,16.025,67.175,15.925,0.2,,,"DRL_SUM|Pad R_DRL_VC5-2(67.3mm,22.025mm) on L6 BOTTOM|Pad R_DRL_VB5-2(68.154mm,13.183mm) on L6 BOTTOM",0
TRACK,R134:DRL_SUM VIP,DRL_SUM,Bottom Layer,67.175,15.925,67.175,15.575,0.2,,,"DRL_SUM|Pad R_DRL_VC5-2(67.3mm,22.025mm) on L6 BOTTOM|Pad R_DRL_VB5-2(68.154mm,13.183mm) on L6 BOTTOM",0
TRACK,R134:DRL_SUM VIP,DRL_SUM,Bottom Layer,67.175,15.575,67.025,15.425,0.2,,,"DRL_SUM|Pad R_DRL_VC5-2(67.3mm,22.025mm) on L6 BOTTOM|Pad R_DRL_VB5-2(68.154mm,13.183mm) on L6 BOTTOM",0
TRACK,R134:DRL_SUM VIP,DRL_SUM,Bottom Layer,67.025,15.425,67.025,14.425,0.2,,,"DRL_SUM|Pad R_DRL_VC5-2(67.3mm,22.025mm) on L6 BOTTOM|Pad R_DRL_VB5-2(68.154mm,13.183mm) on L6 BOTTOM",0
TRACK,R134:DRL_SUM VIP,DRL_SUM,Bottom Layer,67.025,14.425,67.825,13.625,0.2,,,"DRL_SUM|Pad R_DRL_VC5-2(67.3mm,22.025mm) on L6 BOTTOM|Pad R_DRL_VB5-2(68.154mm,13.183mm) on L6 BOTTOM",0
VIA,R134:DRL_SUM VIP,DRL_SUM,Multi Layer,67.275,21.975,,,,0.6,0.3,"DRL_SUM|Pad R_DRL_VC5-2(67.3mm,22.025mm) on L6 BOTTOM|Pad R_DRL_VB5-2(68.154mm,13.183mm) on L6 BOTTOM",0
VIA,R134:DRL_SUM VIP,DRL_SUM,Multi Layer,67.175,15.925,,,,0.6,0.3,"DRL_SUM|Pad R_DRL_VC5-2(67.3mm,22.025mm) on L6 BOTTOM|Pad R_DRL_VB5-2(68.154mm,13.183mm) on L6 BOTTOM",0
TRACK,R135:DRL_SUM,DRL_SUM,Bottom Layer,46.375,11.425,46.375,12.275,0.2,,,"DRL_SUM|Pad R_DRL_VA3-2(46.425mm,11mm) on L6 BOTTOM|Pad R_DRL_VB3-2(46.425mm,12.7mm) on L6 BOTTOM",0
TRACK,R136:DRL_SUM,DRL_SUM,Bottom Layer,11.425,16.375,11.425,15.875,0.2,,,"DRL_SUM|Pad R_DRL_FB-1(11.72mm,16.793mm) on L6 BOTTOM|Pad C_DRL_FB-1(13.142mm,13.676mm) on L6 BOTTOM",0
TRACK,R136:DRL_SUM,DRL_SUM,Top Layer,11.425,15.875,11.425,14.875,0.2,,,"DRL_SUM|Pad R_DRL_FB-1(11.72mm,16.793mm) on L6 BOTTOM|Pad C_DRL_FB-1(13.142mm,13.676mm) on L6 BOTTOM",0
TRACK,R136:DRL_SUM,DRL_SUM,Top Layer,11.425,14.875,11.9058,14.3942,0.2,,,"DRL_SUM|Pad R_DRL_FB-1(11.72mm,16.793mm) on L6 BOTTOM|Pad C_DRL_FB-1(13.142mm,13.676mm) on L6 BOTTOM",0
TRACK,R136:DRL_SUM,DRL_SUM,Top Layer,11.9058,14.3942,12.425,13.875,0.2,,,"DRL_SUM|Pad R_DRL_FB-1(11.72mm,16.793mm) on L6 BOTTOM|Pad C_DRL_FB-1(13.142mm,13.676mm) on L6 BOTTOM",0
TRACK,R136:DRL_SUM,DRL_SUM,Bottom Layer,12.425,13.875,12.975,13.875,0.2,,,"DRL_SUM|Pad R_DRL_FB-1(11.72mm,16.793mm) on L6 BOTTOM|Pad C_DRL_FB-1(13.142mm,13.676mm) on L6 BOTTOM",0
VIA,R136:DRL_SUM,DRL_SUM,Multi Layer,11.425,15.875,,,,0.6,0.3,"DRL_SUM|Pad R_DRL_FB-1(11.72mm,16.793mm) on L6 BOTTOM|Pad C_DRL_FB-1(13.142mm,13.676mm) on L6 BOTTOM",0
VIA,R136:DRL_SUM,DRL_SUM,Multi Layer,12.425,13.875,,,,0.6,0.3,"DRL_SUM|Pad R_DRL_FB-1(11.72mm,16.793mm) on L6 BOTTOM|Pad C_DRL_FB-1(13.142mm,13.676mm) on L6 BOTTOM",0
TRACK,R137:DRL_SUM VIP,DRL_SUM,Mid Layer 2,14.775,16.575,15.125,16.575,0.2,,,"DRL_SUM|Pad U_DRL1-4(14.75mm,16.88mm) on L6 BOTTOM|Pad R_DRL_VC1-2(25.55mm,17.637mm) on L6 BOTTOM",0
TRACK,R137:DRL_SUM VIP,DRL_SUM,Mid Layer 2,15.125,16.575,15.575,16.125,0.2,,,"DRL_SUM|Pad U_DRL1-4(14.75mm,16.88mm) on L6 BOTTOM|Pad R_DRL_VC1-2(25.55mm,17.637mm) on L6 BOTTOM",0
TRACK,R137:DRL_SUM VIP,DRL_SUM,Mid Layer 2,15.575,16.125,16.475,16.125,0.2,,,"DRL_SUM|Pad U_DRL1-4(14.75mm,16.88mm) on L6 BOTTOM|Pad R_DRL_VC1-2(25.55mm,17.637mm) on L6 BOTTOM",0
TRACK,R137:DRL_SUM VIP,DRL_SUM,Mid Layer 2,16.475,16.125,16.775,16.425,0.2,,,"DRL_SUM|Pad U_DRL1-4(14.75mm,16.88mm) on L6 BOTTOM|Pad R_DRL_VC1-2(25.55mm,17.637mm) on L6 BOTTOM",0
TRACK,R137:DRL_SUM VIP,DRL_SUM,Mid Layer 2,16.775,16.425,17.925,16.425,0.2,,,"DRL_SUM|Pad U_DRL1-4(14.75mm,16.88mm) on L6 BOTTOM|Pad R_DRL_VC1-2(25.55mm,17.637mm) on L6 BOTTOM",0
TRACK,R137:DRL_SUM VIP,DRL_SUM,Mid Layer 2,17.925,16.425,17.95,16.4,0.2,,,"DRL_SUM|Pad U_DRL1-4(14.75mm,16.88mm) on L6 BOTTOM|Pad R_DRL_VC1-2(25.55mm,17.637mm) on L6 BOTTOM",0
TRACK,R137:DRL_SUM VIP,DRL_SUM,Mid Layer 2,17.95,16.4,21.175,13.175,0.2,,,"DRL_SUM|Pad U_DRL1-4(14.75mm,16.88mm) on L6 BOTTOM|Pad R_DRL_VC1-2(25.55mm,17.637mm) on L6 BOTTOM",0
TRACK,R137:DRL_SUM VIP,DRL_SUM,Mid Layer 2,21.175,13.175,21.525,13.175,0.2,,,"DRL_SUM|Pad U_DRL1-4(14.75mm,16.88mm) on L6 BOTTOM|Pad R_DRL_VC1-2(25.55mm,17.637mm) on L6 BOTTOM",0
TRACK,R137:DRL_SUM VIP,DRL_SUM,Mid Layer 2,21.525,13.175,23.125,11.575,0.2,,,"DRL_SUM|Pad U_DRL1-4(14.75mm,16.88mm) on L6 BOTTOM|Pad R_DRL_VC1-2(25.55mm,17.637mm) on L6 BOTTOM",0
TRACK,R137:DRL_SUM VIP,DRL_SUM,Mid Layer 2,23.125,11.575,23.125,11.125,0.2,,,"DRL_SUM|Pad U_DRL1-4(14.75mm,16.88mm) on L6 BOTTOM|Pad R_DRL_VC1-2(25.55mm,17.637mm) on L6 BOTTOM",0
TRACK,R137:DRL_SUM VIP,DRL_SUM,Top Layer,23.125,11.125,23.125,11.325,0.2,,,"DRL_SUM|Pad U_DRL1-4(14.75mm,16.88mm) on L6 BOTTOM|Pad R_DRL_VC1-2(25.55mm,17.637mm) on L6 BOTTOM",0
TRACK,R137:DRL_SUM VIP,DRL_SUM,Top Layer,23.125,11.325,26.475,14.675,0.2,,,"DRL_SUM|Pad U_DRL1-4(14.75mm,16.88mm) on L6 BOTTOM|Pad R_DRL_VC1-2(25.55mm,17.637mm) on L6 BOTTOM",0
TRACK,R137:DRL_SUM VIP,DRL_SUM,Top Layer,26.475,14.675,26.475,16.825,0.2,,,"DRL_SUM|Pad U_DRL1-4(14.75mm,16.88mm) on L6 BOTTOM|Pad R_DRL_VC1-2(25.55mm,17.637mm) on L6 BOTTOM",0
TRACK,R137:DRL_SUM VIP,DRL_SUM,Top Layer,26.475,16.825,25.725,17.575,0.2,,,"DRL_SUM|Pad U_DRL1-4(14.75mm,16.88mm) on L6 BOTTOM|Pad R_DRL_VC1-2(25.55mm,17.637mm) on L6 BOTTOM",0
VIA,R137:DRL_SUM VIP,DRL_SUM,Multi Layer,14.775,16.575,,,,0.6,0.3,"DRL_SUM|Pad U_DRL1-4(14.75mm,16.88mm) on L6 BOTTOM|Pad R_DRL_VC1-2(25.55mm,17.637mm) on L6 BOTTOM",0
VIA,R137:DRL_SUM VIP,DRL_SUM,Multi Layer,23.125,11.125,,,,0.6,0.3,"DRL_SUM|Pad U_DRL1-4(14.75mm,16.88mm) on L6 BOTTOM|Pad R_DRL_VC1-2(25.55mm,17.637mm) on L6 BOTTOM",0
VIA,R137:DRL_SUM VIP,DRL_SUM,Multi Layer,25.725,17.575,,,,0.6,0.3,"DRL_SUM|Pad U_DRL1-4(14.75mm,16.88mm) on L6 BOTTOM|Pad R_DRL_VC1-2(25.55mm,17.637mm) on L6 BOTTOM",0
TRACK,R139:DRL_AMP_OUT VIP,DRL_AMP_OUT,Bottom Layer,13.775,13.475,13.725,13.425,0.2,,,"DRL_AMP_OUT|Pad C_DRL_FB-2(13.942mm,13.676mm) on L6 BOTTOM|Pad U_DRL1-1(16.65mm,14.08mm) on L6 BOTTOM",0
TRACK,R139:DRL_AMP_OUT VIP,DRL_AMP_OUT,Bottom Layer,13.725,13.425,13.725,13.278,0.2,,,"DRL_AMP_OUT|Pad C_DRL_FB-2(13.942mm,13.676mm) on L6 BOTTOM|Pad U_DRL1-1(16.65mm,14.08mm) on L6 BOTTOM",0
TRACK,R139:DRL_AMP_OUT VIP,DRL_AMP_OUT,Bottom Layer,13.725,13.278,13.725,13.225,0.2,,,"DRL_AMP_OUT|Pad C_DRL_FB-2(13.942mm,13.676mm) on L6 BOTTOM|Pad U_DRL1-1(16.65mm,14.08mm) on L6 BOTTOM",0
TRACK,R139:DRL_AMP_OUT VIP,DRL_AMP_OUT,Bottom Layer,13.725,13.225,13.45,12.95,0.2,,,"DRL_AMP_OUT|Pad C_DRL_FB-2(13.942mm,13.676mm) on L6 BOTTOM|Pad U_DRL1-1(16.65mm,14.08mm) on L6 BOTTOM",0
TRACK,R139:DRL_AMP_OUT VIP,DRL_AMP_OUT,Bottom Layer,13.45,12.95,13.225,12.725,0.2,,,"DRL_AMP_OUT|Pad C_DRL_FB-2(13.942mm,13.676mm) on L6 BOTTOM|Pad U_DRL1-1(16.65mm,14.08mm) on L6 BOTTOM",0
TRACK,R139:DRL_AMP_OUT VIP,DRL_AMP_OUT,Bottom Layer,13.225,12.725,13.225,11.525,0.2,,,"DRL_AMP_OUT|Pad C_DRL_FB-2(13.942mm,13.676mm) on L6 BOTTOM|Pad U_DRL1-1(16.65mm,14.08mm) on L6 BOTTOM",0
TRACK,R139:DRL_AMP_OUT VIP,DRL_AMP_OUT,Bottom Layer,13.225,11.525,13.325,11.425,0.2,,,"DRL_AMP_OUT|Pad C_DRL_FB-2(13.942mm,13.676mm) on L6 BOTTOM|Pad U_DRL1-1(16.65mm,14.08mm) on L6 BOTTOM",0
TRACK,R139:DRL_AMP_OUT VIP,DRL_AMP_OUT,Top Layer,13.325,11.425,13.325,11.825,0.2,,,"DRL_AMP_OUT|Pad C_DRL_FB-2(13.942mm,13.676mm) on L6 BOTTOM|Pad U_DRL1-1(16.65mm,14.08mm) on L6 BOTTOM",0
TRACK,R139:DRL_AMP_OUT VIP,DRL_AMP_OUT,Top Layer,13.325,11.825,13.225,11.925,0.2,,,"DRL_AMP_OUT|Pad C_DRL_FB-2(13.942mm,13.676mm) on L6 BOTTOM|Pad U_DRL1-1(16.65mm,14.08mm) on L6 BOTTOM",0
TRACK,R139:DRL_AMP_OUT VIP,DRL_AMP_OUT,Top Layer,13.225,11.925,13.225,12.725,0.2,,,"DRL_AMP_OUT|Pad C_DRL_FB-2(13.942mm,13.676mm) on L6 BOTTOM|Pad U_DRL1-1(16.65mm,14.08mm) on L6 BOTTOM",0
TRACK,R139:DRL_AMP_OUT VIP,DRL_AMP_OUT,Top Layer,13.225,12.725,13.45,12.95,0.2,,,"DRL_AMP_OUT|Pad C_DRL_FB-2(13.942mm,13.676mm) on L6 BOTTOM|Pad U_DRL1-1(16.65mm,14.08mm) on L6 BOTTOM",0
TRACK,R139:DRL_AMP_OUT VIP,DRL_AMP_OUT,Top Layer,13.45,12.95,13.778,13.278,0.2,,,"DRL_AMP_OUT|Pad C_DRL_FB-2(13.942mm,13.676mm) on L6 BOTTOM|Pad U_DRL1-1(16.65mm,14.08mm) on L6 BOTTOM",0
TRACK,R139:DRL_AMP_OUT VIP,DRL_AMP_OUT,Top Layer,13.778,13.278,14.475,13.975,0.2,,,"DRL_AMP_OUT|Pad C_DRL_FB-2(13.942mm,13.676mm) on L6 BOTTOM|Pad U_DRL1-1(16.65mm,14.08mm) on L6 BOTTOM",0
TRACK,R139:DRL_AMP_OUT VIP,DRL_AMP_OUT,Top Layer,14.475,13.975,15.1058,13.975,0.2,,,"DRL_AMP_OUT|Pad C_DRL_FB-2(13.942mm,13.676mm) on L6 BOTTOM|Pad U_DRL1-1(16.65mm,14.08mm) on L6 BOTTOM",0
TRACK,R139:DRL_AMP_OUT VIP,DRL_AMP_OUT,Top Layer,15.1058,13.975,16.625,13.975,0.2,,,"DRL_AMP_OUT|Pad C_DRL_FB-2(13.942mm,13.676mm) on L6 BOTTOM|Pad U_DRL1-1(16.65mm,14.08mm) on L6 BOTTOM",0
VIA,R139:DRL_AMP_OUT VIP,DRL_AMP_OUT,Multi Layer,13.325,11.425,,,,0.6,0.3,"DRL_AMP_OUT|Pad C_DRL_FB-2(13.942mm,13.676mm) on L6 BOTTOM|Pad U_DRL1-1(16.65mm,14.08mm) on L6 BOTTOM",0
VIA,R139:DRL_AMP_OUT VIP,DRL_AMP_OUT,Multi Layer,16.625,13.975,,,,0.6,0.3,"DRL_AMP_OUT|Pad C_DRL_FB-2(13.942mm,13.676mm) on L6 BOTTOM|Pad U_DRL1-1(16.65mm,14.08mm) on L6 BOTTOM",0
TRACK,R140:DRL_AMP_OUT VIP,DRL_AMP_OUT,Top Layer,13.225,16.975,13.45,16.75,0.2,,,"DRL_AMP_OUT|Pad R_DRL_FB-2(13.17mm,16.793mm) on L6 BOTTOM|Pad C_DRL_FB-2(13.942mm,13.676mm) on L6 BOTTOM",0
TRACK,R140:DRL_AMP_OUT VIP,DRL_AMP_OUT,Top Layer,13.45,16.75,13.675,16.525,0.2,,,"DRL_AMP_OUT|Pad R_DRL_FB-2(13.17mm,16.793mm) on L6 BOTTOM|Pad C_DRL_FB-2(13.942mm,13.676mm) on L6 BOTTOM",0
TRACK,R140:DRL_AMP_OUT VIP,DRL_AMP_OUT,Top Layer,13.675,16.525,13.675,15.778,0.2,,,"DRL_AMP_OUT|Pad R_DRL_FB-2(13.17mm,16.793mm) on L6 BOTTOM|Pad C_DRL_FB-2(13.942mm,13.676mm) on L6 BOTTOM",0
TRACK,R140:DRL_AMP_OUT VIP,DRL_AMP_OUT,Top Layer,13.675,15.778,13.675,13.375,0.2,,,"DRL_AMP_OUT|Pad R_DRL_FB-2(13.17mm,16.793mm) on L6 BOTTOM|Pad C_DRL_FB-2(13.942mm,13.676mm) on L6 BOTTOM",0
VIA,R140:DRL_AMP_OUT VIP,DRL_AMP_OUT,Multi Layer,13.225,16.975,,,,0.6,0.3,"DRL_AMP_OUT|Pad R_DRL_FB-2(13.17mm,16.793mm) on L6 BOTTOM|Pad C_DRL_FB-2(13.942mm,13.676mm) on L6 BOTTOM",0
TRACK,R142:DRL_SUM,DRL_SUM,Bottom Layer,56.925,13.125,56.675,13.375,0.2,,,"DRL_SUM|Pad R_DRL_VB4-2(57.225mm,12.7mm) on L6 BOTTOM|Pad R_DRL_VC4-2(57.225mm,14.4mm) on L6 BOTTOM",0
TRACK,R144:DRL_SUM,DRL_SUM,Bottom Layer,67.275,12.275,67.825,12.825,0.2,,,"DRL_SUM|Pad R_DRL_VA5-2(67.896mm,11.483mm) on L6 BOTTOM|Pad R_DRL_VB5-2(68.154mm,13.183mm) on L6 BOTTOM",0
TRACK,R145:DRL_SUM,DRL_SUM,Mid Layer 2,11.675,16.025,13.45,16.025,0.2,,,"DRL_SUM|Pad R_DRL_FB-1(11.72mm,16.793mm) on L6 BOTTOM|Pad U_DRL1-4(14.75mm,16.88mm) on L6 BOTTOM",0
TRACK,R145:DRL_SUM,DRL_SUM,Mid Layer 2,13.45,16.025,14.025,16.025,0.2,,,"DRL_SUM|Pad R_DRL_FB-1(11.72mm,16.793mm) on L6 BOTTOM|Pad U_DRL1-4(14.75mm,16.88mm) on L6 BOTTOM",0
TRACK,R145:DRL_SUM,DRL_SUM,Mid Layer 2,14.025,16.025,14.475,16.475,0.2,,,"DRL_SUM|Pad R_DRL_FB-1(11.72mm,16.793mm) on L6 BOTTOM|Pad U_DRL1-4(14.75mm,16.88mm) on L6 BOTTOM",0
TRACK,R146:DRL_SUM,DRL_SUM,Top Layer,58.375,12.975,57.475,12.975,0.2,,,"DRL_SUM|Pad R_DRL_VA4-2(57.225mm,11mm) on L6 BOTTOM|Pad R_DRL_VB4-2(57.225mm,12.7mm) on L6 BOTTOM",0
TRACK,R146:DRL_SUM,DRL_SUM,Top Layer,57.475,12.975,56.825,13.625,0.2,,,"DRL_SUM|Pad R_DRL_VA4-2(57.225mm,11mm) on L6 BOTTOM|Pad R_DRL_VB4-2(57.225mm,12.7mm) on L6 BOTTOM",0
TRACK,R147:VREF_A,VREF_A,Bottom Layer,12.575,19.175,15.025,19.175,0.2,,,"VREF_A|Pad U1-9(11.75mm,19.1mm) on L6 BOTTOM|Pad U1-5(17.45mm,19.75mm) on L6 BOTTOM",0
TRACK,R147:VREF_A,VREF_A,Bottom Layer,15.025,19.175,15.675,19.825,0.2,,,"VREF_A|Pad U1-9(11.75mm,19.1mm) on L6 BOTTOM|Pad U1-5(17.45mm,19.75mm) on L6 BOTTOM",0
TRACK,R147:VREF_A,VREF_A,Bottom Layer,15.675,19.825,16.625,19.825,0.2,,,"VREF_A|Pad U1-9(11.75mm,19.1mm) on L6 BOTTOM|Pad U1-5(17.45mm,19.75mm) on L6 BOTTOM",0
TRACK,R148:VREF_A,VREF_A,Bottom Layer,38.125,21.125,37.575,21.125,0.2,,,"VREF_A|Pad U2-10(38.95mm,21.05mm) on L6 BOTTOM|Pad RL_3-2(42.2mm,22.3mm) on L1 TOP",0
TRACK,R148:VREF_A,VREF_A,Top Layer,37.575,21.125,37.575,22.825,0.2,,,"VREF_A|Pad U2-10(38.95mm,21.05mm) on L6 BOTTOM|Pad RL_3-2(42.2mm,22.3mm) on L1 TOP",0
TRACK,R148:VREF_A,VREF_A,Top Layer,37.575,22.825,40.925,26.175,0.2,,,"VREF_A|Pad U2-10(38.95mm,21.05mm) on L6 BOTTOM|Pad RL_3-2(42.2mm,22.3mm) on L1 TOP",0
TRACK,R148:VREF_A,VREF_A,Top Layer,40.925,26.175,42.825,26.175,0.2,,,"VREF_A|Pad U2-10(38.95mm,21.05mm) on L6 BOTTOM|Pad RL_3-2(42.2mm,22.3mm) on L1 TOP",0
TRACK,R148:VREF_A,VREF_A,Mid Layer 2,42.825,26.175,44.775,24.225,0.2,,,"VREF_A|Pad U2-10(38.95mm,21.05mm) on L6 BOTTOM|Pad RL_3-2(42.2mm,22.3mm) on L1 TOP",0
TRACK,R148:VREF_A,VREF_A,Top Layer,44.775,24.225,43.675,23.125,0.2,,,"VREF_A|Pad U2-10(38.95mm,21.05mm) on L6 BOTTOM|Pad RL_3-2(42.2mm,22.3mm) on L1 TOP",0
TRACK,R148:VREF_A,VREF_A,Top Layer,43.675,23.125,43.675,23.075,0.2,,,"VREF_A|Pad U2-10(38.95mm,21.05mm) on L6 BOTTOM|Pad RL_3-2(42.2mm,22.3mm) on L1 TOP",0
TRACK,R148:VREF_A,VREF_A,Top Layer,43.675,23.075,43.025,22.425,0.2,,,"VREF_A|Pad U2-10(38.95mm,21.05mm) on L6 BOTTOM|Pad RL_3-2(42.2mm,22.3mm) on L1 TOP",0
TRACK,R148:VREF_A,VREF_A,Top Layer,43.025,22.425,42.425,22.425,0.2,,,"VREF_A|Pad U2-10(38.95mm,21.05mm) on L6 BOTTOM|Pad RL_3-2(42.2mm,22.3mm) on L1 TOP",0
VIA,R148:VREF_A,VREF_A,Multi Layer,37.575,21.125,,,,0.6,0.3,"VREF_A|Pad U2-10(38.95mm,21.05mm) on L6 BOTTOM|Pad RL_3-2(42.2mm,22.3mm) on L1 TOP",0
VIA,R148:VREF_A,VREF_A,Multi Layer,42.825,26.175,,,,0.6,0.3,"VREF_A|Pad U2-10(38.95mm,21.05mm) on L6 BOTTOM|Pad RL_3-2(42.2mm,22.3mm) on L1 TOP",0
VIA,R148:VREF_A,VREF_A,Multi Layer,44.775,24.225,,,,0.6,0.3,"VREF_A|Pad U2-10(38.95mm,21.05mm) on L6 BOTTOM|Pad RL_3-2(42.2mm,22.3mm) on L1 TOP",0
TRACK,R149:VREF_A,VREF_A,Bottom Layer,16.125,19.925,16.125,20.725,0.2,,,"VREF_A|Pad U1-5(17.45mm,19.75mm) on L6 BOTTOM|Pad U1-3(17.45mm,21.05mm) on L6 BOTTOM",0
TRACK,R149:VREF_A,VREF_A,Bottom Layer,16.125,20.725,16.425,21.025,0.2,,,"VREF_A|Pad U1-5(17.45mm,19.75mm) on L6 BOTTOM|Pad U1-3(17.45mm,21.05mm) on L6 BOTTOM",0
TRACK,R149:VREF_A,VREF_A,Bottom Layer,16.425,21.025,16.625,21.025,0.2,,,"VREF_A|Pad U1-5(17.45mm,19.75mm) on L6 BOTTOM|Pad U1-3(17.45mm,21.05mm) on L6 BOTTOM",0
TRACK,R150:VREF_A,VREF_A,Top Layer,53.025,21.425,55.875,21.425,0.2,,,"VREF_A|Pad RL_4-2(52.8mm,21.7mm) on L1 TOP|Pad U3-5(54.85mm,21.05mm) on L6 BOTTOM",0
TRACK,R150:VREF_A,VREF_A,Top Layer,55.875,21.425,56.175,21.125,0.2,,,"VREF_A|Pad RL_4-2(52.8mm,21.7mm) on L1 TOP|Pad U3-5(54.85mm,21.05mm) on L6 BOTTOM",0
TRACK,R150:VREF_A,VREF_A,Bottom Layer,56.175,21.125,55.675,21.125,0.2,,,"VREF_A|Pad RL_4-2(52.8mm,21.7mm) on L1 TOP|Pad U3-5(54.85mm,21.05mm) on L6 BOTTOM",0
VIA,R150:VREF_A,VREF_A,Multi Layer,56.175,21.125,,,,0.6,0.3,"VREF_A|Pad RL_4-2(52.8mm,21.7mm) on L1 TOP|Pad U3-5(54.85mm,21.05mm) on L6 BOTTOM",0
TRACK,R151:VREF_A,VREF_A,Top Layer,56.425,21.025,58.925,21.025,0.2,,,"VREF_A|Pad U3-5(54.85mm,21.05mm) on L6 BOTTOM|Pad U3-10(60.55mm,21.05mm) on L6 BOTTOM",0
TRACK,R151:VREF_A,VREF_A,Top Layer,58.925,21.025,59.125,20.825,0.2,,,"VREF_A|Pad U3-5(54.85mm,21.05mm) on L6 BOTTOM|Pad U3-10(60.55mm,21.05mm) on L6 BOTTOM",0
TRACK,R151:VREF_A,VREF_A,Bottom Layer,59.125,20.825,59.325,20.825,0.2,,,"VREF_A|Pad U3-5(54.85mm,21.05mm) on L6 BOTTOM|Pad U3-10(60.55mm,21.05mm) on L6 BOTTOM",0
TRACK,R151:VREF_A,VREF_A,Bottom Layer,59.325,20.825,59.525,21.025,0.2,,,"VREF_A|Pad U3-5(54.85mm,21.05mm) on L6 BOTTOM|Pad U3-10(60.55mm,21.05mm) on L6 BOTTOM",0
TRACK,R151:VREF_A,VREF_A,Bottom Layer,59.525,21.025,59.725,21.025,0.2,,,"VREF_A|Pad U3-5(54.85mm,21.05mm) on L6 BOTTOM|Pad U3-10(60.55mm,21.05mm) on L6 BOTTOM",0
VIA,R151:VREF_A,VREF_A,Multi Layer,59.125,20.825,,,,0.6,0.3,"VREF_A|Pad U3-5(54.85mm,21.05mm) on L6 BOTTOM|Pad U3-10(60.55mm,21.05mm) on L6 BOTTOM",0
TRACK,R153:VREF_A,VREF_A,Bottom Layer,34.075,19.825,34.225,19.825,0.2,,,"VREF_A|Pad U2-3(33.25mm,19.75mm) on L6 BOTTOM|Pad U2-5(33.25mm,21.05mm) on L6 BOTTOM",0
TRACK,R153:VREF_A,VREF_A,Bottom Layer,34.225,19.825,34.525,20.125,0.2,,,"VREF_A|Pad U2-3(33.25mm,19.75mm) on L6 BOTTOM|Pad U2-5(33.25mm,21.05mm) on L6 BOTTOM",0
TRACK,R153:VREF_A,VREF_A,Bottom Layer,34.525,20.125,34.525,20.725,0.2,,,"VREF_A|Pad U2-3(33.25mm,19.75mm) on L6 BOTTOM|Pad U2-5(33.25mm,21.05mm) on L6 BOTTOM",0
TRACK,R153:VREF_A,VREF_A,Bottom Layer,34.525,20.725,34.225,21.025,0.2,,,"VREF_A|Pad U2-3(33.25mm,19.75mm) on L6 BOTTOM|Pad U2-5(33.25mm,21.05mm) on L6 BOTTOM",0
TRACK,R153:VREF_A,VREF_A,Bottom Layer,34.225,21.025,34.075,21.025,0.2,,,"VREF_A|Pad U2-3(33.25mm,19.75mm) on L6 BOTTOM|Pad U2-5(33.25mm,21.05mm) on L6 BOTTOM",0
TRACK,R155:VREF_A,VREF_A,Top Layer,31.625,22.025,32.375,21.275,0.2,,,"VREF_A|Pad RL_2-2(31.4mm,22.3mm) on L1 TOP|Pad U2-5(33.25mm,21.05mm) on L6 BOTTOM",0
TRACK,R155:VREF_A,VREF_A,Top Layer,32.375,21.275,34.225,21.275,0.2,,,"VREF_A|Pad RL_2-2(31.4mm,22.3mm) on L1 TOP|Pad U2-5(33.25mm,21.05mm) on L6 BOTTOM",0
TRACK,R155:VREF_A,VREF_A,Top Layer,34.225,21.275,34.575,20.925,0.2,,,"VREF_A|Pad RL_2-2(31.4mm,22.3mm) on L1 TOP|Pad U2-5(33.25mm,21.05mm) on L6 BOTTOM",0
TRACK,R155:VREF_A,VREF_A,Bottom Layer,34.575,20.925,34.525,20.875,0.2,,,"VREF_A|Pad RL_2-2(31.4mm,22.3mm) on L1 TOP|Pad U2-5(33.25mm,21.05mm) on L6 BOTTOM",0
VIA,R155:VREF_A,VREF_A,Multi Layer,34.575,20.925,,,,0.6,0.3,"VREF_A|Pad RL_2-2(31.4mm,22.3mm) on L1 TOP|Pad U2-5(33.25mm,21.05mm) on L6 BOTTOM",0
TRACK,R156:VREF_A,VREF_A,Mid Layer 2,45.025,24.125,46.725,24.125,0.2,,,"VREF_A|Pad RL_3-2(42.2mm,22.3mm) on L1 TOP|Pad RL_4-2(52.8mm,21.7mm) on L1 TOP",0
TRACK,R156:VREF_A,VREF_A,Mid Layer 2,46.725,24.125,46.825,24.025,0.2,,,"VREF_A|Pad RL_3-2(42.2mm,22.3mm) on L1 TOP|Pad RL_4-2(52.8mm,21.7mm) on L1 TOP",0
TRACK,R156:VREF_A,VREF_A,Mid Layer 2,46.825,24.025,49.975,24.025,0.2,,,"VREF_A|Pad RL_3-2(42.2mm,22.3mm) on L1 TOP|Pad RL_4-2(52.8mm,21.7mm) on L1 TOP",0
TRACK,R156:VREF_A,VREF_A,Mid Layer 2,49.975,24.025,50.425,24.475,0.2,,,"VREF_A|Pad RL_3-2(42.2mm,22.3mm) on L1 TOP|Pad RL_4-2(52.8mm,21.7mm) on L1 TOP",0
TRACK,R156:VREF_A,VREF_A,Mid Layer 2,50.425,24.475,52.125,24.475,0.2,,,"VREF_A|Pad RL_3-2(42.2mm,22.3mm) on L1 TOP|Pad RL_4-2(52.8mm,21.7mm) on L1 TOP",0
TRACK,R156:VREF_A,VREF_A,Mid Layer 2,52.125,24.475,52.875,23.725,0.2,,,"VREF_A|Pad RL_3-2(42.2mm,22.3mm) on L1 TOP|Pad RL_4-2(52.8mm,21.7mm) on L1 TOP",0
TRACK,R156:VREF_A,VREF_A,Mid Layer 2,52.875,23.725,53.225,23.725,0.2,,,"VREF_A|Pad RL_3-2(42.2mm,22.3mm) on L1 TOP|Pad RL_4-2(52.8mm,21.7mm) on L1 TOP",0
TRACK,R156:VREF_A,VREF_A,Top Layer,53.225,23.725,53.975,23.725,0.2,,,"VREF_A|Pad RL_3-2(42.2mm,22.3mm) on L1 TOP|Pad RL_4-2(52.8mm,21.7mm) on L1 TOP",0
TRACK,R156:VREF_A,VREF_A,Top Layer,53.975,23.725,54.425,23.275,0.2,,,"VREF_A|Pad RL_3-2(42.2mm,22.3mm) on L1 TOP|Pad RL_4-2(52.8mm,21.7mm) on L1 TOP",0
TRACK,R156:VREF_A,VREF_A,Top Layer,54.425,23.275,54.425,22.275,0.2,,,"VREF_A|Pad RL_3-2(42.2mm,22.3mm) on L1 TOP|Pad RL_4-2(52.8mm,21.7mm) on L1 TOP",0
TRACK,R156:VREF_A,VREF_A,Top Layer,54.425,22.275,53.675,21.525,0.2,,,"VREF_A|Pad RL_3-2(42.2mm,22.3mm) on L1 TOP|Pad RL_4-2(52.8mm,21.7mm) on L1 TOP",0
VIA,R156:VREF_A,VREF_A,Multi Layer,53.225,23.725,,,,0.6,0.3,"VREF_A|Pad RL_3-2(42.2mm,22.3mm) on L1 TOP|Pad RL_4-2(52.8mm,21.7mm) on L1 TOP",0
VIA,R158:VREF_A VIP,VREF_A,Multi Layer,12.475,18.325,,,,0.6,0.3,"VREF_A|Pad U1-8(11.75mm,18.45mm) on L6 BOTTOM|Pad Free-TP_VREF_A(12.5mm,18.2mm) on L1 TOP",0
TRACK,R159:VREF_A,VREF_A,Bottom Layer,59.725,19.825,59.525,19.825,0.2,,,"VREF_A|Pad U3-12(60.55mm,19.75mm) on L6 BOTTOM|Pad U3-10(60.55mm,21.05mm) on L6 BOTTOM",0
TRACK,R159:VREF_A,VREF_A,Bottom Layer,59.525,19.825,59.225,20.125,0.2,,,"VREF_A|Pad U3-12(60.55mm,19.75mm) on L6 BOTTOM|Pad U3-10(60.55mm,21.05mm) on L6 BOTTOM",0
TRACK,R159:VREF_A,VREF_A,Bottom Layer,59.225,20.125,59.225,20.575,0.2,,,"VREF_A|Pad U3-12(60.55mm,19.75mm) on L6 BOTTOM|Pad U3-10(60.55mm,21.05mm) on L6 BOTTOM",0
TRACK,R161:VREF_A,VREF_A,Top Layer,34.825,21.075,37.275,21.075,0.2,,,"VREF_A|Pad U2-5(33.25mm,21.05mm) on L6 BOTTOM|Pad U2-10(38.95mm,21.05mm) on L6 BOTTOM",0
TRACK,R162:VREF_A,VREF_A,Bottom Layer,38.125,19.825,37.925,19.825,0.2,,,"VREF_A|Pad U2-12(38.95mm,19.75mm) on L6 BOTTOM|Pad U2-10(38.95mm,21.05mm) on L6 BOTTOM",0
TRACK,R162:VREF_A,VREF_A,Bottom Layer,37.925,19.825,37.625,20.125,0.2,,,"VREF_A|Pad U2-12(38.95mm,19.75mm) on L6 BOTTOM|Pad U2-10(38.95mm,21.05mm) on L6 BOTTOM",0
TRACK,R162:VREF_A,VREF_A,Bottom Layer,37.625,20.125,37.625,20.875,0.2,,,"VREF_A|Pad U2-12(38.95mm,19.75mm) on L6 BOTTOM|Pad U2-10(38.95mm,21.05mm) on L6 BOTTOM",0
TRACK,R163:VREF_A,VREF_A,Bottom Layer,12.475,18.625,12.475,18.975,0.2,,,"VREF_A|Pad U1-8(11.75mm,18.45mm) on L6 BOTTOM|Pad U1-9(11.75mm,19.1mm) on L6 BOTTOM",0
TRACK,R164:VREF_B_SRC,VREF_B_SRC,Bottom Layer,11.725,21.875,11.725,22.225,0.2,,,"VREF_B_SRC|Pad U1-13(11.75mm,21.7mm) on L6 BOTTOM|Pad U1-14(11.75mm,22.35mm) on L6 BOTTOM",0
TRACK,R166:VREF_B_SRC,VREF_B_SRC,Bottom Layer,13.925,15.175,14.225,15.175,0.2,,,"VREF_B_SRC|Pad R_ref-2(13.7mm,15.4mm) on L6 BOTTOM|Pad U_DRL1-3(14.75mm,14.08mm) on L6 BOTTOM",0
TRACK,R166:VREF_B_SRC,VREF_B_SRC,Bottom Layer,14.225,15.175,14.475,14.925,0.2,,,"VREF_B_SRC|Pad R_ref-2(13.7mm,15.4mm) on L6 BOTTOM|Pad U_DRL1-3(14.75mm,14.08mm) on L6 BOTTOM",0
TRACK,R166:VREF_B_SRC,VREF_B_SRC,Bottom Layer,14.475,14.925,14.475,14.625,0.2,,,"VREF_B_SRC|Pad R_ref-2(13.7mm,15.4mm) on L6 BOTTOM|Pad U_DRL1-3(14.75mm,14.08mm) on L6 BOTTOM",0
TRACK,R168:VREF_B_SRC,VREF_B_SRC,Top Layer,12.675,19.775,12.675,19.375,0.2,,,"VREF_B_SRC|Pad Free-TP_VREF_B_SRC(12.5mm,20.2mm) on L1 TOP|Pad R_ref-2(13.7mm,15.4mm) on L6 BOTTOM",0
TRACK,R168:VREF_B_SRC,VREF_B_SRC,Top Layer,12.675,19.375,13.62,18.43,0.2,,,"VREF_B_SRC|Pad Free-TP_VREF_B_SRC(12.5mm,20.2mm) on L1 TOP|Pad R_ref-2(13.7mm,15.4mm) on L6 BOTTOM",0
TRACK,R168:VREF_B_SRC,VREF_B_SRC,Top Layer,13.62,18.43,13.875,18.175,0.2,,,"VREF_B_SRC|Pad Free-TP_VREF_B_SRC(12.5mm,20.2mm) on L1 TOP|Pad R_ref-2(13.7mm,15.4mm) on L6 BOTTOM",0
TRACK,R168:VREF_B_SRC,VREF_B_SRC,Top Layer,13.875,18.175,13.875,17.775,0.2,,,"VREF_B_SRC|Pad Free-TP_VREF_B_SRC(12.5mm,20.2mm) on L1 TOP|Pad R_ref-2(13.7mm,15.4mm) on L6 BOTTOM",0
TRACK,R168:VREF_B_SRC,VREF_B_SRC,Bottom Layer,13.875,17.775,13.875,17.425,0.2,,,"VREF_B_SRC|Pad Free-TP_VREF_B_SRC(12.5mm,20.2mm) on L1 TOP|Pad R_ref-2(13.7mm,15.4mm) on L6 BOTTOM",0
TRACK,R168:VREF_B_SRC,VREF_B_SRC,Bottom Layer,13.875,17.425,13.975,17.325,0.2,,,"VREF_B_SRC|Pad Free-TP_VREF_B_SRC(12.5mm,20.2mm) on L1 TOP|Pad R_ref-2(13.7mm,15.4mm) on L6 BOTTOM",0
TRACK,R168:VREF_B_SRC,VREF_B_SRC,Bottom Layer,13.975,17.325,13.975,15.778,0.2,,,"VREF_B_SRC|Pad Free-TP_VREF_B_SRC(12.5mm,20.2mm) on L1 TOP|Pad R_ref-2(13.7mm,15.4mm) on L6 BOTTOM",0
TRACK,R168:VREF_B_SRC,VREF_B_SRC,Bottom Layer,13.975,15.778,13.975,15.725,0.2,,,"VREF_B_SRC|Pad Free-TP_VREF_B_SRC(12.5mm,20.2mm) on L1 TOP|Pad R_ref-2(13.7mm,15.4mm) on L6 BOTTOM",0
TRACK,R168:VREF_B_SRC,VREF_B_SRC,Bottom Layer,13.975,15.725,13.925,15.675,0.2,,,"VREF_B_SRC|Pad Free-TP_VREF_B_SRC(12.5mm,20.2mm) on L1 TOP|Pad R_ref-2(13.7mm,15.4mm) on L6 BOTTOM",0
VIA,R168:VREF_B_SRC,VREF_B_SRC,Multi Layer,13.875,17.775,,,,0.6,0.3,"VREF_B_SRC|Pad Free-TP_VREF_B_SRC(12.5mm,20.2mm) on L1 TOP|Pad R_ref-2(13.7mm,15.4mm) on L6 BOTTOM",0
TRACK,R169:VREF_B_SRC,VREF_B_SRC,Top Layer,33.625,12.125,35.125,12.125,0.15,,,"VREF_B_SRC|Pad R_VREF2-1(33.4mm,11.888mm) on L1 TOP|Pad R_VREF3-1(44.2mm,11.888mm) on L1 TOP",0
TRACK,R169:VREF_B_SRC,VREF_B_SRC,Top Layer,35.125,12.125,37.625,14.625,0.15,,,"VREF_B_SRC|Pad R_VREF2-1(33.4mm,11.888mm) on L1 TOP|Pad R_VREF3-1(44.2mm,11.888mm) on L1 TOP",0
TRACK,R169:VREF_B_SRC,VREF_B_SRC,Top Layer,37.625,14.625,37.625,19.675,0.15,,,"VREF_B_SRC|Pad R_VREF2-1(33.4mm,11.888mm) on L1 TOP|Pad R_VREF3-1(44.2mm,11.888mm) on L1 TOP",0
TRACK,R169:VREF_B_SRC,VREF_B_SRC,Top Layer,37.625,19.675,36.875,20.425,0.15,,,"VREF_B_SRC|Pad R_VREF2-1(33.4mm,11.888mm) on L1 TOP|Pad R_VREF3-1(44.2mm,11.888mm) on L1 TOP",0
TRACK,R169:VREF_B_SRC,VREF_B_SRC,Mid Layer 2,36.875,20.425,36.875,21.775,0.15,,,"VREF_B_SRC|Pad R_VREF2-1(33.4mm,11.888mm) on L1 TOP|Pad R_VREF3-1(44.2mm,11.888mm) on L1 TOP",0
TRACK,R169:VREF_B_SRC,VREF_B_SRC,Top Layer,36.875,21.775,37.075,21.975,0.15,,,"VREF_B_SRC|Pad R_VREF2-1(33.4mm,11.888mm) on L1 TOP|Pad R_VREF3-1(44.2mm,11.888mm) on L1 TOP",0
TRACK,R169:VREF_B_SRC,VREF_B_SRC,Top Layer,37.075,21.975,37.075,23.125,0.15,,,"VREF_B_SRC|Pad R_VREF2-1(33.4mm,11.888mm) on L1 TOP|Pad R_VREF3-1(44.2mm,11.888mm) on L1 TOP",0
TRACK,R169:VREF_B_SRC,VREF_B_SRC,Top Layer,37.075,23.125,40.875,26.925,0.15,,,"VREF_B_SRC|Pad R_VREF2-1(33.4mm,11.888mm) on L1 TOP|Pad R_VREF3-1(44.2mm,11.888mm) on L1 TOP",0
TRACK,R169:VREF_B_SRC,VREF_B_SRC,Top Layer,40.875,26.925,43.325,26.925,0.15,,,"VREF_B_SRC|Pad R_VREF2-1(33.4mm,11.888mm) on L1 TOP|Pad R_VREF3-1(44.2mm,11.888mm) on L1 TOP",0
TRACK,R169:VREF_B_SRC,VREF_B_SRC,Top Layer,43.325,26.925,44.575,25.675,0.15,,,"VREF_B_SRC|Pad R_VREF2-1(33.4mm,11.888mm) on L1 TOP|Pad R_VREF3-1(44.2mm,11.888mm) on L1 TOP",0
TRACK,R169:VREF_B_SRC,VREF_B_SRC,Top Layer,44.575,25.675,44.675,25.675,0.15,,,"VREF_B_SRC|Pad R_VREF2-1(33.4mm,11.888mm) on L1 TOP|Pad R_VREF3-1(44.2mm,11.888mm) on L1 TOP",0
TRACK,R169:VREF_B_SRC,VREF_B_SRC,Bottom Layer,44.675,25.675,44.675,25.375,0.15,,,"VREF_B_SRC|Pad R_VREF2-1(33.4mm,11.888mm) on L1 TOP|Pad R_VREF3-1(44.2mm,11.888mm) on L1 TOP",0
TRACK,R169:VREF_B_SRC,VREF_B_SRC,Bottom Layer,44.675,25.375,45.425,24.625,0.15,,,"VREF_B_SRC|Pad R_VREF2-1(33.4mm,11.888mm) on L1 TOP|Pad R_VREF3-1(44.2mm,11.888mm) on L1 TOP",0
TRACK,R169:VREF_B_SRC,VREF_B_SRC,Bottom Layer,45.425,24.625,45.425,23.475,0.15,,,"VREF_B_SRC|Pad R_VREF2-1(33.4mm,11.888mm) on L1 TOP|Pad R_VREF3-1(44.2mm,11.888mm) on L1 TOP",0
TRACK,R169:VREF_B_SRC,VREF_B_SRC,Top Layer,45.425,23.475,45.425,21.125,0.15,,,"VREF_B_SRC|Pad R_VREF2-1(33.4mm,11.888mm) on L1 TOP|Pad R_VREF3-1(44.2mm,11.888mm) on L1 TOP",0
TRACK,R169:VREF_B_SRC,VREF_B_SRC,Top Layer,45.425,21.125,47.925,18.625,0.15,,,"VREF_B_SRC|Pad R_VREF2-1(33.4mm,11.888mm) on L1 TOP|Pad R_VREF3-1(44.2mm,11.888mm) on L1 TOP",0
TRACK,R169:VREF_B_SRC,VREF_B_SRC,Top Layer,47.925,18.625,47.925,15.225,0.15,,,"VREF_B_SRC|Pad R_VREF2-1(33.4mm,11.888mm) on L1 TOP|Pad R_VREF3-1(44.2mm,11.888mm) on L1 TOP",0
TRACK,R169:VREF_B_SRC,VREF_B_SRC,Top Layer,47.925,15.225,46.275,13.575,0.15,,,"VREF_B_SRC|Pad R_VREF2-1(33.4mm,11.888mm) on L1 TOP|Pad R_VREF3-1(44.2mm,11.888mm) on L1 TOP",0
TRACK,R169:VREF_B_SRC,VREF_B_SRC,Top Layer,46.275,13.575,45.975,13.575,0.15,,,"VREF_B_SRC|Pad R_VREF2-1(33.4mm,11.888mm) on L1 TOP|Pad R_VREF3-1(44.2mm,11.888mm) on L1 TOP",0
TRACK,R169:VREF_B_SRC,VREF_B_SRC,Top Layer,45.975,13.575,44.425,12.025,0.15,,,"VREF_B_SRC|Pad R_VREF2-1(33.4mm,11.888mm) on L1 TOP|Pad R_VREF3-1(44.2mm,11.888mm) on L1 TOP",0
VIA,R169:VREF_B_SRC,VREF_B_SRC,Multi Layer,36.875,20.425,,,,0.45,0.2,"VREF_B_SRC|Pad R_VREF2-1(33.4mm,11.888mm) on L1 TOP|Pad R_VREF3-1(44.2mm,11.888mm) on L1 TOP",0
VIA,R169:VREF_B_SRC,VREF_B_SRC,Multi Layer,36.875,21.775,,,,0.45,0.2,"VREF_B_SRC|Pad R_VREF2-1(33.4mm,11.888mm) on L1 TOP|Pad R_VREF3-1(44.2mm,11.888mm) on L1 TOP",0
VIA,R169:VREF_B_SRC,VREF_B_SRC,Multi Layer,44.675,25.675,,,,0.45,0.2,"VREF_B_SRC|Pad R_VREF2-1(33.4mm,11.888mm) on L1 TOP|Pad R_VREF3-1(44.2mm,11.888mm) on L1 TOP",0
VIA,R169:VREF_B_SRC,VREF_B_SRC,Multi Layer,45.425,23.475,,,,0.45,0.2,"VREF_B_SRC|Pad R_VREF2-1(33.4mm,11.888mm) on L1 TOP|Pad R_VREF3-1(44.2mm,11.888mm) on L1 TOP",0
TRACK,R171:VREF_B_SRC,VREF_B_SRC,Bottom Layer,12.575,21.675,13.075,21.675,0.2,,,"VREF_B_SRC|Pad U1-13(11.75mm,21.7mm) on L6 BOTTOM|Pad Free-TP_VREF_B_SRC(12.5mm,20.2mm) on L1 TOP",0
TRACK,R171:VREF_B_SRC,VREF_B_SRC,Top Layer,13.075,21.675,13.075,19.125,0.2,,,"VREF_B_SRC|Pad U1-13(11.75mm,21.7mm) on L6 BOTTOM|Pad Free-TP_VREF_B_SRC(12.5mm,20.2mm) on L1 TOP",0
VIA,R171:VREF_B_SRC,VREF_B_SRC,Multi Layer,13.075,21.675,,,,0.6,0.3,"VREF_B_SRC|Pad U1-13(11.75mm,21.7mm) on L6 BOTTOM|Pad Free-TP_VREF_B_SRC(12.5mm,20.2mm) on L1 TOP",0
TRACK,R173:ADC_EMG4,ADC_EMG4,Top Layer,50.525,25.675,50.925,25.675,0.2,,,"ADC_EMG4|Pad R_ADC4-2(50.315mm,25.4mm) on L1 TOP|Pad C_ADC4-1(51.68mm,25.877mm) on L1 TOP",0
TRACK,R173:ADC_EMG4,ADC_EMG4,Top Layer,50.925,25.675,51.2745,26.0245,0.2,,,"ADC_EMG4|Pad R_ADC4-2(50.315mm,25.4mm) on L1 TOP|Pad C_ADC4-1(51.68mm,25.877mm) on L1 TOP",0
TRACK,R173:ADC_EMG4,ADC_EMG4,Top Layer,51.2745,26.0245,51.325,26.075,0.2,,,"ADC_EMG4|Pad R_ADC4-2(50.315mm,25.4mm) on L1 TOP|Pad C_ADC4-1(51.68mm,25.877mm) on L1 TOP",0
TRACK,R174:ADC_EMG3,ADC_EMG3,Top Layer,48.225,27.175,48.6045,27.175,0.2,,,"ADC_EMG3|Pad C_ADC3-1(47.857mm,26.8mm) on L1 TOP|Pad R_ADC3-2(49.08mm,27.235mm) on L1 TOP",0
TRACK,R174:ADC_EMG3,ADC_EMG3,Top Layer,48.6045,27.175,48.825,27.175,0.2,,,"ADC_EMG3|Pad C_ADC3-1(47.857mm,26.8mm) on L1 TOP|Pad R_ADC3-2(49.08mm,27.235mm) on L1 TOP",0
TRACK,R175:ADC_EMG2,ADC_EMG2,Top Layer,49.325,28.975,51.175,28.975,0.2,,,"ADC_EMG2|Pad R_ADC2-2(49.08mm,28.885mm) on L1 TOP|Pad U_MCU1-24(50.342mm,30mm) on L1 TOP [Unplated]",0
TRACK,R175:ADC_EMG2,ADC_EMG2,Top Layer,51.175,28.975,51.425,29.225,0.2,,,"ADC_EMG2|Pad R_ADC2-2(49.08mm,28.885mm) on L1 TOP|Pad U_MCU1-24(50.342mm,30mm) on L1 TOP [Unplated]",0
TRACK,R175:ADC_EMG2,ADC_EMG2,Top Layer,51.425,29.225,51.425,29.825,0.2,,,"ADC_EMG2|Pad R_ADC2-2(49.08mm,28.885mm) on L1 TOP|Pad U_MCU1-24(50.342mm,30mm) on L1 TOP [Unplated]",0
TRACK,R175:ADC_EMG2,ADC_EMG2,Top Layer,51.425,29.825,51.225,30.025,0.2,,,"ADC_EMG2|Pad R_ADC2-2(49.08mm,28.885mm) on L1 TOP|Pad U_MCU1-24(50.342mm,30mm) on L1 TOP [Unplated]",0
TRACK,R175:ADC_EMG2,ADC_EMG2,Top Layer,51.225,30.025,51.025,30.025,0.2,,,"ADC_EMG2|Pad R_ADC2-2(49.08mm,28.885mm) on L1 TOP|Pad U_MCU1-24(50.342mm,30mm) on L1 TOP [Unplated]",0
TRACK,R176:ADC_EMG2,ADC_EMG2,Top Layer,48.225,28.825,48.6045,28.825,0.2,,,"ADC_EMG2|Pad C_ADC2-1(47.857mm,28.45mm) on L1 TOP|Pad R_ADC2-2(49.08mm,28.885mm) on L1 TOP",0
TRACK,R176:ADC_EMG2,ADC_EMG2,Top Layer,48.6045,28.825,48.825,28.825,0.2,,,"ADC_EMG2|Pad C_ADC2-1(47.857mm,28.45mm) on L1 TOP|Pad R_ADC2-2(49.08mm,28.885mm) on L1 TOP",0
TRACK,R178:ADC_EMG5,ADC_EMG5,Top Layer,54.925,24.575,55.375,24.575,0.2,,,"ADC_EMG5|Pad C_ADC5-1(54.58mm,24.923mm) on L1 TOP|Pad R_ADC5-2(55.645mm,24.5mm) on L1 TOP",0
TRACK,R179:ADC_EMG1,ADC_EMG1,Top Layer,48.225,30.475,48.6045,30.475,0.2,,,"ADC_EMG1|Pad C_ADC1-1(47.857mm,30.1mm) on L1 TOP|Pad R_ADC1-2(49.08mm,30.535mm) on L1 TOP",0
TRACK,R179:ADC_EMG1,ADC_EMG1,Top Layer,48.6045,30.475,48.775,30.475,0.2,,,"ADC_EMG1|Pad C_ADC1-1(47.857mm,30.1mm) on L1 TOP|Pad R_ADC1-2(49.08mm,30.535mm) on L1 TOP",0
TRACK,R180:ADC_EMG4,ADC_EMG4,Top Layer,52.025,26.275,52.025,27.075,0.2,,,"ADC_EMG4|Pad C_ADC4-1(51.68mm,25.877mm) on L1 TOP|Pad U_MCU1-26(52.08mm,27.762mm) on L1 TOP [Unplated]",0
TRACK,R181:ADC_EMG5,ADC_EMG5,Top Layer,53.575,27.075,53.575,26.725,0.2,,,"ADC_EMG5|Pad U_MCU1-29(53.58mm,27.762mm) on L1 TOP [Unplated]|Pad C_ADC5-1(54.58mm,24.923mm) on L1 TOP",0
TRACK,R181:ADC_EMG5,ADC_EMG5,Top Layer,53.575,26.725,53.725,26.575,0.2,,,"ADC_EMG5|Pad U_MCU1-29(53.58mm,27.762mm) on L1 TOP [Unplated]|Pad C_ADC5-1(54.58mm,24.923mm) on L1 TOP",0
TRACK,R181:ADC_EMG5,ADC_EMG5,Top Layer,53.725,26.575,53.725,26.0245,0.2,,,"ADC_EMG5|Pad U_MCU1-29(53.58mm,27.762mm) on L1 TOP [Unplated]|Pad C_ADC5-1(54.58mm,24.923mm) on L1 TOP",0
TRACK,R181:ADC_EMG5,ADC_EMG5,Top Layer,53.725,26.0245,53.725,25.275,0.2,,,"ADC_EMG5|Pad U_MCU1-29(53.58mm,27.762mm) on L1 TOP [Unplated]|Pad C_ADC5-1(54.58mm,24.923mm) on L1 TOP",0
TRACK,R181:ADC_EMG5,ADC_EMG5,Top Layer,53.725,25.275,54.225,24.775,0.2,,,"ADC_EMG5|Pad U_MCU1-29(53.58mm,27.762mm) on L1 TOP [Unplated]|Pad C_ADC5-1(54.58mm,24.923mm) on L1 TOP",0
TRACK,R182:ADC_EMG1,ADC_EMG1,Top Layer,49.325,30.525,49.625,30.525,0.2,,,"ADC_EMG1|Pad R_ADC1-2(49.08mm,30.535mm) on L1 TOP|Pad U_MCU1-23(50.342mm,30.5mm) on L1 TOP [Unplated]",0
TRACK,R183:NetJP_WIFI_BOOT_1,NetJP_WIFI_BOOT_1,Bottom Layer,30.925,38.625,30.925,38.275,0.2,,,"NetJP_WIFI_BOOT_1|Pad JP_WIFI_BOOT-1(30.594mm,39.205mm) on L6 BOTTOM|Pad R_WIFI_BOOT_OVR-2(31.629mm,37.205mm) on L6 BOTTOM",0
TRACK,R183:NetJP_WIFI_BOOT_1,NetJP_WIFI_BOOT_1,Bottom Layer,30.925,38.275,31.475,37.725,0.2,,,"NetJP_WIFI_BOOT_1|Pad JP_WIFI_BOOT-1(30.594mm,39.205mm) on L6 BOTTOM|Pad R_WIFI_BOOT_OVR-2(31.629mm,37.205mm) on L6 BOTTOM",0
TRACK,R183:NetJP_WIFI_BOOT_1,NetJP_WIFI_BOOT_1,Bottom Layer,31.475,37.725,31.475,37.475,0.2,,,"NetJP_WIFI_BOOT_1|Pad JP_WIFI_BOOT-1(30.594mm,39.205mm) on L6 BOTTOM|Pad R_WIFI_BOOT_OVR-2(31.629mm,37.205mm) on L6 BOTTOM",0
TRACK,R184:3V0_ANA,3V0_ANA,Top Layer,49.075,32.025,49.075,32.925,0.4,,,"3V0_ANA|Pad C3_MCU-1(48.959mm,31.8mm) on L1 TOP|Pad C1_MCU-1(48.959mm,33.1mm) on L1 TOP",0
TRACK,R185:NetLED_CHG_A,NetLED_CHG_A,Bottom Layer,18.475,40.425,18.525,40.375,0.2,,,"NetLED_CHG_A|Pad R_CHG_LED-2(18.2mm,40.65mm) on L6 BOTTOM|Pad LED_CHG-A(25.428mm,44.5mm) on L1 TOP",0
TRACK,R185:NetLED_CHG_A,NetLED_CHG_A,Bottom Layer,18.525,40.375,18.775,40.375,0.2,,,"NetLED_CHG_A|Pad R_CHG_LED-2(18.2mm,40.65mm) on L6 BOTTOM|Pad LED_CHG-A(25.428mm,44.5mm) on L1 TOP",0
TRACK,R185:NetLED_CHG_A,NetLED_CHG_A,Bottom Layer,18.775,40.375,19.125,40.025,0.2,,,"NetLED_CHG_A|Pad R_CHG_LED-2(18.2mm,40.65mm) on L6 BOTTOM|Pad LED_CHG-A(25.428mm,44.5mm) on L1 TOP",0
TRACK,R185:NetLED_CHG_A,NetLED_CHG_A,Top Layer,19.125,40.025,19.425,40.325,0.2,,,"NetLED_CHG_A|Pad R_CHG_LED-2(18.2mm,40.65mm) on L6 BOTTOM|Pad LED_CHG-A(25.428mm,44.5mm) on L1 TOP",0
TRACK,R185:NetLED_CHG_A,NetLED_CHG_A,Top Layer,19.425,40.325,19.825,40.325,0.2,,,"NetLED_CHG_A|Pad R_CHG_LED-2(18.2mm,40.65mm) on L6 BOTTOM|Pad LED_CHG-A(25.428mm,44.5mm) on L1 TOP",0
TRACK,R185:NetLED_CHG_A,NetLED_CHG_A,Top Layer,19.825,40.325,20.675,41.175,0.2,,,"NetLED_CHG_A|Pad R_CHG_LED-2(18.2mm,40.65mm) on L6 BOTTOM|Pad LED_CHG-A(25.428mm,44.5mm) on L1 TOP",0
TRACK,R185:NetLED_CHG_A,NetLED_CHG_A,Top Layer,20.675,41.175,21.725,41.175,0.2,,,"NetLED_CHG_A|Pad R_CHG_LED-2(18.2mm,40.65mm) on L6 BOTTOM|Pad LED_CHG-A(25.428mm,44.5mm) on L1 TOP",0
TRACK,R185:NetLED_CHG_A,NetLED_CHG_A,Top Layer,21.725,41.175,24.725,44.175,0.2,,,"NetLED_CHG_A|Pad R_CHG_LED-2(18.2mm,40.65mm) on L6 BOTTOM|Pad LED_CHG-A(25.428mm,44.5mm) on L1 TOP",0
VIA,R185:NetLED_CHG_A,NetLED_CHG_A,Multi Layer,19.125,40.025,,,,0.6,0.3,"NetLED_CHG_A|Pad R_CHG_LED-2(18.2mm,40.65mm) on L6 BOTTOM|Pad LED_CHG-A(25.428mm,44.5mm) on L1 TOP",0
TRACK,R186:3V0_ANA,3V0_ANA,Bottom Layer,29.875,20.725,29.875,20.575,0.15,,,"3V0_ANA|Pad CU_22-1(30.05mm,20.95mm) on L6 BOTTOM|Pad INA2-5(30.475mm,20.55mm) on L1 TOP",0
TRACK,R186:3V0_ANA,3V0_ANA,Bottom Layer,29.875,20.575,29.325,20.025,0.15,,,"3V0_ANA|Pad CU_22-1(30.05mm,20.95mm) on L6 BOTTOM|Pad INA2-5(30.475mm,20.55mm) on L1 TOP",0
TRACK,R186:3V0_ANA,3V0_ANA,Bottom Layer,29.325,20.025,28.275,20.025,0.15,,,"3V0_ANA|Pad CU_22-1(30.05mm,20.95mm) on L6 BOTTOM|Pad INA2-5(30.475mm,20.55mm) on L1 TOP",0
TRACK,R186:3V0_ANA,3V0_ANA,Bottom Layer,28.275,20.025,27.875,19.625,0.15,,,"3V0_ANA|Pad CU_22-1(30.05mm,20.95mm) on L6 BOTTOM|Pad INA2-5(30.475mm,20.55mm) on L1 TOP",0
TRACK,R186:3V0_ANA,3V0_ANA,Bottom Layer,27.875,19.625,27.875,18.875,0.15,,,"3V0_ANA|Pad CU_22-1(30.05mm,20.95mm) on L6 BOTTOM|Pad INA2-5(30.475mm,20.55mm) on L1 TOP",0
TRACK,R186:3V0_ANA,3V0_ANA,Top Layer,27.875,18.875,28.225,18.875,0.15,,,"3V0_ANA|Pad CU_22-1(30.05mm,20.95mm) on L6 BOTTOM|Pad INA2-5(30.475mm,20.55mm) on L1 TOP",0
TRACK,R186:3V0_ANA,3V0_ANA,Top Layer,28.225,18.875,28.425,19.075,0.15,,,"3V0_ANA|Pad CU_22-1(30.05mm,20.95mm) on L6 BOTTOM|Pad INA2-5(30.475mm,20.55mm) on L1 TOP",0
TRACK,R186:3V0_ANA,3V0_ANA,Top Layer,28.425,19.075,29.725,19.075,0.15,,,"3V0_ANA|Pad CU_22-1(30.05mm,20.95mm) on L6 BOTTOM|Pad INA2-5(30.475mm,20.55mm) on L1 TOP",0
TRACK,R186:3V0_ANA,3V0_ANA,Top Layer,29.725,19.075,30.375,19.725,0.15,,,"3V0_ANA|Pad CU_22-1(30.05mm,20.95mm) on L6 BOTTOM|Pad INA2-5(30.475mm,20.55mm) on L1 TOP",0
TRACK,R186:3V0_ANA,3V0_ANA,Top Layer,30.375,19.725,30.375,20.025,0.15,,,"3V0_ANA|Pad CU_22-1(30.05mm,20.95mm) on L6 BOTTOM|Pad INA2-5(30.475mm,20.55mm) on L1 TOP",0
VIA,R186:3V0_ANA,3V0_ANA,Multi Layer,27.875,18.875,,,,0.6,0.3,"3V0_ANA|Pad CU_22-1(30.05mm,20.95mm) on L6 BOTTOM|Pad INA2-5(30.475mm,20.55mm) on L1 TOP",0
TRACK,R187:FG_ALRT,FG_ALRT,Bottom Layer,17.975,31.475,18.425,31.475,0.2,,,"FG_ALRT|Pad R_AL-1(17.636mm,31.475mm) on L6 BOTTOM|Pad UP4-5(18.775mm,31.525mm) on L6 BOTTOM",0
TRACK,R188:VDiv,VDiv,Bottom Layer,14.275,26.175,14.275,25.175,0.2,,,"VDiv|Pad Cdiv_10uF-2(13.95mm,26.8mm) on L6 BOTTOM|Pad RV2-2(14.6mm,24.8mm) on L6 BOTTOM",0
TRACK,R188:VDiv,VDiv,Bottom Layer,14.275,25.175,14.375,25.075,0.2,,,"VDiv|Pad Cdiv_10uF-2(13.95mm,26.8mm) on L6 BOTTOM|Pad RV2-2(14.6mm,24.8mm) on L6 BOTTOM",0
TRACK,R189:MCU_PWR_INT_N,MCU_PWR_INT_N,Top Layer,60.575,42.525,60.575,37.275,0.2,,,"MCU_PWR_INT_N|Pad U_MCU1-83(60.58mm,43.238mm) on L1 TOP [Unplated]|Pad U_EN1-5(61.18mm,36.675mm) on L6 BOTTOM",0
TRACK,R189:MCU_PWR_INT_N,MCU_PWR_INT_N,Top Layer,60.575,37.275,60.025,36.725,0.2,,,"MCU_PWR_INT_N|Pad U_MCU1-83(60.58mm,43.238mm) on L1 TOP [Unplated]|Pad U_EN1-5(61.18mm,36.675mm) on L6 BOTTOM",0
TRACK,R189:MCU_PWR_INT_N,MCU_PWR_INT_N,Bottom Layer,60.025,36.725,60.575,36.725,0.2,,,"MCU_PWR_INT_N|Pad U_MCU1-83(60.58mm,43.238mm) on L1 TOP [Unplated]|Pad U_EN1-5(61.18mm,36.675mm) on L6 BOTTOM",0
VIA,R189:MCU_PWR_INT_N,MCU_PWR_INT_N,Multi Layer,60.025,36.725,,,,0.6,0.3,"MCU_PWR_INT_N|Pad U_MCU1-83(60.58mm,43.238mm) on L1 TOP [Unplated]|Pad U_EN1-5(61.18mm,36.675mm) on L6 BOTTOM",0
TRACK,R191:KILL_CTRL,KILL_CTRL,Bottom Layer,58.125,38.225,58.275,38.375,0.2,,,"KILL_CTRL|Pad Q_SHDN-3(57.4mm,37.95mm) on L6 BOTTOM|Pad R_KILL_PU-1(60.066mm,39.45mm) on L6 BOTTOM",0
TRACK,R191:KILL_CTRL,KILL_CTRL,Bottom Layer,58.275,38.375,58.275,38.475,0.2,,,"KILL_CTRL|Pad Q_SHDN-3(57.4mm,37.95mm) on L6 BOTTOM|Pad R_KILL_PU-1(60.066mm,39.45mm) on L6 BOTTOM",0
TRACK,R191:KILL_CTRL,KILL_CTRL,Bottom Layer,58.275,38.475,58.475,38.675,0.2,,,"KILL_CTRL|Pad Q_SHDN-3(57.4mm,37.95mm) on L6 BOTTOM|Pad R_KILL_PU-1(60.066mm,39.45mm) on L6 BOTTOM",0
TRACK,R191:KILL_CTRL,KILL_CTRL,Bottom Layer,58.475,38.675,59.675,38.675,0.2,,,"KILL_CTRL|Pad Q_SHDN-3(57.4mm,37.95mm) on L6 BOTTOM|Pad R_KILL_PU-1(60.066mm,39.45mm) on L6 BOTTOM",0
TRACK,R191:KILL_CTRL,KILL_CTRL,Bottom Layer,59.675,38.675,59.925,38.925,0.2,,,"KILL_CTRL|Pad Q_SHDN-3(57.4mm,37.95mm) on L6 BOTTOM|Pad R_KILL_PU-1(60.066mm,39.45mm) on L6 BOTTOM",0
TRACK,R191:KILL_CTRL,KILL_CTRL,Bottom Layer,59.925,38.925,59.925,39.175,0.2,,,"KILL_CTRL|Pad Q_SHDN-3(57.4mm,37.95mm) on L6 BOTTOM|Pad R_KILL_PU-1(60.066mm,39.45mm) on L6 BOTTOM",0
TRACK,R192:WIFI_BOOT VIP,WIFI_BOOT,Top Layer,31.075,41.175,32.325,41.175,0.2,,,"WIFI_BOOT|Pad U_WIFI1-3(30.694mm,41.205mm) on L1 TOP [Unplated]|Pad TP_WIFI_BOOT-TP(32.693mm,41.141mm) on L6 BOTTOM",0
VIA,R192:WIFI_BOOT VIP,WIFI_BOOT,Multi Layer,32.325,41.175,,,,0.6,0.3,"WIFI_BOOT|Pad U_WIFI1-3(30.694mm,41.205mm) on L1 TOP [Unplated]|Pad TP_WIFI_BOOT-TP(32.693mm,41.141mm) on L6 BOTTOM",0
TRACK,R193:WIFI_CHIP_EN VIP,WIFI_CHIP_EN,Top Layer,43.975,34.675,43.975,34.425,0.2,,,"WIFI_CHIP_EN|Pad C_WIFI_EN-1(43.901mm,34.855mm) on L1 TOP|Pad TP_WIFI_CHIP_EN-TP(44.926mm,33.655mm) on L6 BOTTOM",0
TRACK,R193:WIFI_CHIP_EN VIP,WIFI_CHIP_EN,Top Layer,43.975,34.425,44.575,33.825,0.2,,,"WIFI_CHIP_EN|Pad C_WIFI_EN-1(43.901mm,34.855mm) on L1 TOP|Pad TP_WIFI_CHIP_EN-TP(44.926mm,33.655mm) on L6 BOTTOM",0
VIA,R193:WIFI_CHIP_EN VIP,WIFI_CHIP_EN,Multi Layer,44.575,33.825,,,,0.6,0.3,"WIFI_CHIP_EN|Pad C_WIFI_EN-1(43.901mm,34.855mm) on L1 TOP|Pad TP_WIFI_CHIP_EN-TP(44.926mm,33.655mm) on L6 BOTTOM",0
TRACK,R194:WIFI_UART_RX VIP,WIFI_UART_RX,Bottom Layer,43.375,40.625,43.375,40.125,0.2,,,"WIFI_UART_RX|Pad R_WIFI_UART_TX_LINK-1(43.226mm,40.805mm) on L6 BOTTOM|Pad TP_WIFI_UART_RX-TP(47.268mm,37.227mm) on L6 BOTTOM",0
TRACK,R194:WIFI_UART_RX VIP,WIFI_UART_RX,Mid Layer 2,43.375,40.125,46.075,37.425,0.2,,,"WIFI_UART_RX|Pad R_WIFI_UART_TX_LINK-1(43.226mm,40.805mm) on L6 BOTTOM|Pad TP_WIFI_UART_RX-TP(47.268mm,37.227mm) on L6 BOTTOM",0
TRACK,R194:WIFI_UART_RX VIP,WIFI_UART_RX,Mid Layer 2,46.075,37.425,46.925,37.425,0.2,,,"WIFI_UART_RX|Pad R_WIFI_UART_TX_LINK-1(43.226mm,40.805mm) on L6 BOTTOM|Pad TP_WIFI_UART_RX-TP(47.268mm,37.227mm) on L6 BOTTOM",0
VIA,R194:WIFI_UART_RX VIP,WIFI_UART_RX,Multi Layer,43.375,40.125,,,,0.6,0.3,"WIFI_UART_RX|Pad R_WIFI_UART_TX_LINK-1(43.226mm,40.805mm) on L6 BOTTOM|Pad TP_WIFI_UART_RX-TP(47.268mm,37.227mm) on L6 BOTTOM",0
VIA,R194:WIFI_UART_RX VIP,WIFI_UART_RX,Multi Layer,46.925,37.425,,,,0.6,0.3,"WIFI_UART_RX|Pad R_WIFI_UART_TX_LINK-1(43.226mm,40.805mm) on L6 BOTTOM|Pad TP_WIFI_UART_RX-TP(47.268mm,37.227mm) on L6 BOTTOM",0
TRACK,R196:NetC1_EN1_2,NetC1_EN1_2,Bottom Layer,64.225,38.825,64.225,39.175,0.2,,,"NetC1_EN1_2|Pad U_EN1-1(63.8mm,38.625mm) on L6 BOTTOM|Pad C1_EN1-2(64.311mm,39.35mm) on L6 BOTTOM",0
TRACK,R197:3V0_ANA,3V0_ANA,Top Layer,63.025,20.575,63.825,20.575,0.4,,,"3V0_ANA|Pad INA5-5(62.875mm,20.55mm) on L1 TOP|Pad CCU10-1(64.071mm,20.55mm) on L1 TOP",0
TRACK,R198:NetLED_CHG_C,NetLED_CHG_C,Bottom Layer,15.275,40.275,15.275,40.775,0.2,,,"NetLED_CHG_C|Pad UP1-9(15mm,40.15mm) on L6 BOTTOM|Pad LED_CHG-C(25.428mm,42.7mm) on L1 TOP",0
TRACK,R198:NetLED_CHG_C,NetLED_CHG_C,Mid Layer 2,15.275,40.775,16.3,40.775,0.2,,,"NetLED_CHG_C|Pad UP1-9(15mm,40.15mm) on L6 BOTTOM|Pad LED_CHG-C(25.428mm,42.7mm) on L1 TOP",0
TRACK,R198:NetLED_CHG_C,NetLED_CHG_C,Mid Layer 2,16.3,40.775,22.225,40.775,0.2,,,"NetLED_CHG_C|Pad UP1-9(15mm,40.15mm) on L6 BOTTOM|Pad LED_CHG-C(25.428mm,42.7mm) on L1 TOP",0
TRACK,R198:NetLED_CHG_C,NetLED_CHG_C,Top Layer,22.225,40.775,23.825,42.375,0.2,,,"NetLED_CHG_C|Pad UP1-9(15mm,40.15mm) on L6 BOTTOM|Pad LED_CHG-C(25.428mm,42.7mm) on L1 TOP",0
TRACK,R198:NetLED_CHG_C,NetLED_CHG_C,Top Layer,23.825,42.375,24.725,42.375,0.2,,,"NetLED_CHG_C|Pad UP1-9(15mm,40.15mm) on L6 BOTTOM|Pad LED_CHG-C(25.428mm,42.7mm) on L1 TOP",0
VIA,R198:NetLED_CHG_C,NetLED_CHG_C,Multi Layer,15.275,40.775,,,,0.6,0.3,"NetLED_CHG_C|Pad UP1-9(15mm,40.15mm) on L6 BOTTOM|Pad LED_CHG-C(25.428mm,42.7mm) on L1 TOP",0
VIA,R198:NetLED_CHG_C,NetLED_CHG_C,Multi Layer,22.225,40.775,,,,0.6,0.3,"NetLED_CHG_C|Pad UP1-9(15mm,40.15mm) on L6 BOTTOM|Pad LED_CHG-C(25.428mm,42.7mm) on L1 TOP",0
TRACK,R199:VBAT_CELL VIP,VBAT_CELL,Mid Layer 4,13.025,41.775,15.325,41.775,0.4,,,"VBAT_CELL|Pad C_BAT-1(12.933mm,42.079mm) on L6 BOTTOM|Pad J_Li-Po-3(24.369mm,40.534mm) on Multi-Layer",0
TRACK,R199:VBAT_CELL VIP,VBAT_CELL,Mid Layer 4,15.325,41.775,15.475,41.625,0.4,,,"VBAT_CELL|Pad C_BAT-1(12.933mm,42.079mm) on L6 BOTTOM|Pad J_Li-Po-3(24.369mm,40.534mm) on Multi-Layer",0
TRACK,R199:VBAT_CELL VIP,VBAT_CELL,Mid Layer 4,15.475,41.625,15.525,41.625,0.4,,,"VBAT_CELL|Pad C_BAT-1(12.933mm,42.079mm) on L6 BOTTOM|Pad J_Li-Po-3(24.369mm,40.534mm) on Multi-Layer",0
TRACK,R199:VBAT_CELL VIP,VBAT_CELL,Mid Layer 4,15.525,41.625,15.525,41.575,0.4,,,"VBAT_CELL|Pad C_BAT-1(12.933mm,42.079mm) on L6 BOTTOM|Pad J_Li-Po-3(24.369mm,40.534mm) on Multi-Layer",0
TRACK,R199:VBAT_CELL VIP,VBAT_CELL,Mid Layer 4,15.525,41.575,15.625,41.575,0.4,,,"VBAT_CELL|Pad C_BAT-1(12.933mm,42.079mm) on L6 BOTTOM|Pad J_Li-Po-3(24.369mm,40.534mm) on Multi-Layer",0
TRACK,R199:VBAT_CELL VIP,VBAT_CELL,Mid Layer 4,15.625,41.575,15.625,41.525,0.4,,,"VBAT_CELL|Pad C_BAT-1(12.933mm,42.079mm) on L6 BOTTOM|Pad J_Li-Po-3(24.369mm,40.534mm) on Multi-Layer",0
TRACK,R199:VBAT_CELL VIP,VBAT_CELL,Mid Layer 4,15.625,41.525,15.725,41.525,0.4,,,"VBAT_CELL|Pad C_BAT-1(12.933mm,42.079mm) on L6 BOTTOM|Pad J_Li-Po-3(24.369mm,40.534mm) on Multi-Layer",0
TRACK,R199:VBAT_CELL VIP,VBAT_CELL,Mid Layer 4,15.725,41.525,15.725,41.475,0.4,,,"VBAT_CELL|Pad C_BAT-1(12.933mm,42.079mm) on L6 BOTTOM|Pad J_Li-Po-3(24.369mm,40.534mm) on Multi-Layer",0
TRACK,R199:VBAT_CELL VIP,VBAT_CELL,Mid Layer 4,15.725,41.475,15.825,41.475,0.4,,,"VBAT_CELL|Pad C_BAT-1(12.933mm,42.079mm) on L6 BOTTOM|Pad J_Li-Po-3(24.369mm,40.534mm) on Multi-Layer",0
TRACK,R199:VBAT_CELL VIP,VBAT_CELL,Mid Layer 4,15.825,41.475,15.825,41.425,0.4,,,"VBAT_CELL|Pad C_BAT-1(12.933mm,42.079mm) on L6 BOTTOM|Pad J_Li-Po-3(24.369mm,40.534mm) on Multi-Layer",0
TRACK,R199:VBAT_CELL VIP,VBAT_CELL,Mid Layer 4,15.825,41.425,16.3,41.425,0.4,,,"VBAT_CELL|Pad C_BAT-1(12.933mm,42.079mm) on L6 BOTTOM|Pad J_Li-Po-3(24.369mm,40.534mm) on Multi-Layer",0
TRACK,R199:VBAT_CELL VIP,VBAT_CELL,Mid Layer 4,16.3,41.425,21.575,41.425,0.4,,,"VBAT_CELL|Pad C_BAT-1(12.933mm,42.079mm) on L6 BOTTOM|Pad J_Li-Po-3(24.369mm,40.534mm) on Multi-Layer",0
TRACK,R199:VBAT_CELL VIP,VBAT_CELL,Mid Layer 4,21.575,41.425,21.775,41.625,0.4,,,"VBAT_CELL|Pad C_BAT-1(12.933mm,42.079mm) on L6 BOTTOM|Pad J_Li-Po-3(24.369mm,40.534mm) on Multi-Layer",0
TRACK,R199:VBAT_CELL VIP,VBAT_CELL,Mid Layer 4,21.775,41.625,22.925,41.625,0.4,,,"VBAT_CELL|Pad C_BAT-1(12.933mm,42.079mm) on L6 BOTTOM|Pad J_Li-Po-3(24.369mm,40.534mm) on Multi-Layer",0
TRACK,R199:VBAT_CELL VIP,VBAT_CELL,Mid Layer 4,22.925,41.625,23.675,40.875,0.4,,,"VBAT_CELL|Pad C_BAT-1(12.933mm,42.079mm) on L6 BOTTOM|Pad J_Li-Po-3(24.369mm,40.534mm) on Multi-Layer",0
VIA,R199:VBAT_CELL VIP,VBAT_CELL,Multi Layer,13.025,41.775,,,,0.6,0.3,"VBAT_CELL|Pad C_BAT-1(12.933mm,42.079mm) on L6 BOTTOM|Pad J_Li-Po-3(24.369mm,40.534mm) on Multi-Layer",0
TRACK,R200:VDiv,VDiv,Bottom Layer,14.825,24.525,15.225,24.125,0.2,,,"VDiv|Pad RV2-2(14.6mm,24.8mm) on L6 BOTTOM|Pad Cdiv_1-2(16.479mm,24.8mm) on L6 BOTTOM",0
TRACK,R200:VDiv,VDiv,Bottom Layer,15.225,24.125,16.175,24.125,0.2,,,"VDiv|Pad RV2-2(14.6mm,24.8mm) on L6 BOTTOM|Pad Cdiv_1-2(16.479mm,24.8mm) on L6 BOTTOM",0
TRACK,R200:VDiv,VDiv,Bottom Layer,16.175,24.125,16.425,24.375,0.2,,,"VDiv|Pad RV2-2(14.6mm,24.8mm) on L6 BOTTOM|Pad Cdiv_1-2(16.479mm,24.8mm) on L6 BOTTOM",0
TRACK,R200:VDiv,VDiv,Bottom Layer,16.425,24.375,16.425,24.625,0.2,,,"VDiv|Pad RV2-2(14.6mm,24.8mm) on L6 BOTTOM|Pad Cdiv_1-2(16.479mm,24.8mm) on L6 BOTTOM",0
TRACK,R201:MCU_SPI_SCK,MCU_SPI_SCK,Top Layer,54.125,27.075,54.125,26.875,0.15,,,"MCU_SPI_SCK|Pad U_MCU1-30(54.08mm,27.762mm) on L1 TOP [Unplated]|Pad R_SPI_SCK-2(55.68mm,26.562mm) on L1 TOP",0
TRACK,R201:MCU_SPI_SCK,MCU_SPI_SCK,Top Layer,54.125,26.875,54.175,26.875,0.15,,,"MCU_SPI_SCK|Pad U_MCU1-30(54.08mm,27.762mm) on L1 TOP [Unplated]|Pad R_SPI_SCK-2(55.68mm,26.562mm) on L1 TOP",0
TRACK,R201:MCU_SPI_SCK,MCU_SPI_SCK,Top Layer,54.175,26.875,54.175,26.775,0.15,,,"MCU_SPI_SCK|Pad U_MCU1-30(54.08mm,27.762mm) on L1 TOP [Unplated]|Pad R_SPI_SCK-2(55.68mm,26.562mm) on L1 TOP",0
TRACK,R201:MCU_SPI_SCK,MCU_SPI_SCK,Top Layer,54.175,26.775,54.225,26.775,0.15,,,"MCU_SPI_SCK|Pad U_MCU1-30(54.08mm,27.762mm) on L1 TOP [Unplated]|Pad R_SPI_SCK-2(55.68mm,26.562mm) on L1 TOP",0
TRACK,R201:MCU_SPI_SCK,MCU_SPI_SCK,Top Layer,54.225,26.775,54.325,26.675,0.15,,,"MCU_SPI_SCK|Pad U_MCU1-30(54.08mm,27.762mm) on L1 TOP [Unplated]|Pad R_SPI_SCK-2(55.68mm,26.562mm) on L1 TOP",0
TRACK,R201:MCU_SPI_SCK,MCU_SPI_SCK,Top Layer,54.325,26.675,55.475,26.675,0.15,,,"MCU_SPI_SCK|Pad U_MCU1-30(54.08mm,27.762mm) on L1 TOP [Unplated]|Pad R_SPI_SCK-2(55.68mm,26.562mm) on L1 TOP",0
TRACK,R202:3V0_ANA,3V0_ANA,Bottom Layer,12.925,14.575,11.975,14.575,0.15,,,"3V0_ANA|Pad C_DRL_DEC-1(13.106mm,14.528mm) on L6 BOTTOM|Via (15.95mm,12.55mm) from L1 TOP to L6 BOTTOM",0
TRACK,R202:3V0_ANA,3V0_ANA,Bottom Layer,11.975,14.575,11.9058,14.5058,0.15,,,"3V0_ANA|Pad C_DRL_DEC-1(13.106mm,14.528mm) on L6 BOTTOM|Via (15.95mm,12.55mm) from L1 TOP to L6 BOTTOM",0
TRACK,R202:3V0_ANA,3V0_ANA,Bottom Layer,11.9058,14.5058,11.325,13.925,0.15,,,"3V0_ANA|Pad C_DRL_DEC-1(13.106mm,14.528mm) on L6 BOTTOM|Via (15.95mm,12.55mm) from L1 TOP to L6 BOTTOM",0
TRACK,R202:3V0_ANA,3V0_ANA,Mid Layer 4,11.325,13.925,11.9058,14.5058,0.15,,,"3V0_ANA|Pad C_DRL_DEC-1(13.106mm,14.528mm) on L6 BOTTOM|Via (15.95mm,12.55mm) from L1 TOP to L6 BOTTOM",0
TRACK,R202:3V0_ANA,3V0_ANA,Mid Layer 4,11.9058,14.5058,11.975,14.575,0.15,,,"3V0_ANA|Pad C_DRL_DEC-1(13.106mm,14.528mm) on L6 BOTTOM|Via (15.95mm,12.55mm) from L1 TOP to L6 BOTTOM",0
TRACK,R202:3V0_ANA,3V0_ANA,Mid Layer 4,11.975,14.575,13.45,14.575,0.15,,,"3V0_ANA|Pad C_DRL_DEC-1(13.106mm,14.528mm) on L6 BOTTOM|Via (15.95mm,12.55mm) from L1 TOP to L6 BOTTOM",0
TRACK,R202:3V0_ANA,3V0_ANA,Mid Layer 4,13.45,14.575,15.025,14.575,0.15,,,"3V0_ANA|Pad C_DRL_DEC-1(13.106mm,14.528mm) on L6 BOTTOM|Via (15.95mm,12.55mm) from L1 TOP to L6 BOTTOM",0
TRACK,R202:3V0_ANA,3V0_ANA,Mid Layer 4,15.025,14.575,15.1058,14.4942,0.15,,,"3V0_ANA|Pad C_DRL_DEC-1(13.106mm,14.528mm) on L6 BOTTOM|Via (15.95mm,12.55mm) from L1 TOP to L6 BOTTOM",0
TRACK,R202:3V0_ANA,3V0_ANA,Mid Layer 4,15.1058,14.4942,15.975,13.625,0.15,,,"3V0_ANA|Pad C_DRL_DEC-1(13.106mm,14.528mm) on L6 BOTTOM|Via (15.95mm,12.55mm) from L1 TOP to L6 BOTTOM",0
TRACK,R202:3V0_ANA,3V0_ANA,Mid Layer 4,15.975,13.625,15.975,13.575,0.15,,,"3V0_ANA|Pad C_DRL_DEC-1(13.106mm,14.528mm) on L6 BOTTOM|Via (15.95mm,12.55mm) from L1 TOP to L6 BOTTOM",0
TRACK,R202:3V0_ANA,3V0_ANA,Mid Layer 4,15.975,13.575,16.025,13.575,0.15,,,"3V0_ANA|Pad C_DRL_DEC-1(13.106mm,14.528mm) on L6 BOTTOM|Via (15.95mm,12.55mm) from L1 TOP to L6 BOTTOM",0
TRACK,R202:3V0_ANA,3V0_ANA,Mid Layer 4,16.025,13.575,16.025,13.525,0.15,,,"3V0_ANA|Pad C_DRL_DEC-1(13.106mm,14.528mm) on L6 BOTTOM|Via (15.95mm,12.55mm) from L1 TOP to L6 BOTTOM",0
TRACK,R202:3V0_ANA,3V0_ANA,Mid Layer 4,16.025,13.525,16.075,13.525,0.15,,,"3V0_ANA|Pad C_DRL_DEC-1(13.106mm,14.528mm) on L6 BOTTOM|Via (15.95mm,12.55mm) from L1 TOP to L6 BOTTOM",0
TRACK,R202:3V0_ANA,3V0_ANA,Mid Layer 4,16.075,13.525,16.075,13.475,0.15,,,"3V0_ANA|Pad C_DRL_DEC-1(13.106mm,14.528mm) on L6 BOTTOM|Via (15.95mm,12.55mm) from L1 TOP to L6 BOTTOM",0
TRACK,R202:3V0_ANA,3V0_ANA,Mid Layer 4,16.075,13.475,16.125,13.425,0.15,,,"3V0_ANA|Pad C_DRL_DEC-1(13.106mm,14.528mm) on L6 BOTTOM|Via (15.95mm,12.55mm) from L1 TOP to L6 BOTTOM",0
TRACK,R202:3V0_ANA,3V0_ANA,Mid Layer 4,16.125,13.425,16.125,12.775,0.15,,,"3V0_ANA|Pad C_DRL_DEC-1(13.106mm,14.528mm) on L6 BOTTOM|Via (15.95mm,12.55mm) from L1 TOP to L6 BOTTOM",0
VIA,R202:3V0_ANA,3V0_ANA,Multi Layer,11.325,13.925,,,,0.6,0.3,"3V0_ANA|Pad C_DRL_DEC-1(13.106mm,14.528mm) on L6 BOTTOM|Via (15.95mm,12.55mm) from L1 TOP to L6 BOTTOM",0
TRACK,R203:3V3_DIG,3V3_DIG,Top Layer,66.525,40.575,66.725,40.575,0.15,,,"3V3_DIG|Pad U_MCU1-73(65.818mm,40.5mm) on L1 TOP [Unplated]|Pad U_MCU1-75(65.818mm,41.5mm) on L1 TOP [Unplated]",0
TRACK,R203:3V3_DIG,3V3_DIG,Top Layer,66.725,40.575,66.825,40.675,0.15,,,"3V3_DIG|Pad U_MCU1-73(65.818mm,40.5mm) on L1 TOP [Unplated]|Pad U_MCU1-75(65.818mm,41.5mm) on L1 TOP [Unplated]",0
TRACK,R203:3V3_DIG,3V3_DIG,Top Layer,66.825,40.675,66.825,41.375,0.15,,,"3V3_DIG|Pad U_MCU1-73(65.818mm,40.5mm) on L1 TOP [Unplated]|Pad U_MCU1-75(65.818mm,41.5mm) on L1 TOP [Unplated]",0
TRACK,R203:3V3_DIG,3V3_DIG,Top Layer,66.825,41.375,66.725,41.475,0.15,,,"3V3_DIG|Pad U_MCU1-73(65.818mm,40.5mm) on L1 TOP [Unplated]|Pad U_MCU1-75(65.818mm,41.5mm) on L1 TOP [Unplated]",0
TRACK,R203:3V3_DIG,3V3_DIG,Top Layer,66.725,41.475,66.525,41.475,0.15,,,"3V3_DIG|Pad U_MCU1-73(65.818mm,40.5mm) on L1 TOP [Unplated]|Pad U_MCU1-75(65.818mm,41.5mm) on L1 TOP [Unplated]",0
TRACK,R204:VDiv,VDiv,Bottom Layer,11.725,24.525,11.725,24.025,0.2,,,"VDiv|Pad RV1-1(11.5mm,24.8mm) on L6 BOTTOM|Pad RV2-2(14.6mm,24.8mm) on L6 BOTTOM",0
TRACK,R204:VDiv,VDiv,Top Layer,11.725,24.025,12.475,24.775,0.2,,,"VDiv|Pad RV1-1(11.5mm,24.8mm) on L6 BOTTOM|Pad RV2-2(14.6mm,24.8mm) on L6 BOTTOM",0
TRACK,R204:VDiv,VDiv,Top Layer,12.475,24.775,13.325,24.775,0.2,,,"VDiv|Pad RV1-1(11.5mm,24.8mm) on L6 BOTTOM|Pad RV2-2(14.6mm,24.8mm) on L6 BOTTOM",0
TRACK,R204:VDiv,VDiv,Top Layer,13.325,24.775,14.175,25.625,0.2,,,"VDiv|Pad RV1-1(11.5mm,24.8mm) on L6 BOTTOM|Pad RV2-2(14.6mm,24.8mm) on L6 BOTTOM",0
VIA,R204:VDiv,VDiv,Multi Layer,11.725,24.025,,,,0.6,0.3,"VDiv|Pad RV1-1(11.5mm,24.8mm) on L6 BOTTOM|Pad RV2-2(14.6mm,24.8mm) on L6 BOTTOM",0
VIA,R204:VDiv,VDiv,Multi Layer,14.175,25.625,,,,0.6,0.3,"VDiv|Pad RV1-1(11.5mm,24.8mm) on L6 BOTTOM|Pad RV2-2(14.6mm,24.8mm) on L6 BOTTOM",0
TRACK,R205:3V3_DIG VIP,3V3_DIG,Mid Layer 4,59.025,39.525,62.475,39.525,0.4,,,"3V3_DIG|Pad R_KILL_PU-2(59.114mm,39.45mm) on L6 BOTTOM|Pad U_MCU1-73(65.818mm,40.5mm) on L1 TOP [Unplated]",0
TRACK,R205:3V3_DIG VIP,3V3_DIG,Mid Layer 4,62.475,39.525,64.575,41.625,0.4,,,"3V3_DIG|Pad R_KILL_PU-2(59.114mm,39.45mm) on L6 BOTTOM|Pad U_MCU1-73(65.818mm,40.5mm) on L1 TOP [Unplated]",0
TRACK,R205:3V3_DIG VIP,3V3_DIG,Top Layer,64.575,41.625,65.125,41.625,0.4,,,"3V3_DIG|Pad R_KILL_PU-2(59.114mm,39.45mm) on L6 BOTTOM|Pad U_MCU1-73(65.818mm,40.5mm) on L1 TOP [Unplated]",0
VIA,R205:3V3_DIG VIP,3V3_DIG,Multi Layer,59.025,39.525,,,,0.6,0.3,"3V3_DIG|Pad R_KILL_PU-2(59.114mm,39.45mm) on L6 BOTTOM|Pad U_MCU1-73(65.818mm,40.5mm) on L1 TOP [Unplated]",0
VIA,R205:3V3_DIG VIP,3V3_DIG,Multi Layer,64.575,41.625,,,,0.6,0.3,"3V3_DIG|Pad R_KILL_PU-2(59.114mm,39.45mm) on L6 BOTTOM|Pad U_MCU1-73(65.818mm,40.5mm) on L1 TOP [Unplated]",0
TRACK,R206:3V3_DIG,3V3_DIG,Bottom Layer,37.375,30.325,37.375,29.575,0.4,,,"3V3_DIG|Pad CUP5_5-1(37.3mm,30.937mm) on L6 BOTTOM|Pad CUP5_1-1(37.45mm,29.338mm) on L6 BOTTOM",0
TRACK,R207:MCU_BOOT0 VIP,MCU_BOOT0,Top Layer,55.075,42.525,55.075,41.575,0.2,,,"MCU_BOOT0|Pad U_MCU1-94(55.08mm,43.238mm) on L1 TOP [Unplated]|Pad TP_MCU_BOOT0-TP(55.28mm,41.238mm) on L6 BOTTOM",0
VIA,R207:MCU_BOOT0 VIP,MCU_BOOT0,Multi Layer,55.075,41.575,,,,0.6,0.3,"MCU_BOOT0|Pad U_MCU1-94(55.08mm,43.238mm) on L1 TOP [Unplated]|Pad TP_MCU_BOOT0-TP(55.28mm,41.238mm) on L6 BOTTOM",0
TRACK,R208:USB_PGOOD_N,USB_PGOOD_N,Bottom Layer,13.875,41.075,13.875,42.1,0.15,,,"USB_PGOOD_N|Pad UP1-7(13.85mm,40.8mm) on L6 BOTTOM|Pad U_MCU1-82(61.08mm,43.238mm) on L1 TOP [Unplated]",0
TRACK,R208:USB_PGOOD_N,USB_PGOOD_N,Bottom Layer,13.875,42.1,13.875,42.575,0.15,,,"USB_PGOOD_N|Pad UP1-7(13.85mm,40.8mm) on L6 BOTTOM|Pad U_MCU1-82(61.08mm,43.238mm) on L1 TOP [Unplated]",0
TRACK,R208:USB_PGOOD_N,USB_PGOOD_N,Mid Layer 2,13.875,42.575,14.775,42.575,0.15,,,"USB_PGOOD_N|Pad UP1-7(13.85mm,40.8mm) on L6 BOTTOM|Pad U_MCU1-82(61.08mm,43.238mm) on L1 TOP [Unplated]",0
TRACK,R208:USB_PGOOD_N,USB_PGOOD_N,Mid Layer 2,14.775,42.575,15.25,42.1,0.15,,,"USB_PGOOD_N|Pad UP1-7(13.85mm,40.8mm) on L6 BOTTOM|Pad U_MCU1-82(61.08mm,43.238mm) on L1 TOP [Unplated]",0
TRACK,R208:USB_PGOOD_N,USB_PGOOD_N,Mid Layer 2,15.25,42.1,15.725,41.625,0.15,,,"USB_PGOOD_N|Pad UP1-7(13.85mm,40.8mm) on L6 BOTTOM|Pad U_MCU1-82(61.08mm,43.238mm) on L1 TOP [Unplated]",0
TRACK,R208:USB_PGOOD_N,USB_PGOOD_N,Mid Layer 2,15.725,41.625,16.3,41.625,0.15,,,"USB_PGOOD_N|Pad UP1-7(13.85mm,40.8mm) on L6 BOTTOM|Pad U_MCU1-82(61.08mm,43.238mm) on L1 TOP [Unplated]",0
TRACK,R208:USB_PGOOD_N,USB_PGOOD_N,Mid Layer 2,16.3,41.625,23.825,41.625,0.15,,,"USB_PGOOD_N|Pad UP1-7(13.85mm,40.8mm) on L6 BOTTOM|Pad U_MCU1-82(61.08mm,43.238mm) on L1 TOP [Unplated]",0
TRACK,R208:USB_PGOOD_N,USB_PGOOD_N,Mid Layer 2,23.825,41.625,25.675,43.475,0.15,,,"USB_PGOOD_N|Pad UP1-7(13.85mm,40.8mm) on L6 BOTTOM|Pad U_MCU1-82(61.08mm,43.238mm) on L1 TOP [Unplated]",0
TRACK,R208:USB_PGOOD_N,USB_PGOOD_N,Mid Layer 2,25.675,43.475,48.6045,43.475,0.15,,,"USB_PGOOD_N|Pad UP1-7(13.85mm,40.8mm) on L6 BOTTOM|Pad U_MCU1-82(61.08mm,43.238mm) on L1 TOP [Unplated]",0
TRACK,R208:USB_PGOOD_N,USB_PGOOD_N,Mid Layer 2,48.6045,43.475,57.175,43.475,0.15,,,"USB_PGOOD_N|Pad UP1-7(13.85mm,40.8mm) on L6 BOTTOM|Pad U_MCU1-82(61.08mm,43.238mm) on L1 TOP [Unplated]",0
TRACK,R208:USB_PGOOD_N,USB_PGOOD_N,Mid Layer 2,57.175,43.475,58.275,44.575,0.15,,,"USB_PGOOD_N|Pad UP1-7(13.85mm,40.8mm) on L6 BOTTOM|Pad U_MCU1-82(61.08mm,43.238mm) on L1 TOP [Unplated]",0
TRACK,R208:USB_PGOOD_N,USB_PGOOD_N,Top Layer,58.275,44.575,60.675,44.575,0.15,,,"USB_PGOOD_N|Pad UP1-7(13.85mm,40.8mm) on L6 BOTTOM|Pad U_MCU1-82(61.08mm,43.238mm) on L1 TOP [Unplated]",0
TRACK,R208:USB_PGOOD_N,USB_PGOOD_N,Top Layer,60.675,44.575,61.025,44.225,0.15,,,"USB_PGOOD_N|Pad UP1-7(13.85mm,40.8mm) on L6 BOTTOM|Pad U_MCU1-82(61.08mm,43.238mm) on L1 TOP [Unplated]",0
TRACK,R208:USB_PGOOD_N,USB_PGOOD_N,Top Layer,61.025,44.225,61.025,43.975,0.15,,,"USB_PGOOD_N|Pad UP1-7(13.85mm,40.8mm) on L6 BOTTOM|Pad U_MCU1-82(61.08mm,43.238mm) on L1 TOP [Unplated]",0
VIA,R208:USB_PGOOD_N,USB_PGOOD_N,Multi Layer,13.875,42.575,,,,0.45,0.2,"USB_PGOOD_N|Pad UP1-7(13.85mm,40.8mm) on L6 BOTTOM|Pad U_MCU1-82(61.08mm,43.238mm) on L1 TOP [Unplated]",0
VIA,R208:USB_PGOOD_N,USB_PGOOD_N,Multi Layer,58.275,44.575,,,,0.45,0.2,"USB_PGOOD_N|Pad UP1-7(13.85mm,40.8mm) on L6 BOTTOM|Pad U_MCU1-82(61.08mm,43.238mm) on L1 TOP [Unplated]",0
TRACK,R209:VDiv,VDiv,Top Layer,11.975,23.925,13.825,22.075,0.2,,,"VDiv|Pad RV1-1(11.5mm,24.8mm) on L6 BOTTOM|Pad U1-12(11.75mm,21.05mm) on L6 BOTTOM",0
TRACK,R209:VDiv,VDiv,Top Layer,13.825,22.075,13.825,21.175,0.2,,,"VDiv|Pad RV1-1(11.5mm,24.8mm) on L6 BOTTOM|Pad U1-12(11.75mm,21.05mm) on L6 BOTTOM",0
TRACK,R209:VDiv,VDiv,Top Layer,13.825,21.175,13.775,21.125,0.2,,,"VDiv|Pad RV1-1(11.5mm,24.8mm) on L6 BOTTOM|Pad U1-12(11.75mm,21.05mm) on L6 BOTTOM",0
TRACK,R209:VDiv,VDiv,Bottom Layer,13.775,21.125,13.575,21.125,0.2,,,"VDiv|Pad RV1-1(11.5mm,24.8mm) on L6 BOTTOM|Pad U1-12(11.75mm,21.05mm) on L6 BOTTOM",0
TRACK,R209:VDiv,VDiv,Bottom Layer,13.575,21.125,13.375,20.925,0.2,,,"VDiv|Pad RV1-1(11.5mm,24.8mm) on L6 BOTTOM|Pad U1-12(11.75mm,21.05mm) on L6 BOTTOM",0
TRACK,R209:VDiv,VDiv,Bottom Layer,13.375,20.925,12.825,20.925,0.2,,,"VDiv|Pad RV1-1(11.5mm,24.8mm) on L6 BOTTOM|Pad U1-12(11.75mm,21.05mm) on L6 BOTTOM",0
TRACK,R209:VDiv,VDiv,Bottom Layer,12.825,20.925,12.725,21.025,0.2,,,"VDiv|Pad RV1-1(11.5mm,24.8mm) on L6 BOTTOM|Pad U1-12(11.75mm,21.05mm) on L6 BOTTOM",0
TRACK,R209:VDiv,VDiv,Bottom Layer,12.725,21.025,12.575,21.025,0.2,,,"VDiv|Pad RV1-1(11.5mm,24.8mm) on L6 BOTTOM|Pad U1-12(11.75mm,21.05mm) on L6 BOTTOM",0
VIA,R209:VDiv,VDiv,Multi Layer,13.775,21.125,,,,0.6,0.3,"VDiv|Pad RV1-1(11.5mm,24.8mm) on L6 BOTTOM|Pad U1-12(11.75mm,21.05mm) on L6 BOTTOM",0
TRACK,R210:VSYS,VSYS,Bottom Layer,15.275,39.225,15.775,39.225,0.4,,,"VSYS|Pad UP1-11(15mm,39.15mm) on L6 BOTTOM|Pad C_OUT_-1(16.6mm,38.7mm) on L6 BOTTOM",0
TRACK,R210:VSYS,VSYS,Bottom Layer,15.775,39.225,15.975,39.025,0.4,,,"VSYS|Pad UP1-11(15mm,39.15mm) on L6 BOTTOM|Pad C_OUT_-1(16.6mm,38.7mm) on L6 BOTTOM",0
TRACK,R212:3V3_DIG,3V3_DIG,Top Layer,43.225,43.425,43.225,44.575,0.4,,,"3V3_DIG|Pad C_WIFI_VDDIO2-2(43.28mm,42.8mm) on L1 TOP|Pad C_WIFI_VDDIO2_HF-2(43.305mm,44.8mm) on L1 TOP",0
TRACK,R213:WIFI_SPI_CLK,WIFI_SPI_CLK,Top Layer,37.425,44.625,37.425,44.525,0.15,,,"WIFI_SPI_CLK|Pad U_WIFI1-28(37.045mm,45.016mm) on L1 TOP [Unplated]|Pad R_SPI_SCK-1(55.68mm,25.538mm) on L1 TOP",0
TRACK,R213:WIFI_SPI_CLK,WIFI_SPI_CLK,Top Layer,37.425,44.525,39.025,42.925,0.15,,,"WIFI_SPI_CLK|Pad U_WIFI1-28(37.045mm,45.016mm) on L1 TOP [Unplated]|Pad R_SPI_SCK-1(55.68mm,25.538mm) on L1 TOP",0
TRACK,R213:WIFI_SPI_CLK,WIFI_SPI_CLK,Top Layer,39.025,42.925,39.725,42.925,0.15,,,"WIFI_SPI_CLK|Pad U_WIFI1-28(37.045mm,45.016mm) on L1 TOP [Unplated]|Pad R_SPI_SCK-1(55.68mm,25.538mm) on L1 TOP",0
TRACK,R213:WIFI_SPI_CLK,WIFI_SPI_CLK,Mid Layer 2,39.725,42.925,39.925,42.725,0.15,,,"WIFI_SPI_CLK|Pad U_WIFI1-28(37.045mm,45.016mm) on L1 TOP [Unplated]|Pad R_SPI_SCK-1(55.68mm,25.538mm) on L1 TOP",0
TRACK,R213:WIFI_SPI_CLK,WIFI_SPI_CLK,Mid Layer 2,39.925,42.725,39.925,41.175,0.15,,,"WIFI_SPI_CLK|Pad U_WIFI1-28(37.045mm,45.016mm) on L1 TOP [Unplated]|Pad R_SPI_SCK-1(55.68mm,25.538mm) on L1 TOP",0
TRACK,R213:WIFI_SPI_CLK,WIFI_SPI_CLK,Mid Layer 2,39.925,41.175,48.6045,32.4955,0.15,,,"WIFI_SPI_CLK|Pad U_WIFI1-28(37.045mm,45.016mm) on L1 TOP [Unplated]|Pad R_SPI_SCK-1(55.68mm,25.538mm) on L1 TOP",0
TRACK,R213:WIFI_SPI_CLK,WIFI_SPI_CLK,Mid Layer 2,48.6045,32.4955,51.425,29.675,0.15,,,"WIFI_SPI_CLK|Pad U_WIFI1-28(37.045mm,45.016mm) on L1 TOP [Unplated]|Pad R_SPI_SCK-1(55.68mm,25.538mm) on L1 TOP",0
TRACK,R213:WIFI_SPI_CLK,WIFI_SPI_CLK,Mid Layer 2,51.425,29.675,52.875,29.675,0.15,,,"WIFI_SPI_CLK|Pad U_WIFI1-28(37.045mm,45.016mm) on L1 TOP [Unplated]|Pad R_SPI_SCK-1(55.68mm,25.538mm) on L1 TOP",0
TRACK,R213:WIFI_SPI_CLK,WIFI_SPI_CLK,Mid Layer 2,52.875,29.675,56.325,26.225,0.15,,,"WIFI_SPI_CLK|Pad U_WIFI1-28(37.045mm,45.016mm) on L1 TOP [Unplated]|Pad R_SPI_SCK-1(55.68mm,25.538mm) on L1 TOP",0
TRACK,R213:WIFI_SPI_CLK,WIFI_SPI_CLK,Mid Layer 2,56.325,26.225,56.325,26.025,0.15,,,"WIFI_SPI_CLK|Pad U_WIFI1-28(37.045mm,45.016mm) on L1 TOP [Unplated]|Pad R_SPI_SCK-1(55.68mm,25.538mm) on L1 TOP",0
TRACK,R213:WIFI_SPI_CLK,WIFI_SPI_CLK,Top Layer,56.325,26.025,56.3245,26.0245,0.15,,,"WIFI_SPI_CLK|Pad U_WIFI1-28(37.045mm,45.016mm) on L1 TOP [Unplated]|Pad R_SPI_SCK-1(55.68mm,25.538mm) on L1 TOP",0
TRACK,R213:WIFI_SPI_CLK,WIFI_SPI_CLK,Top Layer,56.3245,26.0245,55.875,25.575,0.15,,,"WIFI_SPI_CLK|Pad U_WIFI1-28(37.045mm,45.016mm) on L1 TOP [Unplated]|Pad R_SPI_SCK-1(55.68mm,25.538mm) on L1 TOP",0
VIA,R213:WIFI_SPI_CLK,WIFI_SPI_CLK,Multi Layer,39.725,42.925,,,,0.45,0.2,"WIFI_SPI_CLK|Pad U_WIFI1-28(37.045mm,45.016mm) on L1 TOP [Unplated]|Pad R_SPI_SCK-1(55.68mm,25.538mm) on L1 TOP",0
VIA,R213:WIFI_SPI_CLK,WIFI_SPI_CLK,Multi Layer,56.325,26.025,,,,0.45,0.2,"WIFI_SPI_CLK|Pad U_WIFI1-28(37.045mm,45.016mm) on L1 TOP [Unplated]|Pad R_SPI_SCK-1(55.68mm,25.538mm) on L1 TOP",0
TRACK,R214:3V3_DIG,3V3_DIG,Top Layer,53.075,26.325,53.075,27.075,0.15,,,"3V3_DIG|Pad C_MCU_VDD2-2(53.08mm,26.079mm) on L1 TOP|Pad U_MCU1-28(53.08mm,27.762mm) on L1 TOP [Unplated]",0
TRACK,R215:MCU_WIFI_CS,MCU_WIFI_CS,Top Layer,56.575,28.475,56.575,29.025,0.18,,,"MCU_WIFI_CS|Pad U_MCU1-35(56.58mm,27.762mm) on L1 TOP [Unplated]|Pad R_SPI_CS-2(58.48mm,26.562mm) on L1 TOP",0
TRACK,R215:MCU_WIFI_CS,MCU_WIFI_CS,Mid Layer 2,56.575,29.025,59.225,26.375,0.18,,,"MCU_WIFI_CS|Pad U_MCU1-35(56.58mm,27.762mm) on L1 TOP [Unplated]|Pad R_SPI_CS-2(58.48mm,26.562mm) on L1 TOP",0
TRACK,R215:MCU_WIFI_CS,MCU_WIFI_CS,Top Layer,59.225,26.375,58.675,26.375,0.18,,,"MCU_WIFI_CS|Pad U_MCU1-35(56.58mm,27.762mm) on L1 TOP [Unplated]|Pad R_SPI_CS-2(58.48mm,26.562mm) on L1 TOP",0
VIA,R215:MCU_WIFI_CS,MCU_WIFI_CS,Multi Layer,56.575,29.025,,,,0.6,0.3,"MCU_WIFI_CS|Pad U_MCU1-35(56.58mm,27.762mm) on L1 TOP [Unplated]|Pad R_SPI_CS-2(58.48mm,26.562mm) on L1 TOP",0
VIA,R215:MCU_WIFI_CS,MCU_WIFI_CS,Multi Layer,59.225,26.375,,,,0.6,0.3,"MCU_WIFI_CS|Pad U_MCU1-35(56.58mm,27.762mm) on L1 TOP [Unplated]|Pad R_SPI_CS-2(58.48mm,26.562mm) on L1 TOP",0
TRACK,R216:AFE_EN,AFE_EN,Bottom Layer,36.875,27.175,37.125,26.925,0.2,,,"AFE_EN|Pad UP3-3(36.3mm,27.387mm) on L6 BOTTOM|Pad R_EN_PD-1(37.444mm,26.668mm) on L6 BOTTOM",0
TRACK,R217:3V0_ANA,3V0_ANA,Top Layer,20.675,19.775,20.675,20.375,0.4,,,"3V0_ANA|Pad CCU2-2(20.85mm,19.55mm) on L1 TOP|Pad CCU1-1(20.871mm,20.55mm) on L1 TOP",0
TRACK,R218:WIFI_BOOT,WIFI_BOOT,Top Layer,29.575,40.075,29.575,40.325,0.2,,,"WIFI_BOOT|Pad R_WIFI_BOOT_PD-2(29.38mm,39.8mm) on L1 TOP|Pad U_WIFI1-3(30.694mm,41.205mm) on L1 TOP [Unplated]",0
TRACK,R218:WIFI_BOOT,WIFI_BOOT,Top Layer,29.575,40.325,30.275,41.025,0.2,,,"WIFI_BOOT|Pad R_WIFI_BOOT_PD-2(29.38mm,39.8mm) on L1 TOP|Pad U_WIFI1-3(30.694mm,41.205mm) on L1 TOP [Unplated]",0
TRACK,R219:3V3_DIG,3V3_DIG,Top Layer,67.225,40.325,67.225,41.325,0.4,,,"3V3_DIG|Pad C_VDDUSB-1(67.401mm,40.1mm) on L1 TOP|Pad C_MCU_VDD4-1(67.401mm,41.5mm) on L1 TOP",0
TRACK,R220:3V0_ANA,3V0_ANA,Top Layer,47.025,32.025,47.025,32.875,0.4,,,"3V0_ANA|Pad C4_MCU-2(46.98mm,31.8mm) on L1 TOP|Pad C2_MCU-2(46.98mm,33.1mm) on L1 TOP",0
TRACK,R222:3V3_DIG,3V3_DIG,Top Layer,30.675,32.575,31.725,32.575,0.4,,,"3V3_DIG|Pad C_WIFI_VDDIO1-2(30.08mm,32.45mm) on L1 TOP|Pad C_WIFI_VDDIO1_HF-1(31.965mm,32.475mm) on L1 TOP",0
TRACK,R223:MCU_WIFI_UART_TX,MCU_WIFI_UART_TX,Bottom Layer,44.025,40.625,44.025,39.775,0.2,,,"MCU_WIFI_UART_TX|Pad R_WIFI_UART_TX_LINK-2(44.026mm,40.805mm) on L6 BOTTOM|Pad U_MCU1-68(65.818mm,38mm) on L1 TOP [Unplated]",0
TRACK,R223:MCU_WIFI_UART_TX,MCU_WIFI_UART_TX,Bottom Layer,44.025,39.775,43.475,39.225,0.2,,,"MCU_WIFI_UART_TX|Pad R_WIFI_UART_TX_LINK-2(44.026mm,40.805mm) on L6 BOTTOM|Pad U_MCU1-68(65.818mm,38mm) on L1 TOP [Unplated]",0
TRACK,R223:MCU_WIFI_UART_TX,MCU_WIFI_UART_TX,Bottom Layer,43.475,39.225,42.725,39.225,0.2,,,"MCU_WIFI_UART_TX|Pad R_WIFI_UART_TX_LINK-2(44.026mm,40.805mm) on L6 BOTTOM|Pad U_MCU1-68(65.818mm,38mm) on L1 TOP [Unplated]",0
TRACK,R223:MCU_WIFI_UART_TX,MCU_WIFI_UART_TX,Bottom Layer,42.725,39.225,42.475,38.975,0.2,,,"MCU_WIFI_UART_TX|Pad R_WIFI_UART_TX_LINK-2(44.026mm,40.805mm) on L6 BOTTOM|Pad U_MCU1-68(65.818mm,38mm) on L1 TOP [Unplated]",0
TRACK,R223:MCU_WIFI_UART_TX,MCU_WIFI_UART_TX,Bottom Layer,42.475,38.975,42.475,37.675,0.2,,,"MCU_WIFI_UART_TX|Pad R_WIFI_UART_TX_LINK-2(44.026mm,40.805mm) on L6 BOTTOM|Pad U_MCU1-68(65.818mm,38mm) on L1 TOP [Unplated]",0
TRACK,R223:MCU_WIFI_UART_TX,MCU_WIFI_UART_TX,Bottom Layer,42.475,37.675,43.125,37.025,0.2,,,"MCU_WIFI_UART_TX|Pad R_WIFI_UART_TX_LINK-2(44.026mm,40.805mm) on L6 BOTTOM|Pad U_MCU1-68(65.818mm,38mm) on L1 TOP [Unplated]",0
TRACK,R223:MCU_WIFI_UART_TX,MCU_WIFI_UART_TX,Mid Layer 4,43.125,37.025,46.275,37.025,0.2,,,"MCU_WIFI_UART_TX|Pad R_WIFI_UART_TX_LINK-2(44.026mm,40.805mm) on L6 BOTTOM|Pad U_MCU1-68(65.818mm,38mm) on L1 TOP [Unplated]",0
TRACK,R223:MCU_WIFI_UART_TX,MCU_WIFI_UART_TX,Mid Layer 4,46.275,37.025,46.525,36.775,0.2,,,"MCU_WIFI_UART_TX|Pad R_WIFI_UART_TX_LINK-2(44.026mm,40.805mm) on L6 BOTTOM|Pad U_MCU1-68(65.818mm,38mm) on L1 TOP [Unplated]",0
TRACK,R223:MCU_WIFI_UART_TX,MCU_WIFI_UART_TX,Mid Layer 4,46.525,36.775,46.725,36.775,0.2,,,"MCU_WIFI_UART_TX|Pad R_WIFI_UART_TX_LINK-2(44.026mm,40.805mm) on L6 BOTTOM|Pad U_MCU1-68(65.818mm,38mm) on L1 TOP [Unplated]",0
TRACK,R223:MCU_WIFI_UART_TX,MCU_WIFI_UART_TX,Mid Layer 4,46.725,36.775,46.925,36.575,0.2,,,"MCU_WIFI_UART_TX|Pad R_WIFI_UART_TX_LINK-2(44.026mm,40.805mm) on L6 BOTTOM|Pad U_MCU1-68(65.818mm,38mm) on L1 TOP [Unplated]",0
TRACK,R223:MCU_WIFI_UART_TX,MCU_WIFI_UART_TX,Mid Layer 4,46.925,36.575,48.6045,36.575,0.2,,,"MCU_WIFI_UART_TX|Pad R_WIFI_UART_TX_LINK-2(44.026mm,40.805mm) on L6 BOTTOM|Pad U_MCU1-68(65.818mm,38mm) on L1 TOP [Unplated]",0
TRACK,R223:MCU_WIFI_UART_TX,MCU_WIFI_UART_TX,Mid Layer 4,48.6045,36.575,52.025,36.575,0.2,,,"MCU_WIFI_UART_TX|Pad R_WIFI_UART_TX_LINK-2(44.026mm,40.805mm) on L6 BOTTOM|Pad U_MCU1-68(65.818mm,38mm) on L1 TOP [Unplated]",0
TRACK,R223:MCU_WIFI_UART_TX,MCU_WIFI_UART_TX,Top Layer,52.025,36.575,59.125,36.575,0.2,,,"MCU_WIFI_UART_TX|Pad R_WIFI_UART_TX_LINK-2(44.026mm,40.805mm) on L6 BOTTOM|Pad U_MCU1-68(65.818mm,38mm) on L1 TOP [Unplated]",0
TRACK,R223:MCU_WIFI_UART_TX,MCU_WIFI_UART_TX,Top Layer,59.125,36.575,59.625,36.075,0.2,,,"MCU_WIFI_UART_TX|Pad R_WIFI_UART_TX_LINK-2(44.026mm,40.805mm) on L6 BOTTOM|Pad U_MCU1-68(65.818mm,38mm) on L1 TOP [Unplated]",0
TRACK,R223:MCU_WIFI_UART_TX,MCU_WIFI_UART_TX,Top Layer,59.625,36.075,61.275,36.075,0.2,,,"MCU_WIFI_UART_TX|Pad R_WIFI_UART_TX_LINK-2(44.026mm,40.805mm) on L6 BOTTOM|Pad U_MCU1-68(65.818mm,38mm) on L1 TOP [Unplated]",0
TRACK,R223:MCU_WIFI_UART_TX,MCU_WIFI_UART_TX,Top Layer,61.275,36.075,63.225,38.025,0.2,,,"MCU_WIFI_UART_TX|Pad R_WIFI_UART_TX_LINK-2(44.026mm,40.805mm) on L6 BOTTOM|Pad U_MCU1-68(65.818mm,38mm) on L1 TOP [Unplated]",0
TRACK,R223:MCU_WIFI_UART_TX,MCU_WIFI_UART_TX,Top Layer,63.225,38.025,65.125,38.025,0.2,,,"MCU_WIFI_UART_TX|Pad R_WIFI_UART_TX_LINK-2(44.026mm,40.805mm) on L6 BOTTOM|Pad U_MCU1-68(65.818mm,38mm) on L1 TOP [Unplated]",0
VIA,R223:MCU_WIFI_UART_TX,MCU_WIFI_UART_TX,Multi Layer,43.125,37.025,,,,0.6,0.3,"MCU_WIFI_UART_TX|Pad R_WIFI_UART_TX_LINK-2(44.026mm,40.805mm) on L6 BOTTOM|Pad U_MCU1-68(65.818mm,38mm) on L1 TOP [Unplated]",0
VIA,R223:MCU_WIFI_UART_TX,MCU_WIFI_UART_TX,Multi Layer,52.025,36.575,,,,0.6,0.3,"MCU_WIFI_UART_TX|Pad R_WIFI_UART_TX_LINK-2(44.026mm,40.805mm) on L6 BOTTOM|Pad U_MCU1-68(65.818mm,38mm) on L1 TOP [Unplated]",0
TRACK,R225:NetRISET_1,NetRISET_1,Bottom Layer,12.225,36.925,12.225,37.225,0.2,,,"NetRISET_1|Pad RISET-1(12.029mm,36.6mm) on L6 BOTTOM|Pad UP1-16(12.85mm,38mm) on L6 BOTTOM",0
TRACK,R225:NetRISET_1,NetRISET_1,Bottom Layer,12.225,37.225,12.725,37.725,0.2,,,"NetRISET_1|Pad RISET-1(12.029mm,36.6mm) on L6 BOTTOM|Pad UP1-16(12.85mm,38mm) on L6 BOTTOM",0
TRACK,R226:MCU_SPI_MOSI,MCU_SPI_MOSI,Top Layer,55.125,28.475,55.125,28.975,0.15,,,"MCU_SPI_MOSI|Pad U_MCU1-32(55.08mm,27.762mm) on L1 TOP [Unplated]|Pad R_SPI_MOSI-2(57.08mm,26.562mm) on L1 TOP",0
TRACK,R226:MCU_SPI_MOSI,MCU_SPI_MOSI,Mid Layer 2,55.125,28.975,57.625,26.475,0.15,,,"MCU_SPI_MOSI|Pad U_MCU1-32(55.08mm,27.762mm) on L1 TOP [Unplated]|Pad R_SPI_MOSI-2(57.08mm,26.562mm) on L1 TOP",0
TRACK,R226:MCU_SPI_MOSI,MCU_SPI_MOSI,Mid Layer 2,57.625,26.475,57.725,26.475,0.15,,,"MCU_SPI_MOSI|Pad U_MCU1-32(55.08mm,27.762mm) on L1 TOP [Unplated]|Pad R_SPI_MOSI-2(57.08mm,26.562mm) on L1 TOP",0
TRACK,R226:MCU_SPI_MOSI,MCU_SPI_MOSI,Top Layer,57.725,26.475,57.275,26.475,0.15,,,"MCU_SPI_MOSI|Pad U_MCU1-32(55.08mm,27.762mm) on L1 TOP [Unplated]|Pad R_SPI_MOSI-2(57.08mm,26.562mm) on L1 TOP",0
VIA,R226:MCU_SPI_MOSI,MCU_SPI_MOSI,Multi Layer,55.125,28.975,,,,0.45,0.2,"MCU_SPI_MOSI|Pad U_MCU1-32(55.08mm,27.762mm) on L1 TOP [Unplated]|Pad R_SPI_MOSI-2(57.08mm,26.562mm) on L1 TOP",0
VIA,R226:MCU_SPI_MOSI,MCU_SPI_MOSI,Multi Layer,57.725,26.475,,,,0.45,0.2,"MCU_SPI_MOSI|Pad U_MCU1-32(55.08mm,27.762mm) on L1 TOP [Unplated]|Pad R_SPI_MOSI-2(57.08mm,26.562mm) on L1 TOP",0
TRACK,R227:VSYS VIP,VSYS,Mid Layer 4,53.775,41.475,54.325,42.025,0.4,,,"VSYS|Pad CUP4_1-1(53.412mm,41.384mm) on L6 BOTTOM|Pad R_EN1_1-1(64.969mm,40.25mm) on L6 BOTTOM",0
TRACK,R227:VSYS VIP,VSYS,Mid Layer 4,54.325,42.025,54.325,42.125,0.4,,,"VSYS|Pad CUP4_1-1(53.412mm,41.384mm) on L6 BOTTOM|Pad R_EN1_1-1(64.969mm,40.25mm) on L6 BOTTOM",0
TRACK,R227:VSYS VIP,VSYS,Mid Layer 4,54.325,42.125,54.675,42.475,0.4,,,"VSYS|Pad CUP4_1-1(53.412mm,41.384mm) on L6 BOTTOM|Pad R_EN1_1-1(64.969mm,40.25mm) on L6 BOTTOM",0
TRACK,R227:VSYS VIP,VSYS,Mid Layer 4,54.675,42.475,65.275,42.475,0.4,,,"VSYS|Pad CUP4_1-1(53.412mm,41.384mm) on L6 BOTTOM|Pad R_EN1_1-1(64.969mm,40.25mm) on L6 BOTTOM",0
TRACK,R227:VSYS VIP,VSYS,Bottom Layer,65.275,42.475,65.275,42.075,0.4,,,"VSYS|Pad CUP4_1-1(53.412mm,41.384mm) on L6 BOTTOM|Pad R_EN1_1-1(64.969mm,40.25mm) on L6 BOTTOM",0
TRACK,R227:VSYS VIP,VSYS,Bottom Layer,65.275,42.075,65.425,41.925,0.4,,,"VSYS|Pad CUP4_1-1(53.412mm,41.384mm) on L6 BOTTOM|Pad R_EN1_1-1(64.969mm,40.25mm) on L6 BOTTOM",0
TRACK,R227:VSYS VIP,VSYS,Bottom Layer,65.425,41.925,65.425,40.725,0.4,,,"VSYS|Pad CUP4_1-1(53.412mm,41.384mm) on L6 BOTTOM|Pad R_EN1_1-1(64.969mm,40.25mm) on L6 BOTTOM",0
TRACK,R227:VSYS VIP,VSYS,Bottom Layer,65.425,40.725,65.275,40.575,0.4,,,"VSYS|Pad CUP4_1-1(53.412mm,41.384mm) on L6 BOTTOM|Pad R_EN1_1-1(64.969mm,40.25mm) on L6 BOTTOM",0
VIA,R227:VSYS VIP,VSYS,Multi Layer,53.775,41.475,,,,0.6,0.3,"VSYS|Pad CUP4_1-1(53.412mm,41.384mm) on L6 BOTTOM|Pad R_EN1_1-1(64.969mm,40.25mm) on L6 BOTTOM",0
VIA,R227:VSYS VIP,VSYS,Multi Layer,65.275,42.475,,,,0.6,0.3,"VSYS|Pad CUP4_1-1(53.412mm,41.384mm) on L6 BOTTOM|Pad R_EN1_1-1(64.969mm,40.25mm) on L6 BOTTOM",0
TRACK,R228:VBAT_CELL,VBAT_CELL,Bottom Layer,21.725,32.175,21.725,32.725,0.4,,,"VBAT_CELL|Pad CU6_1-2(21.781mm,31.975mm) on L6 BOTTOM|Pad J_Li-Po-3(24.369mm,40.534mm) on Multi-Layer",0
TRACK,R228:VBAT_CELL,VBAT_CELL,Mid Layer 4,21.725,32.725,21.725,34.16,0.4,,,"VBAT_CELL|Pad CU6_1-2(21.781mm,31.975mm) on L6 BOTTOM|Pad J_Li-Po-3(24.369mm,40.534mm) on Multi-Layer",0
TRACK,R228:VBAT_CELL,VBAT_CELL,Mid Layer 4,21.725,34.16,21.725,38.275,0.4,,,"VBAT_CELL|Pad CU6_1-2(21.781mm,31.975mm) on L6 BOTTOM|Pad J_Li-Po-3(24.369mm,40.534mm) on Multi-Layer",0
TRACK,R228:VBAT_CELL,VBAT_CELL,Mid Layer 4,21.725,38.275,23.675,40.225,0.4,,,"VBAT_CELL|Pad CU6_1-2(21.781mm,31.975mm) on L6 BOTTOM|Pad J_Li-Po-3(24.369mm,40.534mm) on Multi-Layer",0
VIA,R228:VBAT_CELL,VBAT_CELL,Multi Layer,21.725,32.725,,,,0.6,0.3,"VBAT_CELL|Pad CU6_1-2(21.781mm,31.975mm) on L6 BOTTOM|Pad J_Li-Po-3(24.369mm,40.534mm) on Multi-Layer",0
TRACK,R229:WIFI_CHIP_EN,WIFI_CHIP_EN,Top Layer,43.975,35.075,43.975,35.475,0.2,,,"WIFI_CHIP_EN|Pad C_WIFI_EN-1(43.901mm,34.855mm) on L1 TOP|Pad R_WIFI_EN_PD-1(45.78mm,37.4mm) on L1 TOP",0
TRACK,R229:WIFI_CHIP_EN,WIFI_CHIP_EN,Top Layer,43.975,35.475,45.675,37.175,0.2,,,"WIFI_CHIP_EN|Pad C_WIFI_EN-1(43.901mm,34.855mm) on L1 TOP|Pad R_WIFI_EN_PD-1(45.78mm,37.4mm) on L1 TOP",0
TRACK,R230:3V3_DIG VIP,3V3_DIG,Mid Layer 4,58.975,35.675,58.075,36.575,0.4,,,"3V3_DIG|Pad R_INT_PULLUP-1(59.114mm,35.75mm) on L6 BOTTOM|Pad R_KILL_PU-2(59.114mm,39.45mm) on L6 BOTTOM",0
TRACK,R230:3V3_DIG VIP,3V3_DIG,Mid Layer 4,58.075,36.575,58.075,37.925,0.4,,,"3V3_DIG|Pad R_INT_PULLUP-1(59.114mm,35.75mm) on L6 BOTTOM|Pad R_KILL_PU-2(59.114mm,39.45mm) on L6 BOTTOM",0
TRACK,R230:3V3_DIG VIP,3V3_DIG,Mid Layer 4,58.075,37.925,59.525,39.375,0.4,,,"3V3_DIG|Pad R_INT_PULLUP-1(59.114mm,35.75mm) on L6 BOTTOM|Pad R_KILL_PU-2(59.114mm,39.45mm) on L6 BOTTOM",0
VIA,R230:3V3_DIG VIP,3V3_DIG,Multi Layer,58.975,35.675,,,,0.6,0.3,"3V3_DIG|Pad R_INT_PULLUP-1(59.114mm,35.75mm) on L6 BOTTOM|Pad R_KILL_PU-2(59.114mm,39.45mm) on L6 BOTTOM",0
TRACK,R231:VBUS,VBUS,Top Layer,18.775,33.575,18.775,34.16,0.4,,,"VBUS|Pad D_VBUS-1(18.5mm,33.3mm) on L1 TOP|Pad C_VBUS-2(19.1mm,36.6mm) on L1 TOP",0
TRACK,R231:VBUS,VBUS,Top Layer,18.775,34.16,18.775,34.375,0.4,,,"VBUS|Pad D_VBUS-1(18.5mm,33.3mm) on L1 TOP|Pad C_VBUS-2(19.1mm,36.6mm) on L1 TOP",0
TRACK,R231:VBUS,VBUS,Top Layer,18.775,34.375,19.325,34.925,0.4,,,"VBUS|Pad D_VBUS-1(18.5mm,33.3mm) on L1 TOP|Pad C_VBUS-2(19.1mm,36.6mm) on L1 TOP",0
TRACK,R231:VBUS,VBUS,Top Layer,19.325,34.925,19.325,36.325,0.4,,,"VBUS|Pad D_VBUS-1(18.5mm,33.3mm) on L1 TOP|Pad C_VBUS-2(19.1mm,36.6mm) on L1 TOP",0
TRACK,R231:VBUS,VBUS,Top Layer,19.325,36.325,19.275,36.375,0.4,,,"VBUS|Pad D_VBUS-1(18.5mm,33.3mm) on L1 TOP|Pad C_VBUS-2(19.1mm,36.6mm) on L1 TOP",0
TRACK,R232:GND,GND,Top Layer,12.175,25.525,12.425,25.525,0.3,,,"GND|Pad PWR_BTN_N-C(11.71mm,25.746mm) on L1 TOP|Via (12.705mm,25.512mm) from L1 TOP to L6 BOTTOM",0
TRACK,R233:3V0_ANA,3V0_ANA,Mid Layer 4,33.325,28.025,33.325,22.325,0.15,,,"3V0_ANA|Pad CUP5_3-2(32.7mm,27.738mm) on L6 BOTTOM|Pad U2-4(33.25mm,20.4mm) on L6 BOTTOM",0
TRACK,R233:3V0_ANA,3V0_ANA,Mid Layer 4,33.325,22.325,31.075,20.075,0.15,,,"3V0_ANA|Pad CUP5_3-2(32.7mm,27.738mm) on L6 BOTTOM|Pad U2-4(33.25mm,20.4mm) on L6 BOTTOM",0
TRACK,R233:3V0_ANA,3V0_ANA,Bottom Layer,31.075,20.075,31.975,20.075,0.15,,,"3V0_ANA|Pad CUP5_3-2(32.7mm,27.738mm) on L6 BOTTOM|Pad U2-4(33.25mm,20.4mm) on L6 BOTTOM",0
TRACK,R233:3V0_ANA,3V0_ANA,Bottom Layer,31.975,20.075,32.225,20.325,0.15,,,"3V0_ANA|Pad CUP5_3-2(32.7mm,27.738mm) on L6 BOTTOM|Pad U2-4(33.25mm,20.4mm) on L6 BOTTOM",0
TRACK,R233:3V0_ANA,3V0_ANA,Bottom Layer,32.225,20.325,32.425,20.325,0.15,,,"3V0_ANA|Pad CUP5_3-2(32.7mm,27.738mm) on L6 BOTTOM|Pad U2-4(33.25mm,20.4mm) on L6 BOTTOM",0
VIA,R233:3V0_ANA,3V0_ANA,Multi Layer,31.075,20.075,,,,0.45,0.2,"3V0_ANA|Pad CUP5_3-2(32.7mm,27.738mm) on L6 BOTTOM|Pad U2-4(33.25mm,20.4mm) on L6 BOTTOM",0
TRACK,R234:MCU_SHUTDOWN VIP,MCU_SHUTDOWN,Top Layer,53.175,37.325,54.875,39.025,0.2,,,"MCU_SHUTDOWN|Pad R_SHDN_G-2(53.214mm,37.25mm) on L6 BOTTOM|Pad U_MCU1-86(59.08mm,43.238mm) on L1 TOP [Unplated]",0
TRACK,R234:MCU_SHUTDOWN VIP,MCU_SHUTDOWN,Top Layer,54.875,39.025,56.075,39.025,0.2,,,"MCU_SHUTDOWN|Pad R_SHDN_G-2(53.214mm,37.25mm) on L6 BOTTOM|Pad U_MCU1-86(59.08mm,43.238mm) on L1 TOP [Unplated]",0
TRACK,R234:MCU_SHUTDOWN VIP,MCU_SHUTDOWN,Top Layer,56.075,39.025,59.075,42.025,0.2,,,"MCU_SHUTDOWN|Pad R_SHDN_G-2(53.214mm,37.25mm) on L6 BOTTOM|Pad U_MCU1-86(59.08mm,43.238mm) on L1 TOP [Unplated]",0
TRACK,R234:MCU_SHUTDOWN VIP,MCU_SHUTDOWN,Top Layer,59.075,42.025,59.075,42.525,0.2,,,"MCU_SHUTDOWN|Pad R_SHDN_G-2(53.214mm,37.25mm) on L6 BOTTOM|Pad U_MCU1-86(59.08mm,43.238mm) on L1 TOP [Unplated]",0
VIA,R234:MCU_SHUTDOWN VIP,MCU_SHUTDOWN,Multi Layer,53.175,37.325,,,,0.6,0.3,"MCU_SHUTDOWN|Pad R_SHDN_G-2(53.214mm,37.25mm) on L6 BOTTOM|Pad U_MCU1-86(59.08mm,43.238mm) on L1 TOP [Unplated]",0
TRACK,R235:VBAT_CELL,VBAT_CELL,Top Layer,25.075,40.725,25.875,40.725,0.4,,,"VBAT_CELL|Pad J_Li-Po-3(24.369mm,40.534mm) on Multi-Layer|Pad Free-TP_VBAT_CELL(26.353mm,40.785mm) on L1 TOP",0
TRACK,R236:VBUS,VBUS,Bottom Layer,11.425,40.925,11.925,40.925,0.4,,,"VBUS|Pad R_TS_TOP-2(11.194mm,40.774mm) on L6 BOTTOM|Pad UP1-13(14.35mm,38mm) on L6 BOTTOM",0
TRACK,R236:VBUS,VBUS,Mid Layer 4,11.925,40.925,11.925,38.875,0.4,,,"VBUS|Pad R_TS_TOP-2(11.194mm,40.774mm) on L6 BOTTOM|Pad UP1-13(14.35mm,38mm) on L6 BOTTOM",0
TRACK,R236:VBUS,VBUS,Mid Layer 4,11.925,38.875,12.925,37.875,0.4,,,"VBUS|Pad R_TS_TOP-2(11.194mm,40.774mm) on L6 BOTTOM|Pad UP1-13(14.35mm,38mm) on L6 BOTTOM",0
TRACK,R236:VBUS,VBUS,Mid Layer 4,12.925,37.875,14.925,37.875,0.4,,,"VBUS|Pad R_TS_TOP-2(11.194mm,40.774mm) on L6 BOTTOM|Pad UP1-13(14.35mm,38mm) on L6 BOTTOM",0
TRACK,R236:VBUS,VBUS,Bottom Layer,14.925,37.875,14.425,37.875,0.4,,,"VBUS|Pad R_TS_TOP-2(11.194mm,40.774mm) on L6 BOTTOM|Pad UP1-13(14.35mm,38mm) on L6 BOTTOM",0
VIA,R236:VBUS,VBUS,Multi Layer,11.925,40.925,,,,0.6,0.3,"VBUS|Pad R_TS_TOP-2(11.194mm,40.774mm) on L6 BOTTOM|Pad UP1-13(14.35mm,38mm) on L6 BOTTOM",0
VIA,R236:VBUS,VBUS,Multi Layer,14.925,37.875,,,,0.6,0.3,"VBUS|Pad R_TS_TOP-2(11.194mm,40.774mm) on L6 BOTTOM|Pad UP1-13(14.35mm,38mm) on L6 BOTTOM",0
TRACK,R237:I2C_SCL,I2C_SCL,Bottom Layer,18.075,32.575,18.425,32.575,0.2,,,"I2C_SCL|Pad R_SCL-1(17.812mm,32.575mm) on L6 BOTTOM|Pad UP4-7(18.775mm,32.525mm) on L6 BOTTOM",0
TRACK,R238:3V0_ANA,3V0_ANA,Top Layer,20.475,19.325,20.675,19.525,0.4,,,"3V0_ANA|Via (20.344mm,19.136mm) from L1 TOP to L6 BOTTOM|Pad CCU2-2(20.85mm,19.55mm) on L1 TOP",0
TRACK,R239:WIFI_X32_RAW_OUT,WIFI_X32_RAW_OUT,Top Layer,37.025,33.225,37.025,32.825,0.2,,,"WIFI_X32_RAW_OUT|Pad U_WIFI1-13(37.045mm,33.584mm) on L1 TOP [Unplated]|Pad R_WIFI_X32_OUT-2(37.045mm,32.6mm) on L1 TOP",0
TRACK,R241:SYS_EN,SYS_EN,Bottom Layer,41.075,41.575,41.075,41.025,0.2,,,"SYS_EN|Pad U_UV1-1(41.423mm,41.792mm) on L6 BOTTOM|Pad R_EN-2(44.198mm,38.442mm) on L6 BOTTOM",0
TRACK,R241:SYS_EN,SYS_EN,Mid Layer 4,41.075,41.025,42.425,39.675,0.2,,,"SYS_EN|Pad U_UV1-1(41.423mm,41.792mm) on L6 BOTTOM|Pad R_EN-2(44.198mm,38.442mm) on L6 BOTTOM",0
TRACK,R241:SYS_EN,SYS_EN,Mid Layer 4,42.425,39.675,42.425,36.675,0.2,,,"SYS_EN|Pad U_UV1-1(41.423mm,41.792mm) on L6 BOTTOM|Pad R_EN-2(44.198mm,38.442mm) on L6 BOTTOM",0
TRACK,R241:SYS_EN,SYS_EN,Mid Layer 4,42.425,36.675,42.775,36.325,0.2,,,"SYS_EN|Pad U_UV1-1(41.423mm,41.792mm) on L6 BOTTOM|Pad R_EN-2(44.198mm,38.442mm) on L6 BOTTOM",0
TRACK,R241:SYS_EN,SYS_EN,Mid Layer 4,42.775,36.325,43.825,36.325,0.2,,,"SYS_EN|Pad U_UV1-1(41.423mm,41.792mm) on L6 BOTTOM|Pad R_EN-2(44.198mm,38.442mm) on L6 BOTTOM",0
TRACK,R241:SYS_EN,SYS_EN,Bottom Layer,43.825,36.325,43.825,38.025,0.2,,,"SYS_EN|Pad U_UV1-1(41.423mm,41.792mm) on L6 BOTTOM|Pad R_EN-2(44.198mm,38.442mm) on L6 BOTTOM",0
TRACK,R241:SYS_EN,SYS_EN,Bottom Layer,43.825,38.025,43.975,38.175,0.2,,,"SYS_EN|Pad U_UV1-1(41.423mm,41.792mm) on L6 BOTTOM|Pad R_EN-2(44.198mm,38.442mm) on L6 BOTTOM",0
VIA,R241:SYS_EN,SYS_EN,Multi Layer,41.075,41.025,,,,0.6,0.3,"SYS_EN|Pad U_UV1-1(41.423mm,41.792mm) on L6 BOTTOM|Pad R_EN-2(44.198mm,38.442mm) on L6 BOTTOM",0
VIA,R241:SYS_EN,SYS_EN,Multi Layer,43.825,36.325,,,,0.6,0.3,"SYS_EN|Pad U_UV1-1(41.423mm,41.792mm) on L6 BOTTOM|Pad R_EN-2(44.198mm,38.442mm) on L6 BOTTOM",0
TRACK,R242:3V3_DIG VIP,3V3_DIG,Mid Layer 4,11.875,42.225,11.75,42.1,0.15,,,"3V3_DIG|Pad R_PGOOD-2(11.927mm,42.299mm) on L6 BOTTOM|Pad R_SDA-2(16.908mm,33.575mm) on L6 BOTTOM",0
TRACK,R242:3V3_DIG VIP,3V3_DIG,Mid Layer 4,11.75,42.1,11.225,41.575,0.15,,,"3V3_DIG|Pad R_PGOOD-2(11.927mm,42.299mm) on L6 BOTTOM|Pad R_SDA-2(16.908mm,33.575mm) on L6 BOTTOM",0
TRACK,R242:3V3_DIG VIP,3V3_DIG,Mid Layer 4,11.225,41.575,11.225,38.675,0.15,,,"3V3_DIG|Pad R_PGOOD-2(11.927mm,42.299mm) on L6 BOTTOM|Pad R_SDA-2(16.908mm,33.575mm) on L6 BOTTOM",0
TRACK,R242:3V3_DIG VIP,3V3_DIG,Mid Layer 4,11.225,38.675,13.2,36.7,0.15,,,"3V3_DIG|Pad R_PGOOD-2(11.927mm,42.299mm) on L6 BOTTOM|Pad R_SDA-2(16.908mm,33.575mm) on L6 BOTTOM",0
TRACK,R242:3V3_DIG VIP,3V3_DIG,Mid Layer 4,13.2,36.7,15.125,34.775,0.15,,,"3V3_DIG|Pad R_PGOOD-2(11.927mm,42.299mm) on L6 BOTTOM|Pad R_SDA-2(16.908mm,33.575mm) on L6 BOTTOM",0
TRACK,R242:3V3_DIG VIP,3V3_DIG,Mid Layer 4,15.125,34.775,15.125,34.675,0.15,,,"3V3_DIG|Pad R_PGOOD-2(11.927mm,42.299mm) on L6 BOTTOM|Pad R_SDA-2(16.908mm,33.575mm) on L6 BOTTOM",0
TRACK,R242:3V3_DIG VIP,3V3_DIG,Mid Layer 4,15.125,34.675,16.225,33.575,0.15,,,"3V3_DIG|Pad R_PGOOD-2(11.927mm,42.299mm) on L6 BOTTOM|Pad R_SDA-2(16.908mm,33.575mm) on L6 BOTTOM",0
TRACK,R242:3V3_DIG VIP,3V3_DIG,Mid Layer 4,16.225,33.575,16.875,33.575,0.15,,,"3V3_DIG|Pad R_PGOOD-2(11.927mm,42.299mm) on L6 BOTTOM|Pad R_SDA-2(16.908mm,33.575mm) on L6 BOTTOM",0
VIA,R242:3V3_DIG VIP,3V3_DIG,Multi Layer,11.875,42.225,,,,0.45,0.2,"3V3_DIG|Pad R_PGOOD-2(11.927mm,42.299mm) on L6 BOTTOM|Pad R_SDA-2(16.908mm,33.575mm) on L6 BOTTOM",0
VIA,R242:3V3_DIG VIP,3V3_DIG,Multi Layer,16.875,33.575,,,,0.45,0.2,"3V3_DIG|Pad R_PGOOD-2(11.927mm,42.299mm) on L6 BOTTOM|Pad R_SDA-2(16.908mm,33.575mm) on L6 BOTTOM",0
TRACK,R243:3V3_DIG,3V3_DIG,Top Layer,48.875,39.025,48.9019,39.025,0.15,,,"3V3_DIG|Pad C_VBAT-2(48.659mm,39mm) on L1 TOP|Pad U_MCU1-6(50.342mm,39mm) on L1 TOP [Unplated]",0
TRACK,R243:3V3_DIG,3V3_DIG,Top Layer,48.9019,39.025,49.625,39.025,0.15,,,"3V3_DIG|Pad C_VBAT-2(48.659mm,39mm) on L1 TOP|Pad U_MCU1-6(50.342mm,39mm) on L1 TOP [Unplated]",0
TRACK,R244:SYS_EN,SYS_EN,Bottom Layer,51.675,39.425,52.025,39.075,0.2,,,"SYS_EN|Pad UP2-5(51.562mm,39.699mm) on L6 BOTTOM|Pad U_EN1-6(61.18mm,37.325mm) on L6 BOTTOM",0
TRACK,R244:SYS_EN,SYS_EN,Mid Layer 2,52.025,39.075,52.7219,39.075,0.2,,,"SYS_EN|Pad UP2-5(51.562mm,39.699mm) on L6 BOTTOM|Pad U_EN1-6(61.18mm,37.325mm) on L6 BOTTOM",0
TRACK,R244:SYS_EN,SYS_EN,Mid Layer 2,52.7219,39.075,55.425,39.075,0.2,,,"SYS_EN|Pad UP2-5(51.562mm,39.699mm) on L6 BOTTOM|Pad U_EN1-6(61.18mm,37.325mm) on L6 BOTTOM",0
TRACK,R244:SYS_EN,SYS_EN,Mid Layer 2,55.425,39.075,55.575,38.925,0.2,,,"SYS_EN|Pad UP2-5(51.562mm,39.699mm) on L6 BOTTOM|Pad U_EN1-6(61.18mm,37.325mm) on L6 BOTTOM",0
TRACK,R244:SYS_EN,SYS_EN,Mid Layer 2,55.575,38.925,58.575,38.925,0.2,,,"SYS_EN|Pad UP2-5(51.562mm,39.699mm) on L6 BOTTOM|Pad U_EN1-6(61.18mm,37.325mm) on L6 BOTTOM",0
TRACK,R244:SYS_EN,SYS_EN,Mid Layer 2,58.575,38.925,59.325,38.175,0.2,,,"SYS_EN|Pad UP2-5(51.562mm,39.699mm) on L6 BOTTOM|Pad U_EN1-6(61.18mm,37.325mm) on L6 BOTTOM",0
TRACK,R244:SYS_EN,SYS_EN,Mid Layer 2,59.325,38.175,62.375,38.175,0.2,,,"SYS_EN|Pad UP2-5(51.562mm,39.699mm) on L6 BOTTOM|Pad U_EN1-6(61.18mm,37.325mm) on L6 BOTTOM",0
TRACK,R244:SYS_EN,SYS_EN,Bottom Layer,62.375,38.175,62.375,37.775,0.2,,,"SYS_EN|Pad UP2-5(51.562mm,39.699mm) on L6 BOTTOM|Pad U_EN1-6(61.18mm,37.325mm) on L6 BOTTOM",0
TRACK,R244:SYS_EN,SYS_EN,Bottom Layer,62.375,37.775,61.975,37.375,0.2,,,"SYS_EN|Pad UP2-5(51.562mm,39.699mm) on L6 BOTTOM|Pad U_EN1-6(61.18mm,37.325mm) on L6 BOTTOM",0
TRACK,R244:SYS_EN,SYS_EN,Bottom Layer,61.975,37.375,61.725,37.375,0.2,,,"SYS_EN|Pad UP2-5(51.562mm,39.699mm) on L6 BOTTOM|Pad U_EN1-6(61.18mm,37.325mm) on L6 BOTTOM",0
VIA,R244:SYS_EN,SYS_EN,Multi Layer,52.025,39.075,,,,0.6,0.3,"SYS_EN|Pad UP2-5(51.562mm,39.699mm) on L6 BOTTOM|Pad U_EN1-6(61.18mm,37.325mm) on L6 BOTTOM",0
VIA,R244:SYS_EN,SYS_EN,Multi Layer,62.375,38.175,,,,0.6,0.3,"SYS_EN|Pad UP2-5(51.562mm,39.699mm) on L6 BOTTOM|Pad U_EN1-6(61.18mm,37.325mm) on L6 BOTTOM",0
TRACK,R245:3V0_ANA,3V0_ANA,Top Layer,51.025,31.125,51.375,31.125,0.4,,,"3V0_ANA|Pad U_MCU1-22(50.342mm,31mm) on L1 TOP [Unplated]|Pad CU_24-1(51.65mm,20.95mm) on L6 BOTTOM",0
TRACK,R245:3V0_ANA,3V0_ANA,Top Layer,51.375,31.125,51.675,30.825,0.4,,,"3V0_ANA|Pad U_MCU1-22(50.342mm,31mm) on L1 TOP [Unplated]|Pad CU_24-1(51.65mm,20.95mm) on L6 BOTTOM",0
TRACK,R245:3V0_ANA,3V0_ANA,Mid Layer 4,51.675,30.825,51.675,26.475,0.4,,,"3V0_ANA|Pad U_MCU1-22(50.342mm,31mm) on L1 TOP [Unplated]|Pad CU_24-1(51.65mm,20.95mm) on L6 BOTTOM",0
TRACK,R245:3V0_ANA,3V0_ANA,Mid Layer 4,51.675,26.475,51.2245,26.0245,0.4,,,"3V0_ANA|Pad U_MCU1-22(50.342mm,31mm) on L1 TOP [Unplated]|Pad CU_24-1(51.65mm,20.95mm) on L6 BOTTOM",0
TRACK,R245:3V0_ANA,3V0_ANA,Mid Layer 4,51.2245,26.0245,48.425,23.225,0.4,,,"3V0_ANA|Pad U_MCU1-22(50.342mm,31mm) on L1 TOP [Unplated]|Pad CU_24-1(51.65mm,20.95mm) on L6 BOTTOM",0
TRACK,R245:3V0_ANA,3V0_ANA,Mid Layer 4,48.425,23.225,48.425,20.325,0.4,,,"3V0_ANA|Pad U_MCU1-22(50.342mm,31mm) on L1 TOP [Unplated]|Pad CU_24-1(51.65mm,20.95mm) on L6 BOTTOM",0
TRACK,R245:3V0_ANA,3V0_ANA,Mid Layer 4,48.425,20.325,48.725,20.025,0.4,,,"3V0_ANA|Pad U_MCU1-22(50.342mm,31mm) on L1 TOP [Unplated]|Pad CU_24-1(51.65mm,20.95mm) on L6 BOTTOM",0
TRACK,R245:3V0_ANA,3V0_ANA,Bottom Layer,48.725,20.025,48.925,20.025,0.4,,,"3V0_ANA|Pad U_MCU1-22(50.342mm,31mm) on L1 TOP [Unplated]|Pad CU_24-1(51.65mm,20.95mm) on L6 BOTTOM",0
TRACK,R245:3V0_ANA,3V0_ANA,Bottom Layer,48.925,20.025,49.025,19.925,0.4,,,"3V0_ANA|Pad U_MCU1-22(50.342mm,31mm) on L1 TOP [Unplated]|Pad CU_24-1(51.65mm,20.95mm) on L6 BOTTOM",0
TRACK,R245:3V0_ANA,3V0_ANA,Bottom Layer,49.025,19.925,49.575,19.925,0.4,,,"3V0_ANA|Pad U_MCU1-22(50.342mm,31mm) on L1 TOP [Unplated]|Pad CU_24-1(51.65mm,20.95mm) on L6 BOTTOM",0
TRACK,R245:3V0_ANA,3V0_ANA,Bottom Layer,49.575,19.925,49.775,20.125,0.4,,,"3V0_ANA|Pad U_MCU1-22(50.342mm,31mm) on L1 TOP [Unplated]|Pad CU_24-1(51.65mm,20.95mm) on L6 BOTTOM",0
TRACK,R245:3V0_ANA,3V0_ANA,Bottom Layer,49.775,20.125,49.875,20.125,0.4,,,"3V0_ANA|Pad U_MCU1-22(50.342mm,31mm) on L1 TOP [Unplated]|Pad CU_24-1(51.65mm,20.95mm) on L6 BOTTOM",0
TRACK,R245:3V0_ANA,3V0_ANA,Bottom Layer,49.875,20.125,49.925,20.175,0.4,,,"3V0_ANA|Pad U_MCU1-22(50.342mm,31mm) on L1 TOP [Unplated]|Pad CU_24-1(51.65mm,20.95mm) on L6 BOTTOM",0
TRACK,R245:3V0_ANA,3V0_ANA,Bottom Layer,49.925,20.175,51.275,20.175,0.4,,,"3V0_ANA|Pad U_MCU1-22(50.342mm,31mm) on L1 TOP [Unplated]|Pad CU_24-1(51.65mm,20.95mm) on L6 BOTTOM",0
TRACK,R245:3V0_ANA,3V0_ANA,Bottom Layer,51.275,20.175,51.575,20.475,0.4,,,"3V0_ANA|Pad U_MCU1-22(50.342mm,31mm) on L1 TOP [Unplated]|Pad CU_24-1(51.65mm,20.95mm) on L6 BOTTOM",0
TRACK,R245:3V0_ANA,3V0_ANA,Bottom Layer,51.575,20.475,51.575,20.725,0.4,,,"3V0_ANA|Pad U_MCU1-22(50.342mm,31mm) on L1 TOP [Unplated]|Pad CU_24-1(51.65mm,20.95mm) on L6 BOTTOM",0
VIA,R245:3V0_ANA,3V0_ANA,Multi Layer,51.675,30.825,,,,0.6,0.3,"3V0_ANA|Pad U_MCU1-22(50.342mm,31mm) on L1 TOP [Unplated]|Pad CU_24-1(51.65mm,20.95mm) on L6 BOTTOM",0
VIA,R245:3V0_ANA,3V0_ANA,Multi Layer,48.725,20.025,,,,0.6,0.3,"3V0_ANA|Pad U_MCU1-22(50.342mm,31mm) on L1 TOP [Unplated]|Pad CU_24-1(51.65mm,20.95mm) on L6 BOTTOM",0
TRACK,R246:3V3_DIG VIP,3V3_DIG,Top Layer,48.875,36.725,48.875,38.025,0.4,,,"3V3_DIG|Pad C_MCU_VDD1-2(48.659mm,36.5mm) on L1 TOP|Track (49.122mm,37.133mm)(49.317mm,37.133mm) on L6 BOTTOM",0
TRACK,R246:3V3_DIG VIP,3V3_DIG,Top Layer,48.875,38.025,48.925,38.075,0.4,,,"3V3_DIG|Pad C_MCU_VDD1-2(48.659mm,36.5mm) on L1 TOP|Track (49.122mm,37.133mm)(49.317mm,37.133mm) on L6 BOTTOM",0
VIA,R246:3V3_DIG VIP,3V3_DIG,Multi Layer,48.925,38.075,,,,0.6,0.3,"3V3_DIG|Pad C_MCU_VDD1-2(48.659mm,36.5mm) on L1 TOP|Track (49.122mm,37.133mm)(49.317mm,37.133mm) on L6 BOTTOM",0
TRACK,R247:MCU_SWDIO VIP,MCU_SWDIO,Mid Layer 4,24.925,27.725,26.975,29.775,0.15,,,"MCU_SWDIO|Pad J_SWD-2(24.793mm,27.63mm) on L1 TOP|Pad U_MCU1-72(65.818mm,40mm) on L1 TOP [Unplated]",0
TRACK,R247:MCU_SWDIO VIP,MCU_SWDIO,Mid Layer 4,26.975,29.775,27.475,29.775,0.15,,,"MCU_SWDIO|Pad J_SWD-2(24.793mm,27.63mm) on L1 TOP|Pad U_MCU1-72(65.818mm,40mm) on L1 TOP [Unplated]",0
TRACK,R247:MCU_SWDIO VIP,MCU_SWDIO,Mid Layer 4,27.475,29.775,32.925,35.225,0.15,,,"MCU_SWDIO|Pad J_SWD-2(24.793mm,27.63mm) on L1 TOP|Pad U_MCU1-72(65.818mm,40mm) on L1 TOP [Unplated]",0
TRACK,R247:MCU_SWDIO VIP,MCU_SWDIO,Mid Layer 4,32.925,35.225,48.6045,35.225,0.15,,,"MCU_SWDIO|Pad J_SWD-2(24.793mm,27.63mm) on L1 TOP|Pad U_MCU1-72(65.818mm,40mm) on L1 TOP [Unplated]",0
TRACK,R247:MCU_SWDIO VIP,MCU_SWDIO,Mid Layer 4,48.6045,35.225,53.625,35.225,0.15,,,"MCU_SWDIO|Pad J_SWD-2(24.793mm,27.63mm) on L1 TOP|Pad U_MCU1-72(65.818mm,40mm) on L1 TOP [Unplated]",0
TRACK,R247:MCU_SWDIO VIP,MCU_SWDIO,Mid Layer 4,53.625,35.225,58.725,40.325,0.15,,,"MCU_SWDIO|Pad J_SWD-2(24.793mm,27.63mm) on L1 TOP|Pad U_MCU1-72(65.818mm,40mm) on L1 TOP [Unplated]",0
TRACK,R247:MCU_SWDIO VIP,MCU_SWDIO,Mid Layer 4,58.725,40.325,61.175,40.325,0.15,,,"MCU_SWDIO|Pad J_SWD-2(24.793mm,27.63mm) on L1 TOP|Pad U_MCU1-72(65.818mm,40mm) on L1 TOP [Unplated]",0
TRACK,R247:MCU_SWDIO VIP,MCU_SWDIO,Top Layer,61.175,40.325,64.625,40.325,0.15,,,"MCU_SWDIO|Pad J_SWD-2(24.793mm,27.63mm) on L1 TOP|Pad U_MCU1-72(65.818mm,40mm) on L1 TOP [Unplated]",0
TRACK,R247:MCU_SWDIO VIP,MCU_SWDIO,Top Layer,64.625,40.325,64.875,40.075,0.15,,,"MCU_SWDIO|Pad J_SWD-2(24.793mm,27.63mm) on L1 TOP|Pad U_MCU1-72(65.818mm,40mm) on L1 TOP [Unplated]",0
TRACK,R247:MCU_SWDIO VIP,MCU_SWDIO,Top Layer,64.875,40.075,65.125,40.075,0.15,,,"MCU_SWDIO|Pad J_SWD-2(24.793mm,27.63mm) on L1 TOP|Pad U_MCU1-72(65.818mm,40mm) on L1 TOP [Unplated]",0
VIA,R247:MCU_SWDIO VIP,MCU_SWDIO,Multi Layer,24.925,27.725,,,,0.45,0.2,"MCU_SWDIO|Pad J_SWD-2(24.793mm,27.63mm) on L1 TOP|Pad U_MCU1-72(65.818mm,40mm) on L1 TOP [Unplated]",0
VIA,R247:MCU_SWDIO VIP,MCU_SWDIO,Multi Layer,61.175,40.325,,,,0.45,0.2,"MCU_SWDIO|Pad J_SWD-2(24.793mm,27.63mm) on L1 TOP|Pad U_MCU1-72(65.818mm,40mm) on L1 TOP [Unplated]",0
TRACK,R248:MCU_SPI_MISO,MCU_SPI_MISO,Top Layer,28.775,43.975,29.625,43.125,0.18,,,"MCU_SPI_MISO|Pad R_SPI_MISO-2(28.568mm,44.2mm) on L1 TOP|Pad U_MCU1-31(54.58mm,27.762mm) on L1 TOP [Unplated]",0
TRACK,R248:MCU_SPI_MISO,MCU_SPI_MISO,Top Layer,29.625,43.125,29.625,42.825,0.18,,,"MCU_SPI_MISO|Pad R_SPI_MISO-2(28.568mm,44.2mm) on L1 TOP|Pad U_MCU1-31(54.58mm,27.762mm) on L1 TOP [Unplated]",0
TRACK,R248:MCU_SPI_MISO,MCU_SPI_MISO,Mid Layer 2,29.625,42.825,33.275,39.175,0.18,,,"MCU_SPI_MISO|Pad R_SPI_MISO-2(28.568mm,44.2mm) on L1 TOP|Pad U_MCU1-31(54.58mm,27.762mm) on L1 TOP [Unplated]",0
TRACK,R248:MCU_SPI_MISO,MCU_SPI_MISO,Mid Layer 2,33.275,39.175,39.975,39.175,0.18,,,"MCU_SPI_MISO|Pad R_SPI_MISO-2(28.568mm,44.2mm) on L1 TOP|Pad U_MCU1-31(54.58mm,27.762mm) on L1 TOP [Unplated]",0
TRACK,R248:MCU_SPI_MISO,MCU_SPI_MISO,Mid Layer 2,39.975,39.175,44.675,34.475,0.18,,,"MCU_SPI_MISO|Pad R_SPI_MISO-2(28.568mm,44.2mm) on L1 TOP|Pad U_MCU1-31(54.58mm,27.762mm) on L1 TOP [Unplated]",0
TRACK,R248:MCU_SPI_MISO,MCU_SPI_MISO,Mid Layer 2,44.675,34.475,45.625,34.475,0.18,,,"MCU_SPI_MISO|Pad R_SPI_MISO-2(28.568mm,44.2mm) on L1 TOP|Pad U_MCU1-31(54.58mm,27.762mm) on L1 TOP [Unplated]",0
TRACK,R248:MCU_SPI_MISO,MCU_SPI_MISO,Mid Layer 2,45.625,34.475,48.6045,31.4955,0.18,,,"MCU_SPI_MISO|Pad R_SPI_MISO-2(28.568mm,44.2mm) on L1 TOP|Pad U_MCU1-31(54.58mm,27.762mm) on L1 TOP [Unplated]",0
TRACK,R248:MCU_SPI_MISO,MCU_SPI_MISO,Mid Layer 2,48.6045,31.4955,50.775,29.325,0.18,,,"MCU_SPI_MISO|Pad R_SPI_MISO-2(28.568mm,44.2mm) on L1 TOP|Pad U_MCU1-31(54.58mm,27.762mm) on L1 TOP [Unplated]",0
TRACK,R248:MCU_SPI_MISO,MCU_SPI_MISO,Mid Layer 2,50.775,29.325,50.775,28.225,0.18,,,"MCU_SPI_MISO|Pad R_SPI_MISO-2(28.568mm,44.2mm) on L1 TOP|Pad U_MCU1-31(54.58mm,27.762mm) on L1 TOP [Unplated]",0
TRACK,R248:MCU_SPI_MISO,MCU_SPI_MISO,Top Layer,50.775,28.225,51.175,28.225,0.18,,,"MCU_SPI_MISO|Pad R_SPI_MISO-2(28.568mm,44.2mm) on L1 TOP|Pad U_MCU1-31(54.58mm,27.762mm) on L1 TOP [Unplated]",0
TRACK,R248:MCU_SPI_MISO,MCU_SPI_MISO,Top Layer,51.175,28.225,51.625,28.675,0.18,,,"MCU_SPI_MISO|Pad R_SPI_MISO-2(28.568mm,44.2mm) on L1 TOP|Pad U_MCU1-31(54.58mm,27.762mm) on L1 TOP [Unplated]",0
TRACK,R248:MCU_SPI_MISO,MCU_SPI_MISO,Top Layer,51.625,28.675,51.625,28.725,0.18,,,"MCU_SPI_MISO|Pad R_SPI_MISO-2(28.568mm,44.2mm) on L1 TOP|Pad U_MCU1-31(54.58mm,27.762mm) on L1 TOP [Unplated]",0
TRACK,R248:MCU_SPI_MISO,MCU_SPI_MISO,Top Layer,51.625,28.725,51.675,28.725,0.18,,,"MCU_SPI_MISO|Pad R_SPI_MISO-2(28.568mm,44.2mm) on L1 TOP|Pad U_MCU1-31(54.58mm,27.762mm) on L1 TOP [Unplated]",0
TRACK,R248:MCU_SPI_MISO,MCU_SPI_MISO,Top Layer,51.675,28.725,51.675,28.775,0.18,,,"MCU_SPI_MISO|Pad R_SPI_MISO-2(28.568mm,44.2mm) on L1 TOP|Pad U_MCU1-31(54.58mm,27.762mm) on L1 TOP [Unplated]",0
TRACK,R248:MCU_SPI_MISO,MCU_SPI_MISO,Top Layer,51.675,28.775,51.725,28.775,0.18,,,"MCU_SPI_MISO|Pad R_SPI_MISO-2(28.568mm,44.2mm) on L1 TOP|Pad U_MCU1-31(54.58mm,27.762mm) on L1 TOP [Unplated]",0
TRACK,R248:MCU_SPI_MISO,MCU_SPI_MISO,Top Layer,51.725,28.775,51.725,28.825,0.18,,,"MCU_SPI_MISO|Pad R_SPI_MISO-2(28.568mm,44.2mm) on L1 TOP|Pad U_MCU1-31(54.58mm,27.762mm) on L1 TOP [Unplated]",0
TRACK,R248:MCU_SPI_MISO,MCU_SPI_MISO,Top Layer,51.725,28.825,51.775,28.825,0.18,,,"MCU_SPI_MISO|Pad R_SPI_MISO-2(28.568mm,44.2mm) on L1 TOP|Pad U_MCU1-31(54.58mm,27.762mm) on L1 TOP [Unplated]",0
TRACK,R248:MCU_SPI_MISO,MCU_SPI_MISO,Top Layer,51.775,28.825,51.875,28.925,0.18,,,"MCU_SPI_MISO|Pad R_SPI_MISO-2(28.568mm,44.2mm) on L1 TOP|Pad U_MCU1-31(54.58mm,27.762mm) on L1 TOP [Unplated]",0
TRACK,R248:MCU_SPI_MISO,MCU_SPI_MISO,Top Layer,51.875,28.925,51.875,29.325,0.18,,,"MCU_SPI_MISO|Pad R_SPI_MISO-2(28.568mm,44.2mm) on L1 TOP|Pad U_MCU1-31(54.58mm,27.762mm) on L1 TOP [Unplated]",0
TRACK,R248:MCU_SPI_MISO,MCU_SPI_MISO,Top Layer,51.875,29.325,52.225,29.675,0.18,,,"MCU_SPI_MISO|Pad R_SPI_MISO-2(28.568mm,44.2mm) on L1 TOP|Pad U_MCU1-31(54.58mm,27.762mm) on L1 TOP [Unplated]",0
TRACK,R248:MCU_SPI_MISO,MCU_SPI_MISO,Top Layer,52.225,29.675,53.575,29.675,0.18,,,"MCU_SPI_MISO|Pad R_SPI_MISO-2(28.568mm,44.2mm) on L1 TOP|Pad U_MCU1-31(54.58mm,27.762mm) on L1 TOP [Unplated]",0
TRACK,R248:MCU_SPI_MISO,MCU_SPI_MISO,Top Layer,53.575,29.675,54.525,28.725,0.18,,,"MCU_SPI_MISO|Pad R_SPI_MISO-2(28.568mm,44.2mm) on L1 TOP|Pad U_MCU1-31(54.58mm,27.762mm) on L1 TOP [Unplated]",0
TRACK,R248:MCU_SPI_MISO,MCU_SPI_MISO,Top Layer,54.525,28.725,54.525,28.475,0.18,,,"MCU_SPI_MISO|Pad R_SPI_MISO-2(28.568mm,44.2mm) on L1 TOP|Pad U_MCU1-31(54.58mm,27.762mm) on L1 TOP [Unplated]",0
VIA,R248:MCU_SPI_MISO,MCU_SPI_MISO,Multi Layer,29.625,42.825,,,,0.6,0.3,"MCU_SPI_MISO|Pad R_SPI_MISO-2(28.568mm,44.2mm) on L1 TOP|Pad U_MCU1-31(54.58mm,27.762mm) on L1 TOP [Unplated]",0
VIA,R248:MCU_SPI_MISO,MCU_SPI_MISO,Multi Layer,50.775,28.225,,,,0.6,0.3,"MCU_SPI_MISO|Pad R_SPI_MISO-2(28.568mm,44.2mm) on L1 TOP|Pad U_MCU1-31(54.58mm,27.762mm) on L1 TOP [Unplated]",0
TRACK,R249:I2C_SDA,I2C_SDA,Bottom Layer,18.075,33.325,18.125,33.275,0.2,,,"I2C_SDA|Pad R_SDA-1(17.812mm,33.575mm) on L6 BOTTOM|Pad UP4-8(18.775mm,33.025mm) on L6 BOTTOM",0
TRACK,R249:I2C_SDA,I2C_SDA,Bottom Layer,18.125,33.275,18.275,33.275,0.2,,,"I2C_SDA|Pad R_SDA-1(17.812mm,33.575mm) on L6 BOTTOM|Pad UP4-8(18.775mm,33.025mm) on L6 BOTTOM",0
TRACK,R249:I2C_SDA,I2C_SDA,Bottom Layer,18.275,33.275,18.425,33.125,0.2,,,"I2C_SDA|Pad R_SDA-1(17.812mm,33.575mm) on L6 BOTTOM|Pad UP4-8(18.775mm,33.025mm) on L6 BOTTOM",0
TRACK,R250:MCU_VCAP,MCU_VCAP,Top Layer,63.075,26.775,63.075,27.075,0.2,,,"MCU_VCAP|Pad MCU_VCAP-2(62.68mm,26.288mm) on L1 TOP|Pad U_MCU1-48(63.08mm,27.762mm) on L1 TOP [Unplated]",0
TRACK,R251:GND,GND,Bottom Layer,53.275,21.175,53.275,21.425,0.15,,,"GND|Pad CU_14-1(53.379mm,20.95mm) on L6 BOTTOM|Pad CCU8-2(54.029mm,20.55mm) on L1 TOP",0
TRACK,R251:GND,GND,Bottom Layer,53.275,21.425,52.825,21.875,0.15,,,"GND|Pad CU_14-1(53.379mm,20.95mm) on L6 BOTTOM|Pad CCU8-2(54.029mm,20.55mm) on L1 TOP",0
TRACK,R251:GND,GND,Bottom Layer,52.825,21.875,51.425,21.875,0.15,,,"GND|Pad CU_14-1(53.379mm,20.95mm) on L6 BOTTOM|Pad CCU8-2(54.029mm,20.55mm) on L1 TOP",0
TRACK,R251:GND,GND,Bottom Layer,51.425,21.875,50.025,23.275,0.15,,,"GND|Pad CU_14-1(53.379mm,20.95mm) on L6 BOTTOM|Pad CCU8-2(54.029mm,20.55mm) on L1 TOP",0
TRACK,R251:GND,GND,Bottom Layer,50.025,23.275,50.025,24.275,0.15,,,"GND|Pad CU_14-1(53.379mm,20.95mm) on L6 BOTTOM|Pad CCU8-2(54.029mm,20.55mm) on L1 TOP",0
TRACK,R251:GND,GND,Bottom Layer,50.025,24.275,49.175,25.125,0.15,,,"GND|Pad CU_14-1(53.379mm,20.95mm) on L6 BOTTOM|Pad CCU8-2(54.029mm,20.55mm) on L1 TOP",0
TRACK,R251:GND,GND,Bottom Layer,49.175,25.125,49.175,26.0245,0.15,,,"GND|Pad CU_14-1(53.379mm,20.95mm) on L6 BOTTOM|Pad CCU8-2(54.029mm,20.55mm) on L1 TOP",0
TRACK,R251:GND,GND,Bottom Layer,49.175,26.0245,49.175,27.675,0.15,,,"GND|Pad CU_14-1(53.379mm,20.95mm) on L6 BOTTOM|Pad CCU8-2(54.029mm,20.55mm) on L1 TOP",0
TRACK,R251:GND,GND,Bottom Layer,49.175,27.675,51.625,30.125,0.15,,,"GND|Pad CU_14-1(53.379mm,20.95mm) on L6 BOTTOM|Pad CCU8-2(54.029mm,20.55mm) on L1 TOP",0
TRACK,R251:GND,GND,Bottom Layer,51.625,30.125,52.275,30.125,0.15,,,"GND|Pad CU_14-1(53.379mm,20.95mm) on L6 BOTTOM|Pad CCU8-2(54.029mm,20.55mm) on L1 TOP",0
TRACK,R251:GND,GND,Bottom Layer,52.275,30.125,52.425,30.275,0.15,,,"GND|Pad CU_14-1(53.379mm,20.95mm) on L6 BOTTOM|Pad CCU8-2(54.029mm,20.55mm) on L1 TOP",0
TRACK,R251:GND,GND,Mid Layer 2,52.425,30.275,52.975,30.275,0.15,,,"GND|Pad CU_14-1(53.379mm,20.95mm) on L6 BOTTOM|Pad CCU8-2(54.029mm,20.55mm) on L1 TOP",0
TRACK,R251:GND,GND,Mid Layer 2,52.975,30.275,54.625,28.625,0.15,,,"GND|Pad CU_14-1(53.379mm,20.95mm) on L6 BOTTOM|Pad CCU8-2(54.029mm,20.55mm) on L1 TOP",0
TRACK,R251:GND,GND,Mid Layer 2,54.625,28.625,54.625,28.575,0.15,,,"GND|Pad CU_14-1(53.379mm,20.95mm) on L6 BOTTOM|Pad CCU8-2(54.029mm,20.55mm) on L1 TOP",0
TRACK,R251:GND,GND,Mid Layer 2,54.625,28.575,54.675,28.575,0.15,,,"GND|Pad CU_14-1(53.379mm,20.95mm) on L6 BOTTOM|Pad CCU8-2(54.029mm,20.55mm) on L1 TOP",0
TRACK,R251:GND,GND,Mid Layer 2,54.675,28.575,54.675,28.525,0.15,,,"GND|Pad CU_14-1(53.379mm,20.95mm) on L6 BOTTOM|Pad CCU8-2(54.029mm,20.55mm) on L1 TOP",0
TRACK,R251:GND,GND,Mid Layer 2,54.675,28.525,54.725,28.525,0.15,,,"GND|Pad CU_14-1(53.379mm,20.95mm) on L6 BOTTOM|Pad CCU8-2(54.029mm,20.55mm) on L1 TOP",0
TRACK,R251:GND,GND,Mid Layer 2,54.725,28.525,56.875,26.375,0.15,,,"GND|Pad CU_14-1(53.379mm,20.95mm) on L6 BOTTOM|Pad CCU8-2(54.029mm,20.55mm) on L1 TOP",0
TRACK,R251:GND,GND,Mid Layer 2,56.875,26.375,56.875,26.0245,0.15,,,"GND|Pad CU_14-1(53.379mm,20.95mm) on L6 BOTTOM|Pad CCU8-2(54.029mm,20.55mm) on L1 TOP",0
TRACK,R251:GND,GND,Mid Layer 2,56.875,26.0245,56.875,20.775,0.15,,,"GND|Pad CU_14-1(53.379mm,20.95mm) on L6 BOTTOM|Pad CCU8-2(54.029mm,20.55mm) on L1 TOP",0
TRACK,R251:GND,GND,Mid Layer 2,56.875,20.775,56.475,20.375,0.15,,,"GND|Pad CU_14-1(53.379mm,20.95mm) on L6 BOTTOM|Pad CCU8-2(54.029mm,20.55mm) on L1 TOP",0
TRACK,R251:GND,GND,Top Layer,56.475,20.375,54.225,20.375,0.15,,,"GND|Pad CU_14-1(53.379mm,20.95mm) on L6 BOTTOM|Pad CCU8-2(54.029mm,20.55mm) on L1 TOP",0
VIA,R251:GND,GND,Multi Layer,52.425,30.275,,,,0.45,0.2,"GND|Pad CU_14-1(53.379mm,20.95mm) on L6 BOTTOM|Pad CCU8-2(54.029mm,20.55mm) on L1 TOP",0
VIA,R251:GND,GND,Multi Layer,56.475,20.375,,,,0.45,0.2,"GND|Pad CU_14-1(53.379mm,20.95mm) on L6 BOTTOM|Pad CCU8-2(54.029mm,20.55mm) on L1 TOP",0
TRACK,R252:3V3_DIG,3V3_DIG,Top Layer,51.625,44.825,51.625,44.325,0.4,,,"3V3_DIG|Pad C_MCU_VDD5-1(51.701mm,45.03mm) on L1 TOP|Pad U_MCU1-100(52.08mm,43.238mm) on L1 TOP [Unplated]",0
TRACK,R252:3V3_DIG,3V3_DIG,Top Layer,51.625,44.325,51.975,43.975,0.4,,,"3V3_DIG|Pad C_MCU_VDD5-1(51.701mm,45.03mm) on L1 TOP|Pad U_MCU1-100(52.08mm,43.238mm) on L1 TOP [Unplated]",0
TRACK,R254:3V3_DIG,3V3_DIG,Bottom Layer,51.075,40.025,51.075,40.275,0.15,,,"3V3_DIG|Pad UP2-6(51.062mm,39.699mm) on L6 BOTTOM|Pad R_KILL_PU-2(59.114mm,39.45mm) on L6 BOTTOM",0
TRACK,R254:3V3_DIG,3V3_DIG,Bottom Layer,51.075,40.275,51.225,40.425,0.15,,,"3V3_DIG|Pad UP2-6(51.062mm,39.699mm) on L6 BOTTOM|Pad R_KILL_PU-2(59.114mm,39.45mm) on L6 BOTTOM",0
TRACK,R254:3V3_DIG,3V3_DIG,Bottom Layer,51.225,40.425,52.175,40.425,0.15,,,"3V3_DIG|Pad UP2-6(51.062mm,39.699mm) on L6 BOTTOM|Pad R_KILL_PU-2(59.114mm,39.45mm) on L6 BOTTOM",0
TRACK,R254:3V3_DIG,3V3_DIG,Mid Layer 4,52.175,40.425,52.425,40.425,0.15,,,"3V3_DIG|Pad UP2-6(51.062mm,39.699mm) on L6 BOTTOM|Pad R_KILL_PU-2(59.114mm,39.45mm) on L6 BOTTOM",0
TRACK,R254:3V3_DIG,3V3_DIG,Mid Layer 4,52.425,40.425,52.7219,40.7219,0.15,,,"3V3_DIG|Pad UP2-6(51.062mm,39.699mm) on L6 BOTTOM|Pad R_KILL_PU-2(59.114mm,39.45mm) on L6 BOTTOM",0
TRACK,R254:3V3_DIG,3V3_DIG,Mid Layer 4,52.7219,40.7219,52.825,40.825,0.15,,,"3V3_DIG|Pad UP2-6(51.062mm,39.699mm) on L6 BOTTOM|Pad R_KILL_PU-2(59.114mm,39.45mm) on L6 BOTTOM",0
TRACK,R254:3V3_DIG,3V3_DIG,Mid Layer 4,52.825,40.825,56.775,40.825,0.15,,,"3V3_DIG|Pad UP2-6(51.062mm,39.699mm) on L6 BOTTOM|Pad R_KILL_PU-2(59.114mm,39.45mm) on L6 BOTTOM",0
TRACK,R254:3V3_DIG,3V3_DIG,Mid Layer 2,56.775,40.825,57.525,40.825,0.15,,,"3V3_DIG|Pad UP2-6(51.062mm,39.699mm) on L6 BOTTOM|Pad R_KILL_PU-2(59.114mm,39.45mm) on L6 BOTTOM",0
TRACK,R254:3V3_DIG,3V3_DIG,Mid Layer 2,57.525,40.825,58.725,39.625,0.15,,,"3V3_DIG|Pad UP2-6(51.062mm,39.699mm) on L6 BOTTOM|Pad R_KILL_PU-2(59.114mm,39.45mm) on L6 BOTTOM",0
VIA,R254:3V3_DIG,3V3_DIG,Multi Layer,52.175,40.425,,,,0.6,0.3,"3V3_DIG|Pad UP2-6(51.062mm,39.699mm) on L6 BOTTOM|Pad R_KILL_PU-2(59.114mm,39.45mm) on L6 BOTTOM",0
VIA,R254:3V3_DIG,3V3_DIG,Multi Layer,56.775,40.825,,,,0.6,0.3,"3V3_DIG|Pad UP2-6(51.062mm,39.699mm) on L6 BOTTOM|Pad R_KILL_PU-2(59.114mm,39.45mm) on L6 BOTTOM",0
TRACK,R256:GND,GND,Top Layer,39.225,14.475,39.225,15.325,0.3,,,"GND|Via (39.3mm,14.2mm) from L1 TOP to L6 BOTTOM|Pad INA3-1(39.325mm,15.85mm) on L1 TOP",0
TRACK,R257:BAT_TEMP,BAT_TEMP,Bottom Layer,11.075,39.375,11.075,39.675,0.2,,,"BAT_TEMP|Pad R_TS_SER-1(10.8mm,39.15mm) on L6 BOTTOM|Pad R_TS_TOP-1(11.194mm,39.924mm) on L6 BOTTOM",0
TRACK,R258:3V0_ANA,3V0_ANA,Bottom Layer,30.225,20.975,30.775,20.975,0.4,,,"3V0_ANA|Pad CU_22-1(30.05mm,20.95mm) on L6 BOTTOM|Pad CU_12-2(31.021mm,20.95mm) on L6 BOTTOM",0
TRACK,R259:NetQ_SHDN_1,NetQ_SHDN_1,Bottom Layer,54.525,37.025,54.825,37.025,0.2,,,"NetQ_SHDN_1|Pad R_SHDN_G-1(54.166mm,37.25mm) on L6 BOTTOM|Pad Q_SHDN-1(55.58mm,37mm) on L6 BOTTOM",0
TRACK,R260:NetC_WIFI_X32_OUT_2,NetC_WIFI_X32_OUT_2,Top Layer,36.425,29.025,36.425,29.425,0.2,,,"NetC_WIFI_X32_OUT_2|Pad C_WIFI_X32_OUT-2(36.43mm,28.779mm) on L1 TOP|Pad X_WIFI_32K-2(36.43mm,30.3mm) on L1 TOP [Unplated]",0
TRACK,R261:MCU_PWR_INT_N,MCU_PWR_INT_N,Bottom Layer,60.125,36.075,60.125,36.475,0.2,,,"MCU_PWR_INT_N|Pad R_INT_PULLUP-2(60.066mm,35.75mm) on L6 BOTTOM|Pad U_EN1-5(61.18mm,36.675mm) on L6 BOTTOM",0
TRACK,R262:NetD_CC_ESD_1,NetD_CC_ESD_1,Top Layer,16.575,40.675,16.375,40.675,0.15,,,"NetD_CC_ESD_1|Pad J_USB_C-A5(17.155mm,40.65mm) on L1 TOP|Pad D_CC_ESD-1(20.9mm,39.95mm) on L1 TOP [Unplated]",0
TRACK,R262:NetD_CC_ESD_1,NetD_CC_ESD_1,Top Layer,16.375,40.675,16.3,40.6,0.15,,,"NetD_CC_ESD_1|Pad J_USB_C-A5(17.155mm,40.65mm) on L1 TOP|Pad D_CC_ESD-1(20.9mm,39.95mm) on L1 TOP [Unplated]",0
TRACK,R262:NetD_CC_ESD_1,NetD_CC_ESD_1,Top Layer,16.3,40.6,15.775,40.075,0.15,,,"NetD_CC_ESD_1|Pad J_USB_C-A5(17.155mm,40.65mm) on L1 TOP|Pad D_CC_ESD-1(20.9mm,39.95mm) on L1 TOP [Unplated]",0
TRACK,R262:NetD_CC_ESD_1,NetD_CC_ESD_1,Top Layer,15.775,40.075,15.775,37.825,0.15,,,"NetD_CC_ESD_1|Pad J_USB_C-A5(17.155mm,40.65mm) on L1 TOP|Pad D_CC_ESD-1(20.9mm,39.95mm) on L1 TOP [Unplated]",0
TRACK,R262:NetD_CC_ESD_1,NetD_CC_ESD_1,Mid Layer 2,15.775,37.825,16.3,37.825,0.15,,,"NetD_CC_ESD_1|Pad J_USB_C-A5(17.155mm,40.65mm) on L1 TOP|Pad D_CC_ESD-1(20.9mm,39.95mm) on L1 TOP [Unplated]",0
TRACK,R262:NetD_CC_ESD_1,NetD_CC_ESD_1,Mid Layer 2,16.3,37.825,18.575,37.825,0.15,,,"NetD_CC_ESD_1|Pad J_USB_C-A5(17.155mm,40.65mm) on L1 TOP|Pad D_CC_ESD-1(20.9mm,39.95mm) on L1 TOP [Unplated]",0
TRACK,R262:NetD_CC_ESD_1,NetD_CC_ESD_1,Mid Layer 2,18.575,37.825,19.625,38.875,0.15,,,"NetD_CC_ESD_1|Pad J_USB_C-A5(17.155mm,40.65mm) on L1 TOP|Pad D_CC_ESD-1(20.9mm,39.95mm) on L1 TOP [Unplated]",0
TRACK,R262:NetD_CC_ESD_1,NetD_CC_ESD_1,Top Layer,19.625,38.875,20.425,39.675,0.15,,,"NetD_CC_ESD_1|Pad J_USB_C-A5(17.155mm,40.65mm) on L1 TOP|Pad D_CC_ESD-1(20.9mm,39.95mm) on L1 TOP [Unplated]",0
VIA,R262:NetD_CC_ESD_1,NetD_CC_ESD_1,Multi Layer,15.775,37.825,,,,0.45,0.2,"NetD_CC_ESD_1|Pad J_USB_C-A5(17.155mm,40.65mm) on L1 TOP|Pad D_CC_ESD-1(20.9mm,39.95mm) on L1 TOP [Unplated]",0
VIA,R262:NetD_CC_ESD_1,NetD_CC_ESD_1,Multi Layer,19.625,38.875,,,,0.45,0.2,"NetD_CC_ESD_1|Pad J_USB_C-A5(17.155mm,40.65mm) on L1 TOP|Pad D_CC_ESD-1(20.9mm,39.95mm) on L1 TOP [Unplated]",0
TRACK,R263:TS,TS,Bottom Layer,11.075,38.375,11.725,38.375,0.2,,,"TS|Pad R_TS_SER-2(10.8mm,38.15mm) on L6 BOTTOM|Pad UP1-1(12.2mm,38.65mm) on L6 BOTTOM",0
TRACK,R263:TS,TS,Bottom Layer,11.725,38.375,11.925,38.575,0.2,,,"TS|Pad R_TS_SER-2(10.8mm,38.15mm) on L6 BOTTOM|Pad UP1-1(12.2mm,38.65mm) on L6 BOTTOM",0
TRACK,R264:WIFI_SPI_CS,WIFI_SPI_CS,Top Layer,42.325,44.125,42.325,44.675,0.18,,,"WIFI_SPI_CS|Pad U_WIFI1-24(42.126mm,43.745mm) on L1 TOP [Unplated]|Pad R_WIFI_CS_PD-1(46.68mm,43.2mm) on L1 TOP",0
TRACK,R264:WIFI_SPI_CS,WIFI_SPI_CS,Mid Layer 2,42.325,44.675,44.325,44.675,0.18,,,"WIFI_SPI_CS|Pad U_WIFI1-24(42.126mm,43.745mm) on L1 TOP [Unplated]|Pad R_WIFI_CS_PD-1(46.68mm,43.2mm) on L1 TOP",0
TRACK,R264:WIFI_SPI_CS,WIFI_SPI_CS,Mid Layer 2,44.325,44.675,44.975,45.325,0.18,,,"WIFI_SPI_CS|Pad U_WIFI1-24(42.126mm,43.745mm) on L1 TOP [Unplated]|Pad R_WIFI_CS_PD-1(46.68mm,43.2mm) on L1 TOP",0
TRACK,R264:WIFI_SPI_CS,WIFI_SPI_CS,Mid Layer 2,44.975,45.325,46.675,45.325,0.18,,,"WIFI_SPI_CS|Pad U_WIFI1-24(42.126mm,43.745mm) on L1 TOP [Unplated]|Pad R_WIFI_CS_PD-1(46.68mm,43.2mm) on L1 TOP",0
TRACK,R264:WIFI_SPI_CS,WIFI_SPI_CS,Mid Layer 2,46.675,45.325,46.925,45.075,0.18,,,"WIFI_SPI_CS|Pad U_WIFI1-24(42.126mm,43.745mm) on L1 TOP [Unplated]|Pad R_WIFI_CS_PD-1(46.68mm,43.2mm) on L1 TOP",0
TRACK,R264:WIFI_SPI_CS,WIFI_SPI_CS,Top Layer,46.925,45.075,47.325,44.675,0.18,,,"WIFI_SPI_CS|Pad U_WIFI1-24(42.126mm,43.745mm) on L1 TOP [Unplated]|Pad R_WIFI_CS_PD-1(46.68mm,43.2mm) on L1 TOP",0
TRACK,R264:WIFI_SPI_CS,WIFI_SPI_CS,Top Layer,47.325,44.675,47.325,43.775,0.18,,,"WIFI_SPI_CS|Pad U_WIFI1-24(42.126mm,43.745mm) on L1 TOP [Unplated]|Pad R_WIFI_CS_PD-1(46.68mm,43.2mm) on L1 TOP",0
TRACK,R264:WIFI_SPI_CS,WIFI_SPI_CS,Top Layer,47.325,43.775,46.925,43.375,0.18,,,"WIFI_SPI_CS|Pad U_WIFI1-24(42.126mm,43.745mm) on L1 TOP [Unplated]|Pad R_WIFI_CS_PD-1(46.68mm,43.2mm) on L1 TOP",0
VIA,R264:WIFI_SPI_CS,WIFI_SPI_CS,Multi Layer,42.325,44.675,,,,0.6,0.3,"WIFI_SPI_CS|Pad U_WIFI1-24(42.126mm,43.745mm) on L1 TOP [Unplated]|Pad R_WIFI_CS_PD-1(46.68mm,43.2mm) on L1 TOP",0
VIA,R264:WIFI_SPI_CS,WIFI_SPI_CS,Multi Layer,46.925,45.075,,,,0.6,0.3,"WIFI_SPI_CS|Pad U_WIFI1-24(42.126mm,43.745mm) on L1 TOP [Unplated]|Pad R_WIFI_CS_PD-1(46.68mm,43.2mm) on L1 TOP",0
TRACK,R265:NetQ_SHDN_1 VIP,NetQ_SHDN_1,Mid Layer 2,53.175,38.425,54.275,37.325,0.2,,,"NetQ_SHDN_1|Pad R_SHDN_PD-2(53.19mm,38.45mm) on L6 BOTTOM|Pad R_SHDN_G-1(54.166mm,37.25mm) on L6 BOTTOM",0
VIA,R265:NetQ_SHDN_1 VIP,NetQ_SHDN_1,Multi Layer,53.175,38.425,,,,0.6,0.3,"NetQ_SHDN_1|Pad R_SHDN_PD-2(53.19mm,38.45mm) on L6 BOTTOM|Pad R_SHDN_G-1(54.166mm,37.25mm) on L6 BOTTOM",0
VIA,R265:NetQ_SHDN_1 VIP,NetQ_SHDN_1,Multi Layer,54.275,37.325,,,,0.6,0.3,"NetQ_SHDN_1|Pad R_SHDN_PD-2(53.19mm,38.45mm) on L6 BOTTOM|Pad R_SHDN_G-1(54.166mm,37.25mm) on L6 BOTTOM",0
TRACK,R267:3V0_ANA,3V0_ANA,Top Layer,30.625,20.275,30.925,20.275,0.4,,,"3V0_ANA|Pad CU_12-2(31.021mm,20.95mm) on L6 BOTTOM|Pad U2-4(33.25mm,20.4mm) on L6 BOTTOM",0
TRACK,R268:VSYS,VSYS,Bottom Layer,43.875,42.025,43.875,42.525,0.4,,,"VSYS|Pad U_UV1-6(43.973mm,41.792mm) on L6 BOTTOM|Pad U_UV1-5(43.973mm,42.742mm) on L6 BOTTOM",0
TRACK,R269:3V3_DIG,3V3_DIG,Top Layer,47.775,34.725,47.775,34.325,0.15,,,"3V3_DIG|Pad R_NRST-2(47.58mm,35mm) on L1 TOP|Pad C_MCU_VDD1-2(48.659mm,36.5mm) on L1 TOP",0
TRACK,R269:3V3_DIG,3V3_DIG,Mid Layer 2,47.775,34.325,47.775,34.775,0.15,,,"3V3_DIG|Pad R_NRST-2(47.58mm,35mm) on L1 TOP|Pad C_MCU_VDD1-2(48.659mm,36.5mm) on L1 TOP",0
TRACK,R269:3V3_DIG,3V3_DIG,Mid Layer 2,47.775,34.775,48.6045,35.6045,0.15,,,"3V3_DIG|Pad R_NRST-2(47.58mm,35mm) on L1 TOP|Pad C_MCU_VDD1-2(48.659mm,36.5mm) on L1 TOP",0
TRACK,R269:3V3_DIG,3V3_DIG,Mid Layer 2,48.6045,35.6045,48.775,35.775,0.15,,,"3V3_DIG|Pad R_NRST-2(47.58mm,35mm) on L1 TOP|Pad C_MCU_VDD1-2(48.659mm,36.5mm) on L1 TOP",0
TRACK,R269:3V3_DIG,3V3_DIG,Mid Layer 2,48.775,35.775,48.775,37.825,0.15,,,"3V3_DIG|Pad R_NRST-2(47.58mm,35mm) on L1 TOP|Pad C_MCU_VDD1-2(48.659mm,36.5mm) on L1 TOP",0
VIA,R269:3V3_DIG,3V3_DIG,Multi Layer,47.775,34.325,,,,0.45,0.2,"3V3_DIG|Pad R_NRST-2(47.58mm,35mm) on L1 TOP|Pad C_MCU_VDD1-2(48.659mm,36.5mm) on L1 TOP",0
TRACK,R270:3V3_DIG VIP,3V3_DIG,Top Layer,48.925,41.925,49.4985,42.4985,0.4,,,"3V3_DIG|Pad Free-TP_3V3_DIG(48.695mm,41.786mm) on L1 TOP|Pad U_MCU1-100(52.08mm,43.238mm) on L1 TOP [Unplated]",0
TRACK,R270:3V3_DIG VIP,3V3_DIG,Top Layer,49.4985,42.4985,51.225,44.225,0.4,,,"3V3_DIG|Pad Free-TP_3V3_DIG(48.695mm,41.786mm) on L1 TOP|Pad U_MCU1-100(52.08mm,43.238mm) on L1 TOP [Unplated]",0
TRACK,R270:3V3_DIG VIP,3V3_DIG,Top Layer,51.225,44.225,51.475,44.225,0.4,,,"3V3_DIG|Pad Free-TP_3V3_DIG(48.695mm,41.786mm) on L1 TOP|Pad U_MCU1-100(52.08mm,43.238mm) on L1 TOP [Unplated]",0
VIA,R270:3V3_DIG VIP,3V3_DIG,Multi Layer,48.925,41.925,,,,0.6,0.3,"3V3_DIG|Pad Free-TP_3V3_DIG(48.695mm,41.786mm) on L1 TOP|Pad U_MCU1-100(52.08mm,43.238mm) on L1 TOP [Unplated]",0
TRACK,R271:3V0_ANA,3V0_ANA,Top Layer,49.175,31.625,49.375,31.425,0.4,,,"3V0_ANA|Pad C3_MCU-1(48.959mm,31.8mm) on L1 TOP|Pad U_MCU1-21(50.342mm,31.5mm) on L1 TOP [Unplated]",0
TRACK,R271:3V0_ANA,3V0_ANA,Top Layer,49.375,31.425,49.625,31.425,0.4,,,"3V0_ANA|Pad C3_MCU-1(48.959mm,31.8mm) on L1 TOP|Pad U_MCU1-21(50.342mm,31.5mm) on L1 TOP [Unplated]",0
TRACK,R273:3V0_ANA,3V0_ANA,Top Layer,52.225,20.575,53.025,20.575,0.4,,,"3V0_ANA|Pad INA4-5(52.075mm,20.55mm) on L1 TOP|Pad CCU8-1(53.271mm,20.55mm) on L1 TOP",0
TRACK,R274:VSYS VIP,VSYS,Bottom Layer,18.475,39.425,18.475,38.925,0.4,,,"VSYS|Pad R_CHG_LED-1(18.2mm,39.65mm) on L6 BOTTOM|Pad Free-TP_VSYS(18.617mm,38.659mm) on L1 TOP",0
VIA,R274:VSYS VIP,VSYS,Multi Layer,18.475,38.925,,,,0.6,0.3,"VSYS|Pad R_CHG_LED-1(18.2mm,39.65mm) on L6 BOTTOM|Pad Free-TP_VSYS(18.617mm,38.659mm) on L1 TOP",0
TRACK,R275:MCU_NRST,MCU_NRST,Top Layer,48.775,35.025,49.625,35.025,0.2,,,"MCU_NRST|Pad R_NRST-1(48.58mm,35mm) on L1 TOP|Pad U_MCU1-14(50.342mm,35mm) on L1 TOP [Unplated]",0
TRACK,R276:NetJ_REF_1,NetJ_REF_1,Mid Layer 2,12.625,12.225,13.725,12.225,0.2,,,"NetJ_REF_1|Pad J_REF-1(11.93mm,12.2mm) on Multi-Layer|Pad J_REF-2(14.47mm,12.2mm) on Multi-Layer",0
TRACK,R277:3V3_DIG VIP,3V3_DIG,Top Layer,46.075,40.375,47.825,40.375,0.4,,,"3V3_DIG|Pad C_WIFI_BULK-2(45.58mm,40.226mm) on L6 BOTTOM|Pad C_VBAT-2(48.659mm,39mm) on L1 TOP",0
TRACK,R277:3V3_DIG VIP,3V3_DIG,Top Layer,47.825,40.375,48.6045,39.5955,0.4,,,"3V3_DIG|Pad C_WIFI_BULK-2(45.58mm,40.226mm) on L6 BOTTOM|Pad C_VBAT-2(48.659mm,39mm) on L1 TOP",0
TRACK,R277:3V3_DIG VIP,3V3_DIG,Top Layer,48.6045,39.5955,48.775,39.425,0.4,,,"3V3_DIG|Pad C_WIFI_BULK-2(45.58mm,40.226mm) on L6 BOTTOM|Pad C_VBAT-2(48.659mm,39mm) on L1 TOP",0
TRACK,R277:3V3_DIG VIP,3V3_DIG,Top Layer,48.775,39.425,48.775,39.225,0.4,,,"3V3_DIG|Pad C_WIFI_BULK-2(45.58mm,40.226mm) on L6 BOTTOM|Pad C_VBAT-2(48.659mm,39mm) on L1 TOP",0
VIA,R277:3V3_DIG VIP,3V3_DIG,Multi Layer,46.075,40.375,,,,0.6,0.3,"3V3_DIG|Pad C_WIFI_BULK-2(45.58mm,40.226mm) on L6 BOTTOM|Pad C_VBAT-2(48.659mm,39mm) on L1 TOP",0
TRACK,R278:GND,GND,Top Layer,51.025,36.975,51.275,36.975,0.15,,,"GND|Pad U_MCU1-10(50.342mm,37mm) on L1 TOP [Unplated]|Via (51.912mm,38.134mm) from L1 TOP to L6 BOTTOM",0
TRACK,R278:GND,GND,Top Layer,51.275,36.975,51.375,36.875,0.15,,,"GND|Pad U_MCU1-10(50.342mm,37mm) on L1 TOP [Unplated]|Via (51.912mm,38.134mm) from L1 TOP to L6 BOTTOM",0
TRACK,R278:GND,GND,Top Layer,51.375,36.875,51.375,36.225,0.15,,,"GND|Pad U_MCU1-10(50.342mm,37mm) on L1 TOP [Unplated]|Via (51.912mm,38.134mm) from L1 TOP to L6 BOTTOM",0
TRACK,R278:GND,GND,Top Layer,51.375,36.225,51.675,35.925,0.15,,,"GND|Pad U_MCU1-10(50.342mm,37mm) on L1 TOP [Unplated]|Via (51.912mm,38.134mm) from L1 TOP to L6 BOTTOM",0
TRACK,R278:GND,GND,Top Layer,51.675,35.925,52.575,35.925,0.15,,,"GND|Pad U_MCU1-10(50.342mm,37mm) on L1 TOP [Unplated]|Via (51.912mm,38.134mm) from L1 TOP to L6 BOTTOM",0
TRACK,R278:GND,GND,Bottom Layer,52.575,35.925,51.675,35.925,0.15,,,"GND|Pad U_MCU1-10(50.342mm,37mm) on L1 TOP [Unplated]|Via (51.912mm,38.134mm) from L1 TOP to L6 BOTTOM",0
TRACK,R278:GND,GND,Bottom Layer,51.675,35.925,51.375,36.225,0.15,,,"GND|Pad U_MCU1-10(50.342mm,37mm) on L1 TOP [Unplated]|Via (51.912mm,38.134mm) from L1 TOP to L6 BOTTOM",0
TRACK,R278:GND,GND,Bottom Layer,51.375,36.225,51.375,37.575,0.15,,,"GND|Pad U_MCU1-10(50.342mm,37mm) on L1 TOP [Unplated]|Via (51.912mm,38.134mm) from L1 TOP to L6 BOTTOM",0
TRACK,R278:GND,GND,Bottom Layer,51.375,37.575,51.675,37.875,0.15,,,"GND|Pad U_MCU1-10(50.342mm,37mm) on L1 TOP [Unplated]|Via (51.912mm,38.134mm) from L1 TOP to L6 BOTTOM",0
VIA,R278:GND,GND,Multi Layer,52.575,35.925,,,,0.6,0.3,"GND|Pad U_MCU1-10(50.342mm,37mm) on L1 TOP [Unplated]|Via (51.912mm,38.134mm) from L1 TOP to L6 BOTTOM",0
TRACK,R279:VSYS,VSYS,Bottom Layer,17.225,38.975,18.175,38.975,0.4,,,"VSYS|Pad C_OUT_-1(16.6mm,38.7mm) on L6 BOTTOM|Pad R_CHG_LED-1(18.2mm,39.65mm) on L6 BOTTOM",0
TRACK,R280:3V0_ANA,3V0_ANA,Top Layer,53.075,19.775,53.075,20.375,0.4,,,"3V0_ANA|Pad CCU7-2(53.25mm,19.55mm) on L1 TOP|Pad CCU8-1(53.271mm,20.55mm) on L1 TOP",0
TRACK,R281:USB_PGOOD_N VIP,USB_PGOOD_N,Top Layer,10.875,42.325,11.1,42.1,0.2,,,"USB_PGOOD_N|Pad R_PGOOD-1(10.977mm,42.299mm) on L6 BOTTOM|Pad UP1-7(13.85mm,40.8mm) on L6 BOTTOM",0
TRACK,R281:USB_PGOOD_N VIP,USB_PGOOD_N,Top Layer,11.1,42.1,11.175,42.025,0.2,,,"USB_PGOOD_N|Pad R_PGOOD-1(10.977mm,42.299mm) on L6 BOTTOM|Pad UP1-7(13.85mm,40.8mm) on L6 BOTTOM",0
TRACK,R281:USB_PGOOD_N VIP,USB_PGOOD_N,Top Layer,11.175,42.025,11.175,40.575,0.2,,,"USB_PGOOD_N|Pad R_PGOOD-1(10.977mm,42.299mm) on L6 BOTTOM|Pad UP1-7(13.85mm,40.8mm) on L6 BOTTOM",0
TRACK,R281:USB_PGOOD_N VIP,USB_PGOOD_N,Top Layer,11.175,40.575,11.575,40.175,0.2,,,"USB_PGOOD_N|Pad R_PGOOD-1(10.977mm,42.299mm) on L6 BOTTOM|Pad UP1-7(13.85mm,40.8mm) on L6 BOTTOM",0
TRACK,R281:USB_PGOOD_N VIP,USB_PGOOD_N,Top Layer,11.575,40.175,12.325,40.175,0.2,,,"USB_PGOOD_N|Pad R_PGOOD-1(10.977mm,42.299mm) on L6 BOTTOM|Pad UP1-7(13.85mm,40.8mm) on L6 BOTTOM",0
TRACK,R281:USB_PGOOD_N VIP,USB_PGOOD_N,Top Layer,12.325,40.175,13.275,41.125,0.2,,,"USB_PGOOD_N|Pad R_PGOOD-1(10.977mm,42.299mm) on L6 BOTTOM|Pad UP1-7(13.85mm,40.8mm) on L6 BOTTOM",0
TRACK,R281:USB_PGOOD_N VIP,USB_PGOOD_N,Top Layer,13.275,41.125,13.425,41.125,0.2,,,"USB_PGOOD_N|Pad R_PGOOD-1(10.977mm,42.299mm) on L6 BOTTOM|Pad UP1-7(13.85mm,40.8mm) on L6 BOTTOM",0
TRACK,R281:USB_PGOOD_N VIP,USB_PGOOD_N,Top Layer,13.425,41.125,13.875,41.575,0.2,,,"USB_PGOOD_N|Pad R_PGOOD-1(10.977mm,42.299mm) on L6 BOTTOM|Pad UP1-7(13.85mm,40.8mm) on L6 BOTTOM",0
TRACK,R281:USB_PGOOD_N VIP,USB_PGOOD_N,Top Layer,13.875,41.575,13.875,42.1,0.2,,,"USB_PGOOD_N|Pad R_PGOOD-1(10.977mm,42.299mm) on L6 BOTTOM|Pad UP1-7(13.85mm,40.8mm) on L6 BOTTOM",0
TRACK,R281:USB_PGOOD_N VIP,USB_PGOOD_N,Top Layer,13.875,42.1,13.875,42.375,0.2,,,"USB_PGOOD_N|Pad R_PGOOD-1(10.977mm,42.299mm) on L6 BOTTOM|Pad UP1-7(13.85mm,40.8mm) on L6 BOTTOM",0
VIA,R281:USB_PGOOD_N VIP,USB_PGOOD_N,Multi Layer,10.875,42.325,,,,0.6,0.3,"USB_PGOOD_N|Pad R_PGOOD-1(10.977mm,42.299mm) on L6 BOTTOM|Pad UP1-7(13.85mm,40.8mm) on L6 BOTTOM",0
TRACK,R282:NetD_CC_ESD_1,NetD_CC_ESD_1,Top Layer,21.375,39.675,23.525,39.675,0.2,,,"NetD_CC_ESD_1|Pad J_USB_C-A5(17.155mm,40.65mm) on L1 TOP|Pad RJ1-2(19.325mm,43.1mm) on L1 TOP",0
TRACK,R282:NetD_CC_ESD_1,NetD_CC_ESD_1,Top Layer,23.525,39.675,23.825,39.375,0.2,,,"NetD_CC_ESD_1|Pad J_USB_C-A5(17.155mm,40.65mm) on L1 TOP|Pad RJ1-2(19.325mm,43.1mm) on L1 TOP",0
TRACK,R282:NetD_CC_ESD_1,NetD_CC_ESD_1,Top Layer,23.825,39.375,25.075,39.375,0.2,,,"NetD_CC_ESD_1|Pad J_USB_C-A5(17.155mm,40.65mm) on L1 TOP|Pad RJ1-2(19.325mm,43.1mm) on L1 TOP",0
TRACK,R282:NetD_CC_ESD_1,NetD_CC_ESD_1,Top Layer,25.075,39.375,25.525,39.825,0.2,,,"NetD_CC_ESD_1|Pad J_USB_C-A5(17.155mm,40.65mm) on L1 TOP|Pad RJ1-2(19.325mm,43.1mm) on L1 TOP",0
TRACK,R282:NetD_CC_ESD_1,NetD_CC_ESD_1,Mid Layer 4,25.525,39.825,25.525,41.075,0.2,,,"NetD_CC_ESD_1|Pad J_USB_C-A5(17.155mm,40.65mm) on L1 TOP|Pad RJ1-2(19.325mm,43.1mm) on L1 TOP",0
TRACK,R282:NetD_CC_ESD_1,NetD_CC_ESD_1,Mid Layer 4,25.525,41.075,23.575,43.025,0.2,,,"NetD_CC_ESD_1|Pad J_USB_C-A5(17.155mm,40.65mm) on L1 TOP|Pad RJ1-2(19.325mm,43.1mm) on L1 TOP",0
TRACK,R282:NetD_CC_ESD_1,NetD_CC_ESD_1,Mid Layer 4,23.575,43.025,22.575,43.025,0.2,,,"NetD_CC_ESD_1|Pad J_USB_C-A5(17.155mm,40.65mm) on L1 TOP|Pad RJ1-2(19.325mm,43.1mm) on L1 TOP",0
TRACK,R282:NetD_CC_ESD_1,NetD_CC_ESD_1,Top Layer,22.575,43.025,19.575,43.025,0.2,,,"NetD_CC_ESD_1|Pad J_USB_C-A5(17.155mm,40.65mm) on L1 TOP|Pad RJ1-2(19.325mm,43.1mm) on L1 TOP",0
VIA,R282:NetD_CC_ESD_1,NetD_CC_ESD_1,Multi Layer,25.525,39.825,,,,0.6,0.3,"NetD_CC_ESD_1|Pad J_USB_C-A5(17.155mm,40.65mm) on L1 TOP|Pad RJ1-2(19.325mm,43.1mm) on L1 TOP",0
VIA,R282:NetD_CC_ESD_1,NetD_CC_ESD_1,Multi Layer,22.575,43.025,,,,0.6,0.3,"NetD_CC_ESD_1|Pad J_USB_C-A5(17.155mm,40.65mm) on L1 TOP|Pad RJ1-2(19.325mm,43.1mm) on L1 TOP",0
TRACK,R283:3V0_ANA,3V0_ANA,Top Layer,42.325,19.775,42.325,20.375,0.4,,,"3V0_ANA|Pad CCU5-2(42.45mm,19.55mm) on L1 TOP|Pad CCU6-1(42.471mm,20.55mm) on L1 TOP",0
TRACK,R286:GND,GND,Top Layer,52.025,24.725,52.775,24.725,0.3,,,"GND|Pad C_ADC4-2(51.68mm,24.923mm) on L1 TOP|Via (53.031mm,24.652mm) from L1 TOP to L6 BOTTOM",0
TRACK,R288:3V3_DIG,3V3_DIG,Top Layer,43.475,32.775,43.475,33.875,0.4,,,"3V3_DIG|Pad C_WIFI_VDD33-1(42.88mm,32.45mm) on L1 TOP|Pad R_NRST-2(47.58mm,35mm) on L1 TOP",0
TRACK,R288:3V3_DIG,3V3_DIG,Bottom Layer,43.475,33.875,43.775,34.175,0.4,,,"3V3_DIG|Pad C_WIFI_VDD33-1(42.88mm,32.45mm) on L1 TOP|Pad R_NRST-2(47.58mm,35mm) on L1 TOP",0
TRACK,R288:3V3_DIG,3V3_DIG,Bottom Layer,43.775,34.175,43.775,34.325,0.4,,,"3V3_DIG|Pad C_WIFI_VDD33-1(42.88mm,32.45mm) on L1 TOP|Pad R_NRST-2(47.58mm,35mm) on L1 TOP",0
TRACK,R288:3V3_DIG,3V3_DIG,Bottom Layer,43.775,34.325,44.275,34.825,0.4,,,"3V3_DIG|Pad C_WIFI_VDD33-1(42.88mm,32.45mm) on L1 TOP|Pad R_NRST-2(47.58mm,35mm) on L1 TOP",0
TRACK,R288:3V3_DIG,3V3_DIG,Bottom Layer,44.275,34.825,47.325,34.825,0.4,,,"3V3_DIG|Pad C_WIFI_VDD33-1(42.88mm,32.45mm) on L1 TOP|Pad R_NRST-2(47.58mm,35mm) on L1 TOP",0
TRACK,R288:3V3_DIG,3V3_DIG,Bottom Layer,47.325,34.825,47.625,34.525,0.4,,,"3V3_DIG|Pad C_WIFI_VDD33-1(42.88mm,32.45mm) on L1 TOP|Pad R_NRST-2(47.58mm,35mm) on L1 TOP",0
VIA,R288:3V3_DIG,3V3_DIG,Multi Layer,43.475,33.875,,,,0.6,0.3,"3V3_DIG|Pad C_WIFI_VDD33-1(42.88mm,32.45mm) on L1 TOP|Pad R_NRST-2(47.58mm,35mm) on L1 TOP",0
TRACK,R289:VSYS,VSYS,Bottom Layer,41.775,43.575,42.575,43.575,0.4,,,"VSYS|Pad U_UV1-3(41.423mm,43.692mm) on L6 BOTTOM|Pad U_UV1-5(43.973mm,42.742mm) on L6 BOTTOM",0
TRACK,R289:VSYS,VSYS,Bottom Layer,42.575,43.575,43.575,42.575,0.4,,,"VSYS|Pad U_UV1-3(41.423mm,43.692mm) on L6 BOTTOM|Pad U_UV1-5(43.973mm,42.742mm) on L6 BOTTOM",0
TRACK,R290:I2C_SDA,I2C_SDA,Bottom Layer,19.025,33.125,19.025,33.175,0.15,,,"I2C_SDA|Pad UP4-8(18.775mm,33.025mm) on L6 BOTTOM|Pad U_MCU1-96(54.08mm,43.238mm) on L1 TOP [Unplated]",0
TRACK,R290:I2C_SDA,I2C_SDA,Bottom Layer,19.025,33.175,19.325,33.475,0.15,,,"I2C_SDA|Pad UP4-8(18.775mm,33.025mm) on L6 BOTTOM|Pad U_MCU1-96(54.08mm,43.238mm) on L1 TOP [Unplated]",0
TRACK,R290:I2C_SDA,I2C_SDA,Bottom Layer,19.325,33.475,19.475,33.475,0.15,,,"I2C_SDA|Pad UP4-8(18.775mm,33.025mm) on L6 BOTTOM|Pad U_MCU1-96(54.08mm,43.238mm) on L1 TOP [Unplated]",0
TRACK,R290:I2C_SDA,I2C_SDA,Top Layer,19.475,33.475,19.625,33.475,0.15,,,"I2C_SDA|Pad UP4-8(18.775mm,33.025mm) on L6 BOTTOM|Pad U_MCU1-96(54.08mm,43.238mm) on L1 TOP [Unplated]",0
TRACK,R290:I2C_SDA,I2C_SDA,Top Layer,19.625,33.475,20.31,34.16,0.15,,,"I2C_SDA|Pad UP4-8(18.775mm,33.025mm) on L6 BOTTOM|Pad U_MCU1-96(54.08mm,43.238mm) on L1 TOP [Unplated]",0
TRACK,R290:I2C_SDA,I2C_SDA,Top Layer,20.31,34.16,20.525,34.375,0.15,,,"I2C_SDA|Pad UP4-8(18.775mm,33.025mm) on L6 BOTTOM|Pad U_MCU1-96(54.08mm,43.238mm) on L1 TOP [Unplated]",0
TRACK,R290:I2C_SDA,I2C_SDA,Top Layer,20.525,34.375,26.375,34.375,0.15,,,"I2C_SDA|Pad UP4-8(18.775mm,33.025mm) on L6 BOTTOM|Pad U_MCU1-96(54.08mm,43.238mm) on L1 TOP [Unplated]",0
TRACK,R290:I2C_SDA,I2C_SDA,Top Layer,26.375,34.375,29.725,37.725,0.15,,,"I2C_SDA|Pad UP4-8(18.775mm,33.025mm) on L6 BOTTOM|Pad U_MCU1-96(54.08mm,43.238mm) on L1 TOP [Unplated]",0
TRACK,R290:I2C_SDA,I2C_SDA,Mid Layer 4,29.725,37.725,32.075,37.725,0.15,,,"I2C_SDA|Pad UP4-8(18.775mm,33.025mm) on L6 BOTTOM|Pad U_MCU1-96(54.08mm,43.238mm) on L1 TOP [Unplated]",0
TRACK,R290:I2C_SDA,I2C_SDA,Mid Layer 4,32.075,37.725,33.825,39.475,0.15,,,"I2C_SDA|Pad UP4-8(18.775mm,33.025mm) on L6 BOTTOM|Pad U_MCU1-96(54.08mm,43.238mm) on L1 TOP [Unplated]",0
TRACK,R290:I2C_SDA,I2C_SDA,Mid Layer 4,33.825,39.475,39.225,39.475,0.15,,,"I2C_SDA|Pad UP4-8(18.775mm,33.025mm) on L6 BOTTOM|Pad U_MCU1-96(54.08mm,43.238mm) on L1 TOP [Unplated]",0
TRACK,R290:I2C_SDA,I2C_SDA,Mid Layer 4,39.225,39.475,40.425,40.675,0.15,,,"I2C_SDA|Pad UP4-8(18.775mm,33.025mm) on L6 BOTTOM|Pad U_MCU1-96(54.08mm,43.238mm) on L1 TOP [Unplated]",0
TRACK,R290:I2C_SDA,I2C_SDA,Mid Layer 4,40.425,40.675,40.425,41.425,0.15,,,"I2C_SDA|Pad UP4-8(18.775mm,33.025mm) on L6 BOTTOM|Pad U_MCU1-96(54.08mm,43.238mm) on L1 TOP [Unplated]",0
TRACK,R290:I2C_SDA,I2C_SDA,Mid Layer 4,40.425,41.425,42.875,43.875,0.15,,,"I2C_SDA|Pad UP4-8(18.775mm,33.025mm) on L6 BOTTOM|Pad U_MCU1-96(54.08mm,43.238mm) on L1 TOP [Unplated]",0
TRACK,R290:I2C_SDA,I2C_SDA,Mid Layer 4,42.875,43.875,48.6045,43.875,0.15,,,"I2C_SDA|Pad UP4-8(18.775mm,33.025mm) on L6 BOTTOM|Pad U_MCU1-96(54.08mm,43.238mm) on L1 TOP [Unplated]",0
TRACK,R290:I2C_SDA,I2C_SDA,Mid Layer 4,48.6045,43.875,52.825,43.875,0.15,,,"I2C_SDA|Pad UP4-8(18.775mm,33.025mm) on L6 BOTTOM|Pad U_MCU1-96(54.08mm,43.238mm) on L1 TOP [Unplated]",0
TRACK,R290:I2C_SDA,I2C_SDA,Mid Layer 4,52.825,43.875,53.525,44.575,0.15,,,"I2C_SDA|Pad UP4-8(18.775mm,33.025mm) on L6 BOTTOM|Pad U_MCU1-96(54.08mm,43.238mm) on L1 TOP [Unplated]",0
TRACK,R290:I2C_SDA,I2C_SDA,Top Layer,53.525,44.575,53.775,44.325,0.15,,,"I2C_SDA|Pad UP4-8(18.775mm,33.025mm) on L6 BOTTOM|Pad U_MCU1-96(54.08mm,43.238mm) on L1 TOP [Unplated]",0
TRACK,R290:I2C_SDA,I2C_SDA,Top Layer,53.775,44.325,53.925,44.325,0.15,,,"I2C_SDA|Pad UP4-8(18.775mm,33.025mm) on L6 BOTTOM|Pad U_MCU1-96(54.08mm,43.238mm) on L1 TOP [Unplated]",0
TRACK,R290:I2C_SDA,I2C_SDA,Top Layer,53.925,44.325,54.025,44.225,0.15,,,"I2C_SDA|Pad UP4-8(18.775mm,33.025mm) on L6 BOTTOM|Pad U_MCU1-96(54.08mm,43.238mm) on L1 TOP [Unplated]",0
TRACK,R290:I2C_SDA,I2C_SDA,Top Layer,54.025,44.225,54.025,43.975,0.15,,,"I2C_SDA|Pad UP4-8(18.775mm,33.025mm) on L6 BOTTOM|Pad U_MCU1-96(54.08mm,43.238mm) on L1 TOP [Unplated]",0
VIA,R290:I2C_SDA,I2C_SDA,Multi Layer,19.475,33.475,,,,0.45,0.2,"I2C_SDA|Pad UP4-8(18.775mm,33.025mm) on L6 BOTTOM|Pad U_MCU1-96(54.08mm,43.238mm) on L1 TOP [Unplated]",0
VIA,R290:I2C_SDA,I2C_SDA,Multi Layer,29.725,37.725,,,,0.45,0.2,"I2C_SDA|Pad UP4-8(18.775mm,33.025mm) on L6 BOTTOM|Pad U_MCU1-96(54.08mm,43.238mm) on L1 TOP [Unplated]",0
VIA,R290:I2C_SDA,I2C_SDA,Multi Layer,53.525,44.575,,,,0.45,0.2,"I2C_SDA|Pad UP4-8(18.775mm,33.025mm) on L6 BOTTOM|Pad U_MCU1-96(54.08mm,43.238mm) on L1 TOP [Unplated]",0
TRACK,R291:WIFI_SPI_CS,WIFI_SPI_CS,Top Layer,46.925,42.975,46.925,42.475,0.18,,,"WIFI_SPI_CS|Pad R_WIFI_CS_PD-1(46.68mm,43.2mm) on L1 TOP|Pad R_SPI_CS-1(58.48mm,25.538mm) on L1 TOP",0
TRACK,R291:WIFI_SPI_CS,WIFI_SPI_CS,Mid Layer 2,46.925,42.475,48.6045,40.7955,0.18,,,"WIFI_SPI_CS|Pad R_WIFI_CS_PD-1(46.68mm,43.2mm) on L1 TOP|Pad R_SPI_CS-1(58.48mm,25.538mm) on L1 TOP",0
TRACK,R291:WIFI_SPI_CS,WIFI_SPI_CS,Mid Layer 2,48.6045,40.7955,48.9019,40.4981,0.18,,,"WIFI_SPI_CS|Pad R_WIFI_CS_PD-1(46.68mm,43.2mm) on L1 TOP|Pad R_SPI_CS-1(58.48mm,25.538mm) on L1 TOP",0
TRACK,R291:WIFI_SPI_CS,WIFI_SPI_CS,Mid Layer 2,48.9019,40.4981,51.0315,38.3685,0.18,,,"WIFI_SPI_CS|Pad R_WIFI_CS_PD-1(46.68mm,43.2mm) on L1 TOP|Pad R_SPI_CS-1(58.48mm,25.538mm) on L1 TOP",0
TRACK,R291:WIFI_SPI_CS,WIFI_SPI_CS,Mid Layer 2,51.0315,38.3685,51.325,38.075,0.18,,,"WIFI_SPI_CS|Pad R_WIFI_CS_PD-1(46.68mm,43.2mm) on L1 TOP|Pad R_SPI_CS-1(58.48mm,25.538mm) on L1 TOP",0
TRACK,R291:WIFI_SPI_CS,WIFI_SPI_CS,Mid Layer 2,51.325,38.075,51.325,35.275,0.18,,,"WIFI_SPI_CS|Pad R_WIFI_CS_PD-1(46.68mm,43.2mm) on L1 TOP|Pad R_SPI_CS-1(58.48mm,25.538mm) on L1 TOP",0
TRACK,R291:WIFI_SPI_CS,WIFI_SPI_CS,Mid Layer 2,51.325,35.275,59.825,26.775,0.18,,,"WIFI_SPI_CS|Pad R_WIFI_CS_PD-1(46.68mm,43.2mm) on L1 TOP|Pad R_SPI_CS-1(58.48mm,25.538mm) on L1 TOP",0
TRACK,R291:WIFI_SPI_CS,WIFI_SPI_CS,Mid Layer 2,59.825,26.775,59.825,26.0245,0.18,,,"WIFI_SPI_CS|Pad R_WIFI_CS_PD-1(46.68mm,43.2mm) on L1 TOP|Pad R_SPI_CS-1(58.48mm,25.538mm) on L1 TOP",0
TRACK,R291:WIFI_SPI_CS,WIFI_SPI_CS,Mid Layer 2,59.825,26.0245,59.825,25.975,0.18,,,"WIFI_SPI_CS|Pad R_WIFI_CS_PD-1(46.68mm,43.2mm) on L1 TOP|Pad R_SPI_CS-1(58.48mm,25.538mm) on L1 TOP",0
TRACK,R291:WIFI_SPI_CS,WIFI_SPI_CS,Mid Layer 2,59.825,25.975,59.375,25.525,0.18,,,"WIFI_SPI_CS|Pad R_WIFI_CS_PD-1(46.68mm,43.2mm) on L1 TOP|Pad R_SPI_CS-1(58.48mm,25.538mm) on L1 TOP",0
TRACK,R291:WIFI_SPI_CS,WIFI_SPI_CS,Top Layer,59.375,25.525,58.675,25.525,0.18,,,"WIFI_SPI_CS|Pad R_WIFI_CS_PD-1(46.68mm,43.2mm) on L1 TOP|Pad R_SPI_CS-1(58.48mm,25.538mm) on L1 TOP",0
VIA,R291:WIFI_SPI_CS,WIFI_SPI_CS,Multi Layer,46.925,42.475,,,,0.6,0.3,"WIFI_SPI_CS|Pad R_WIFI_CS_PD-1(46.68mm,43.2mm) on L1 TOP|Pad R_SPI_CS-1(58.48mm,25.538mm) on L1 TOP",0
VIA,R291:WIFI_SPI_CS,WIFI_SPI_CS,Multi Layer,59.375,25.525,,,,0.6,0.3,"WIFI_SPI_CS|Pad R_WIFI_CS_PD-1(46.68mm,43.2mm) on L1 TOP|Pad R_SPI_CS-1(58.48mm,25.538mm) on L1 TOP",0
TRACK,R292:3V3_DIG,3V3_DIG,Bottom Layer,36.875,29.525,37.175,29.825,0.4,,,"3V3_DIG|Pad UP3-1(36.3mm,29.288mm) on L6 BOTTOM|Pad CUP5_1-1(37.45mm,29.338mm) on L6 BOTTOM",0
TRACK,R293:WIFI_SPI_RDY,WIFI_SPI_RDY,Top Layer,42.525,39.575,42.975,39.575,0.2,,,"WIFI_SPI_RDY|Pad U_WIFI1-21(42.126mm,39.935mm) on L1 TOP [Unplated]|Pad U_MCU1-89(57.58mm,43.238mm) on L1 TOP [Unplated]",0
TRACK,R293:WIFI_SPI_RDY,WIFI_SPI_RDY,Top Layer,42.975,39.575,43.075,39.475,0.2,,,"WIFI_SPI_RDY|Pad U_WIFI1-21(42.126mm,39.935mm) on L1 TOP [Unplated]|Pad U_MCU1-89(57.58mm,43.238mm) on L1 TOP [Unplated]",0
TRACK,R293:WIFI_SPI_RDY,WIFI_SPI_RDY,Top Layer,43.075,39.475,44.025,39.475,0.2,,,"WIFI_SPI_RDY|Pad U_WIFI1-21(42.126mm,39.935mm) on L1 TOP [Unplated]|Pad U_MCU1-89(57.58mm,43.238mm) on L1 TOP [Unplated]",0
TRACK,R293:WIFI_SPI_RDY,WIFI_SPI_RDY,Top Layer,44.025,39.475,46.275,41.725,0.2,,,"WIFI_SPI_RDY|Pad U_WIFI1-21(42.126mm,39.935mm) on L1 TOP [Unplated]|Pad U_MCU1-89(57.58mm,43.238mm) on L1 TOP [Unplated]",0
TRACK,R293:WIFI_SPI_RDY,WIFI_SPI_RDY,Top Layer,46.275,41.725,47.175,41.725,0.2,,,"WIFI_SPI_RDY|Pad U_WIFI1-21(42.126mm,39.935mm) on L1 TOP [Unplated]|Pad U_MCU1-89(57.58mm,43.238mm) on L1 TOP [Unplated]",0
TRACK,R293:WIFI_SPI_RDY,WIFI_SPI_RDY,Top Layer,47.175,41.725,48.075,42.625,0.2,,,"WIFI_SPI_RDY|Pad U_WIFI1-21(42.126mm,39.935mm) on L1 TOP [Unplated]|Pad U_MCU1-89(57.58mm,43.238mm) on L1 TOP [Unplated]",0
TRACK,R293:WIFI_SPI_RDY,WIFI_SPI_RDY,Top Layer,48.075,42.625,48.075,42.775,0.2,,,"WIFI_SPI_RDY|Pad U_WIFI1-21(42.126mm,39.935mm) on L1 TOP [Unplated]|Pad U_MCU1-89(57.58mm,43.238mm) on L1 TOP [Unplated]",0
TRACK,R293:WIFI_SPI_RDY,WIFI_SPI_RDY,Mid Layer 2,48.075,42.775,48.175,42.675,0.2,,,"WIFI_SPI_RDY|Pad U_WIFI1-21(42.126mm,39.935mm) on L1 TOP [Unplated]|Pad U_MCU1-89(57.58mm,43.238mm) on L1 TOP [Unplated]",0
TRACK,R293:WIFI_SPI_RDY,WIFI_SPI_RDY,Mid Layer 2,48.175,42.675,48.6045,42.675,0.2,,,"WIFI_SPI_RDY|Pad U_WIFI1-21(42.126mm,39.935mm) on L1 TOP [Unplated]|Pad U_MCU1-89(57.58mm,43.238mm) on L1 TOP [Unplated]",0
TRACK,R293:WIFI_SPI_RDY,WIFI_SPI_RDY,Mid Layer 2,48.6045,42.675,56.225,42.675,0.2,,,"WIFI_SPI_RDY|Pad U_WIFI1-21(42.126mm,39.935mm) on L1 TOP [Unplated]|Pad U_MCU1-89(57.58mm,43.238mm) on L1 TOP [Unplated]",0
TRACK,R293:WIFI_SPI_RDY,WIFI_SPI_RDY,Mid Layer 2,56.225,42.675,57.275,41.625,0.2,,,"WIFI_SPI_RDY|Pad U_WIFI1-21(42.126mm,39.935mm) on L1 TOP [Unplated]|Pad U_MCU1-89(57.58mm,43.238mm) on L1 TOP [Unplated]",0
TRACK,R293:WIFI_SPI_RDY,WIFI_SPI_RDY,Top Layer,57.275,41.625,57.275,42.075,0.2,,,"WIFI_SPI_RDY|Pad U_WIFI1-21(42.126mm,39.935mm) on L1 TOP [Unplated]|Pad U_MCU1-89(57.58mm,43.238mm) on L1 TOP [Unplated]",0
TRACK,R293:WIFI_SPI_RDY,WIFI_SPI_RDY,Top Layer,57.275,42.075,57.575,42.375,0.2,,,"WIFI_SPI_RDY|Pad U_WIFI1-21(42.126mm,39.935mm) on L1 TOP [Unplated]|Pad U_MCU1-89(57.58mm,43.238mm) on L1 TOP [Unplated]",0
TRACK,R293:WIFI_SPI_RDY,WIFI_SPI_RDY,Top Layer,57.575,42.375,57.575,42.525,0.2,,,"WIFI_SPI_RDY|Pad U_WIFI1-21(42.126mm,39.935mm) on L1 TOP [Unplated]|Pad U_MCU1-89(57.58mm,43.238mm) on L1 TOP [Unplated]",0
VIA,R293:WIFI_SPI_RDY,WIFI_SPI_RDY,Multi Layer,48.075,42.775,,,,0.6,0.3,"WIFI_SPI_RDY|Pad U_WIFI1-21(42.126mm,39.935mm) on L1 TOP [Unplated]|Pad U_MCU1-89(57.58mm,43.238mm) on L1 TOP [Unplated]",0
VIA,R293:WIFI_SPI_RDY,WIFI_SPI_RDY,Multi Layer,57.275,41.625,,,,0.6,0.3,"WIFI_SPI_RDY|Pad U_WIFI1-21(42.126mm,39.935mm) on L1 TOP [Unplated]|Pad U_MCU1-89(57.58mm,43.238mm) on L1 TOP [Unplated]",0
TRACK,R294:3V3_DIG,3V3_DIG,Bottom Layer,16.625,32.825,16.625,33.325,0.4,,,"3V3_DIG|Pad R_SCL-2(16.908mm,32.575mm) on L6 BOTTOM|Pad R_SDA-2(16.908mm,33.575mm) on L6 BOTTOM",0
TRACK,R295:MCU_SWCLK,MCU_SWCLK,Top Layer,25.075,29.175,25.375,29.475,0.15,,,"MCU_SWCLK|Pad J_SWD-4(24.793mm,28.9mm) on L1 TOP|Pad U_MCU1-76(64.08mm,43.238mm) on L1 TOP [Unplated]",0
TRACK,R295:MCU_SWCLK,MCU_SWCLK,Top Layer,25.375,29.475,25.375,29.525,0.15,,,"MCU_SWCLK|Pad J_SWD-4(24.793mm,28.9mm) on L1 TOP|Pad U_MCU1-76(64.08mm,43.238mm) on L1 TOP [Unplated]",0
TRACK,R295:MCU_SWCLK,MCU_SWCLK,Mid Layer 2,25.375,29.525,33.425,29.525,0.15,,,"MCU_SWCLK|Pad J_SWD-4(24.793mm,28.9mm) on L1 TOP|Pad U_MCU1-76(64.08mm,43.238mm) on L1 TOP [Unplated]",0
TRACK,R295:MCU_SWCLK,MCU_SWCLK,Mid Layer 2,33.425,29.525,34.975,31.075,0.15,,,"MCU_SWCLK|Pad J_SWD-4(24.793mm,28.9mm) on L1 TOP|Pad U_MCU1-76(64.08mm,43.238mm) on L1 TOP [Unplated]",0
TRACK,R295:MCU_SWCLK,MCU_SWCLK,Mid Layer 4,34.975,31.075,46.025,31.075,0.15,,,"MCU_SWCLK|Pad J_SWD-4(24.793mm,28.9mm) on L1 TOP|Pad U_MCU1-76(64.08mm,43.238mm) on L1 TOP [Unplated]",0
TRACK,R295:MCU_SWCLK,MCU_SWCLK,Mid Layer 4,46.025,31.075,48.225,33.275,0.15,,,"MCU_SWCLK|Pad J_SWD-4(24.793mm,28.9mm) on L1 TOP|Pad U_MCU1-76(64.08mm,43.238mm) on L1 TOP [Unplated]",0
TRACK,R295:MCU_SWCLK,MCU_SWCLK,Mid Layer 4,48.225,33.275,48.6045,33.275,0.15,,,"MCU_SWCLK|Pad J_SWD-4(24.793mm,28.9mm) on L1 TOP|Pad U_MCU1-76(64.08mm,43.238mm) on L1 TOP [Unplated]",0
TRACK,R295:MCU_SWCLK,MCU_SWCLK,Mid Layer 4,48.6045,33.275,58.425,33.275,0.15,,,"MCU_SWCLK|Pad J_SWD-4(24.793mm,28.9mm) on L1 TOP|Pad U_MCU1-76(64.08mm,43.238mm) on L1 TOP [Unplated]",0
TRACK,R295:MCU_SWCLK,MCU_SWCLK,Mid Layer 2,58.425,33.275,63.125,37.975,0.15,,,"MCU_SWCLK|Pad J_SWD-4(24.793mm,28.9mm) on L1 TOP|Pad U_MCU1-76(64.08mm,43.238mm) on L1 TOP [Unplated]",0
TRACK,R295:MCU_SWCLK,MCU_SWCLK,Mid Layer 2,63.125,37.975,63.125,41.425,0.15,,,"MCU_SWCLK|Pad J_SWD-4(24.793mm,28.9mm) on L1 TOP|Pad U_MCU1-76(64.08mm,43.238mm) on L1 TOP [Unplated]",0
TRACK,R295:MCU_SWCLK,MCU_SWCLK,Top Layer,63.125,41.425,64.025,42.325,0.15,,,"MCU_SWCLK|Pad J_SWD-4(24.793mm,28.9mm) on L1 TOP|Pad U_MCU1-76(64.08mm,43.238mm) on L1 TOP [Unplated]",0
TRACK,R295:MCU_SWCLK,MCU_SWCLK,Top Layer,64.025,42.325,64.025,42.525,0.15,,,"MCU_SWCLK|Pad J_SWD-4(24.793mm,28.9mm) on L1 TOP|Pad U_MCU1-76(64.08mm,43.238mm) on L1 TOP [Unplated]",0
VIA,R295:MCU_SWCLK,MCU_SWCLK,Multi Layer,25.375,29.525,,,,0.45,0.2,"MCU_SWCLK|Pad J_SWD-4(24.793mm,28.9mm) on L1 TOP|Pad U_MCU1-76(64.08mm,43.238mm) on L1 TOP [Unplated]",0
VIA,R295:MCU_SWCLK,MCU_SWCLK,Multi Layer,34.975,31.075,,,,0.45,0.2,"MCU_SWCLK|Pad J_SWD-4(24.793mm,28.9mm) on L1 TOP|Pad U_MCU1-76(64.08mm,43.238mm) on L1 TOP [Unplated]",0
VIA,R295:MCU_SWCLK,MCU_SWCLK,Multi Layer,58.425,33.275,,,,0.45,0.2,"MCU_SWCLK|Pad J_SWD-4(24.793mm,28.9mm) on L1 TOP|Pad U_MCU1-76(64.08mm,43.238mm) on L1 TOP [Unplated]",0
VIA,R295:MCU_SWCLK,MCU_SWCLK,Multi Layer,63.125,41.425,,,,0.45,0.2,"MCU_SWCLK|Pad J_SWD-4(24.793mm,28.9mm) on L1 TOP|Pad U_MCU1-76(64.08mm,43.238mm) on L1 TOP [Unplated]",0
TRACK,R296:3V3_DIG,3V3_DIG,Top Layer,41.075,32.725,42.275,32.725,0.4,,,"3V3_DIG|Pad C_WIFI_VDD33_HF-1(40.855mm,32.475mm) on L1 TOP|Pad C_WIFI_VDD33-1(42.88mm,32.45mm) on L1 TOP",0
TRACK,R297:MCU_BOOT0,MCU_BOOT0,Top Layer,55.075,43.975,55.075,44.425,0.2,,,"MCU_BOOT0|Pad U_MCU1-94(55.08mm,43.238mm) on L1 TOP [Unplated]|Pad R_MCU_BOOT0_PD-2(55.58mm,45.06mm) on L1 TOP",0
TRACK,R297:MCU_BOOT0,MCU_BOOT0,Top Layer,55.075,44.425,55.475,44.825,0.2,,,"MCU_BOOT0|Pad U_MCU1-94(55.08mm,43.238mm) on L1 TOP [Unplated]|Pad R_MCU_BOOT0_PD-2(55.58mm,45.06mm) on L1 TOP",0
TRACK,R298:VBAT_CELL,VBAT_CELL,Bottom Layer,20.825,32.125,20.825,32.425,0.4,,,"VBAT_CELL|Pad UP4-3(20.745mm,32.025mm) on L6 BOTTOM|Pad UP4-2(20.745mm,32.525mm) on L6 BOTTOM",0
TRACK,R299:VSYS,VSYS,Bottom Layer,44.325,41.675,44.775,41.675,0.4,,,"VSYS|Pad U_UV1-6(43.973mm,41.792mm) on L6 BOTTOM|Pad C_UV_BYPASS-1(45.02mm,41.642mm) on L6 BOTTOM",0
TRACK,R300:VSYS VIP,VSYS,Mid Layer 4,44.125,41.775,45.225,41.775,0.4,,,"VSYS|Pad C_UV_BYPASS-1(45.02mm,41.642mm) on L6 BOTTOM|Pad UP2-4(51.562mm,41.169mm) on L6 BOTTOM",0
TRACK,R300:VSYS VIP,VSYS,Mid Layer 4,45.225,41.775,45.775,41.225,0.4,,,"VSYS|Pad C_UV_BYPASS-1(45.02mm,41.642mm) on L6 BOTTOM|Pad UP2-4(51.562mm,41.169mm) on L6 BOTTOM",0
TRACK,R300:VSYS VIP,VSYS,Mid Layer 4,45.775,41.225,48.475,41.225,0.4,,,"VSYS|Pad C_UV_BYPASS-1(45.02mm,41.642mm) on L6 BOTTOM|Pad UP2-4(51.562mm,41.169mm) on L6 BOTTOM",0
TRACK,R300:VSYS VIP,VSYS,Mid Layer 4,48.475,41.225,48.6045,41.0955,0.4,,,"VSYS|Pad C_UV_BYPASS-1(45.02mm,41.642mm) on L6 BOTTOM|Pad UP2-4(51.562mm,41.169mm) on L6 BOTTOM",0
TRACK,R300:VSYS VIP,VSYS,Mid Layer 4,48.6045,41.0955,48.625,41.075,0.4,,,"VSYS|Pad C_UV_BYPASS-1(45.02mm,41.642mm) on L6 BOTTOM|Pad UP2-4(51.562mm,41.169mm) on L6 BOTTOM",0
TRACK,R300:VSYS VIP,VSYS,Mid Layer 4,48.625,41.075,48.9019,41.075,0.4,,,"VSYS|Pad C_UV_BYPASS-1(45.02mm,41.642mm) on L6 BOTTOM|Pad UP2-4(51.562mm,41.169mm) on L6 BOTTOM",0
TRACK,R300:VSYS VIP,VSYS,Mid Layer 4,48.9019,41.075,51.525,41.075,0.4,,,"VSYS|Pad C_UV_BYPASS-1(45.02mm,41.642mm) on L6 BOTTOM|Pad UP2-4(51.562mm,41.169mm) on L6 BOTTOM",0
TRACK,R300:VSYS VIP,VSYS,Mid Layer 4,51.525,41.075,51.925,41.475,0.4,,,"VSYS|Pad C_UV_BYPASS-1(45.02mm,41.642mm) on L6 BOTTOM|Pad UP2-4(51.562mm,41.169mm) on L6 BOTTOM",0
TRACK,R300:VSYS VIP,VSYS,Mid Layer 4,51.925,41.475,52.7219,41.475,0.4,,,"VSYS|Pad C_UV_BYPASS-1(45.02mm,41.642mm) on L6 BOTTOM|Pad UP2-4(51.562mm,41.169mm) on L6 BOTTOM",0
TRACK,R300:VSYS VIP,VSYS,Mid Layer 4,52.7219,41.475,53.475,41.475,0.4,,,"VSYS|Pad C_UV_BYPASS-1(45.02mm,41.642mm) on L6 BOTTOM|Pad UP2-4(51.562mm,41.169mm) on L6 BOTTOM",0
VIA,R300:VSYS VIP,VSYS,Multi Layer,44.125,41.775,,,,0.6,0.3,"VSYS|Pad C_UV_BYPASS-1(45.02mm,41.642mm) on L6 BOTTOM|Pad UP2-4(51.562mm,41.169mm) on L6 BOTTOM",0
TRACK,R301:3V0_ANA,3V0_ANA,Top Layer,47.175,32.475,48.6045,32.475,0.15,,,"3V0_ANA|Pad C2_MCU-2(46.98mm,33.1mm) on L1 TOP|Pad C1_MCU-1(48.959mm,33.1mm) on L1 TOP",0
TRACK,R301:3V0_ANA,3V0_ANA,Top Layer,48.6045,32.475,48.875,32.475,0.15,,,"3V0_ANA|Pad C2_MCU-2(46.98mm,33.1mm) on L1 TOP|Pad C1_MCU-1(48.959mm,33.1mm) on L1 TOP",0
TRACK,R302:GND,GND,Top Layer,32.475,20.375,32.475,19.775,0.3,,,"GND|Pad CCU4-2(32.429mm,20.55mm) on L1 TOP|Pad CCU3-1(32.45mm,19.55mm) on L1 TOP",0
TRACK,R303:NetJ_REF_1,NetJ_REF_1,Mid Layer 2,12.625,12.925,12.978,13.278,0.15,,,"NetJ_REF_1|Pad J_REF-2(14.47mm,12.2mm) on Multi-Layer|Pad R_DRL_SEL-2(22.142mm,13.558mm) on L6 BOTTOM",0
TRACK,R303:NetJ_REF_1,NetJ_REF_1,Mid Layer 2,12.978,13.278,13.125,13.425,0.15,,,"NetJ_REF_1|Pad J_REF-2(14.47mm,12.2mm) on Multi-Layer|Pad R_DRL_SEL-2(22.142mm,13.558mm) on L6 BOTTOM",0
TRACK,R303:NetJ_REF_1,NetJ_REF_1,Mid Layer 2,13.125,13.425,13.125,14.225,0.15,,,"NetJ_REF_1|Pad J_REF-2(14.47mm,12.2mm) on Multi-Layer|Pad R_DRL_SEL-2(22.142mm,13.558mm) on L6 BOTTOM",0
TRACK,R303:NetJ_REF_1,NetJ_REF_1,Mid Layer 2,13.125,14.225,12.175,15.175,0.15,,,"NetJ_REF_1|Pad J_REF-2(14.47mm,12.2mm) on Multi-Layer|Pad R_DRL_SEL-2(22.142mm,13.558mm) on L6 BOTTOM",0
TRACK,R303:NetJ_REF_1,NetJ_REF_1,Mid Layer 2,12.175,15.175,11.9058,15.175,0.15,,,"NetJ_REF_1|Pad J_REF-2(14.47mm,12.2mm) on Multi-Layer|Pad R_DRL_SEL-2(22.142mm,13.558mm) on L6 BOTTOM",0
TRACK,R303:NetJ_REF_1,NetJ_REF_1,Mid Layer 2,11.9058,15.175,10.775,15.175,0.15,,,"NetJ_REF_1|Pad J_REF-2(14.47mm,12.2mm) on Multi-Layer|Pad R_DRL_SEL-2(22.142mm,13.558mm) on L6 BOTTOM",0
TRACK,R303:NetJ_REF_1,NetJ_REF_1,Bottom Layer,10.775,15.175,11.725,15.175,0.15,,,"NetJ_REF_1|Pad J_REF-2(14.47mm,12.2mm) on Multi-Layer|Pad R_DRL_SEL-2(22.142mm,13.558mm) on L6 BOTTOM",0
TRACK,R303:NetJ_REF_1,NetJ_REF_1,Bottom Layer,11.725,15.175,11.9058,15.3558,0.15,,,"NetJ_REF_1|Pad J_REF-2(14.47mm,12.2mm) on Multi-Layer|Pad R_DRL_SEL-2(22.142mm,13.558mm) on L6 BOTTOM",0
TRACK,R303:NetJ_REF_1,NetJ_REF_1,Bottom Layer,11.9058,15.3558,12.328,15.778,0.15,,,"NetJ_REF_1|Pad J_REF-2(14.47mm,12.2mm) on Multi-Layer|Pad R_DRL_SEL-2(22.142mm,13.558mm) on L6 BOTTOM",0
TRACK,R303:NetJ_REF_1,NetJ_REF_1,Bottom Layer,12.328,15.778,12.425,15.875,0.15,,,"NetJ_REF_1|Pad J_REF-2(14.47mm,12.2mm) on Multi-Layer|Pad R_DRL_SEL-2(22.142mm,13.558mm) on L6 BOTTOM",0
TRACK,R303:NetJ_REF_1,NetJ_REF_1,Bottom Layer,12.425,15.875,12.425,17.475,0.15,,,"NetJ_REF_1|Pad J_REF-2(14.47mm,12.2mm) on Multi-Layer|Pad R_DRL_SEL-2(22.142mm,13.558mm) on L6 BOTTOM",0
TRACK,R303:NetJ_REF_1,NetJ_REF_1,Bottom Layer,12.425,17.475,12.575,17.625,0.15,,,"NetJ_REF_1|Pad J_REF-2(14.47mm,12.2mm) on Multi-Layer|Pad R_DRL_SEL-2(22.142mm,13.558mm) on L6 BOTTOM",0
TRACK,R303:NetJ_REF_1,NetJ_REF_1,Bottom Layer,12.575,17.625,12.625,17.625,0.15,,,"NetJ_REF_1|Pad J_REF-2(14.47mm,12.2mm) on Multi-Layer|Pad R_DRL_SEL-2(22.142mm,13.558mm) on L6 BOTTOM",0
TRACK,R303:NetJ_REF_1,NetJ_REF_1,Bottom Layer,12.625,17.625,12.625,17.675,0.15,,,"NetJ_REF_1|Pad J_REF-2(14.47mm,12.2mm) on Multi-Layer|Pad R_DRL_SEL-2(22.142mm,13.558mm) on L6 BOTTOM",0
TRACK,R303:NetJ_REF_1,NetJ_REF_1,Bottom Layer,12.625,17.675,12.825,17.675,0.15,,,"NetJ_REF_1|Pad J_REF-2(14.47mm,12.2mm) on Multi-Layer|Pad R_DRL_SEL-2(22.142mm,13.558mm) on L6 BOTTOM",0
TRACK,R303:NetJ_REF_1,NetJ_REF_1,Bottom Layer,12.825,17.675,13.175,18.025,0.15,,,"NetJ_REF_1|Pad J_REF-2(14.47mm,12.2mm) on Multi-Layer|Pad R_DRL_SEL-2(22.142mm,13.558mm) on L6 BOTTOM",0
TRACK,R303:NetJ_REF_1,NetJ_REF_1,Bottom Layer,13.175,18.025,13.175,18.175,0.15,,,"NetJ_REF_1|Pad J_REF-2(14.47mm,12.2mm) on Multi-Layer|Pad R_DRL_SEL-2(22.142mm,13.558mm) on L6 BOTTOM",0
TRACK,R303:NetJ_REF_1,NetJ_REF_1,Bottom Layer,13.175,18.175,13.525,18.525,0.15,,,"NetJ_REF_1|Pad J_REF-2(14.47mm,12.2mm) on Multi-Layer|Pad R_DRL_SEL-2(22.142mm,13.558mm) on L6 BOTTOM",0
TRACK,R303:NetJ_REF_1,NetJ_REF_1,Bottom Layer,13.525,18.525,14.425,18.525,0.15,,,"NetJ_REF_1|Pad J_REF-2(14.47mm,12.2mm) on Multi-Layer|Pad R_DRL_SEL-2(22.142mm,13.558mm) on L6 BOTTOM",0
TRACK,R303:NetJ_REF_1,NetJ_REF_1,Mid Layer 2,14.425,18.525,20.125,24.225,0.15,,,"NetJ_REF_1|Pad J_REF-2(14.47mm,12.2mm) on Multi-Layer|Pad R_DRL_SEL-2(22.142mm,13.558mm) on L6 BOTTOM",0
TRACK,R303:NetJ_REF_1,NetJ_REF_1,Mid Layer 2,20.125,24.225,21.625,24.225,0.15,,,"NetJ_REF_1|Pad J_REF-2(14.47mm,12.2mm) on Multi-Layer|Pad R_DRL_SEL-2(22.142mm,13.558mm) on L6 BOTTOM",0
TRACK,R303:NetJ_REF_1,NetJ_REF_1,Mid Layer 2,21.625,24.225,26.425,19.425,0.15,,,"NetJ_REF_1|Pad J_REF-2(14.47mm,12.2mm) on Multi-Layer|Pad R_DRL_SEL-2(22.142mm,13.558mm) on L6 BOTTOM",0
TRACK,R303:NetJ_REF_1,NetJ_REF_1,Mid Layer 2,26.425,19.425,26.425,15.925,0.15,,,"NetJ_REF_1|Pad J_REF-2(14.47mm,12.2mm) on Multi-Layer|Pad R_DRL_SEL-2(22.142mm,13.558mm) on L6 BOTTOM",0
TRACK,R303:NetJ_REF_1,NetJ_REF_1,Mid Layer 2,26.425,15.925,25.525,15.025,0.15,,,"NetJ_REF_1|Pad J_REF-2(14.47mm,12.2mm) on Multi-Layer|Pad R_DRL_SEL-2(22.142mm,13.558mm) on L6 BOTTOM",0
TRACK,R303:NetJ_REF_1,NetJ_REF_1,Mid Layer 2,25.525,15.025,23.075,15.025,0.15,,,"NetJ_REF_1|Pad J_REF-2(14.47mm,12.2mm) on Multi-Layer|Pad R_DRL_SEL-2(22.142mm,13.558mm) on L6 BOTTOM",0
TRACK,R303:NetJ_REF_1,NetJ_REF_1,Mid Layer 2,23.075,15.025,22.975,14.925,0.15,,,"NetJ_REF_1|Pad J_REF-2(14.47mm,12.2mm) on Multi-Layer|Pad R_DRL_SEL-2(22.142mm,13.558mm) on L6 BOTTOM",0
TRACK,R303:NetJ_REF_1,NetJ_REF_1,Bottom Layer,22.975,14.925,22.975,14.325,0.15,,,"NetJ_REF_1|Pad J_REF-2(14.47mm,12.2mm) on Multi-Layer|Pad R_DRL_SEL-2(22.142mm,13.558mm) on L6 BOTTOM",0
TRACK,R303:NetJ_REF_1,NetJ_REF_1,Bottom Layer,22.975,14.325,22.525,13.875,0.15,,,"NetJ_REF_1|Pad J_REF-2(14.47mm,12.2mm) on Multi-Layer|Pad R_DRL_SEL-2(22.142mm,13.558mm) on L6 BOTTOM",0
VIA,R303:NetJ_REF_1,NetJ_REF_1,Multi Layer,10.775,15.175,,,,0.45,0.2,"NetJ_REF_1|Pad J_REF-2(14.47mm,12.2mm) on Multi-Layer|Pad R_DRL_SEL-2(22.142mm,13.558mm) on L6 BOTTOM",0
VIA,R303:NetJ_REF_1,NetJ_REF_1,Multi Layer,14.425,18.525,,,,0.45,0.2,"NetJ_REF_1|Pad J_REF-2(14.47mm,12.2mm) on Multi-Layer|Pad R_DRL_SEL-2(22.142mm,13.558mm) on L6 BOTTOM",0
VIA,R303:NetJ_REF_1,NetJ_REF_1,Multi Layer,22.975,14.925,,,,0.45,0.2,"NetJ_REF_1|Pad J_REF-2(14.47mm,12.2mm) on Multi-Layer|Pad R_DRL_SEL-2(22.142mm,13.558mm) on L6 BOTTOM",0
TRACK,R304:VSYS,VSYS,Bottom Layer,15.175,39.425,15.175,39.575,0.4,,,"VSYS|Pad UP1-11(15mm,39.15mm) on L6 BOTTOM|Pad UP1-10(15mm,39.65mm) on L6 BOTTOM",0
TRACK,R305:WIFI_SPI_MOSI,WIFI_SPI_MOSI,Top Layer,38.675,44.625,38.675,44.125,0.15,,,"WIFI_SPI_MOSI|Pad U_WIFI1-27(38.315mm,45.016mm) on L1 TOP [Unplated]|Pad R_SPI_MOSI-1(57.08mm,25.538mm) on L1 TOP",0
TRACK,R305:WIFI_SPI_MOSI,WIFI_SPI_MOSI,Top Layer,38.675,44.125,39.275,43.525,0.15,,,"WIFI_SPI_MOSI|Pad U_WIFI1-27(38.315mm,45.016mm) on L1 TOP [Unplated]|Pad R_SPI_MOSI-1(57.08mm,25.538mm) on L1 TOP",0
TRACK,R305:WIFI_SPI_MOSI,WIFI_SPI_MOSI,Top Layer,39.275,43.525,40.825,43.525,0.15,,,"WIFI_SPI_MOSI|Pad U_WIFI1-27(38.315mm,45.016mm) on L1 TOP [Unplated]|Pad R_SPI_MOSI-1(57.08mm,25.538mm) on L1 TOP",0
TRACK,R305:WIFI_SPI_MOSI,WIFI_SPI_MOSI,Top Layer,40.825,43.525,41.225,43.125,0.15,,,"WIFI_SPI_MOSI|Pad U_WIFI1-27(38.315mm,45.016mm) on L1 TOP [Unplated]|Pad R_SPI_MOSI-1(57.08mm,25.538mm) on L1 TOP",0
TRACK,R305:WIFI_SPI_MOSI,WIFI_SPI_MOSI,Top Layer,41.225,43.125,41.225,42.225,0.15,,,"WIFI_SPI_MOSI|Pad U_WIFI1-27(38.315mm,45.016mm) on L1 TOP [Unplated]|Pad R_SPI_MOSI-1(57.08mm,25.538mm) on L1 TOP",0
TRACK,R305:WIFI_SPI_MOSI,WIFI_SPI_MOSI,Top Layer,41.225,42.225,40.425,41.425,0.15,,,"WIFI_SPI_MOSI|Pad U_WIFI1-27(38.315mm,45.016mm) on L1 TOP [Unplated]|Pad R_SPI_MOSI-1(57.08mm,25.538mm) on L1 TOP",0
TRACK,R305:WIFI_SPI_MOSI,WIFI_SPI_MOSI,Top Layer,40.425,41.425,40.425,34.625,0.15,,,"WIFI_SPI_MOSI|Pad U_WIFI1-27(38.315mm,45.016mm) on L1 TOP [Unplated]|Pad R_SPI_MOSI-1(57.08mm,25.538mm) on L1 TOP",0
TRACK,R305:WIFI_SPI_MOSI,WIFI_SPI_MOSI,Mid Layer 2,40.425,34.625,44.525,30.525,0.15,,,"WIFI_SPI_MOSI|Pad U_WIFI1-27(38.315mm,45.016mm) on L1 TOP [Unplated]|Pad R_SPI_MOSI-1(57.08mm,25.538mm) on L1 TOP",0
TRACK,R305:WIFI_SPI_MOSI,WIFI_SPI_MOSI,Mid Layer 4,44.525,30.525,46.275,30.525,0.15,,,"WIFI_SPI_MOSI|Pad U_WIFI1-27(38.315mm,45.016mm) on L1 TOP [Unplated]|Pad R_SPI_MOSI-1(57.08mm,25.538mm) on L1 TOP",0
TRACK,R305:WIFI_SPI_MOSI,WIFI_SPI_MOSI,Mid Layer 4,46.275,30.525,46.525,30.275,0.15,,,"WIFI_SPI_MOSI|Pad U_WIFI1-27(38.315mm,45.016mm) on L1 TOP [Unplated]|Pad R_SPI_MOSI-1(57.08mm,25.538mm) on L1 TOP",0
TRACK,R305:WIFI_SPI_MOSI,WIFI_SPI_MOSI,Mid Layer 4,46.525,30.275,48.6045,30.275,0.15,,,"WIFI_SPI_MOSI|Pad U_WIFI1-27(38.315mm,45.016mm) on L1 TOP [Unplated]|Pad R_SPI_MOSI-1(57.08mm,25.538mm) on L1 TOP",0
TRACK,R305:WIFI_SPI_MOSI,WIFI_SPI_MOSI,Mid Layer 4,48.6045,30.275,48.625,30.275,0.15,,,"WIFI_SPI_MOSI|Pad U_WIFI1-27(38.315mm,45.016mm) on L1 TOP [Unplated]|Pad R_SPI_MOSI-1(57.08mm,25.538mm) on L1 TOP",0
TRACK,R305:WIFI_SPI_MOSI,WIFI_SPI_MOSI,Mid Layer 4,48.625,30.275,51.125,32.775,0.15,,,"WIFI_SPI_MOSI|Pad U_WIFI1-27(38.315mm,45.016mm) on L1 TOP [Unplated]|Pad R_SPI_MOSI-1(57.08mm,25.538mm) on L1 TOP",0
TRACK,R305:WIFI_SPI_MOSI,WIFI_SPI_MOSI,Mid Layer 4,51.125,32.775,51.975,32.775,0.15,,,"WIFI_SPI_MOSI|Pad U_WIFI1-27(38.315mm,45.016mm) on L1 TOP [Unplated]|Pad R_SPI_MOSI-1(57.08mm,25.538mm) on L1 TOP",0
TRACK,R305:WIFI_SPI_MOSI,WIFI_SPI_MOSI,Mid Layer 4,51.975,32.775,52.025,32.725,0.15,,,"WIFI_SPI_MOSI|Pad U_WIFI1-27(38.315mm,45.016mm) on L1 TOP [Unplated]|Pad R_SPI_MOSI-1(57.08mm,25.538mm) on L1 TOP",0
TRACK,R305:WIFI_SPI_MOSI,WIFI_SPI_MOSI,Mid Layer 2,52.025,32.725,55.175,29.575,0.15,,,"WIFI_SPI_MOSI|Pad U_WIFI1-27(38.315mm,45.016mm) on L1 TOP [Unplated]|Pad R_SPI_MOSI-1(57.08mm,25.538mm) on L1 TOP",0
TRACK,R305:WIFI_SPI_MOSI,WIFI_SPI_MOSI,Mid Layer 2,55.175,29.575,55.475,29.575,0.15,,,"WIFI_SPI_MOSI|Pad U_WIFI1-27(38.315mm,45.016mm) on L1 TOP [Unplated]|Pad R_SPI_MOSI-1(57.08mm,25.538mm) on L1 TOP",0
TRACK,R305:WIFI_SPI_MOSI,WIFI_SPI_MOSI,Mid Layer 2,55.475,29.575,55.775,29.275,0.15,,,"WIFI_SPI_MOSI|Pad U_WIFI1-27(38.315mm,45.016mm) on L1 TOP [Unplated]|Pad R_SPI_MOSI-1(57.08mm,25.538mm) on L1 TOP",0
TRACK,R305:WIFI_SPI_MOSI,WIFI_SPI_MOSI,Mid Layer 4,55.775,29.275,55.775,27.525,0.15,,,"WIFI_SPI_MOSI|Pad U_WIFI1-27(38.315mm,45.016mm) on L1 TOP [Unplated]|Pad R_SPI_MOSI-1(57.08mm,25.538mm) on L1 TOP",0
TRACK,R305:WIFI_SPI_MOSI,WIFI_SPI_MOSI,Mid Layer 4,55.775,27.525,57.2755,26.0245,0.15,,,"WIFI_SPI_MOSI|Pad U_WIFI1-27(38.315mm,45.016mm) on L1 TOP [Unplated]|Pad R_SPI_MOSI-1(57.08mm,25.538mm) on L1 TOP",0
TRACK,R305:WIFI_SPI_MOSI,WIFI_SPI_MOSI,Mid Layer 4,57.2755,26.0245,57.525,25.775,0.15,,,"WIFI_SPI_MOSI|Pad U_WIFI1-27(38.315mm,45.016mm) on L1 TOP [Unplated]|Pad R_SPI_MOSI-1(57.08mm,25.538mm) on L1 TOP",0
TRACK,R305:WIFI_SPI_MOSI,WIFI_SPI_MOSI,Mid Layer 4,57.525,25.775,57.725,25.775,0.15,,,"WIFI_SPI_MOSI|Pad U_WIFI1-27(38.315mm,45.016mm) on L1 TOP [Unplated]|Pad R_SPI_MOSI-1(57.08mm,25.538mm) on L1 TOP",0
TRACK,R305:WIFI_SPI_MOSI,WIFI_SPI_MOSI,Top Layer,57.725,25.775,57.275,25.775,0.15,,,"WIFI_SPI_MOSI|Pad U_WIFI1-27(38.315mm,45.016mm) on L1 TOP [Unplated]|Pad R_SPI_MOSI-1(57.08mm,25.538mm) on L1 TOP",0
VIA,R305:WIFI_SPI_MOSI,WIFI_SPI_MOSI,Multi Layer,40.425,34.625,,,,0.45,0.2,"WIFI_SPI_MOSI|Pad U_WIFI1-27(38.315mm,45.016mm) on L1 TOP [Unplated]|Pad R_SPI_MOSI-1(57.08mm,25.538mm) on L1 TOP",0
VIA,R305:WIFI_SPI_MOSI,WIFI_SPI_MOSI,Multi Layer,44.525,30.525,,,,0.45,0.2,"WIFI_SPI_MOSI|Pad U_WIFI1-27(38.315mm,45.016mm) on L1 TOP [Unplated]|Pad R_SPI_MOSI-1(57.08mm,25.538mm) on L1 TOP",0
VIA,R305:WIFI_SPI_MOSI,WIFI_SPI_MOSI,Multi Layer,52.025,32.725,,,,0.45,0.2,"WIFI_SPI_MOSI|Pad U_WIFI1-27(38.315mm,45.016mm) on L1 TOP [Unplated]|Pad R_SPI_MOSI-1(57.08mm,25.538mm) on L1 TOP",0
VIA,R305:WIFI_SPI_MOSI,WIFI_SPI_MOSI,Multi Layer,55.775,29.275,,,,0.45,0.2,"WIFI_SPI_MOSI|Pad U_WIFI1-27(38.315mm,45.016mm) on L1 TOP [Unplated]|Pad R_SPI_MOSI-1(57.08mm,25.538mm) on L1 TOP",0
VIA,R305:WIFI_SPI_MOSI,WIFI_SPI_MOSI,Multi Layer,57.725,25.775,,,,0.45,0.2,"WIFI_SPI_MOSI|Pad U_WIFI1-27(38.315mm,45.016mm) on L1 TOP [Unplated]|Pad R_SPI_MOSI-1(57.08mm,25.538mm) on L1 TOP",0
TRACK,R306:3V3_DIG,3V3_DIG,Top Layer,41.225,33.225,41.525,32.925,0.4,,,"3V3_DIG|Pad U_WIFI1-16(40.855mm,33.584mm) on L1 TOP [Unplated]|Pad C_WIFI_VDD33_HF-1(40.855mm,32.475mm) on L1 TOP",0
TRACK,R307:WIFI_BOOT,WIFI_BOOT,Top Layer,32.425,41.475,32.425,42.225,0.15,,,"WIFI_BOOT|Pad TP_WIFI_BOOT-TP(32.693mm,41.141mm) on L6 BOTTOM|Pad U_MCU1-91(56.58mm,43.238mm) on L1 TOP [Unplated]",0
TRACK,R307:WIFI_BOOT,WIFI_BOOT,Top Layer,32.425,42.225,33.675,43.475,0.15,,,"WIFI_BOOT|Pad TP_WIFI_BOOT-TP(32.693mm,41.141mm) on L6 BOTTOM|Pad U_MCU1-91(56.58mm,43.238mm) on L1 TOP [Unplated]",0
TRACK,R307:WIFI_BOOT,WIFI_BOOT,Top Layer,33.675,43.475,36.425,43.475,0.15,,,"WIFI_BOOT|Pad TP_WIFI_BOOT-TP(32.693mm,41.141mm) on L6 BOTTOM|Pad U_MCU1-91(56.58mm,43.238mm) on L1 TOP [Unplated]",0
TRACK,R307:WIFI_BOOT,WIFI_BOOT,Top Layer,36.425,43.475,37.025,44.075,0.15,,,"WIFI_BOOT|Pad TP_WIFI_BOOT-TP(32.693mm,41.141mm) on L6 BOTTOM|Pad U_MCU1-91(56.58mm,43.238mm) on L1 TOP [Unplated]",0
TRACK,R307:WIFI_BOOT,WIFI_BOOT,Mid Layer 2,37.025,44.075,38.475,44.075,0.15,,,"WIFI_BOOT|Pad TP_WIFI_BOOT-TP(32.693mm,41.141mm) on L6 BOTTOM|Pad U_MCU1-91(56.58mm,43.238mm) on L1 TOP [Unplated]",0
TRACK,R307:WIFI_BOOT,WIFI_BOOT,Mid Layer 2,38.475,44.075,39.275,44.875,0.15,,,"WIFI_BOOT|Pad TP_WIFI_BOOT-TP(32.693mm,41.141mm) on L6 BOTTOM|Pad U_MCU1-91(56.58mm,43.238mm) on L1 TOP [Unplated]",0
TRACK,R307:WIFI_BOOT,WIFI_BOOT,Mid Layer 2,39.275,44.875,41.125,44.875,0.15,,,"WIFI_BOOT|Pad TP_WIFI_BOOT-TP(32.693mm,41.141mm) on L6 BOTTOM|Pad U_MCU1-91(56.58mm,43.238mm) on L1 TOP [Unplated]",0
TRACK,R307:WIFI_BOOT,WIFI_BOOT,Mid Layer 2,41.125,44.875,41.975,44.025,0.15,,,"WIFI_BOOT|Pad TP_WIFI_BOOT-TP(32.693mm,41.141mm) on L6 BOTTOM|Pad U_MCU1-91(56.58mm,43.238mm) on L1 TOP [Unplated]",0
TRACK,R307:WIFI_BOOT,WIFI_BOOT,Mid Layer 2,41.975,44.025,47.675,44.025,0.15,,,"WIFI_BOOT|Pad TP_WIFI_BOOT-TP(32.693mm,41.141mm) on L6 BOTTOM|Pad U_MCU1-91(56.58mm,43.238mm) on L1 TOP [Unplated]",0
TRACK,R307:WIFI_BOOT,WIFI_BOOT,Mid Layer 2,47.675,44.025,48.6045,44.9545,0.15,,,"WIFI_BOOT|Pad TP_WIFI_BOOT-TP(32.693mm,41.141mm) on L6 BOTTOM|Pad U_MCU1-91(56.58mm,43.238mm) on L1 TOP [Unplated]",0
TRACK,R307:WIFI_BOOT,WIFI_BOOT,Mid Layer 2,48.6045,44.9545,48.6255,44.9755,0.15,,,"WIFI_BOOT|Pad TP_WIFI_BOOT-TP(32.693mm,41.141mm) on L6 BOTTOM|Pad U_MCU1-91(56.58mm,43.238mm) on L1 TOP [Unplated]",0
TRACK,R307:WIFI_BOOT,WIFI_BOOT,Mid Layer 2,48.6255,44.9755,48.825,45.175,0.15,,,"WIFI_BOOT|Pad TP_WIFI_BOOT-TP(32.693mm,41.141mm) on L6 BOTTOM|Pad U_MCU1-91(56.58mm,43.238mm) on L1 TOP [Unplated]",0
TRACK,R307:WIFI_BOOT,WIFI_BOOT,Mid Layer 2,48.825,45.175,50.575,45.175,0.15,,,"WIFI_BOOT|Pad TP_WIFI_BOOT-TP(32.693mm,41.141mm) on L6 BOTTOM|Pad U_MCU1-91(56.58mm,43.238mm) on L1 TOP [Unplated]",0
TRACK,R307:WIFI_BOOT,WIFI_BOOT,Mid Layer 2,50.575,45.175,50.7745,44.9755,0.15,,,"WIFI_BOOT|Pad TP_WIFI_BOOT-TP(32.693mm,41.141mm) on L6 BOTTOM|Pad U_MCU1-91(56.58mm,43.238mm) on L1 TOP [Unplated]",0
TRACK,R307:WIFI_BOOT,WIFI_BOOT,Mid Layer 2,50.7745,44.9755,50.825,44.925,0.15,,,"WIFI_BOOT|Pad TP_WIFI_BOOT-TP(32.693mm,41.141mm) on L6 BOTTOM|Pad U_MCU1-91(56.58mm,43.238mm) on L1 TOP [Unplated]",0
TRACK,R307:WIFI_BOOT,WIFI_BOOT,Bottom Layer,50.825,44.925,52.275,44.925,0.15,,,"WIFI_BOOT|Pad TP_WIFI_BOOT-TP(32.693mm,41.141mm) on L6 BOTTOM|Pad U_MCU1-91(56.58mm,43.238mm) on L1 TOP [Unplated]",0
TRACK,R307:WIFI_BOOT,WIFI_BOOT,Bottom Layer,52.275,44.925,54.975,42.225,0.15,,,"WIFI_BOOT|Pad TP_WIFI_BOOT-TP(32.693mm,41.141mm) on L6 BOTTOM|Pad U_MCU1-91(56.58mm,43.238mm) on L1 TOP [Unplated]",0
TRACK,R307:WIFI_BOOT,WIFI_BOOT,Bottom Layer,54.975,42.225,55.775,42.225,0.15,,,"WIFI_BOOT|Pad TP_WIFI_BOOT-TP(32.693mm,41.141mm) on L6 BOTTOM|Pad U_MCU1-91(56.58mm,43.238mm) on L1 TOP [Unplated]",0
TRACK,R307:WIFI_BOOT,WIFI_BOOT,Bottom Layer,55.775,42.225,56.275,41.725,0.15,,,"WIFI_BOOT|Pad TP_WIFI_BOOT-TP(32.693mm,41.141mm) on L6 BOTTOM|Pad U_MCU1-91(56.58mm,43.238mm) on L1 TOP [Unplated]",0
TRACK,R307:WIFI_BOOT,WIFI_BOOT,Top Layer,56.275,41.725,56.275,42.075,0.15,,,"WIFI_BOOT|Pad TP_WIFI_BOOT-TP(32.693mm,41.141mm) on L6 BOTTOM|Pad U_MCU1-91(56.58mm,43.238mm) on L1 TOP [Unplated]",0
TRACK,R307:WIFI_BOOT,WIFI_BOOT,Top Layer,56.275,42.075,56.525,42.325,0.15,,,"WIFI_BOOT|Pad TP_WIFI_BOOT-TP(32.693mm,41.141mm) on L6 BOTTOM|Pad U_MCU1-91(56.58mm,43.238mm) on L1 TOP [Unplated]",0
TRACK,R307:WIFI_BOOT,WIFI_BOOT,Top Layer,56.525,42.325,56.525,42.525,0.15,,,"WIFI_BOOT|Pad TP_WIFI_BOOT-TP(32.693mm,41.141mm) on L6 BOTTOM|Pad U_MCU1-91(56.58mm,43.238mm) on L1 TOP [Unplated]",0
VIA,R307:WIFI_BOOT,WIFI_BOOT,Multi Layer,37.025,44.075,,,,0.45,0.2,"WIFI_BOOT|Pad TP_WIFI_BOOT-TP(32.693mm,41.141mm) on L6 BOTTOM|Pad U_MCU1-91(56.58mm,43.238mm) on L1 TOP [Unplated]",0
VIA,R307:WIFI_BOOT,WIFI_BOOT,Multi Layer,50.825,44.925,,,,0.45,0.2,"WIFI_BOOT|Pad TP_WIFI_BOOT-TP(32.693mm,41.141mm) on L6 BOTTOM|Pad U_MCU1-91(56.58mm,43.238mm) on L1 TOP [Unplated]",0
VIA,R307:WIFI_BOOT,WIFI_BOOT,Multi Layer,56.275,41.725,,,,0.45,0.2,"WIFI_BOOT|Pad TP_WIFI_BOOT-TP(32.693mm,41.141mm) on L6 BOTTOM|Pad U_MCU1-91(56.58mm,43.238mm) on L1 TOP [Unplated]",0
TRACK,R309:3V3_DIG,3V3_DIG,Top Layer,64.175,27.075,64.725,26.525,0.4,,,"3V3_DIG|Pad U_MCU1-50(64.08mm,27.762mm) on L1 TOP [Unplated]|Pad C_MCU_VDD3-2(65.08mm,26.279mm) on L1 TOP",0
TRACK,R309:3V3_DIG,3V3_DIG,Top Layer,64.725,26.525,64.875,26.525,0.4,,,"3V3_DIG|Pad U_MCU1-50(64.08mm,27.762mm) on L1 TOP [Unplated]|Pad C_MCU_VDD3-2(65.08mm,26.279mm) on L1 TOP",0
TRACK,R310:3V0_ANA,3V0_ANA,Bottom Layer,51.825,20.975,52.375,20.975,0.4,,,"3V0_ANA|Pad CU_24-1(51.65mm,20.95mm) on L6 BOTTOM|Pad CU_14-2(52.621mm,20.95mm) on L6 BOTTOM",0
TRACK,R311:SYS_EN,SYS_EN,Mid Layer 4,42.475,38.825,48.6045,38.825,0.2,,,"SYS_EN|Pad R_EN-2(44.198mm,38.442mm) on L6 BOTTOM|Pad UP2-5(51.562mm,39.699mm) on L6 BOTTOM",0
TRACK,R311:SYS_EN,SYS_EN,Mid Layer 4,48.6045,38.825,48.9019,38.825,0.2,,,"SYS_EN|Pad R_EN-2(44.198mm,38.442mm) on L6 BOTTOM|Pad UP2-5(51.562mm,39.699mm) on L6 BOTTOM",0
TRACK,R311:SYS_EN,SYS_EN,Mid Layer 4,48.9019,38.825,51.575,38.825,0.2,,,"SYS_EN|Pad R_EN-2(44.198mm,38.442mm) on L6 BOTTOM|Pad UP2-5(51.562mm,39.699mm) on L6 BOTTOM",0
TRACK,R311:SYS_EN,SYS_EN,Mid Layer 4,51.575,38.825,51.725,38.975,0.2,,,"SYS_EN|Pad R_EN-2(44.198mm,38.442mm) on L6 BOTTOM|Pad UP2-5(51.562mm,39.699mm) on L6 BOTTOM",0
TRACK,R313:GND,GND,Top Layer,50.025,14.475,50.025,15.325,0.3,,,"GND|Via (50.1mm,14.2mm) from L1 TOP to L6 BOTTOM|Pad INA4-1(50.125mm,15.85mm) on L1 TOP",0
TRACK,R314:VBUS,VBUS,Bottom Layer,13.975,36.625,13.975,36.7,0.4,,,"VBUS|Pad C_IN_-1(13.95mm,36.4mm) on L6 BOTTOM|Pad Free-TP_VBUS(14.225mm,34.252mm) on L1 TOP",0
TRACK,R314:VBUS,VBUS,Bottom Layer,13.975,36.7,13.975,36.925,0.4,,,"VBUS|Pad C_IN_-1(13.95mm,36.4mm) on L6 BOTTOM|Pad Free-TP_VBUS(14.225mm,34.252mm) on L1 TOP",0
TRACK,R314:VBUS,VBUS,Bottom Layer,13.975,36.925,14.325,37.275,0.4,,,"VBUS|Pad C_IN_-1(13.95mm,36.4mm) on L6 BOTTOM|Pad Free-TP_VBUS(14.225mm,34.252mm) on L1 TOP",0
TRACK,R314:VBUS,VBUS,Bottom Layer,14.325,37.275,15.075,37.275,0.4,,,"VBUS|Pad C_IN_-1(13.95mm,36.4mm) on L6 BOTTOM|Pad Free-TP_VBUS(14.225mm,34.252mm) on L1 TOP",0
TRACK,R314:VBUS,VBUS,Top Layer,15.075,37.275,15.075,36.975,0.4,,,"VBUS|Pad C_IN_-1(13.95mm,36.4mm) on L6 BOTTOM|Pad Free-TP_VBUS(14.225mm,34.252mm) on L1 TOP",0
TRACK,R314:VBUS,VBUS,Top Layer,15.075,36.975,14.8,36.7,0.4,,,"VBUS|Pad C_IN_-1(13.95mm,36.4mm) on L6 BOTTOM|Pad Free-TP_VBUS(14.225mm,34.252mm) on L1 TOP",0
TRACK,R314:VBUS,VBUS,Top Layer,14.8,36.7,14.425,36.325,0.4,,,"VBUS|Pad C_IN_-1(13.95mm,36.4mm) on L6 BOTTOM|Pad Free-TP_VBUS(14.225mm,34.252mm) on L1 TOP",0
TRACK,R314:VBUS,VBUS,Top Layer,14.425,36.325,14.425,34.725,0.4,,,"VBUS|Pad C_IN_-1(13.95mm,36.4mm) on L6 BOTTOM|Pad Free-TP_VBUS(14.225mm,34.252mm) on L1 TOP",0
VIA,R314:VBUS,VBUS,Multi Layer,15.075,37.275,,,,0.6,0.3,"VBUS|Pad C_IN_-1(13.95mm,36.4mm) on L6 BOTTOM|Pad Free-TP_VBUS(14.225mm,34.252mm) on L1 TOP",0
TRACK,R315:3V3_DIG,3V3_DIG,Bottom Layer,16.675,31.775,16.675,32.325,0.4,,,"3V3_DIG|Pad R_AL-2(16.684mm,31.475mm) on L6 BOTTOM|Pad R_SCL-2(16.908mm,32.575mm) on L6 BOTTOM",0
TRACK,R316:GND,GND,Top Layer,45.475,42.225,45.725,42.225,0.3,,,"GND|Pad C_WIFI_VDDIO2-1(45.18mm,42.8mm) on L1 TOP|Via (45.924mm,42.215mm) from L1 TOP to L6 BOTTOM",0
TRACK,R317:3V0_ANA,3V0_ANA,Top Layer,31.225,20.225,31.425,20.425,0.4,,,"3V0_ANA|Pad INA2-5(30.475mm,20.55mm) on L1 TOP|Pad CCU4-1(31.671mm,20.55mm) on L1 TOP",0
TRACK,R318:3V3_DIG VIP,3V3_DIG,Mid Layer 4,16.875,33.375,17.3949,32.8551,0.4,,,"3V3_DIG|Pad R_AL-2(16.684mm,31.475mm) on L6 BOTTOM|Pad J_SWD-1(26.063mm,27.63mm) on L1 TOP",0
TRACK,R318:3V3_DIG VIP,3V3_DIG,Mid Layer 4,17.3949,32.8551,18.875,31.375,0.4,,,"3V3_DIG|Pad R_AL-2(16.684mm,31.475mm) on L6 BOTTOM|Pad J_SWD-1(26.063mm,27.63mm) on L1 TOP",0
TRACK,R318:3V3_DIG VIP,3V3_DIG,Mid Layer 4,18.875,31.375,18.875,30.875,0.4,,,"3V3_DIG|Pad R_AL-2(16.684mm,31.475mm) on L6 BOTTOM|Pad J_SWD-1(26.063mm,27.63mm) on L1 TOP",0
TRACK,R318:3V3_DIG VIP,3V3_DIG,Mid Layer 4,18.875,30.875,19.36,30.39,0.4,,,"3V3_DIG|Pad R_AL-2(16.684mm,31.475mm) on L6 BOTTOM|Pad J_SWD-1(26.063mm,27.63mm) on L1 TOP",0
TRACK,R318:3V3_DIG VIP,3V3_DIG,Mid Layer 4,19.36,30.39,21.225,28.525,0.4,,,"3V3_DIG|Pad R_AL-2(16.684mm,31.475mm) on L6 BOTTOM|Pad J_SWD-1(26.063mm,27.63mm) on L1 TOP",0
TRACK,R318:3V3_DIG VIP,3V3_DIG,Mid Layer 4,21.225,28.525,23.775,28.525,0.4,,,"3V3_DIG|Pad R_AL-2(16.684mm,31.475mm) on L6 BOTTOM|Pad J_SWD-1(26.063mm,27.63mm) on L1 TOP",0
TRACK,R318:3V3_DIG VIP,3V3_DIG,Mid Layer 2,23.775,28.525,25.275,28.525,0.4,,,"3V3_DIG|Pad R_AL-2(16.684mm,31.475mm) on L6 BOTTOM|Pad J_SWD-1(26.063mm,27.63mm) on L1 TOP",0
TRACK,R318:3V3_DIG VIP,3V3_DIG,Mid Layer 2,25.275,28.525,26.025,27.775,0.4,,,"3V3_DIG|Pad R_AL-2(16.684mm,31.475mm) on L6 BOTTOM|Pad J_SWD-1(26.063mm,27.63mm) on L1 TOP",0
VIA,R318:3V3_DIG VIP,3V3_DIG,Multi Layer,23.775,28.525,,,,0.6,0.3,"3V3_DIG|Pad R_AL-2(16.684mm,31.475mm) on L6 BOTTOM|Pad J_SWD-1(26.063mm,27.63mm) on L1 TOP",0
VIA,R318:3V3_DIG VIP,3V3_DIG,Multi Layer,26.025,27.775,,,,0.6,0.3,"3V3_DIG|Pad R_AL-2(16.684mm,31.475mm) on L6 BOTTOM|Pad J_SWD-1(26.063mm,27.63mm) on L1 TOP",0
TRACK,R319:BAT_TEMP,BAT_TEMP,Top Layer,25.025,38.325,25.725,38.325,0.2,,,"BAT_TEMP|Pad J_Li-Po-2(24.369mm,37.994mm) on Multi-Layer|Pad R_TH_BAT-2(26.939mm,39.123mm) on Multi-Layer",0
TRACK,R319:BAT_TEMP,BAT_TEMP,Top Layer,25.725,38.325,26.375,38.975,0.2,,,"BAT_TEMP|Pad J_Li-Po-2(24.369mm,37.994mm) on Multi-Layer|Pad R_TH_BAT-2(26.939mm,39.123mm) on Multi-Layer",0
TRACK,R323:3V0_ANA,3V0_ANA,Bottom Layer,52.675,20.775,52.675,20.525,0.15,,,"3V0_ANA|Pad CU_14-2(52.621mm,20.95mm) on L6 BOTTOM|Pad U3-4(54.85mm,20.4mm) on L6 BOTTOM",0
TRACK,R323:3V0_ANA,3V0_ANA,Bottom Layer,52.675,20.525,52.875,20.325,0.15,,,"3V0_ANA|Pad CU_14-2(52.621mm,20.95mm) on L6 BOTTOM|Pad U3-4(54.85mm,20.4mm) on L6 BOTTOM",0
TRACK,R323:3V0_ANA,3V0_ANA,Bottom Layer,52.875,20.325,54.025,20.325,0.15,,,"3V0_ANA|Pad CU_14-2(52.621mm,20.95mm) on L6 BOTTOM|Pad U3-4(54.85mm,20.4mm) on L6 BOTTOM",0
TRACK,R324:WIFI_UART_TX,WIFI_UART_TX,Bottom Layer,45.175,42.725,45.425,42.725,0.2,,,"WIFI_UART_TX|Pad R_WIFI_UART_RX_LINK-1(45.011mm,42.509mm) on L6 BOTTOM|Pad TP_WIFI_UART_TX-TP(46.307mm,43.653mm) on L6 BOTTOM",0
TRACK,R324:WIFI_UART_TX,WIFI_UART_TX,Bottom Layer,45.425,42.725,45.925,43.225,0.2,,,"WIFI_UART_TX|Pad R_WIFI_UART_RX_LINK-1(45.011mm,42.509mm) on L6 BOTTOM|Pad TP_WIFI_UART_TX-TP(46.307mm,43.653mm) on L6 BOTTOM",0
TRACK,R325:GND,GND,Top Layer,45.825,35.225,45.825,35.875,0.3,,,"GND|Pad C_NRST-2(45.801mm,35mm) on L1 TOP|Via (45.906mm,36.07mm) from L1 TOP to L6 BOTTOM",0
TRACK,R327:GND,GND,Top Layer,64.825,20.375,64.825,19.775,0.3,,,"GND|Pad CCU10-2(64.829mm,20.55mm) on L1 TOP|Pad CCU9-1(64.85mm,19.55mm) on L1 TOP",0
TRACK,R328:VBAT_CELL,VBAT_CELL,Bottom Layer,21.075,32.475,21.275,32.475,0.4,,,"VBAT_CELL|Pad UP4-3(20.745mm,32.025mm) on L6 BOTTOM|Pad CU6_1-2(21.781mm,31.975mm) on L6 BOTTOM",0
TRACK,R328:VBAT_CELL,VBAT_CELL,Bottom Layer,21.275,32.475,21.425,32.625,0.4,,,"VBAT_CELL|Pad UP4-3(20.745mm,32.025mm) on L6 BOTTOM|Pad CU6_1-2(21.781mm,31.975mm) on L6 BOTTOM",0
TRACK,R329:3V3_DIG,3V3_DIG,Top Layer,66.875,41.425,67.025,41.425,0.4,,,"3V3_DIG|Pad U_MCU1-75(65.818mm,41.5mm) on L1 TOP [Unplated]|Pad C_MCU_VDD4-1(67.401mm,41.5mm) on L1 TOP",0
TRACK,R330:NetC_WIFI_X32_IN_2,NetC_WIFI_X32_IN_2,Top Layer,38.475,31.625,38.475,31.175,0.2,,,"NetC_WIFI_X32_IN_2|Pad R_WIFI_X32_IN-1(38.315mm,31.8mm) on L1 TOP|Pad X_WIFI_32K-1(38.93mm,30.3mm) on L1 TOP [Unplated]",0
TRACK,R331:VBAT_CELL,VBAT_CELL,Bottom Layer,12.125,39.275,12.125,39.575,0.4,,,"VBAT_CELL|Pad UP1-2(12.2mm,39.15mm) on L6 BOTTOM|Pad UP1-3(12.2mm,39.65mm) on L6 BOTTOM",0
TRACK,R332:GND,GND,Top Layer,54.075,20.375,54.075,19.775,0.3,,,"GND|Pad CCU8-2(54.029mm,20.55mm) on L1 TOP|Pad CCU7-1(54.05mm,19.55mm) on L1 TOP",0
TRACK,R334:3V3_DIG,3V3_DIG,Bottom Layer,30.775,36.975,30.775,36.675,0.4,,,"3V3_DIG|Pad R_WIFI_BOOT_OVR-1(30.759mm,37.205mm) on L6 BOTTOM|Pad U_WIFI1-9(31.965mm,33.584mm) on L1 TOP [Unplated]",0
TRACK,R334:3V3_DIG,3V3_DIG,Bottom Layer,30.775,36.675,31.725,35.725,0.4,,,"3V3_DIG|Pad R_WIFI_BOOT_OVR-1(30.759mm,37.205mm) on L6 BOTTOM|Pad U_WIFI1-9(31.965mm,33.584mm) on L1 TOP [Unplated]",0
TRACK,R334:3V3_DIG,3V3_DIG,Top Layer,31.725,35.725,31.725,33.975,0.4,,,"3V3_DIG|Pad R_WIFI_BOOT_OVR-1(30.759mm,37.205mm) on L6 BOTTOM|Pad U_WIFI1-9(31.965mm,33.584mm) on L1 TOP [Unplated]",0
VIA,R334:3V3_DIG,3V3_DIG,Multi Layer,31.725,35.725,,,,0.6,0.3,"3V3_DIG|Pad R_WIFI_BOOT_OVR-1(30.759mm,37.205mm) on L6 BOTTOM|Pad U_WIFI1-9(31.965mm,33.584mm) on L1 TOP [Unplated]",0
TRACK,R335:GND,GND,Top Layer,60.825,14.475,60.825,15.325,0.3,,,"GND|Via (60.9mm,14.2mm) from L1 TOP to L6 BOTTOM|Pad INA5-1(60.925mm,15.85mm) on L1 TOP",0
TRACK,R336:NetPWR_BTN_N_A,NetPWR_BTN_N_A,Top Layer,18.175,29.875,21.975,29.875,0.15,,,"NetPWR_BTN_N_A|Pad PWR_BTN_N-B(17.71mm,29.496mm) on L1 TOP|Pad U_EN1-2(63.8mm,37.975mm) on L6 BOTTOM",0
TRACK,R336:NetPWR_BTN_N_A,NetPWR_BTN_N_A,Top Layer,21.975,29.875,23.525,31.425,0.15,,,"NetPWR_BTN_N_A|Pad PWR_BTN_N-B(17.71mm,29.496mm) on L1 TOP|Pad U_EN1-2(63.8mm,37.975mm) on L6 BOTTOM",0
TRACK,R336:NetPWR_BTN_N_A,NetPWR_BTN_N_A,Top Layer,23.525,31.425,23.525,31.875,0.15,,,"NetPWR_BTN_N_A|Pad PWR_BTN_N-B(17.71mm,29.496mm) on L1 TOP|Pad U_EN1-2(63.8mm,37.975mm) on L6 BOTTOM",0
TRACK,R336:NetPWR_BTN_N_A,NetPWR_BTN_N_A,Top Layer,23.525,31.875,23.975,32.325,0.15,,,"NetPWR_BTN_N_A|Pad PWR_BTN_N-B(17.71mm,29.496mm) on L1 TOP|Pad U_EN1-2(63.8mm,37.975mm) on L6 BOTTOM",0
TRACK,R336:NetPWR_BTN_N_A,NetPWR_BTN_N_A,Top Layer,23.975,32.325,28.875,32.325,0.15,,,"NetPWR_BTN_N_A|Pad PWR_BTN_N-B(17.71mm,29.496mm) on L1 TOP|Pad U_EN1-2(63.8mm,37.975mm) on L6 BOTTOM",0
TRACK,R336:NetPWR_BTN_N_A,NetPWR_BTN_N_A,Mid Layer 2,28.875,32.325,28.975,32.225,0.15,,,"NetPWR_BTN_N_A|Pad PWR_BTN_N-B(17.71mm,29.496mm) on L1 TOP|Pad U_EN1-2(63.8mm,37.975mm) on L6 BOTTOM",0
TRACK,R336:NetPWR_BTN_N_A,NetPWR_BTN_N_A,Mid Layer 2,28.975,32.225,32.825,32.225,0.15,,,"NetPWR_BTN_N_A|Pad PWR_BTN_N-B(17.71mm,29.496mm) on L1 TOP|Pad U_EN1-2(63.8mm,37.975mm) on L6 BOTTOM",0
TRACK,R336:NetPWR_BTN_N_A,NetPWR_BTN_N_A,Mid Layer 2,32.825,32.225,33.375,31.675,0.15,,,"NetPWR_BTN_N_A|Pad PWR_BTN_N-B(17.71mm,29.496mm) on L1 TOP|Pad U_EN1-2(63.8mm,37.975mm) on L6 BOTTOM",0
TRACK,R336:NetPWR_BTN_N_A,NetPWR_BTN_N_A,Mid Layer 2,33.375,31.675,38.525,31.675,0.15,,,"NetPWR_BTN_N_A|Pad PWR_BTN_N-B(17.71mm,29.496mm) on L1 TOP|Pad U_EN1-2(63.8mm,37.975mm) on L6 BOTTOM",0
TRACK,R336:NetPWR_BTN_N_A,NetPWR_BTN_N_A,Mid Layer 2,38.525,31.675,39.675,30.525,0.15,,,"NetPWR_BTN_N_A|Pad PWR_BTN_N-B(17.71mm,29.496mm) on L1 TOP|Pad U_EN1-2(63.8mm,37.975mm) on L6 BOTTOM",0
TRACK,R336:NetPWR_BTN_N_A,NetPWR_BTN_N_A,Mid Layer 2,39.675,30.525,40.025,30.525,0.15,,,"NetPWR_BTN_N_A|Pad PWR_BTN_N-B(17.71mm,29.496mm) on L1 TOP|Pad U_EN1-2(63.8mm,37.975mm) on L6 BOTTOM",0
TRACK,R336:NetPWR_BTN_N_A,NetPWR_BTN_N_A,Top Layer,40.025,30.525,41.275,30.525,0.15,,,"NetPWR_BTN_N_A|Pad PWR_BTN_N-B(17.71mm,29.496mm) on L1 TOP|Pad U_EN1-2(63.8mm,37.975mm) on L6 BOTTOM",0
TRACK,R336:NetPWR_BTN_N_A,NetPWR_BTN_N_A,Top Layer,41.275,30.525,42.425,31.675,0.15,,,"NetPWR_BTN_N_A|Pad PWR_BTN_N-B(17.71mm,29.496mm) on L1 TOP|Pad U_EN1-2(63.8mm,37.975mm) on L6 BOTTOM",0
TRACK,R336:NetPWR_BTN_N_A,NetPWR_BTN_N_A,Top Layer,42.425,31.675,44.725,31.675,0.15,,,"NetPWR_BTN_N_A|Pad PWR_BTN_N-B(17.71mm,29.496mm) on L1 TOP|Pad U_EN1-2(63.8mm,37.975mm) on L6 BOTTOM",0
TRACK,R336:NetPWR_BTN_N_A,NetPWR_BTN_N_A,Bottom Layer,44.725,31.675,45.175,31.225,0.15,,,"NetPWR_BTN_N_A|Pad PWR_BTN_N-B(17.71mm,29.496mm) on L1 TOP|Pad U_EN1-2(63.8mm,37.975mm) on L6 BOTTOM",0
TRACK,R336:NetPWR_BTN_N_A,NetPWR_BTN_N_A,Bottom Layer,45.175,31.225,46.175,31.225,0.15,,,"NetPWR_BTN_N_A|Pad PWR_BTN_N-B(17.71mm,29.496mm) on L1 TOP|Pad U_EN1-2(63.8mm,37.975mm) on L6 BOTTOM",0
TRACK,R336:NetPWR_BTN_N_A,NetPWR_BTN_N_A,Bottom Layer,46.175,31.225,48.225,33.275,0.15,,,"NetPWR_BTN_N_A|Pad PWR_BTN_N-B(17.71mm,29.496mm) on L1 TOP|Pad U_EN1-2(63.8mm,37.975mm) on L6 BOTTOM",0
TRACK,R336:NetPWR_BTN_N_A,NetPWR_BTN_N_A,Bottom Layer,48.225,33.275,48.6045,33.275,0.15,,,"NetPWR_BTN_N_A|Pad PWR_BTN_N-B(17.71mm,29.496mm) on L1 TOP|Pad U_EN1-2(63.8mm,37.975mm) on L6 BOTTOM",0
TRACK,R336:NetPWR_BTN_N_A,NetPWR_BTN_N_A,Bottom Layer,48.6045,33.275,51.025,33.275,0.15,,,"NetPWR_BTN_N_A|Pad PWR_BTN_N-B(17.71mm,29.496mm) on L1 TOP|Pad U_EN1-2(63.8mm,37.975mm) on L6 BOTTOM",0
TRACK,R336:NetPWR_BTN_N_A,NetPWR_BTN_N_A,Bottom Layer,51.025,33.275,51.625,33.875,0.15,,,"NetPWR_BTN_N_A|Pad PWR_BTN_N-B(17.71mm,29.496mm) on L1 TOP|Pad U_EN1-2(63.8mm,37.975mm) on L6 BOTTOM",0
TRACK,R336:NetPWR_BTN_N_A,NetPWR_BTN_N_A,Mid Layer 4,51.625,33.875,62.225,33.875,0.15,,,"NetPWR_BTN_N_A|Pad PWR_BTN_N-B(17.71mm,29.496mm) on L1 TOP|Pad U_EN1-2(63.8mm,37.975mm) on L6 BOTTOM",0
TRACK,R336:NetPWR_BTN_N_A,NetPWR_BTN_N_A,Mid Layer 4,62.225,33.875,66.275,37.925,0.15,,,"NetPWR_BTN_N_A|Pad PWR_BTN_N-B(17.71mm,29.496mm) on L1 TOP|Pad U_EN1-2(63.8mm,37.975mm) on L6 BOTTOM",0
TRACK,R336:NetPWR_BTN_N_A,NetPWR_BTN_N_A,Mid Layer 4,66.275,37.925,67.075,37.925,0.15,,,"NetPWR_BTN_N_A|Pad PWR_BTN_N-B(17.71mm,29.496mm) on L1 TOP|Pad U_EN1-2(63.8mm,37.975mm) on L6 BOTTOM",0
TRACK,R336:NetPWR_BTN_N_A,NetPWR_BTN_N_A,Bottom Layer,67.075,37.925,64.375,37.925,0.15,,,"NetPWR_BTN_N_A|Pad PWR_BTN_N-B(17.71mm,29.496mm) on L1 TOP|Pad U_EN1-2(63.8mm,37.975mm) on L6 BOTTOM",0
VIA,R336:NetPWR_BTN_N_A,NetPWR_BTN_N_A,Multi Layer,28.875,32.325,,,,0.45,0.2,"NetPWR_BTN_N_A|Pad PWR_BTN_N-B(17.71mm,29.496mm) on L1 TOP|Pad U_EN1-2(63.8mm,37.975mm) on L6 BOTTOM",0
VIA,R336:NetPWR_BTN_N_A,NetPWR_BTN_N_A,Multi Layer,40.025,30.525,,,,0.45,0.2,"NetPWR_BTN_N_A|Pad PWR_BTN_N-B(17.71mm,29.496mm) on L1 TOP|Pad U_EN1-2(63.8mm,37.975mm) on L6 BOTTOM",0
VIA,R336:NetPWR_BTN_N_A,NetPWR_BTN_N_A,Multi Layer,44.725,31.675,,,,0.45,0.2,"NetPWR_BTN_N_A|Pad PWR_BTN_N-B(17.71mm,29.496mm) on L1 TOP|Pad U_EN1-2(63.8mm,37.975mm) on L6 BOTTOM",0
VIA,R336:NetPWR_BTN_N_A,NetPWR_BTN_N_A,Multi Layer,51.625,33.875,,,,0.45,0.2,"NetPWR_BTN_N_A|Pad PWR_BTN_N-B(17.71mm,29.496mm) on L1 TOP|Pad U_EN1-2(63.8mm,37.975mm) on L6 BOTTOM",0
VIA,R336:NetPWR_BTN_N_A,NetPWR_BTN_N_A,Multi Layer,67.075,37.925,,,,0.45,0.2,"NetPWR_BTN_N_A|Pad PWR_BTN_N-B(17.71mm,29.496mm) on L1 TOP|Pad U_EN1-2(63.8mm,37.975mm) on L6 BOTTOM",0
TRACK,R337:GND,GND,Top Layer,28.425,14.475,28.425,15.325,0.3,,,"GND|Via (28.5mm,14.2mm) from L1 TOP to L6 BOTTOM|Pad INA2-1(28.525mm,15.85mm) on L1 TOP",0
TRACK,R338:WIFI_UART_RX VIP,WIFI_UART_RX,Mid Layer 2,42.275,42.325,42.275,41.475,0.15,,,"WIFI_UART_RX|Pad U_WIFI1-23(42.126mm,42.475mm) on L1 TOP [Unplated]|Pad R_WIFI_UART_TX_LINK-1(43.226mm,40.805mm) on L6 BOTTOM",0
TRACK,R338:WIFI_UART_RX VIP,WIFI_UART_RX,Mid Layer 2,42.275,41.475,43.325,40.425,0.15,,,"WIFI_UART_RX|Pad U_WIFI1-23(42.126mm,42.475mm) on L1 TOP [Unplated]|Pad R_WIFI_UART_TX_LINK-1(43.226mm,40.805mm) on L6 BOTTOM",0
VIA,R338:WIFI_UART_RX VIP,WIFI_UART_RX,Multi Layer,42.275,42.325,,,,0.45,0.2,"WIFI_UART_RX|Pad U_WIFI1-23(42.126mm,42.475mm) on L1 TOP [Unplated]|Pad R_WIFI_UART_TX_LINK-1(43.226mm,40.805mm) on L6 BOTTOM",0
TRACK,R339:NetD_CC_ESD_2,NetD_CC_ESD_2,Top Layer,19.575,43.875,19.875,43.875,0.2,,,"NetD_CC_ESD_2|Pad RJ2-2(19.325mm,44.1mm) on L1 TOP|Pad D_CC_ESD-2(20.9mm,41.85mm) on L1 TOP [Unplated]",0
TRACK,R339:NetD_CC_ESD_2,NetD_CC_ESD_2,Top Layer,19.875,43.875,20.025,43.725,0.2,,,"NetD_CC_ESD_2|Pad RJ2-2(19.325mm,44.1mm) on L1 TOP|Pad D_CC_ESD-2(20.9mm,41.85mm) on L1 TOP [Unplated]",0
TRACK,R339:NetD_CC_ESD_2,NetD_CC_ESD_2,Mid Layer 2,20.025,43.725,20.025,42.425,0.2,,,"NetD_CC_ESD_2|Pad RJ2-2(19.325mm,44.1mm) on L1 TOP|Pad D_CC_ESD-2(20.9mm,41.85mm) on L1 TOP [Unplated]",0
TRACK,R339:NetD_CC_ESD_2,NetD_CC_ESD_2,Mid Layer 2,20.025,42.425,19.925,42.325,0.2,,,"NetD_CC_ESD_2|Pad RJ2-2(19.325mm,44.1mm) on L1 TOP|Pad D_CC_ESD-2(20.9mm,41.85mm) on L1 TOP [Unplated]",0
TRACK,R339:NetD_CC_ESD_2,NetD_CC_ESD_2,Top Layer,19.925,42.325,20.375,41.875,0.2,,,"NetD_CC_ESD_2|Pad RJ2-2(19.325mm,44.1mm) on L1 TOP|Pad D_CC_ESD-2(20.9mm,41.85mm) on L1 TOP [Unplated]",0
VIA,R339:NetD_CC_ESD_2,NetD_CC_ESD_2,Multi Layer,20.025,43.725,,,,0.6,0.3,"NetD_CC_ESD_2|Pad RJ2-2(19.325mm,44.1mm) on L1 TOP|Pad D_CC_ESD-2(20.9mm,41.85mm) on L1 TOP [Unplated]",0
VIA,R339:NetD_CC_ESD_2,NetD_CC_ESD_2,Multi Layer,19.925,42.325,,,,0.6,0.3,"NetD_CC_ESD_2|Pad RJ2-2(19.325mm,44.1mm) on L1 TOP|Pad D_CC_ESD-2(20.9mm,41.85mm) on L1 TOP [Unplated]",0
TRACK,R340:NetJ_REF_1,NetJ_REF_1,Bottom Layer,12.375,15.775,12.475,15.675,0.2,,,"NetJ_REF_1|Pad J_REF-1(11.93mm,12.2mm) on Multi-Layer|Pad R_ref-1(12.7mm,15.4mm) on L6 BOTTOM",0
TRACK,R342:GND,GND,Bottom Layer,12.475,40.175,12.775,40.175,0.3,,,"GND|Pad UP1-4(12.2mm,40.15mm) on L6 BOTTOM|Via (13.1mm,39.9mm) from L1 TOP to L6 BOTTOM",0
TRACK,R344:GND,GND,Top Layer,52.575,44.825,52.575,43.975,0.15,,,"GND|Track (52.459mm,45.03mm)(53.053mm,45.088mm) on L1 TOP|Pad U_MCU1-99(52.58mm,43.238mm) on L1 TOP [Unplated]",0
TRACK,R345:AFE_EN VIP,AFE_EN,Mid Layer 2,37.525,26.625,42.175,26.625,0.15,,,"AFE_EN|Pad R_EN_PD-1(37.444mm,26.668mm) on L6 BOTTOM|Pad U_MCU1-85(59.58mm,43.238mm) on L1 TOP [Unplated]",0
TRACK,R345:AFE_EN VIP,AFE_EN,Mid Layer 2,42.175,26.625,44.275,28.725,0.15,,,"AFE_EN|Pad R_EN_PD-1(37.444mm,26.668mm) on L6 BOTTOM|Pad U_MCU1-85(59.58mm,43.238mm) on L1 TOP [Unplated]",0
TRACK,R345:AFE_EN VIP,AFE_EN,Mid Layer 2,44.275,28.725,45.275,28.725,0.15,,,"AFE_EN|Pad R_EN_PD-1(37.444mm,26.668mm) on L6 BOTTOM|Pad U_MCU1-85(59.58mm,43.238mm) on L1 TOP [Unplated]",0
TRACK,R345:AFE_EN VIP,AFE_EN,Bottom Layer,45.275,28.725,46.825,30.275,0.15,,,"AFE_EN|Pad R_EN_PD-1(37.444mm,26.668mm) on L6 BOTTOM|Pad U_MCU1-85(59.58mm,43.238mm) on L1 TOP [Unplated]",0
TRACK,R345:AFE_EN VIP,AFE_EN,Bottom Layer,46.825,30.275,48.6045,30.275,0.15,,,"AFE_EN|Pad R_EN_PD-1(37.444mm,26.668mm) on L6 BOTTOM|Pad U_MCU1-85(59.58mm,43.238mm) on L1 TOP [Unplated]",0
TRACK,R345:AFE_EN VIP,AFE_EN,Bottom Layer,48.6045,30.275,48.625,30.275,0.15,,,"AFE_EN|Pad R_EN_PD-1(37.444mm,26.668mm) on L6 BOTTOM|Pad U_MCU1-85(59.58mm,43.238mm) on L1 TOP [Unplated]",0
TRACK,R345:AFE_EN VIP,AFE_EN,Bottom Layer,48.625,30.275,51.275,32.925,0.15,,,"AFE_EN|Pad R_EN_PD-1(37.444mm,26.668mm) on L6 BOTTOM|Pad U_MCU1-85(59.58mm,43.238mm) on L1 TOP [Unplated]",0
TRACK,R345:AFE_EN VIP,AFE_EN,Bottom Layer,51.275,32.925,51.325,32.925,0.15,,,"AFE_EN|Pad R_EN_PD-1(37.444mm,26.668mm) on L6 BOTTOM|Pad U_MCU1-85(59.58mm,43.238mm) on L1 TOP [Unplated]",0
TRACK,R345:AFE_EN VIP,AFE_EN,Bottom Layer,51.325,32.925,51.525,33.125,0.15,,,"AFE_EN|Pad R_EN_PD-1(37.444mm,26.668mm) on L6 BOTTOM|Pad U_MCU1-85(59.58mm,43.238mm) on L1 TOP [Unplated]",0
TRACK,R345:AFE_EN VIP,AFE_EN,Bottom Layer,51.525,33.125,51.525,33.175,0.15,,,"AFE_EN|Pad R_EN_PD-1(37.444mm,26.668mm) on L6 BOTTOM|Pad U_MCU1-85(59.58mm,43.238mm) on L1 TOP [Unplated]",0
TRACK,R345:AFE_EN VIP,AFE_EN,Bottom Layer,51.525,33.175,51.575,33.175,0.15,,,"AFE_EN|Pad R_EN_PD-1(37.444mm,26.668mm) on L6 BOTTOM|Pad U_MCU1-85(59.58mm,43.238mm) on L1 TOP [Unplated]",0
TRACK,R345:AFE_EN VIP,AFE_EN,Bottom Layer,51.575,33.175,51.575,33.225,0.15,,,"AFE_EN|Pad R_EN_PD-1(37.444mm,26.668mm) on L6 BOTTOM|Pad U_MCU1-85(59.58mm,43.238mm) on L1 TOP [Unplated]",0
TRACK,R345:AFE_EN VIP,AFE_EN,Bottom Layer,51.575,33.225,51.625,33.225,0.15,,,"AFE_EN|Pad R_EN_PD-1(37.444mm,26.668mm) on L6 BOTTOM|Pad U_MCU1-85(59.58mm,43.238mm) on L1 TOP [Unplated]",0
TRACK,R345:AFE_EN VIP,AFE_EN,Bottom Layer,51.625,33.225,51.725,33.325,0.15,,,"AFE_EN|Pad R_EN_PD-1(37.444mm,26.668mm) on L6 BOTTOM|Pad U_MCU1-85(59.58mm,43.238mm) on L1 TOP [Unplated]",0
TRACK,R345:AFE_EN VIP,AFE_EN,Bottom Layer,51.725,33.325,51.925,33.325,0.15,,,"AFE_EN|Pad R_EN_PD-1(37.444mm,26.668mm) on L6 BOTTOM|Pad U_MCU1-85(59.58mm,43.238mm) on L1 TOP [Unplated]",0
TRACK,R345:AFE_EN VIP,AFE_EN,Bottom Layer,51.925,33.325,52.975,34.375,0.15,,,"AFE_EN|Pad R_EN_PD-1(37.444mm,26.668mm) on L6 BOTTOM|Pad U_MCU1-85(59.58mm,43.238mm) on L1 TOP [Unplated]",0
TRACK,R345:AFE_EN VIP,AFE_EN,Bottom Layer,52.975,34.375,52.975,34.475,0.15,,,"AFE_EN|Pad R_EN_PD-1(37.444mm,26.668mm) on L6 BOTTOM|Pad U_MCU1-85(59.58mm,43.238mm) on L1 TOP [Unplated]",0
TRACK,R345:AFE_EN VIP,AFE_EN,Top Layer,52.975,34.475,53.375,34.875,0.15,,,"AFE_EN|Pad R_EN_PD-1(37.444mm,26.668mm) on L6 BOTTOM|Pad U_MCU1-85(59.58mm,43.238mm) on L1 TOP [Unplated]",0
TRACK,R345:AFE_EN VIP,AFE_EN,Top Layer,53.375,34.875,53.375,36.025,0.15,,,"AFE_EN|Pad R_EN_PD-1(37.444mm,26.668mm) on L6 BOTTOM|Pad U_MCU1-85(59.58mm,43.238mm) on L1 TOP [Unplated]",0
TRACK,R345:AFE_EN VIP,AFE_EN,Mid Layer 4,53.375,36.025,53.375,36.125,0.15,,,"AFE_EN|Pad R_EN_PD-1(37.444mm,26.668mm) on L6 BOTTOM|Pad U_MCU1-85(59.58mm,43.238mm) on L1 TOP [Unplated]",0
TRACK,R345:AFE_EN VIP,AFE_EN,Mid Layer 4,53.375,36.125,52.575,36.925,0.15,,,"AFE_EN|Pad R_EN_PD-1(37.444mm,26.668mm) on L6 BOTTOM|Pad U_MCU1-85(59.58mm,43.238mm) on L1 TOP [Unplated]",0
TRACK,R345:AFE_EN VIP,AFE_EN,Mid Layer 4,52.575,36.925,52.575,37.025,0.15,,,"AFE_EN|Pad R_EN_PD-1(37.444mm,26.668mm) on L6 BOTTOM|Pad U_MCU1-85(59.58mm,43.238mm) on L1 TOP [Unplated]",0
TRACK,R345:AFE_EN VIP,AFE_EN,Mid Layer 4,52.575,37.025,52.525,37.075,0.15,,,"AFE_EN|Pad R_EN_PD-1(37.444mm,26.668mm) on L6 BOTTOM|Pad U_MCU1-85(59.58mm,43.238mm) on L1 TOP [Unplated]",0
TRACK,R345:AFE_EN VIP,AFE_EN,Mid Layer 4,52.525,37.075,52.525,38.3685,0.15,,,"AFE_EN|Pad R_EN_PD-1(37.444mm,26.668mm) on L6 BOTTOM|Pad U_MCU1-85(59.58mm,43.238mm) on L1 TOP [Unplated]",0
TRACK,R345:AFE_EN VIP,AFE_EN,Mid Layer 4,52.525,38.3685,52.525,38.725,0.15,,,"AFE_EN|Pad R_EN_PD-1(37.444mm,26.668mm) on L6 BOTTOM|Pad U_MCU1-85(59.58mm,43.238mm) on L1 TOP [Unplated]",0
TRACK,R345:AFE_EN VIP,AFE_EN,Mid Layer 4,52.525,38.725,52.575,38.725,0.15,,,"AFE_EN|Pad R_EN_PD-1(37.444mm,26.668mm) on L6 BOTTOM|Pad U_MCU1-85(59.58mm,43.238mm) on L1 TOP [Unplated]",0
TRACK,R345:AFE_EN VIP,AFE_EN,Mid Layer 4,52.575,38.725,52.575,38.825,0.15,,,"AFE_EN|Pad R_EN_PD-1(37.444mm,26.668mm) on L6 BOTTOM|Pad U_MCU1-85(59.58mm,43.238mm) on L1 TOP [Unplated]",0
TRACK,R345:AFE_EN VIP,AFE_EN,Mid Layer 4,52.575,38.825,52.625,38.825,0.15,,,"AFE_EN|Pad R_EN_PD-1(37.444mm,26.668mm) on L6 BOTTOM|Pad U_MCU1-85(59.58mm,43.238mm) on L1 TOP [Unplated]",0
TRACK,R345:AFE_EN VIP,AFE_EN,Mid Layer 4,52.625,38.825,52.625,38.925,0.15,,,"AFE_EN|Pad R_EN_PD-1(37.444mm,26.668mm) on L6 BOTTOM|Pad U_MCU1-85(59.58mm,43.238mm) on L1 TOP [Unplated]",0
TRACK,R345:AFE_EN VIP,AFE_EN,Mid Layer 4,52.625,38.925,52.7219,39.0219,0.15,,,"AFE_EN|Pad R_EN_PD-1(37.444mm,26.668mm) on L6 BOTTOM|Pad U_MCU1-85(59.58mm,43.238mm) on L1 TOP [Unplated]",0
TRACK,R345:AFE_EN VIP,AFE_EN,Mid Layer 4,52.7219,39.0219,52.775,39.075,0.15,,,"AFE_EN|Pad R_EN_PD-1(37.444mm,26.668mm) on L6 BOTTOM|Pad U_MCU1-85(59.58mm,43.238mm) on L1 TOP [Unplated]",0
TRACK,R345:AFE_EN VIP,AFE_EN,Mid Layer 4,52.775,39.075,56.725,39.075,0.15,,,"AFE_EN|Pad R_EN_PD-1(37.444mm,26.668mm) on L6 BOTTOM|Pad U_MCU1-85(59.58mm,43.238mm) on L1 TOP [Unplated]",0
TRACK,R345:AFE_EN VIP,AFE_EN,Mid Layer 4,56.725,39.075,58.575,40.925,0.15,,,"AFE_EN|Pad R_EN_PD-1(37.444mm,26.668mm) on L6 BOTTOM|Pad U_MCU1-85(59.58mm,43.238mm) on L1 TOP [Unplated]",0
TRACK,R345:AFE_EN VIP,AFE_EN,Mid Layer 4,58.575,40.925,58.775,40.925,0.15,,,"AFE_EN|Pad R_EN_PD-1(37.444mm,26.668mm) on L6 BOTTOM|Pad U_MCU1-85(59.58mm,43.238mm) on L1 TOP [Unplated]",0
TRACK,R345:AFE_EN VIP,AFE_EN,Top Layer,58.775,40.925,58.775,41.075,0.15,,,"AFE_EN|Pad R_EN_PD-1(37.444mm,26.668mm) on L6 BOTTOM|Pad U_MCU1-85(59.58mm,43.238mm) on L1 TOP [Unplated]",0
TRACK,R345:AFE_EN VIP,AFE_EN,Top Layer,58.775,41.075,59.525,41.825,0.15,,,"AFE_EN|Pad R_EN_PD-1(37.444mm,26.668mm) on L6 BOTTOM|Pad U_MCU1-85(59.58mm,43.238mm) on L1 TOP [Unplated]",0
TRACK,R345:AFE_EN VIP,AFE_EN,Top Layer,59.525,41.825,59.525,42.525,0.15,,,"AFE_EN|Pad R_EN_PD-1(37.444mm,26.668mm) on L6 BOTTOM|Pad U_MCU1-85(59.58mm,43.238mm) on L1 TOP [Unplated]",0
VIA,R345:AFE_EN VIP,AFE_EN,Multi Layer,37.525,26.625,,,,0.45,0.2,"AFE_EN|Pad R_EN_PD-1(37.444mm,26.668mm) on L6 BOTTOM|Pad U_MCU1-85(59.58mm,43.238mm) on L1 TOP [Unplated]",0
VIA,R345:AFE_EN VIP,AFE_EN,Multi Layer,45.275,28.725,,,,0.45,0.2,"AFE_EN|Pad R_EN_PD-1(37.444mm,26.668mm) on L6 BOTTOM|Pad U_MCU1-85(59.58mm,43.238mm) on L1 TOP [Unplated]",0
VIA,R345:AFE_EN VIP,AFE_EN,Multi Layer,52.975,34.475,,,,0.45,0.2,"AFE_EN|Pad R_EN_PD-1(37.444mm,26.668mm) on L6 BOTTOM|Pad U_MCU1-85(59.58mm,43.238mm) on L1 TOP [Unplated]",0
VIA,R345:AFE_EN VIP,AFE_EN,Multi Layer,53.375,36.025,,,,0.45,0.2,"AFE_EN|Pad R_EN_PD-1(37.444mm,26.668mm) on L6 BOTTOM|Pad U_MCU1-85(59.58mm,43.238mm) on L1 TOP [Unplated]",0
VIA,R345:AFE_EN VIP,AFE_EN,Multi Layer,58.775,40.925,,,,0.45,0.2,"AFE_EN|Pad R_EN_PD-1(37.444mm,26.668mm) on L6 BOTTOM|Pad U_MCU1-85(59.58mm,43.238mm) on L1 TOP [Unplated]",0
TRACK,R347:GND,GND,Top Layer,17.775,16.375,17.775,16.925,0.15,,,"GND|Track (17.138mm,15.723mm)(17.725mm,15.85mm) on L1 TOP|Pad INA1-4(19.675mm,15.85mm) on L1 TOP",0
TRACK,R347:GND,GND,Top Layer,17.775,16.925,17.95,17.1,0.15,,,"GND|Track (17.138mm,15.723mm)(17.725mm,15.85mm) on L1 TOP|Pad INA1-4(19.675mm,15.85mm) on L1 TOP",0
TRACK,R347:GND,GND,Top Layer,17.95,17.1,18.625,17.775,0.15,,,"GND|Track (17.138mm,15.723mm)(17.725mm,15.85mm) on L1 TOP|Pad INA1-4(19.675mm,15.85mm) on L1 TOP",0
TRACK,R347:GND,GND,Top Layer,18.625,17.775,19.375,17.775,0.15,,,"GND|Track (17.138mm,15.723mm)(17.725mm,15.85mm) on L1 TOP|Pad INA1-4(19.675mm,15.85mm) on L1 TOP",0
TRACK,R347:GND,GND,Top Layer,19.375,17.775,19.675,17.475,0.15,,,"GND|Track (17.138mm,15.723mm)(17.725mm,15.85mm) on L1 TOP|Pad INA1-4(19.675mm,15.85mm) on L1 TOP",0
TRACK,R347:GND,GND,Top Layer,19.675,17.475,19.675,16.375,0.15,,,"GND|Track (17.138mm,15.723mm)(17.725mm,15.85mm) on L1 TOP|Pad INA1-4(19.675mm,15.85mm) on L1 TOP",0
TRACK,R348:GND,GND,Top Layer,17.925,43.125,17.925,42.625,0.3,,,"GND|Via (17.838mm,43.283mm) from L1 TOP to L6 BOTTOM|Pad D_CC_ESD-3(18.7mm,40.9mm) on L1 TOP [Unplated]",0
TRACK,R348:GND,GND,Top Layer,17.925,42.625,18.525,42.025,0.3,,,"GND|Via (17.838mm,43.283mm) from L1 TOP to L6 BOTTOM|Pad D_CC_ESD-3(18.7mm,40.9mm) on L1 TOP [Unplated]",0
TRACK,R348:GND,GND,Top Layer,18.525,42.025,18.525,41.175,0.3,,,"GND|Via (17.838mm,43.283mm) from L1 TOP to L6 BOTTOM|Pad D_CC_ESD-3(18.7mm,40.9mm) on L1 TOP [Unplated]",0
TRACK,R350:NetC_WIFI_X32_OUT_2,NetC_WIFI_X32_OUT_2,Top Layer,36.875,31.175,36.875,31.625,0.2,,,"NetC_WIFI_X32_OUT_2|Pad X_WIFI_32K-2(36.43mm,30.3mm) on L1 TOP [Unplated]|Pad R_WIFI_X32_OUT-1(37.045mm,31.8mm) on L1 TOP",0
TRACK,R351:3V3_DIG,3V3_DIG,Top Layer,26.375,27.825,27.925,29.375,0.4,,,"3V3_DIG|Pad J_SWD-1(26.063mm,27.63mm) on L1 TOP|Pad C_WIFI_VDDIO1-2(30.08mm,32.45mm) on L1 TOP",0
TRACK,R351:3V3_DIG,3V3_DIG,Top Layer,27.925,29.375,27.925,31.575,0.4,,,"3V3_DIG|Pad J_SWD-1(26.063mm,27.63mm) on L1 TOP|Pad C_WIFI_VDDIO1-2(30.08mm,32.45mm) on L1 TOP",0
TRACK,R351:3V3_DIG,3V3_DIG,Mid Layer 4,27.925,31.575,28.075,31.725,0.4,,,"3V3_DIG|Pad J_SWD-1(26.063mm,27.63mm) on L1 TOP|Pad C_WIFI_VDDIO1-2(30.08mm,32.45mm) on L1 TOP",0
TRACK,R351:3V3_DIG,3V3_DIG,Mid Layer 4,28.075,31.725,28.075,32.725,0.4,,,"3V3_DIG|Pad J_SWD-1(26.063mm,27.63mm) on L1 TOP|Pad C_WIFI_VDDIO1-2(30.08mm,32.45mm) on L1 TOP",0
TRACK,R351:3V3_DIG,3V3_DIG,Mid Layer 4,28.075,32.725,28.525,33.175,0.4,,,"3V3_DIG|Pad J_SWD-1(26.063mm,27.63mm) on L1 TOP|Pad C_WIFI_VDDIO1-2(30.08mm,32.45mm) on L1 TOP",0
TRACK,R351:3V3_DIG,3V3_DIG,Mid Layer 4,28.525,33.175,29.125,33.175,0.4,,,"3V3_DIG|Pad J_SWD-1(26.063mm,27.63mm) on L1 TOP|Pad C_WIFI_VDDIO1-2(30.08mm,32.45mm) on L1 TOP",0
TRACK,R351:3V3_DIG,3V3_DIG,Top Layer,29.125,33.175,29.225,33.175,0.4,,,"3V3_DIG|Pad J_SWD-1(26.063mm,27.63mm) on L1 TOP|Pad C_WIFI_VDDIO1-2(30.08mm,32.45mm) on L1 TOP",0
TRACK,R351:3V3_DIG,3V3_DIG,Top Layer,29.225,33.175,29.625,32.775,0.4,,,"3V3_DIG|Pad J_SWD-1(26.063mm,27.63mm) on L1 TOP|Pad C_WIFI_VDDIO1-2(30.08mm,32.45mm) on L1 TOP",0
VIA,R351:3V3_DIG,3V3_DIG,Multi Layer,27.925,31.575,,,,0.6,0.3,"3V3_DIG|Pad J_SWD-1(26.063mm,27.63mm) on L1 TOP|Pad C_WIFI_VDDIO1-2(30.08mm,32.45mm) on L1 TOP",0
VIA,R351:3V3_DIG,3V3_DIG,Multi Layer,29.125,33.175,,,,0.6,0.3,"3V3_DIG|Pad J_SWD-1(26.063mm,27.63mm) on L1 TOP|Pad C_WIFI_VDDIO1-2(30.08mm,32.45mm) on L1 TOP",0
TRACK,R353:VBUS,VBUS,Mid Layer 4,14.775,37.425,14.475,37.725,0.4,,,"VBUS|Pad C_IN_-1(13.95mm,36.4mm) on L6 BOTTOM|Pad UP1-13(14.35mm,38mm) on L6 BOTTOM",0
TRACK,R354:3V0_ANA,3V0_ANA,Top Layer,19.825,20.025,20.275,19.575,0.4,,,"3V0_ANA|Pad INA1-5(19.675mm,20.55mm) on L1 TOP|Pad CCU1-1(20.871mm,20.55mm) on L1 TOP",0
TRACK,R354:3V0_ANA,3V0_ANA,Top Layer,20.275,19.575,20.425,19.575,0.4,,,"3V0_ANA|Pad INA1-5(19.675mm,20.55mm) on L1 TOP|Pad CCU1-1(20.871mm,20.55mm) on L1 TOP",0
TRACK,R355:3V3_DIG,3V3_DIG,Top Layer,49.025,36.675,49.275,36.675,0.15,,,"3V3_DIG|Pad C_MCU_VDD1-2(48.659mm,36.5mm) on L1 TOP|Pad U_MCU1-11(50.342mm,36.5mm) on L1 TOP [Unplated]",0
TRACK,R355:3V3_DIG,3V3_DIG,Top Layer,49.275,36.675,49.375,36.575,0.15,,,"3V3_DIG|Pad C_MCU_VDD1-2(48.659mm,36.5mm) on L1 TOP|Pad U_MCU1-11(50.342mm,36.5mm) on L1 TOP [Unplated]",0
TRACK,R355:3V3_DIG,3V3_DIG,Top Layer,49.375,36.575,49.625,36.575,0.15,,,"3V3_DIG|Pad C_MCU_VDD1-2(48.659mm,36.5mm) on L1 TOP|Pad U_MCU1-11(50.342mm,36.5mm) on L1 TOP [Unplated]",0
TRACK,R356:3V3_DIG,3V3_DIG,Top Layer,48.775,38.825,48.775,38.375,0.4,,,"3V3_DIG|Pad C_VBAT-2(48.659mm,39mm) on L1 TOP|Track (49.033mm,38.134mm)(49.323mm,38.134mm) on L6 BOTTOM",0
TRACK,R357:NetC2_EN1_1,NetC2_EN1_1,Bottom Layer,64.375,37.275,64.875,37.275,0.2,,,"NetC2_EN1_1|Pad U_EN1-3(63.8mm,37.325mm) on L6 BOTTOM|Pad C2_EN1-1(64.09mm,35.95mm) on L6 BOTTOM",0
TRACK,R357:NetC2_EN1_1,NetC2_EN1_1,Bottom Layer,64.875,37.275,65.725,36.425,0.2,,,"NetC2_EN1_1|Pad U_EN1-3(63.8mm,37.325mm) on L6 BOTTOM|Pad C2_EN1-1(64.09mm,35.95mm) on L6 BOTTOM",0
TRACK,R357:NetC2_EN1_1,NetC2_EN1_1,Bottom Layer,65.725,36.425,65.725,35.325,0.2,,,"NetC2_EN1_1|Pad U_EN1-3(63.8mm,37.325mm) on L6 BOTTOM|Pad C2_EN1-1(64.09mm,35.95mm) on L6 BOTTOM",0
TRACK,R357:NetC2_EN1_1,NetC2_EN1_1,Bottom Layer,65.725,35.325,64.875,34.475,0.2,,,"NetC2_EN1_1|Pad U_EN1-3(63.8mm,37.325mm) on L6 BOTTOM|Pad C2_EN1-1(64.09mm,35.95mm) on L6 BOTTOM",0
TRACK,R357:NetC2_EN1_1,NetC2_EN1_1,Bottom Layer,64.875,34.475,64.175,34.475,0.2,,,"NetC2_EN1_1|Pad U_EN1-3(63.8mm,37.325mm) on L6 BOTTOM|Pad C2_EN1-1(64.09mm,35.95mm) on L6 BOTTOM",0
TRACK,R357:NetC2_EN1_1,NetC2_EN1_1,Bottom Layer,64.175,34.475,63.825,34.825,0.2,,,"NetC2_EN1_1|Pad U_EN1-3(63.8mm,37.325mm) on L6 BOTTOM|Pad C2_EN1-1(64.09mm,35.95mm) on L6 BOTTOM",0
TRACK,R357:NetC2_EN1_1,NetC2_EN1_1,Bottom Layer,63.825,34.825,63.825,35.675,0.2,,,"NetC2_EN1_1|Pad U_EN1-3(63.8mm,37.325mm) on L6 BOTTOM|Pad C2_EN1-1(64.09mm,35.95mm) on L6 BOTTOM",0
TRACK,R357:NetC2_EN1_1,NetC2_EN1_1,Bottom Layer,63.825,35.675,63.875,35.725,0.2,,,"NetC2_EN1_1|Pad U_EN1-3(63.8mm,37.325mm) on L6 BOTTOM|Pad C2_EN1-1(64.09mm,35.95mm) on L6 BOTTOM",0
TRACK,R358:3V0_ANA,3V0_ANA,Mid Layer 4,33.375,22.425,43.675,22.425,0.15,,,"3V0_ANA|Pad U2-4(33.25mm,20.4mm) on L6 BOTTOM|Pad INA3-5(41.275mm,20.55mm) on L1 TOP",0
TRACK,R358:3V0_ANA,3V0_ANA,Mid Layer 4,43.675,22.425,44.175,21.925,0.15,,,"3V0_ANA|Pad U2-4(33.25mm,20.4mm) on L6 BOTTOM|Pad INA3-5(41.275mm,20.55mm) on L1 TOP",0
TRACK,R358:3V0_ANA,3V0_ANA,Top Layer,44.175,21.925,42.925,21.925,0.15,,,"3V0_ANA|Pad U2-4(33.25mm,20.4mm) on L6 BOTTOM|Pad INA3-5(41.275mm,20.55mm) on L1 TOP",0
TRACK,R358:3V0_ANA,3V0_ANA,Top Layer,42.925,21.925,41.675,20.675,0.15,,,"3V0_ANA|Pad U2-4(33.25mm,20.4mm) on L6 BOTTOM|Pad INA3-5(41.275mm,20.55mm) on L1 TOP",0
TRACK,R358:3V0_ANA,3V0_ANA,Top Layer,41.675,20.675,41.425,20.675,0.15,,,"3V0_ANA|Pad U2-4(33.25mm,20.4mm) on L6 BOTTOM|Pad INA3-5(41.275mm,20.55mm) on L1 TOP",0
VIA,R358:3V0_ANA,3V0_ANA,Multi Layer,44.175,21.925,,,,0.45,0.2,"3V0_ANA|Pad U2-4(33.25mm,20.4mm) on L6 BOTTOM|Pad INA3-5(41.275mm,20.55mm) on L1 TOP",0
TRACK,R361:WIFI_X32_RAW_IN,WIFI_X32_RAW_IN,Top Layer,38.275,33.225,38.275,32.825,0.2,,,"WIFI_X32_RAW_IN|Pad U_WIFI1-14(38.315mm,33.584mm) on L1 TOP [Unplated]|Pad R_WIFI_X32_IN-2(38.315mm,32.6mm) on L1 TOP",0
TRACK,R363:3V0_ANA,3V0_ANA,Top Layer,31.475,19.775,31.475,20.275,0.4,,,"3V0_ANA|Pad CCU3-2(31.65mm,19.55mm) on L1 TOP|Pad CCU4-1(31.671mm,20.55mm) on L1 TOP",0
TRACK,R364:3V0_ANA,3V0_ANA,Mid Layer 4,15.775,16.625,15.775,15.875,0.4,,,"3V0_ANA|Via (15.938mm,16.855mm) from L1 TOP to L6 BOTTOM|Via (15.95mm,12.55mm) from L1 TOP to L6 BOTTOM",0
TRACK,R364:3V0_ANA,3V0_ANA,Mid Layer 4,15.775,15.875,15.475,15.575,0.4,,,"3V0_ANA|Via (15.938mm,16.855mm) from L1 TOP to L6 BOTTOM|Via (15.95mm,12.55mm) from L1 TOP to L6 BOTTOM",0
TRACK,R364:3V0_ANA,3V0_ANA,Mid Layer 4,15.475,15.575,15.475,14.175,0.4,,,"3V0_ANA|Via (15.938mm,16.855mm) from L1 TOP to L6 BOTTOM|Via (15.95mm,12.55mm) from L1 TOP to L6 BOTTOM",0
TRACK,R365:KILL_CTRL,KILL_CTRL,Bottom Layer,60.425,39.175,60.575,39.025,0.2,,,"KILL_CTRL|Pad R_KILL_PU-1(60.066mm,39.45mm) on L6 BOTTOM|Pad U_EN1-8(61.18mm,38.625mm) on L6 BOTTOM",0
TRACK,R365:KILL_CTRL,KILL_CTRL,Bottom Layer,60.575,39.025,60.575,38.825,0.2,,,"KILL_CTRL|Pad R_KILL_PU-1(60.066mm,39.45mm) on L6 BOTTOM|Pad U_EN1-8(61.18mm,38.625mm) on L6 BOTTOM",0
TRACK,R367:3V0_ANA,3V0_ANA,Top Layer,63.925,19.775,63.925,20.375,0.4,,,"3V0_ANA|Pad CCU9-2(64.05mm,19.55mm) on L1 TOP|Pad CCU10-1(64.071mm,20.55mm) on L1 TOP",0
TRACK,R369:3V0_ANA,3V0_ANA,Top Layer,41.725,20.675,42.125,20.275,0.4,,,"3V0_ANA|Pad INA3-5(41.275mm,20.55mm) on L1 TOP|Pad CCU6-1(42.471mm,20.55mm) on L1 TOP",0
TRACK,R370:3V0_ANA,3V0_ANA,Top Layer,49.825,31.125,49.825,31.375,0.4,,,"3V0_ANA|Pad U_MCU1-22(50.342mm,31mm) on L1 TOP [Unplated]|Pad U_MCU1-21(50.342mm,31.5mm) on L1 TOP [Unplated]",0
TRACK,R371:NetC1_EN1_2,NetC1_EN1_2,Bottom Layer,64.075,39.975,64.075,39.575,0.2,,,"NetC1_EN1_2|Pad R_EN1_1-2(64.011mm,40.25mm) on L6 BOTTOM|Pad C1_EN1-2(64.311mm,39.35mm) on L6 BOTTOM",0
TRACK,R372:3V3_DIG,3V3_DIG,Top Layer,32.175,32.375,32.425,32.375,0.4,,,"3V3_DIG|Pad C_WIFI_VDDIO1_HF-1(31.965mm,32.475mm) on L1 TOP|Pad CUP5_5-1(37.3mm,30.937mm) on L6 BOTTOM",0
TRACK,R372:3V3_DIG,3V3_DIG,Top Layer,32.425,32.375,32.525,32.275,0.4,,,"3V3_DIG|Pad C_WIFI_VDDIO1_HF-1(31.965mm,32.475mm) on L1 TOP|Pad CUP5_5-1(37.3mm,30.937mm) on L6 BOTTOM",0
TRACK,R372:3V3_DIG,3V3_DIG,Top Layer,32.525,32.275,32.525,32.225,0.4,,,"3V3_DIG|Pad C_WIFI_VDDIO1_HF-1(31.965mm,32.475mm) on L1 TOP|Pad CUP5_5-1(37.3mm,30.937mm) on L6 BOTTOM",0
TRACK,R372:3V3_DIG,3V3_DIG,Top Layer,32.525,32.225,32.575,32.225,0.4,,,"3V3_DIG|Pad C_WIFI_VDDIO1_HF-1(31.965mm,32.475mm) on L1 TOP|Pad CUP5_5-1(37.3mm,30.937mm) on L6 BOTTOM",0
TRACK,R372:3V3_DIG,3V3_DIG,Top Layer,32.575,32.225,32.575,32.175,0.4,,,"3V3_DIG|Pad C_WIFI_VDDIO1_HF-1(31.965mm,32.475mm) on L1 TOP|Pad CUP5_5-1(37.3mm,30.937mm) on L6 BOTTOM",0
TRACK,R372:3V3_DIG,3V3_DIG,Top Layer,32.575,32.175,32.625,32.175,0.4,,,"3V3_DIG|Pad C_WIFI_VDDIO1_HF-1(31.965mm,32.475mm) on L1 TOP|Pad CUP5_5-1(37.3mm,30.937mm) on L6 BOTTOM",0
TRACK,R372:3V3_DIG,3V3_DIG,Top Layer,32.625,32.175,32.625,32.125,0.4,,,"3V3_DIG|Pad C_WIFI_VDDIO1_HF-1(31.965mm,32.475mm) on L1 TOP|Pad CUP5_5-1(37.3mm,30.937mm) on L6 BOTTOM",0
TRACK,R372:3V3_DIG,3V3_DIG,Top Layer,32.625,32.125,32.825,31.925,0.4,,,"3V3_DIG|Pad C_WIFI_VDDIO1_HF-1(31.965mm,32.475mm) on L1 TOP|Pad CUP5_5-1(37.3mm,30.937mm) on L6 BOTTOM",0
TRACK,R372:3V3_DIG,3V3_DIG,Top Layer,32.825,31.925,35.625,31.925,0.4,,,"3V3_DIG|Pad C_WIFI_VDDIO1_HF-1(31.965mm,32.475mm) on L1 TOP|Pad CUP5_5-1(37.3mm,30.937mm) on L6 BOTTOM",0
TRACK,R372:3V3_DIG,3V3_DIG,Top Layer,35.625,31.925,36.125,32.425,0.4,,,"3V3_DIG|Pad C_WIFI_VDDIO1_HF-1(31.965mm,32.475mm) on L1 TOP|Pad CUP5_5-1(37.3mm,30.937mm) on L6 BOTTOM",0
TRACK,R372:3V3_DIG,3V3_DIG,Bottom Layer,36.125,32.425,36.975,31.575,0.4,,,"3V3_DIG|Pad C_WIFI_VDDIO1_HF-1(31.965mm,32.475mm) on L1 TOP|Pad CUP5_5-1(37.3mm,30.937mm) on L6 BOTTOM",0
VIA,R372:3V3_DIG,3V3_DIG,Multi Layer,36.125,32.425,,,,0.6,0.3,"3V3_DIG|Pad C_WIFI_VDDIO1_HF-1(31.965mm,32.475mm) on L1 TOP|Pad CUP5_5-1(37.3mm,30.937mm) on L6 BOTTOM",0
TRACK,R373:3V0_ANA,3V0_ANA,Bottom Layer,19.875,19.675,20.425,19.675,0.4,,,"3V0_ANA|Pad CU_11-2(19.679mm,19.85mm) on L6 BOTTOM|Track (20.344mm,19.136mm)(20.65mm,19.85mm) on L6 BOTTOM",0
TRACK,R374:NetPWR_BTN_N_A,NetPWR_BTN_N_A,Top Layer,12.175,29.625,17.225,29.625,0.2,,,"NetPWR_BTN_N_A|Pad PWR_BTN_N-A(11.71mm,29.496mm) on L1 TOP|Pad PWR_BTN_N-B(17.71mm,29.496mm) on L1 TOP",0
TRACK,R375:NetC_WIFI_X32_IN_2,NetC_WIFI_X32_IN_2,Top Layer,38.875,29.025,38.875,29.425,0.2,,,"NetC_WIFI_X32_IN_2|Pad C_WIFI_X32_IN-2(38.93mm,28.779mm) on L1 TOP|Pad X_WIFI_32K-1(38.93mm,30.3mm) on L1 TOP [Unplated]",0
TRACK,R376:3V3_DIG,3V3_DIG,Mid Layer 2,49.175,41.825,50.625,41.825,0.4,,,"3V3_DIG|Pad U_MCU1-6(50.342mm,39mm) on L1 TOP [Unplated]|Pad UP2-6(51.062mm,39.699mm) on L6 BOTTOM",0
TRACK,R376:3V3_DIG,3V3_DIG,Mid Layer 2,50.625,41.825,51.875,40.575,0.4,,,"3V3_DIG|Pad U_MCU1-6(50.342mm,39mm) on L1 TOP [Unplated]|Pad UP2-6(51.062mm,39.699mm) on L6 BOTTOM",0
TRACK,R379:3V3_DIG,3V3_DIG,Top Layer,67.325,41.725,67.325,42.625,0.4,,,"3V3_DIG|Pad C_MCU_VDD4-1(67.401mm,41.5mm) on L1 TOP|Pad C_MCU_BULK-1(67.83mm,42.95mm) on L1 TOP",0
TRACK,R380:WIFI_CHIP_EN,WIFI_CHIP_EN,Top Layer,42.525,34.675,43.675,34.675,0.2,,,"WIFI_CHIP_EN|Pad U_WIFI1-17(42.126mm,34.855mm) on L1 TOP [Unplated]|Pad C_WIFI_EN-1(43.901mm,34.855mm) on L1 TOP",0
TRACK,R381:GND,GND,Top Layer,60.975,16.375,60.975,17.125,0.15,,,"GND|Pad INA5-1(60.925mm,15.85mm) on L1 TOP|Pad INA5-4(62.875mm,15.85mm) on L1 TOP",0
TRACK,R381:GND,GND,Top Layer,60.975,17.125,61.625,17.775,0.15,,,"GND|Pad INA5-1(60.925mm,15.85mm) on L1 TOP|Pad INA5-4(62.875mm,15.85mm) on L1 TOP",0
TRACK,R381:GND,GND,Top Layer,61.625,17.775,62.375,17.775,0.15,,,"GND|Pad INA5-1(60.925mm,15.85mm) on L1 TOP|Pad INA5-4(62.875mm,15.85mm) on L1 TOP",0
TRACK,R381:GND,GND,Top Layer,62.375,17.775,62.775,17.375,0.15,,,"GND|Pad INA5-1(60.925mm,15.85mm) on L1 TOP|Pad INA5-4(62.875mm,15.85mm) on L1 TOP",0
TRACK,R381:GND,GND,Top Layer,62.775,17.375,62.775,16.375,0.15,,,"GND|Pad INA5-1(60.925mm,15.85mm) on L1 TOP|Pad INA5-4(62.875mm,15.85mm) on L1 TOP",0
TRACK,R382:VDiv,VDiv,Bottom Layer,12.575,19.825,12.725,19.825,0.2,,,"VDiv|Pad U1-10(11.75mm,19.75mm) on L6 BOTTOM|Pad U1-12(11.75mm,21.05mm) on L6 BOTTOM",0
TRACK,R382:VDiv,VDiv,Bottom Layer,12.725,19.825,13.025,20.125,0.2,,,"VDiv|Pad U1-10(11.75mm,19.75mm) on L6 BOTTOM|Pad U1-12(11.75mm,21.05mm) on L6 BOTTOM",0
TRACK,R382:VDiv,VDiv,Bottom Layer,13.025,20.125,13.025,20.875,0.2,,,"VDiv|Pad U1-10(11.75mm,19.75mm) on L6 BOTTOM|Pad U1-12(11.75mm,21.05mm) on L6 BOTTOM",0
TRACK,R384:WIFI_BOOT VIP,WIFI_BOOT,Top Layer,31.925,39.575,31.925,41.125,0.2,,,"WIFI_BOOT|Pad JP_WIFI_BOOT-2(31.794mm,39.205mm) on L6 BOTTOM|Pad TP_WIFI_BOOT-TP(32.693mm,41.141mm) on L6 BOTTOM",0
VIA,R384:WIFI_BOOT VIP,WIFI_BOOT,Multi Layer,31.925,39.575,,,,0.6,0.3,"WIFI_BOOT|Pad JP_WIFI_BOOT-2(31.794mm,39.205mm) on L6 BOTTOM|Pad TP_WIFI_BOOT-TP(32.693mm,41.141mm) on L6 BOTTOM",0
TRACK,R386:GND,GND,Top Layer,65.125,40.975,63.475,40.975,0.15,,,"GND|Pad U_MCU1-74(65.818mm,41mm) on L1 TOP [Unplated]|Via (68.109mm,40.852mm) from L1 TOP to L6 BOTTOM",0
TRACK,R386:GND,GND,Top Layer,63.475,40.975,63.375,40.875,0.15,,,"GND|Pad U_MCU1-74(65.818mm,41mm) on L1 TOP [Unplated]|Via (68.109mm,40.852mm) from L1 TOP to L6 BOTTOM",0
TRACK,R386:GND,GND,Top Layer,63.375,40.875,62.625,40.875,0.15,,,"GND|Pad U_MCU1-74(65.818mm,41mm) on L1 TOP [Unplated]|Via (68.109mm,40.852mm) from L1 TOP to L6 BOTTOM",0
TRACK,R386:GND,GND,Top Layer,62.625,40.875,62.525,40.975,0.15,,,"GND|Pad U_MCU1-74(65.818mm,41mm) on L1 TOP [Unplated]|Via (68.109mm,40.852mm) from L1 TOP to L6 BOTTOM",0
TRACK,R386:GND,GND,Mid Layer 2,62.525,40.975,62.525,41.775,0.15,,,"GND|Pad U_MCU1-74(65.818mm,41mm) on L1 TOP [Unplated]|Via (68.109mm,40.852mm) from L1 TOP to L6 BOTTOM",0
TRACK,R386:GND,GND,Mid Layer 2,62.525,41.775,62.775,42.025,0.15,,,"GND|Pad U_MCU1-74(65.818mm,41mm) on L1 TOP [Unplated]|Via (68.109mm,40.852mm) from L1 TOP to L6 BOTTOM",0
TRACK,R386:GND,GND,Mid Layer 2,62.775,42.025,63.425,42.025,0.15,,,"GND|Pad U_MCU1-74(65.818mm,41mm) on L1 TOP [Unplated]|Via (68.109mm,40.852mm) from L1 TOP to L6 BOTTOM",0
TRACK,R386:GND,GND,Mid Layer 2,63.425,42.025,63.875,41.575,0.15,,,"GND|Pad U_MCU1-74(65.818mm,41mm) on L1 TOP [Unplated]|Via (68.109mm,40.852mm) from L1 TOP to L6 BOTTOM",0
TRACK,R386:GND,GND,Mid Layer 2,63.875,41.575,63.875,41.275,0.15,,,"GND|Pad U_MCU1-74(65.818mm,41mm) on L1 TOP [Unplated]|Via (68.109mm,40.852mm) from L1 TOP to L6 BOTTOM",0
TRACK,R386:GND,GND,Mid Layer 2,63.875,41.275,64.175,40.975,0.15,,,"GND|Pad U_MCU1-74(65.818mm,41mm) on L1 TOP [Unplated]|Via (68.109mm,40.852mm) from L1 TOP to L6 BOTTOM",0
TRACK,R386:GND,GND,Mid Layer 2,64.175,40.975,67.5555,40.975,0.15,,,"GND|Pad U_MCU1-74(65.818mm,41mm) on L1 TOP [Unplated]|Via (68.109mm,40.852mm) from L1 TOP to L6 BOTTOM",0
TRACK,R386:GND,GND,Mid Layer 2,67.5555,40.975,67.825,40.975,0.15,,,"GND|Pad U_MCU1-74(65.818mm,41mm) on L1 TOP [Unplated]|Via (68.109mm,40.852mm) from L1 TOP to L6 BOTTOM",0
VIA,R386:GND,GND,Multi Layer,62.525,40.975,,,,0.45,0.2,"GND|Pad U_MCU1-74(65.818mm,41mm) on L1 TOP [Unplated]|Via (68.109mm,40.852mm) from L1 TOP to L6 BOTTOM",0
TRACK,R387:3V3_DIG VIP,3V3_DIG,Mid Layer 4,36.375,32.575,38.125,32.575,0.4,,,"3V3_DIG|Pad CUP5_5-1(37.3mm,30.937mm) on L6 BOTTOM|Pad C_WIFI_VDD33_HF-1(40.855mm,32.475mm) on L1 TOP",0
TRACK,R387:3V3_DIG VIP,3V3_DIG,Mid Layer 4,38.125,32.575,39.175,33.625,0.4,,,"3V3_DIG|Pad CUP5_5-1(37.3mm,30.937mm) on L6 BOTTOM|Pad C_WIFI_VDD33_HF-1(40.855mm,32.475mm) on L1 TOP",0
TRACK,R387:3V3_DIG VIP,3V3_DIG,Mid Layer 4,39.175,33.625,39.975,33.625,0.4,,,"3V3_DIG|Pad CUP5_5-1(37.3mm,30.937mm) on L6 BOTTOM|Pad C_WIFI_VDD33_HF-1(40.855mm,32.475mm) on L1 TOP",0
TRACK,R387:3V3_DIG VIP,3V3_DIG,Mid Layer 4,39.975,33.625,40.825,32.775,0.4,,,"3V3_DIG|Pad CUP5_5-1(37.3mm,30.937mm) on L6 BOTTOM|Pad C_WIFI_VDD33_HF-1(40.855mm,32.475mm) on L1 TOP",0
TRACK,R387:3V3_DIG VIP,3V3_DIG,Mid Layer 4,40.825,32.775,40.825,32.525,0.4,,,"3V3_DIG|Pad CUP5_5-1(37.3mm,30.937mm) on L6 BOTTOM|Pad C_WIFI_VDD33_HF-1(40.855mm,32.475mm) on L1 TOP",0
VIA,R387:3V3_DIG VIP,3V3_DIG,Multi Layer,40.825,32.525,,,,0.6,0.3,"3V3_DIG|Pad CUP5_5-1(37.3mm,30.937mm) on L6 BOTTOM|Pad C_WIFI_VDD33_HF-1(40.855mm,32.475mm) on L1 TOP",0
TRACK,R389:WIFI_SPI_MISO VIP,WIFI_SPI_MISO,Top Layer,29.775,44.425,30.225,44.875,0.18,,,"WIFI_SPI_MISO|Pad R_SPI_MISO-1(29.592mm,44.2mm) on L1 TOP|Pad U_WIFI1-29(35.775mm,45.016mm) on L1 TOP [Unplated]",0
TRACK,R389:WIFI_SPI_MISO VIP,WIFI_SPI_MISO,Mid Layer 2,30.225,44.875,35.575,44.875,0.18,,,"WIFI_SPI_MISO|Pad R_SPI_MISO-1(29.592mm,44.2mm) on L1 TOP|Pad U_WIFI1-29(35.775mm,45.016mm) on L1 TOP [Unplated]",0
VIA,R389:WIFI_SPI_MISO VIP,WIFI_SPI_MISO,Multi Layer,30.225,44.875,,,,0.6,0.3,"WIFI_SPI_MISO|Pad R_SPI_MISO-1(29.592mm,44.2mm) on L1 TOP|Pad U_WIFI1-29(35.775mm,45.016mm) on L1 TOP [Unplated]",0
VIA,R389:WIFI_SPI_MISO VIP,WIFI_SPI_MISO,Multi Layer,35.575,44.875,,,,0.6,0.3,"WIFI_SPI_MISO|Pad R_SPI_MISO-1(29.592mm,44.2mm) on L1 TOP|Pad U_WIFI1-29(35.775mm,45.016mm) on L1 TOP [Unplated]",0
TRACK,R390:3V3_DIG,3V3_DIG,Top Layer,31.575,33.225,31.575,32.775,0.4,,,"3V3_DIG|Pad U_WIFI1-9(31.965mm,33.584mm) on L1 TOP [Unplated]|Pad C_WIFI_VDDIO1_HF-1(31.965mm,32.475mm) on L1 TOP",0
TRACK,R394:NetC3_EN1_2,NetC3_EN1_2,Bottom Layer,60.075,37.975,60.575,37.975,0.2,,,"NetC3_EN1_2|Pad C3_EN1-2(59.89mm,37.95mm) on L6 BOTTOM|Pad U_EN1-7(61.18mm,37.975mm) on L6 BOTTOM",0
