kind,group,net,layer,x1,y1,x2,y2,w,d,h,conn,relax
TRACK,R0:Vservo_1,Vservo_1,Bottom Layer,18.275,18.525,18.775,18.525,0.2,,,"Vservo_1|Pad U1-7(17.45mm,18.45mm) on L6 BOTTOM|Pad INA1-6(19.025mm,20.55mm) on L1 TOP",0
TRACK,R0:Vservo_1,Vservo_1,Top Layer,18.775,18.525,18.775,19.625,0.2,,,"Vservo_1|Pad U1-7(17.45mm,18.45mm) on L6 BOTTOM|Pad INA1-6(19.025mm,20.55mm) on L1 TOP",0
TRACK,R0:Vservo_1,Vservo_1,Top Layer,18.775,19.625,18.975,19.825,0.2,,,"Vservo_1|Pad U1-7(17.45mm,18.45mm) on L6 BOTTOM|Pad INA1-6(19.025mm,20.55mm) on L1 TOP",0
TRACK,R0:Vservo_1,Vservo_1,Top Layer,18.975,19.825,18.975,20.025,0.2,,,"Vservo_1|Pad U1-7(17.45mm,18.45mm) on L6 BOTTOM|Pad INA1-6(19.025mm,20.55mm) on L1 TOP",0
VIA,R0:Vservo_1,Vservo_1,Multi Layer,18.775,18.525,,,,0.6,0.3,"Vservo_1|Pad U1-7(17.45mm,18.45mm) on L6 BOTTOM|Pad INA1-6(19.025mm,20.55mm) on L1 TOP",0
TRACK,R1:Vservo_3,Vservo_3,Bottom Layer,39.775,18.525,40.275,18.525,0.2,,,"Vservo_3|Pad U2-14(38.95mm,18.45mm) on L6 BOTTOM|Pad INA3-6(40.625mm,20.55mm) on L1 TOP",0
TRACK,R1:Vservo_3,Vservo_3,Top Layer,40.275,18.525,40.275,19.525,0.2,,,"Vservo_3|Pad U2-14(38.95mm,18.45mm) on L6 BOTTOM|Pad INA3-6(40.625mm,20.55mm) on L1 TOP",0
TRACK,R1:Vservo_3,Vservo_3,Top Layer,40.275,19.525,40.575,19.825,0.2,,,"Vservo_3|Pad U2-14(38.95mm,18.45mm) on L6 BOTTOM|Pad INA3-6(40.625mm,20.55mm) on L1 TOP",0
TRACK,R1:Vservo_3,Vservo_3,Top Layer,40.575,19.825,40.575,20.025,0.2,,,"Vservo_3|Pad U2-14(38.95mm,18.45mm) on L6 BOTTOM|Pad INA3-6(40.625mm,20.55mm) on L1 TOP",0
VIA,R1:Vservo_3,Vservo_3,Multi Layer,40.275,18.525,,,,0.6,0.3,"Vservo_3|Pad U2-14(38.95mm,18.45mm) on L6 BOTTOM|Pad INA3-6(40.625mm,20.55mm) on L1 TOP",0
TRACK,R2:Vservo_5,Vservo_5,Bottom Layer,61.375,18.525,61.875,18.525,0.2,,,"Vservo_5|Pad U3-14(60.55mm,18.45mm) on L6 BOTTOM|Pad INA5-6(62.225mm,20.55mm) on L1 TOP",0
TRACK,R2:Vservo_5,Vservo_5,Top Layer,61.875,18.525,61.875,19.525,0.2,,,"Vservo_5|Pad U3-14(60.55mm,18.45mm) on L6 BOTTOM|Pad INA5-6(62.225mm,20.55mm) on L1 TOP",0
TRACK,R2:Vservo_5,Vservo_5,Top Layer,61.875,19.525,62.175,19.825,0.2,,,"Vservo_5|Pad U3-14(60.55mm,18.45mm) on L6 BOTTOM|Pad INA5-6(62.225mm,20.55mm) on L1 TOP",0
TRACK,R2:Vservo_5,Vservo_5,Top Layer,62.175,19.825,62.175,20.025,0.2,,,"Vservo_5|Pad U3-14(60.55mm,18.45mm) on L6 BOTTOM|Pad INA5-6(62.225mm,20.55mm) on L1 TOP",0
VIA,R2:Vservo_5,Vservo_5,Multi Layer,61.875,18.525,,,,0.6,0.3,"Vservo_5|Pad U3-14(60.55mm,18.45mm) on L6 BOTTOM|Pad INA5-6(62.225mm,20.55mm) on L1 TOP",0
TRACK,R3:Vservo_4,Vservo_4,Bottom Layer,49.275,22.375,49.275,20.775,0.2,,,"Vservo_4|Pad Cservo_4-2(49.125mm,23.15mm) on L6 BOTTOM [Unplated]|Pad INA4-6(51.425mm,20.55mm) on L1 TOP",0
TRACK,R3:Vservo_4,Vservo_4,Top Layer,49.275,20.775,49.475,20.575,0.2,,,"Vservo_4|Pad Cservo_4-2(49.125mm,23.15mm) on L6 BOTTOM [Unplated]|Pad INA4-6(51.425mm,20.55mm) on L1 TOP",0
TRACK,R3:Vservo_4,Vservo_4,Top Layer,49.475,20.575,49.475,19.825,0.2,,,"Vservo_4|Pad Cservo_4-2(49.125mm,23.15mm) on L6 BOTTOM [Unplated]|Pad INA4-6(51.425mm,20.55mm) on L1 TOP",0
TRACK,R3:Vservo_4,Vservo_4,Top Layer,49.475,19.825,49.725,19.575,0.2,,,"Vservo_4|Pad Cservo_4-2(49.125mm,23.15mm) on L6 BOTTOM [Unplated]|Pad INA4-6(51.425mm,20.55mm) on L1 TOP",0
TRACK,R3:Vservo_4,Vservo_4,Top Layer,49.725,19.575,51.125,19.575,0.2,,,"Vservo_4|Pad Cservo_4-2(49.125mm,23.15mm) on L6 BOTTOM [Unplated]|Pad INA4-6(51.425mm,20.55mm) on L1 TOP",0
TRACK,R3:Vservo_4,Vservo_4,Top Layer,51.125,19.575,51.375,19.825,0.2,,,"Vservo_4|Pad Cservo_4-2(49.125mm,23.15mm) on L6 BOTTOM [Unplated]|Pad INA4-6(51.425mm,20.55mm) on L1 TOP",0
TRACK,R3:Vservo_4,Vservo_4,Top Layer,51.375,19.825,51.375,20.025,0.2,,,"Vservo_4|Pad Cservo_4-2(49.125mm,23.15mm) on L6 BOTTOM [Unplated]|Pad INA4-6(51.425mm,20.55mm) on L1 TOP",0
VIA,R3:Vservo_4,Vservo_4,Multi Layer,49.275,20.775,,,,0.6,0.3,"Vservo_4|Pad Cservo_4-2(49.125mm,23.15mm) on L6 BOTTOM [Unplated]|Pad INA4-6(51.425mm,20.55mm) on L1 TOP",0
TRACK,R4:Vservo_2 VIP,Vservo_2,Top Layer,27.575,22.625,27.575,20.125,0.2,,,"Vservo_2|Pad Cservo_2-2(27.525mm,23.15mm) on L6 BOTTOM [Unplated]|Pad INA2-6(29.825mm,20.55mm) on L1 TOP",0
TRACK,R4:Vservo_2 VIP,Vservo_2,Top Layer,27.575,20.125,28.125,19.575,0.2,,,"Vservo_2|Pad Cservo_2-2(27.525mm,23.15mm) on L6 BOTTOM [Unplated]|Pad INA2-6(29.825mm,20.55mm) on L1 TOP",0
TRACK,R4:Vservo_2 VIP,Vservo_2,Top Layer,28.125,19.575,29.525,19.575,0.2,,,"Vservo_2|Pad Cservo_2-2(27.525mm,23.15mm) on L6 BOTTOM [Unplated]|Pad INA2-6(29.825mm,20.55mm) on L1 TOP",0
TRACK,R4:Vservo_2 VIP,Vservo_2,Top Layer,29.525,19.575,29.775,19.825,0.2,,,"Vservo_2|Pad Cservo_2-2(27.525mm,23.15mm) on L6 BOTTOM [Unplated]|Pad INA2-6(29.825mm,20.55mm) on L1 TOP",0
TRACK,R4:Vservo_2 VIP,Vservo_2,Top Layer,29.775,19.825,29.775,20.025,0.2,,,"Vservo_2|Pad Cservo_2-2(27.525mm,23.15mm) on L6 BOTTOM [Unplated]|Pad INA2-6(29.825mm,20.55mm) on L1 TOP",0
VIA,R4:Vservo_2 VIP,Vservo_2,Multi Layer,27.575,22.625,,,,0.6,0.3,"Vservo_2|Pad Cservo_2-2(27.525mm,23.15mm) on L6 BOTTOM [Unplated]|Pad INA2-6(29.825mm,20.55mm) on L1 TOP",0
TRACK,R5:Vservo_2,Vservo_2,Top Layer,27.825,22.775,29.625,22.775,0.2,,,"Vservo_2|Pad INA2-6(29.825mm,20.55mm) on L1 TOP|Pad U2-7(33.25mm,22.35mm) on L6 BOTTOM",0
TRACK,R5:Vservo_2,Vservo_2,Top Layer,29.625,22.775,29.925,23.075,0.2,,,"Vservo_2|Pad INA2-6(29.825mm,20.55mm) on L1 TOP|Pad U2-7(33.25mm,22.35mm) on L6 BOTTOM",0
TRACK,R5:Vservo_2,Vservo_2,Top Layer,29.925,23.075,32.025,23.075,0.2,,,"Vservo_2|Pad INA2-6(29.825mm,20.55mm) on L1 TOP|Pad U2-7(33.25mm,22.35mm) on L6 BOTTOM",0
TRACK,R5:Vservo_2,Vservo_2,Top Layer,32.025,23.075,32.175,22.925,0.2,,,"Vservo_2|Pad INA2-6(29.825mm,20.55mm) on L1 TOP|Pad U2-7(33.25mm,22.35mm) on L6 BOTTOM",0
TRACK,R5:Vservo_2,Vservo_2,Bottom Layer,32.175,22.925,32.575,22.525,0.2,,,"Vservo_2|Pad INA2-6(29.825mm,20.55mm) on L1 TOP|Pad U2-7(33.25mm,22.35mm) on L6 BOTTOM",0
VIA,R5:Vservo_2,Vservo_2,Multi Layer,32.175,22.925,,,,0.6,0.3,"Vservo_2|Pad INA2-6(29.825mm,20.55mm) on L1 TOP|Pad U2-7(33.25mm,22.35mm) on L6 BOTTOM",0
TRACK,R6:Vservo_4 VIP,Vservo_4,Top Layer,49.375,22.875,53.725,22.875,0.2,,,"Vservo_4|Pad INA4-6(51.425mm,20.55mm) on L1 TOP|Pad U3-7(54.85mm,22.35mm) on L6 BOTTOM",0
TRACK,R6:Vservo_4 VIP,Vservo_4,Bottom Layer,53.725,22.875,54.075,22.525,0.2,,,"Vservo_4|Pad INA4-6(51.425mm,20.55mm) on L1 TOP|Pad U3-7(54.85mm,22.35mm) on L6 BOTTOM",0
VIA,R6:Vservo_4 VIP,Vservo_4,Multi Layer,49.375,22.875,,,,0.6,0.3,"Vservo_4|Pad INA4-6(51.425mm,20.55mm) on L1 TOP|Pad U3-7(54.85mm,22.35mm) on L6 BOTTOM",0
VIA,R6:Vservo_4 VIP,Vservo_4,Multi Layer,53.725,22.875,,,,0.6,0.3,"Vservo_4|Pad INA4-6(51.425mm,20.55mm) on L1 TOP|Pad U3-7(54.85mm,22.35mm) on L6 BOTTOM",0
TRACK,R7:Vservo_3 VIP,Vservo_3,Top Layer,40.525,18.425,43.725,18.425,0.2,,,"Vservo_3|Pad U2-14(38.95mm,18.45mm) on L6 BOTTOM|Pad Cservo_3-2(44.675mm,17.65mm) on L6 BOTTOM [Unplated]",0
TRACK,R7:Vservo_3 VIP,Vservo_3,Top Layer,43.725,18.425,44.375,17.775,0.2,,,"Vservo_3|Pad U2-14(38.95mm,18.45mm) on L6 BOTTOM|Pad Cservo_3-2(44.675mm,17.65mm) on L6 BOTTOM [Unplated]",0
VIA,R7:Vservo_3 VIP,Vservo_3,Multi Layer,44.375,17.775,,,,0.6,0.3,"Vservo_3|Pad U2-14(38.95mm,18.45mm) on L6 BOTTOM|Pad Cservo_3-2(44.675mm,17.65mm) on L6 BOTTOM [Unplated]",0
TRACK,R8:Vservo_1 VIP,Vservo_1,Top Layer,19.025,18.425,21.525,18.425,0.2,,,"Vservo_1|Pad U1-7(17.45mm,18.45mm) on L6 BOTTOM|Pad Cservo_1-2(23.175mm,17.65mm) on L6 BOTTOM [Unplated]",0
TRACK,R8:Vservo_1 VIP,Vservo_1,Top Layer,21.525,18.425,22.175,17.775,0.2,,,"Vservo_1|Pad U1-7(17.45mm,18.45mm) on L6 BOTTOM|Pad Cservo_1-2(23.175mm,17.65mm) on L6 BOTTOM [Unplated]",0
TRACK,R8:Vservo_1 VIP,Vservo_1,Top Layer,22.175,17.775,22.875,17.775,0.2,,,"Vservo_1|Pad U1-7(17.45mm,18.45mm) on L6 BOTTOM|Pad Cservo_1-2(23.175mm,17.65mm) on L6 BOTTOM [Unplated]",0
VIA,R8:Vservo_1 VIP,Vservo_1,Multi Layer,22.875,17.775,,,,0.6,0.3,"Vservo_1|Pad U1-7(17.45mm,18.45mm) on L6 BOTTOM|Pad Cservo_1-2(23.175mm,17.65mm) on L6 BOTTOM [Unplated]",0
TRACK,R9:Vservo_5 VIP,Vservo_5,Top Layer,62.125,18.425,65.325,18.425,0.2,,,"Vservo_5|Pad U3-14(60.55mm,18.45mm) on L6 BOTTOM|Pad Cservo_5-2(66.275mm,17.65mm) on L6 BOTTOM [Unplated]",0
TRACK,R9:Vservo_5 VIP,Vservo_5,Top Layer,65.325,18.425,65.975,17.775,0.2,,,"Vservo_5|Pad U3-14(60.55mm,18.45mm) on L6 BOTTOM|Pad Cservo_5-2(66.275mm,17.65mm) on L6 BOTTOM [Unplated]",0
VIA,R9:Vservo_5 VIP,Vservo_5,Multi Layer,65.975,17.775,,,,0.6,0.3,"Vservo_5|Pad U3-14(60.55mm,18.45mm) on L6 BOTTOM|Pad Cservo_5-2(66.275mm,17.65mm) on L6 BOTTOM [Unplated]",0
TRACK,R10:INA_OUT_2,INA_OUT_2,Top Layer,28.425,21.475,28.425,21.075,0.2,,,"INA_OUT_2|Pad RH_2-1(28.421mm,21.75mm) on L1 TOP|Pad INA2-8(28.525mm,20.55mm) on L1 TOP",0
TRACK,R11:INA_OUT_5,INA_OUT_5,Top Layer,60.825,21.475,60.825,21.075,0.2,,,"INA_OUT_5|Pad RH_5-1(60.821mm,21.75mm) on L1 TOP|Pad INA5-8(60.925mm,20.55mm) on L1 TOP",0
TRACK,R12:INA_OUT_1,INA_OUT_1,Top Layer,17.625,21.475,17.625,21.075,0.2,,,"INA_OUT_1|Pad RH_1-1(17.621mm,21.75mm) on L1 TOP|Pad INA1-8(17.725mm,20.55mm) on L1 TOP",0
TRACK,R13:INA_OUT_3,INA_OUT_3,Top Layer,39.225,21.475,39.225,21.075,0.2,,,"INA_OUT_3|Pad RH_3-1(39.221mm,21.75mm) on L1 TOP|Pad INA3-8(39.325mm,20.55mm) on L1 TOP",0
TRACK,R15:INA_OUT_2 VIP,INA_OUT_2,Mid Layer 2,28.325,21.825,28.325,24.525,0.2,,,"INA_OUT_2|Pad RH_2-1(28.421mm,21.75mm) on L1 TOP|Pad Rservo_2-2(28.575mm,25.25mm) on L6 BOTTOM",0
TRACK,R15:INA_OUT_2 VIP,INA_OUT_2,Bottom Layer,28.325,24.525,28.325,25.025,0.2,,,"INA_OUT_2|Pad RH_2-1(28.421mm,21.75mm) on L1 TOP|Pad Rservo_2-2(28.575mm,25.25mm) on L6 BOTTOM",0
VIA,R15:INA_OUT_2 VIP,INA_OUT_2,Multi Layer,28.325,21.825,,,,0.6,0.3,"INA_OUT_2|Pad RH_2-1(28.421mm,21.75mm) on L1 TOP|Pad Rservo_2-2(28.575mm,25.25mm) on L6 BOTTOM",0
VIA,R15:INA_OUT_2 VIP,INA_OUT_2,Multi Layer,28.325,24.525,,,,0.6,0.3,"INA_OUT_2|Pad RH_2-1(28.421mm,21.75mm) on L1 TOP|Pad Rservo_2-2(28.575mm,25.25mm) on L6 BOTTOM",0
TRACK,R16:INA_OUT_2,INA_OUT_2,Mid Layer 2,28.425,21.575,28.425,17.325,0.2,,,"INA_OUT_2|Pad INA2-8(28.525mm,20.55mm) on L1 TOP|Pad CL_2-2(28.75mm,16.05mm) on L6 BOTTOM",0
TRACK,R16:INA_OUT_2,INA_OUT_2,Bottom Layer,28.425,17.325,28.425,16.775,0.2,,,"INA_OUT_2|Pad INA2-8(28.525mm,20.55mm) on L1 TOP|Pad CL_2-2(28.75mm,16.05mm) on L6 BOTTOM",0
VIA,R16:INA_OUT_2,INA_OUT_2,Multi Layer,28.425,17.325,,,,0.6,0.3,"INA_OUT_2|Pad INA2-8(28.525mm,20.55mm) on L1 TOP|Pad CL_2-2(28.75mm,16.05mm) on L6 BOTTOM",0
TRACK,R19:INA_OUT_5 VIP,INA_OUT_5,Top Layer,60.925,22.075,60.925,22.325,0.2,,,"INA_OUT_5|Pad RH_5-1(60.821mm,21.75mm) on L1 TOP|Pad CL_5-2(65.05mm,24.75mm) on L6 BOTTOM",0
TRACK,R19:INA_OUT_5 VIP,INA_OUT_5,Top Layer,60.925,22.325,62.175,23.575,0.2,,,"INA_OUT_5|Pad RH_5-1(60.821mm,21.75mm) on L1 TOP|Pad CL_5-2(65.05mm,24.75mm) on L6 BOTTOM",0
TRACK,R19:INA_OUT_5 VIP,INA_OUT_5,Top Layer,62.175,23.575,63.625,23.575,0.2,,,"INA_OUT_5|Pad RH_5-1(60.821mm,21.75mm) on L1 TOP|Pad CL_5-2(65.05mm,24.75mm) on L6 BOTTOM",0
TRACK,R19:INA_OUT_5 VIP,INA_OUT_5,Top Layer,63.625,23.575,64.575,24.525,0.2,,,"INA_OUT_5|Pad RH_5-1(60.821mm,21.75mm) on L1 TOP|Pad CL_5-2(65.05mm,24.75mm) on L6 BOTTOM",0
VIA,R19:INA_OUT_5 VIP,INA_OUT_5,Multi Layer,64.575,24.525,,,,0.6,0.3,"INA_OUT_5|Pad RH_5-1(60.821mm,21.75mm) on L1 TOP|Pad CL_5-2(65.05mm,24.75mm) on L6 BOTTOM",0
TRACK,R20:INA_OUT_3 VIP,INA_OUT_3,Top Layer,39.325,22.075,39.325,22.325,0.2,,,"INA_OUT_3|Pad RH_3-1(39.221mm,21.75mm) on L1 TOP|Pad CL_3-2(43.45mm,24.75mm) on L6 BOTTOM",0
TRACK,R20:INA_OUT_3 VIP,INA_OUT_3,Top Layer,39.325,22.325,41.525,24.525,0.2,,,"INA_OUT_3|Pad RH_3-1(39.221mm,21.75mm) on L1 TOP|Pad CL_3-2(43.45mm,24.75mm) on L6 BOTTOM",0
TRACK,R20:INA_OUT_3 VIP,INA_OUT_3,Top Layer,41.525,24.525,42.975,24.525,0.2,,,"INA_OUT_3|Pad RH_3-1(39.221mm,21.75mm) on L1 TOP|Pad CL_3-2(43.45mm,24.75mm) on L6 BOTTOM",0
VIA,R20:INA_OUT_3 VIP,INA_OUT_3,Multi Layer,42.975,24.525,,,,0.6,0.3,"INA_OUT_3|Pad RH_3-1(39.221mm,21.75mm) on L1 TOP|Pad CL_3-2(43.45mm,24.75mm) on L6 BOTTOM",0
TRACK,R21:INA_OUT_1 VIP,INA_OUT_1,Top Layer,17.725,22.075,17.725,22.325,0.2,,,"INA_OUT_1|Pad RH_1-1(17.621mm,21.75mm) on L1 TOP|Pad CL_1-2(21.95mm,24.75mm) on L6 BOTTOM",0
TRACK,R21:INA_OUT_1 VIP,INA_OUT_1,Top Layer,17.725,22.325,19.925,24.525,0.2,,,"INA_OUT_1|Pad RH_1-1(17.621mm,21.75mm) on L1 TOP|Pad CL_1-2(21.95mm,24.75mm) on L6 BOTTOM",0
TRACK,R21:INA_OUT_1 VIP,INA_OUT_1,Top Layer,19.925,24.525,21.475,24.525,0.2,,,"INA_OUT_1|Pad RH_1-1(17.621mm,21.75mm) on L1 TOP|Pad CL_1-2(21.95mm,24.75mm) on L6 BOTTOM",0
VIA,R21:INA_OUT_1 VIP,INA_OUT_1,Multi Layer,21.475,24.525,,,,0.6,0.3,"INA_OUT_1|Pad RH_1-1(17.621mm,21.75mm) on L1 TOP|Pad CL_1-2(21.95mm,24.75mm) on L6 BOTTOM",0
TRACK,R22:INA_OUT_1,INA_OUT_1,Mid Layer 2,21.325,24.275,21.325,19.175,0.2,,,"INA_OUT_1|Pad CL_1-2(21.95mm,24.75mm) on L6 BOTTOM|Pad Rservo_1-2(22.125mm,15.55mm) on L6 BOTTOM",0
TRACK,R22:INA_OUT_1,INA_OUT_1,Mid Layer 2,21.325,19.175,21.275,19.125,0.2,,,"INA_OUT_1|Pad CL_1-2(21.95mm,24.75mm) on L6 BOTTOM|Pad Rservo_1-2(22.125mm,15.55mm) on L6 BOTTOM",0
TRACK,R22:INA_OUT_1,INA_OUT_1,Mid Layer 2,21.275,19.125,21.275,17.025,0.2,,,"INA_OUT_1|Pad CL_1-2(21.95mm,24.75mm) on L6 BOTTOM|Pad Rservo_1-2(22.125mm,15.55mm) on L6 BOTTOM",0
TRACK,R22:INA_OUT_1,INA_OUT_1,Mid Layer 2,21.275,17.025,21.975,16.325,0.2,,,"INA_OUT_1|Pad CL_1-2(21.95mm,24.75mm) on L6 BOTTOM|Pad Rservo_1-2(22.125mm,15.55mm) on L6 BOTTOM",0
TRACK,R22:INA_OUT_1,INA_OUT_1,Bottom Layer,21.975,16.325,21.975,15.825,0.2,,,"INA_OUT_1|Pad CL_1-2(21.95mm,24.75mm) on L6 BOTTOM|Pad Rservo_1-2(22.125mm,15.55mm) on L6 BOTTOM",0
VIA,R22:INA_OUT_1,INA_OUT_1,Multi Layer,21.975,16.325,,,,0.6,0.3,"INA_OUT_1|Pad CL_1-2(21.95mm,24.75mm) on L6 BOTTOM|Pad Rservo_1-2(22.125mm,15.55mm) on L6 BOTTOM",0
TRACK,R23:INA_OUT_3,INA_OUT_3,Mid Layer 2,43.075,24.275,43.075,16.775,0.2,,,"INA_OUT_3|Pad CL_3-2(43.45mm,24.75mm) on L6 BOTTOM|Pad Rservo_3-2(43.625mm,15.55mm) on L6 BOTTOM",0
TRACK,R23:INA_OUT_3,INA_OUT_3,Mid Layer 2,43.075,16.775,43.525,16.325,0.2,,,"INA_OUT_3|Pad CL_3-2(43.45mm,24.75mm) on L6 BOTTOM|Pad Rservo_3-2(43.625mm,15.55mm) on L6 BOTTOM",0
TRACK,R23:INA_OUT_3,INA_OUT_3,Bottom Layer,43.525,16.325,43.525,15.825,0.2,,,"INA_OUT_3|Pad CL_3-2(43.45mm,24.75mm) on L6 BOTTOM|Pad Rservo_3-2(43.625mm,15.55mm) on L6 BOTTOM",0
VIA,R23:INA_OUT_3,INA_OUT_3,Multi Layer,43.525,16.325,,,,0.6,0.3,"INA_OUT_3|Pad CL_3-2(43.45mm,24.75mm) on L6 BOTTOM|Pad Rservo_3-2(43.625mm,15.55mm) on L6 BOTTOM",0
TRACK,R24:INA_OUT_5,INA_OUT_5,Top Layer,63.725,23.575,65.625,21.675,0.2,,,"INA_OUT_5|Pad CL_5-2(65.05mm,24.75mm) on L6 BOTTOM|Pad Rservo_5-2(65.225mm,15.55mm) on L6 BOTTOM",0
TRACK,R24:INA_OUT_5,INA_OUT_5,Top Layer,65.625,21.675,65.625,19.125,0.2,,,"INA_OUT_5|Pad CL_5-2(65.05mm,24.75mm) on L6 BOTTOM|Pad Rservo_5-2(65.225mm,15.55mm) on L6 BOTTOM",0
TRACK,R24:INA_OUT_5,INA_OUT_5,Mid Layer 2,65.625,19.125,65.175,18.675,0.2,,,"INA_OUT_5|Pad CL_5-2(65.05mm,24.75mm) on L6 BOTTOM|Pad Rservo_5-2(65.225mm,15.55mm) on L6 BOTTOM",0
TRACK,R24:INA_OUT_5,INA_OUT_5,Mid Layer 2,65.175,18.675,65.175,16.375,0.2,,,"INA_OUT_5|Pad CL_5-2(65.05mm,24.75mm) on L6 BOTTOM|Pad Rservo_5-2(65.225mm,15.55mm) on L6 BOTTOM",0
TRACK,R24:INA_OUT_5,INA_OUT_5,Bottom Layer,65.175,16.375,65.175,15.825,0.2,,,"INA_OUT_5|Pad CL_5-2(65.05mm,24.75mm) on L6 BOTTOM|Pad Rservo_5-2(65.225mm,15.55mm) on L6 BOTTOM",0
VIA,R24:INA_OUT_5,INA_OUT_5,Multi Layer,65.625,19.125,,,,0.6,0.3,"INA_OUT_5|Pad CL_5-2(65.05mm,24.75mm) on L6 BOTTOM|Pad Rservo_5-2(65.225mm,15.55mm) on L6 BOTTOM",0
VIA,R24:INA_OUT_5,INA_OUT_5,Multi Layer,65.175,16.375,,,,0.6,0.3,"INA_OUT_5|Pad CL_5-2(65.05mm,24.75mm) on L6 BOTTOM|Pad Rservo_5-2(65.225mm,15.55mm) on L6 BOTTOM",0
TRACK,R25:NetINA5_7,NetINA5_7,Top Layer,62.075,22.075,62.575,22.075,0.2,,,"NetINA5_7|Pad RH_5-2(61.779mm,21.75mm) on L1 TOP|Pad RL_5-1(62.8mm,22.3mm) on L1 TOP",0
TRACK,R26:NetINA2_7,NetINA2_7,Top Layer,29.675,22.075,30.175,22.075,0.2,,,"NetINA2_7|Pad RH_2-2(29.379mm,21.75mm) on L1 TOP|Pad RL_2-1(30.4mm,22.3mm) on L1 TOP",0
TRACK,R27:NetINA1_7,NetINA1_7,Top Layer,18.875,22.075,19.375,22.075,0.2,,,"NetINA1_7|Pad RH_1-2(18.579mm,21.75mm) on L1 TOP|Pad RL_1-1(19.6mm,22.3mm) on L1 TOP",0
TRACK,R28:NetINA3_7,NetINA3_7,Top Layer,40.475,22.075,40.975,22.075,0.2,,,"NetINA3_7|Pad RH_3-2(40.179mm,21.75mm) on L1 TOP|Pad RL_3-1(41.2mm,22.3mm) on L1 TOP",0
TRACK,R29:NetINA1_7,NetINA1_7,Top Layer,18.375,21.075,18.375,21.275,0.2,,,"NetINA1_7|Pad INA1-7(18.375mm,20.55mm) on L1 TOP|Pad RH_1-2(18.579mm,21.75mm) on L1 TOP",0
TRACK,R29:NetINA1_7,NetINA1_7,Top Layer,18.375,21.275,18.425,21.325,0.2,,,"NetINA1_7|Pad INA1-7(18.375mm,20.55mm) on L1 TOP|Pad RH_1-2(18.579mm,21.75mm) on L1 TOP",0
TRACK,R29:NetINA1_7,NetINA1_7,Top Layer,18.425,21.325,18.425,21.475,0.2,,,"NetINA1_7|Pad INA1-7(18.375mm,20.55mm) on L1 TOP|Pad RH_1-2(18.579mm,21.75mm) on L1 TOP",0
TRACK,R30:NetINA2_7,NetINA2_7,Top Layer,29.175,21.075,29.175,21.275,0.2,,,"NetINA2_7|Pad INA2-7(29.175mm,20.55mm) on L1 TOP|Pad RH_2-2(29.379mm,21.75mm) on L1 TOP",0
TRACK,R30:NetINA2_7,NetINA2_7,Top Layer,29.175,21.275,29.225,21.325,0.2,,,"NetINA2_7|Pad INA2-7(29.175mm,20.55mm) on L1 TOP|Pad RH_2-2(29.379mm,21.75mm) on L1 TOP",0
TRACK,R30:NetINA2_7,NetINA2_7,Top Layer,29.225,21.325,29.225,21.475,0.2,,,"NetINA2_7|Pad INA2-7(29.175mm,20.55mm) on L1 TOP|Pad RH_2-2(29.379mm,21.75mm) on L1 TOP",0
TRACK,R31:NetINA3_7,NetINA3_7,Top Layer,39.975,21.075,39.975,21.275,0.2,,,"NetINA3_7|Pad INA3-7(39.975mm,20.55mm) on L1 TOP|Pad RH_3-2(40.179mm,21.75mm) on L1 TOP",0
TRACK,R31:NetINA3_7,NetINA3_7,Top Layer,39.975,21.275,40.025,21.325,0.2,,,"NetINA3_7|Pad INA3-7(39.975mm,20.55mm) on L1 TOP|Pad RH_3-2(40.179mm,21.75mm) on L1 TOP",0
TRACK,R31:NetINA3_7,NetINA3_7,Top Layer,40.025,21.325,40.025,21.475,0.2,,,"NetINA3_7|Pad INA3-7(39.975mm,20.55mm) on L1 TOP|Pad RH_3-2(40.179mm,21.75mm) on L1 TOP",0
TRACK,R32:NetINA5_7,NetINA5_7,Top Layer,61.575,21.075,61.575,21.275,0.2,,,"NetINA5_7|Pad INA5-7(61.575mm,20.55mm) on L1 TOP|Pad RH_5-2(61.779mm,21.75mm) on L1 TOP",0
TRACK,R32:NetINA5_7,NetINA5_7,Top Layer,61.575,21.275,61.625,21.325,0.2,,,"NetINA5_7|Pad INA5-7(61.575mm,20.55mm) on L1 TOP|Pad RH_5-2(61.779mm,21.75mm) on L1 TOP",0
TRACK,R32:NetINA5_7,NetINA5_7,Top Layer,61.625,21.325,61.625,21.475,0.2,,,"NetINA5_7|Pad INA5-7(61.575mm,20.55mm) on L1 TOP|Pad RH_5-2(61.779mm,21.75mm) on L1 TOP",0
TRACK,R33:NetINA4_7,NetINA4_7,Top Layer,50.775,21.075,50.775,21.325,0.2,,,"NetINA4_7|Pad INA4-7(50.775mm,20.55mm) on L1 TOP|Pad RL_4-1(51.8mm,21.7mm) on L1 TOP",0
TRACK,R33:NetINA4_7,NetINA4_7,Top Layer,50.775,21.325,51.025,21.575,0.2,,,"NetINA4_7|Pad INA4-7(50.775mm,20.55mm) on L1 TOP|Pad RL_4-1(51.8mm,21.7mm) on L1 TOP",0
TRACK,R33:NetINA4_7,NetINA4_7,Top Layer,51.025,21.575,51.575,21.575,0.2,,,"NetINA4_7|Pad INA4-7(50.775mm,20.55mm) on L1 TOP|Pad RL_4-1(51.8mm,21.7mm) on L1 TOP",0
TRACK,R34:NetINA4_3,NetINA4_3,Top Layer,57.375,17.025,57.375,18.375,0.2,,,"NetINA4_3|Pad RDD10-2(57.412mm,16.8mm) on L1 TOP|Pad RDD12-2(57.412mm,18.6mm) on L1 TOP",0
TRACK,R35:NetINA1_3,NetINA1_3,Top Layer,24.975,17.025,24.975,18.375,0.2,,,"NetINA1_3|Pad RDD1-2(25.012mm,16.8mm) on L1 TOP|Pad RDD3-2(25.012mm,18.6mm) on L1 TOP",0
TRACK,R36:NetINA5_3,NetINA5_3,Top Layer,67.775,17.025,67.775,18.375,0.2,,,"NetINA5_3|Pad RDD13-2(67.812mm,16.8mm) on L1 TOP|Pad RDD15-2(67.812mm,18.6mm) on L1 TOP",0
TRACK,R37:NetINA2_3,NetINA2_3,Top Layer,35.775,17.025,35.775,18.375,0.2,,,"NetINA2_3|Pad RDD4-2(35.812mm,16.8mm) on L1 TOP|Pad RDD6-2(35.812mm,18.6mm) on L1 TOP",0
TRACK,R38:NetINA3_3,NetINA3_3,Top Layer,46.575,17.025,46.575,18.375,0.2,,,"NetINA3_3|Pad RDD7-2(46.612mm,16.8mm) on L1 TOP|Pad RDD9-2(46.612mm,18.6mm) on L1 TOP",0
TRACK,R39:NetINA4_7,NetINA4_7,Top Layer,50.075,21.575,50.475,21.575,0.2,,,"NetINA4_7|Pad RH_4-2(49.779mm,21.75mm) on L1 TOP|Pad RL_4-1(51.8mm,21.7mm) on L1 TOP",0
TRACK,R39:NetINA4_7,NetINA4_7,Top Layer,50.475,21.575,50.675,21.375,0.2,,,"NetINA4_7|Pad RH_4-2(49.779mm,21.75mm) on L1 TOP|Pad RL_4-1(51.8mm,21.7mm) on L1 TOP",0
TRACK,R40:NetINA5_3,NetINA5_3,Top Layer,62.175,16.375,62.175,16.875,0.2,,,"NetINA5_3|Pad INA5-3(62.225mm,15.85mm) on L1 TOP|Pad RDD13-2(67.812mm,16.8mm) on L1 TOP",0
TRACK,R40:NetINA5_3,NetINA5_3,Top Layer,62.175,16.875,62.125,16.925,0.2,,,"NetINA5_3|Pad INA5-3(62.225mm,15.85mm) on L1 TOP|Pad RDD13-2(67.812mm,16.8mm) on L1 TOP",0
TRACK,R40:NetINA5_3,NetINA5_3,Mid Layer 2,62.125,16.925,63.525,16.925,0.2,,,"NetINA5_3|Pad INA5-3(62.225mm,15.85mm) on L1 TOP|Pad RDD13-2(67.812mm,16.8mm) on L1 TOP",0
TRACK,R40:NetINA5_3,NetINA5_3,Mid Layer 2,63.525,16.925,64.825,15.625,0.2,,,"NetINA5_3|Pad INA5-3(62.225mm,15.85mm) on L1 TOP|Pad RDD13-2(67.812mm,16.8mm) on L1 TOP",0
TRACK,R40:NetINA5_3,NetINA5_3,Mid Layer 2,64.825,15.625,65.475,15.625,0.2,,,"NetINA5_3|Pad INA5-3(62.225mm,15.85mm) on L1 TOP|Pad RDD13-2(67.812mm,16.8mm) on L1 TOP",0
TRACK,R40:NetINA5_3,NetINA5_3,Mid Layer 2,65.475,15.625,67.425,17.575,0.2,,,"NetINA5_3|Pad INA5-3(62.225mm,15.85mm) on L1 TOP|Pad RDD13-2(67.812mm,16.8mm) on L1 TOP",0
TRACK,R40:NetINA5_3,NetINA5_3,Top Layer,67.425,17.575,67.675,17.575,0.2,,,"NetINA5_3|Pad INA5-3(62.225mm,15.85mm) on L1 TOP|Pad RDD13-2(67.812mm,16.8mm) on L1 TOP",0
VIA,R40:NetINA5_3,NetINA5_3,Multi Layer,62.125,16.925,,,,0.6,0.3,"NetINA5_3|Pad INA5-3(62.225mm,15.85mm) on L1 TOP|Pad RDD13-2(67.812mm,16.8mm) on L1 TOP",0
VIA,R40:NetINA5_3,NetINA5_3,Multi Layer,67.425,17.575,,,,0.6,0.3,"NetINA5_3|Pad INA5-3(62.225mm,15.85mm) on L1 TOP|Pad RDD13-2(67.812mm,16.8mm) on L1 TOP",0
TRACK,R41:NetINA2_3,NetINA2_3,Top Layer,29.825,16.375,29.825,16.625,0.2,,,"NetINA2_3|Pad INA2-3(29.825mm,15.85mm) on L1 TOP|Pad RDD4-2(35.812mm,16.8mm) on L1 TOP",0
TRACK,R41:NetINA2_3,NetINA2_3,Top Layer,29.825,16.625,30.825,17.625,0.2,,,"NetINA2_3|Pad INA2-3(29.825mm,15.85mm) on L1 TOP|Pad RDD4-2(35.812mm,16.8mm) on L1 TOP",0
TRACK,R41:NetINA2_3,NetINA2_3,Top Layer,30.825,17.625,35.675,17.625,0.2,,,"NetINA2_3|Pad INA2-3(29.825mm,15.85mm) on L1 TOP|Pad RDD4-2(35.812mm,16.8mm) on L1 TOP",0
TRACK,R42:NetINA1_3,NetINA1_3,Top Layer,19.025,16.375,19.025,16.925,0.2,,,"NetINA1_3|Pad INA1-3(19.025mm,15.85mm) on L1 TOP|Pad RDD1-2(25.012mm,16.8mm) on L1 TOP",0
TRACK,R42:NetINA1_3,NetINA1_3,Mid Layer 2,19.025,16.925,20.275,16.925,0.2,,,"NetINA1_3|Pad INA1-3(19.025mm,15.85mm) on L1 TOP|Pad RDD1-2(25.012mm,16.8mm) on L1 TOP",0
TRACK,R42:NetINA1_3,NetINA1_3,Mid Layer 2,20.275,16.925,21.625,15.575,0.2,,,"NetINA1_3|Pad INA1-3(19.025mm,15.85mm) on L1 TOP|Pad RDD1-2(25.012mm,16.8mm) on L1 TOP",0
TRACK,R42:NetINA1_3,NetINA1_3,Mid Layer 2,21.625,15.575,22.275,15.575,0.2,,,"NetINA1_3|Pad INA1-3(19.025mm,15.85mm) on L1 TOP|Pad RDD1-2(25.012mm,16.8mm) on L1 TOP",0
TRACK,R42:NetINA1_3,NetINA1_3,Mid Layer 2,22.275,15.575,24.375,17.675,0.2,,,"NetINA1_3|Pad INA1-3(19.025mm,15.85mm) on L1 TOP|Pad RDD1-2(25.012mm,16.8mm) on L1 TOP",0
TRACK,R42:NetINA1_3,NetINA1_3,Top Layer,24.375,17.675,24.875,17.675,0.2,,,"NetINA1_3|Pad INA1-3(19.025mm,15.85mm) on L1 TOP|Pad RDD1-2(25.012mm,16.8mm) on L1 TOP",0
VIA,R42:NetINA1_3,NetINA1_3,Multi Layer,19.025,16.925,,,,0.6,0.3,"NetINA1_3|Pad INA1-3(19.025mm,15.85mm) on L1 TOP|Pad RDD1-2(25.012mm,16.8mm) on L1 TOP",0
VIA,R42:NetINA1_3,NetINA1_3,Multi Layer,24.375,17.675,,,,0.6,0.3,"NetINA1_3|Pad INA1-3(19.025mm,15.85mm) on L1 TOP|Pad RDD1-2(25.012mm,16.8mm) on L1 TOP",0
TRACK,R43:NetINA3_3,NetINA3_3,Top Layer,40.625,16.375,40.625,16.625,0.2,,,"NetINA3_3|Pad INA3-3(40.625mm,15.85mm) on L1 TOP|Pad RDD7-2(46.612mm,16.8mm) on L1 TOP",0
TRACK,R43:NetINA3_3,NetINA3_3,Top Layer,40.625,16.625,41.075,17.075,0.2,,,"NetINA3_3|Pad INA3-3(40.625mm,15.85mm) on L1 TOP|Pad RDD7-2(46.612mm,16.8mm) on L1 TOP",0
TRACK,R43:NetINA3_3,NetINA3_3,Top Layer,41.075,17.075,44.225,17.075,0.2,,,"NetINA3_3|Pad INA3-3(40.625mm,15.85mm) on L1 TOP|Pad RDD7-2(46.612mm,16.8mm) on L1 TOP",0
TRACK,R43:NetINA3_3,NetINA3_3,Top Layer,44.225,17.075,44.275,17.025,0.2,,,"NetINA3_3|Pad INA3-3(40.625mm,15.85mm) on L1 TOP|Pad RDD7-2(46.612mm,16.8mm) on L1 TOP",0
TRACK,R43:NetINA3_3,NetINA3_3,Top Layer,44.275,17.025,44.675,17.025,0.2,,,"NetINA3_3|Pad INA3-3(40.625mm,15.85mm) on L1 TOP|Pad RDD7-2(46.612mm,16.8mm) on L1 TOP",0
TRACK,R43:NetINA3_3,NetINA3_3,Top Layer,44.675,17.025,44.925,17.275,0.2,,,"NetINA3_3|Pad INA3-3(40.625mm,15.85mm) on L1 TOP|Pad RDD7-2(46.612mm,16.8mm) on L1 TOP",0
TRACK,R43:NetINA3_3,NetINA3_3,Top Layer,44.925,17.275,44.925,17.325,0.2,,,"NetINA3_3|Pad INA3-3(40.625mm,15.85mm) on L1 TOP|Pad RDD7-2(46.612mm,16.8mm) on L1 TOP",0
TRACK,R43:NetINA3_3,NetINA3_3,Top Layer,44.925,17.325,44.975,17.325,0.2,,,"NetINA3_3|Pad INA3-3(40.625mm,15.85mm) on L1 TOP|Pad RDD7-2(46.612mm,16.8mm) on L1 TOP",0
TRACK,R43:NetINA3_3,NetINA3_3,Top Layer,44.975,17.325,44.975,17.375,0.2,,,"NetINA3_3|Pad INA3-3(40.625mm,15.85mm) on L1 TOP|Pad RDD7-2(46.612mm,16.8mm) on L1 TOP",0
TRACK,R43:NetINA3_3,NetINA3_3,Top Layer,44.975,17.375,45.225,17.625,0.2,,,"NetINA3_3|Pad INA3-3(40.625mm,15.85mm) on L1 TOP|Pad RDD7-2(46.612mm,16.8mm) on L1 TOP",0
TRACK,R43:NetINA3_3,NetINA3_3,Top Layer,45.225,17.625,46.475,17.625,0.2,,,"NetINA3_3|Pad INA3-3(40.625mm,15.85mm) on L1 TOP|Pad RDD7-2(46.612mm,16.8mm) on L1 TOP",0
TRACK,R44:NetINA4_3,NetINA4_3,Top Layer,51.425,16.375,51.425,16.625,0.2,,,"NetINA4_3|Pad INA4-3(51.425mm,15.85mm) on L1 TOP|Pad RDD10-2(57.412mm,16.8mm) on L1 TOP",0
TRACK,R44:NetINA4_3,NetINA4_3,Top Layer,51.425,16.625,52.425,17.625,0.2,,,"NetINA4_3|Pad INA4-3(51.425mm,15.85mm) on L1 TOP|Pad RDD10-2(57.412mm,16.8mm) on L1 TOP",0
TRACK,R44:NetINA4_3,NetINA4_3,Top Layer,52.425,17.625,57.275,17.625,0.2,,,"NetINA4_3|Pad INA4-3(51.425mm,15.85mm) on L1 TOP|Pad RDD10-2(57.412mm,16.8mm) on L1 TOP",0
TRACK,R45:NetINA5_2 VIP,NetINA5_2,Top Layer,61.475,16.375,61.475,16.625,0.15,,,"NetINA5_2|Pad INA5-2(61.575mm,15.85mm) on L1 TOP|Pad RDD14-2(67.8mm,15mm) on L1 TOP",0
TRACK,R45:NetINA5_2 VIP,NetINA5_2,Top Layer,61.475,16.625,61.425,16.625,0.15,,,"NetINA5_2|Pad INA5-2(61.575mm,15.85mm) on L1 TOP|Pad RDD14-2(67.8mm,15mm) on L1 TOP",0
TRACK,R45:NetINA5_2 VIP,NetINA5_2,Top Layer,61.425,16.625,61.425,16.825,0.15,,,"NetINA5_2|Pad INA5-2(61.575mm,15.85mm) on L1 TOP|Pad RDD14-2(67.8mm,15mm) on L1 TOP",0
TRACK,R45:NetINA5_2 VIP,NetINA5_2,Top Layer,61.425,16.825,61.175,17.075,0.15,,,"NetINA5_2|Pad INA5-2(61.575mm,15.85mm) on L1 TOP|Pad RDD14-2(67.8mm,15mm) on L1 TOP",0
TRACK,R45:NetINA5_2 VIP,NetINA5_2,Mid Layer 2,61.175,17.075,61.175,16.825,0.15,,,"NetINA5_2|Pad INA5-2(61.575mm,15.85mm) on L1 TOP|Pad RDD14-2(67.8mm,15mm) on L1 TOP",0
TRACK,R45:NetINA5_2 VIP,NetINA5_2,Mid Layer 2,61.175,16.825,62.975,15.025,0.15,,,"NetINA5_2|Pad INA5-2(61.575mm,15.85mm) on L1 TOP|Pad RDD14-2(67.8mm,15mm) on L1 TOP",0
TRACK,R45:NetINA5_2 VIP,NetINA5_2,Mid Layer 2,62.975,15.025,67.775,15.025,0.15,,,"NetINA5_2|Pad INA5-2(61.575mm,15.85mm) on L1 TOP|Pad RDD14-2(67.8mm,15mm) on L1 TOP",0
VIA,R45:NetINA5_2 VIP,NetINA5_2,Multi Layer,61.175,17.075,,,,0.6,0.3,"NetINA5_2|Pad INA5-2(61.575mm,15.85mm) on L1 TOP|Pad RDD14-2(67.8mm,15mm) on L1 TOP",0
VIA,R45:NetINA5_2 VIP,NetINA5_2,Multi Layer,67.775,15.025,,,,0.6,0.3,"NetINA5_2|Pad INA5-2(61.575mm,15.85mm) on L1 TOP|Pad RDD14-2(67.8mm,15mm) on L1 TOP",0
TRACK,R46:NetINA2_2,NetINA2_2,Top Layer,29.175,16.375,29.175,17.075,0.2,,,"NetINA2_2|Pad INA2-2(29.175mm,15.85mm) on L1 TOP|Pad RDD5-2(35.8mm,15mm) on L1 TOP",0
TRACK,R46:NetINA2_2,NetINA2_2,Top Layer,29.175,17.075,29.575,17.475,0.2,,,"NetINA2_2|Pad INA2-2(29.175mm,15.85mm) on L1 TOP|Pad RDD5-2(35.8mm,15mm) on L1 TOP",0
TRACK,R46:NetINA2_2,NetINA2_2,Mid Layer 2,29.575,17.475,33.625,17.475,0.2,,,"NetINA2_2|Pad INA2-2(29.175mm,15.85mm) on L1 TOP|Pad RDD5-2(35.8mm,15mm) on L1 TOP",0
TRACK,R46:NetINA2_2,NetINA2_2,Mid Layer 2,33.625,17.475,35.175,15.925,0.2,,,"NetINA2_2|Pad INA2-2(29.175mm,15.85mm) on L1 TOP|Pad RDD5-2(35.8mm,15mm) on L1 TOP",0
TRACK,R46:NetINA2_2,NetINA2_2,Top Layer,35.175,15.925,35.825,15.275,0.2,,,"NetINA2_2|Pad INA2-2(29.175mm,15.85mm) on L1 TOP|Pad RDD5-2(35.8mm,15mm) on L1 TOP",0
VIA,R46:NetINA2_2,NetINA2_2,Multi Layer,29.575,17.475,,,,0.6,0.3,"NetINA2_2|Pad INA2-2(29.175mm,15.85mm) on L1 TOP|Pad RDD5-2(35.8mm,15mm) on L1 TOP",0
VIA,R46:NetINA2_2,NetINA2_2,Multi Layer,35.175,15.925,,,,0.6,0.3,"NetINA2_2|Pad INA2-2(29.175mm,15.85mm) on L1 TOP|Pad RDD5-2(35.8mm,15mm) on L1 TOP",0
TRACK,R47:NetINA1_2,NetINA1_2,Top Layer,18.325,16.375,18.325,16.625,0.2,,,"NetINA1_2|Pad INA1-2(18.375mm,15.85mm) on L1 TOP|Pad RDD2-2(25mm,15mm) on L1 TOP",0
TRACK,R47:NetINA1_2,NetINA1_2,Top Layer,18.325,16.625,18.025,16.925,0.2,,,"NetINA1_2|Pad INA1-2(18.375mm,15.85mm) on L1 TOP|Pad RDD2-2(25mm,15mm) on L1 TOP",0
TRACK,R47:NetINA1_2,NetINA1_2,Top Layer,18.025,16.925,18.025,17.025,0.2,,,"NetINA1_2|Pad INA1-2(18.375mm,15.85mm) on L1 TOP|Pad RDD2-2(25mm,15mm) on L1 TOP",0
TRACK,R47:NetINA1_2,NetINA1_2,Mid Layer 2,18.025,17.025,18.025,16.825,0.2,,,"NetINA1_2|Pad INA1-2(18.375mm,15.85mm) on L1 TOP|Pad RDD2-2(25mm,15mm) on L1 TOP",0
TRACK,R47:NetINA1_2,NetINA1_2,Mid Layer 2,18.025,16.825,19.775,15.075,0.2,,,"NetINA1_2|Pad INA1-2(18.375mm,15.85mm) on L1 TOP|Pad RDD2-2(25mm,15mm) on L1 TOP",0
TRACK,R47:NetINA1_2,NetINA1_2,Mid Layer 2,19.775,15.075,23.525,15.075,0.2,,,"NetINA1_2|Pad INA1-2(18.375mm,15.85mm) on L1 TOP|Pad RDD2-2(25mm,15mm) on L1 TOP",0
TRACK,R47:NetINA1_2,NetINA1_2,Mid Layer 2,23.525,15.075,24.375,15.925,0.2,,,"NetINA1_2|Pad INA1-2(18.375mm,15.85mm) on L1 TOP|Pad RDD2-2(25mm,15mm) on L1 TOP",0
TRACK,R47:NetINA1_2,NetINA1_2,Top Layer,24.375,15.925,25.025,15.275,0.2,,,"NetINA1_2|Pad INA1-2(18.375mm,15.85mm) on L1 TOP|Pad RDD2-2(25mm,15mm) on L1 TOP",0
VIA,R47:NetINA1_2,NetINA1_2,Multi Layer,18.025,17.025,,,,0.6,0.3,"NetINA1_2|Pad INA1-2(18.375mm,15.85mm) on L1 TOP|Pad RDD2-2(25mm,15mm) on L1 TOP",0
VIA,R47:NetINA1_2,NetINA1_2,Multi Layer,24.375,15.925,,,,0.6,0.3,"NetINA1_2|Pad INA1-2(18.375mm,15.85mm) on L1 TOP|Pad RDD2-2(25mm,15mm) on L1 TOP",0
TRACK,R48:NetINA3_2,NetINA3_2,Top Layer,39.925,16.375,39.925,16.925,0.2,,,"NetINA3_2|Pad INA3-2(39.975mm,15.85mm) on L1 TOP|Pad RDD8-2(46.6mm,15mm) on L1 TOP",0
TRACK,R48:NetINA3_2,NetINA3_2,Mid Layer 2,39.925,16.925,41.825,16.925,0.2,,,"NetINA3_2|Pad INA3-2(39.975mm,15.85mm) on L1 TOP|Pad RDD8-2(46.6mm,15mm) on L1 TOP",0
TRACK,R48:NetINA3_2,NetINA3_2,Mid Layer 2,41.825,16.925,43.175,15.575,0.2,,,"NetINA3_2|Pad INA3-2(39.975mm,15.85mm) on L1 TOP|Pad RDD8-2(46.6mm,15mm) on L1 TOP",0
TRACK,R48:NetINA3_2,NetINA3_2,Mid Layer 2,43.175,15.575,45.625,15.575,0.2,,,"NetINA3_2|Pad INA3-2(39.975mm,15.85mm) on L1 TOP|Pad RDD8-2(46.6mm,15mm) on L1 TOP",0
TRACK,R48:NetINA3_2,NetINA3_2,Mid Layer 2,45.625,15.575,45.975,15.925,0.2,,,"NetINA3_2|Pad INA3-2(39.975mm,15.85mm) on L1 TOP|Pad RDD8-2(46.6mm,15mm) on L1 TOP",0
TRACK,R48:NetINA3_2,NetINA3_2,Top Layer,45.975,15.925,46.625,15.275,0.2,,,"NetINA3_2|Pad INA3-2(39.975mm,15.85mm) on L1 TOP|Pad RDD8-2(46.6mm,15mm) on L1 TOP",0
VIA,R48:NetINA3_2,NetINA3_2,Multi Layer,39.925,16.925,,,,0.6,0.3,"NetINA3_2|Pad INA3-2(39.975mm,15.85mm) on L1 TOP|Pad RDD8-2(46.6mm,15mm) on L1 TOP",0
VIA,R48:NetINA3_2,NetINA3_2,Multi Layer,45.975,15.925,,,,0.6,0.3,"NetINA3_2|Pad INA3-2(39.975mm,15.85mm) on L1 TOP|Pad RDD8-2(46.6mm,15mm) on L1 TOP",0
TRACK,R49:NetINA4_2,NetINA4_2,Top Layer,50.775,16.375,50.775,17.075,0.2,,,"NetINA4_2|Pad INA4-2(50.775mm,15.85mm) on L1 TOP|Pad RDD11-2(57.4mm,15mm) on L1 TOP",0
TRACK,R49:NetINA4_2,NetINA4_2,Top Layer,50.775,17.075,51.175,17.475,0.2,,,"NetINA4_2|Pad INA4-2(50.775mm,15.85mm) on L1 TOP|Pad RDD11-2(57.4mm,15mm) on L1 TOP",0
TRACK,R49:NetINA4_2,NetINA4_2,Mid Layer 2,51.175,17.475,55.225,17.475,0.2,,,"NetINA4_2|Pad INA4-2(50.775mm,15.85mm) on L1 TOP|Pad RDD11-2(57.4mm,15mm) on L1 TOP",0
TRACK,R49:NetINA4_2,NetINA4_2,Mid Layer 2,55.225,17.475,56.775,15.925,0.2,,,"NetINA4_2|Pad INA4-2(50.775mm,15.85mm) on L1 TOP|Pad RDD11-2(57.4mm,15mm) on L1 TOP",0
TRACK,R49:NetINA4_2,NetINA4_2,Top Layer,56.775,15.925,57.425,15.275,0.2,,,"NetINA4_2|Pad INA4-2(50.775mm,15.85mm) on L1 TOP|Pad RDD11-2(57.4mm,15mm) on L1 TOP",0
VIA,R49:NetINA4_2,NetINA4_2,Multi Layer,51.175,17.475,,,,0.6,0.3,"NetINA4_2|Pad INA4-2(50.775mm,15.85mm) on L1 TOP|Pad RDD11-2(57.4mm,15mm) on L1 TOP",0
VIA,R49:NetINA4_2,NetINA4_2,Multi Layer,56.775,15.925,,,,0.6,0.3,"NetINA4_2|Pad INA4-2(50.775mm,15.85mm) on L1 TOP|Pad RDD11-2(57.4mm,15mm) on L1 TOP",0
TRACK,R50:NetCservo_1_1,NetCservo_1_1,Bottom Layer,20.725,16.875,20.725,16.225,0.2,,,"NetCservo_1_1|Pad Cservo_1-1(20.225mm,17.65mm) on L6 BOTTOM [Unplated]|Pad Rservo_1-1(21.275mm,15.55mm) on L6 BOTTOM",0
TRACK,R50:NetCservo_1_1,NetCservo_1_1,Bottom Layer,20.725,16.225,20.975,15.975,0.2,,,"NetCservo_1_1|Pad Cservo_1-1(20.225mm,17.65mm) on L6 BOTTOM [Unplated]|Pad Rservo_1-1(21.275mm,15.55mm) on L6 BOTTOM",0
TRACK,R50:NetCservo_1_1,NetCservo_1_1,Bottom Layer,20.975,15.975,20.975,15.825,0.2,,,"NetCservo_1_1|Pad Cservo_1-1(20.225mm,17.65mm) on L6 BOTTOM [Unplated]|Pad Rservo_1-1(21.275mm,15.55mm) on L6 BOTTOM",0
TRACK,R51:NetCservo_3_1,NetCservo_3_1,Bottom Layer,42.225,16.875,42.225,16.075,0.2,,,"NetCservo_3_1|Pad Cservo_3-1(41.725mm,17.65mm) on L6 BOTTOM [Unplated]|Pad Rservo_3-1(42.775mm,15.55mm) on L6 BOTTOM",0
TRACK,R51:NetCservo_3_1,NetCservo_3_1,Bottom Layer,42.225,16.075,42.475,15.825,0.2,,,"NetCservo_3_1|Pad Cservo_3-1(41.725mm,17.65mm) on L6 BOTTOM [Unplated]|Pad Rservo_3-1(42.775mm,15.55mm) on L6 BOTTOM",0
TRACK,R52:NetCservo_5_1,NetCservo_5_1,Bottom Layer,63.825,16.875,63.825,16.075,0.2,,,"NetCservo_5_1|Pad Cservo_5-1(63.325mm,17.65mm) on L6 BOTTOM [Unplated]|Pad Rservo_5-1(64.375mm,15.55mm) on L6 BOTTOM",0
TRACK,R52:NetCservo_5_1,NetCservo_5_1,Bottom Layer,63.825,16.075,64.075,15.825,0.2,,,"NetCservo_5_1|Pad Cservo_5-1(63.325mm,17.65mm) on L6 BOTTOM [Unplated]|Pad Rservo_5-1(64.375mm,15.55mm) on L6 BOTTOM",0
TRACK,R53:NetCservo_2_1,NetCservo_2_1,Bottom Layer,29.675,25.025,29.675,24.225,0.2,,,"NetCservo_2_1|Pad Rservo_2-1(29.425mm,25.25mm) on L6 BOTTOM|Pad Cservo_2-1(30.475mm,23.15mm) on L6 BOTTOM [Unplated]",0
TRACK,R53:NetCservo_2_1,NetCservo_2_1,Bottom Layer,29.675,24.225,29.975,23.925,0.2,,,"NetCservo_2_1|Pad Rservo_2-1(29.425mm,25.25mm) on L6 BOTTOM|Pad Cservo_2-1(30.475mm,23.15mm) on L6 BOTTOM [Unplated]",0
TRACK,R54:NetCservo_4_1,NetCservo_4_1,Bottom Layer,51.275,25.025,51.275,24.225,0.2,,,"NetCservo_4_1|Pad Rservo_4-1(51.025mm,25.25mm) on L6 BOTTOM|Pad Cservo_4-1(52.075mm,23.15mm) on L6 BOTTOM [Unplated]",0
TRACK,R54:NetCservo_4_1,NetCservo_4_1,Bottom Layer,51.275,24.225,51.575,23.925,0.2,,,"NetCservo_4_1|Pad Rservo_4-1(51.025mm,25.25mm) on L6 BOTTOM|Pad Cservo_4-1(52.075mm,23.15mm) on L6 BOTTOM [Unplated]",0
TRACK,R55:NetCservo_2_1,NetCservo_2_1,Bottom Layer,30.975,22.375,31.625,22.375,0.2,,,"NetCservo_2_1|Pad Cservo_2-1(30.475mm,23.15mm) on L6 BOTTOM [Unplated]|Pad U2-6(33.25mm,21.7mm) on L6 BOTTOM",0
TRACK,R55:NetCservo_2_1,NetCservo_2_1,Bottom Layer,31.625,22.375,32.225,21.775,0.2,,,"NetCservo_2_1|Pad Cservo_2-1(30.475mm,23.15mm) on L6 BOTTOM [Unplated]|Pad U2-6(33.25mm,21.7mm) on L6 BOTTOM",0
TRACK,R55:NetCservo_2_1,NetCservo_2_1,Bottom Layer,32.225,21.775,32.425,21.775,0.2,,,"NetCservo_2_1|Pad Cservo_2-1(30.475mm,23.15mm) on L6 BOTTOM [Unplated]|Pad U2-6(33.25mm,21.7mm) on L6 BOTTOM",0
TRACK,R56:NetCservo_4_1,NetCservo_4_1,Bottom Layer,52.575,22.375,53.125,22.375,0.2,,,"NetCservo_4_1|Pad Cservo_4-1(52.075mm,23.15mm) on L6 BOTTOM [Unplated]|Pad U3-6(54.85mm,21.7mm) on L6 BOTTOM",0
TRACK,R56:NetCservo_4_1,NetCservo_4_1,Bottom Layer,53.125,22.375,53.725,21.775,0.2,,,"NetCservo_4_1|Pad Cservo_4-1(52.075mm,23.15mm) on L6 BOTTOM [Unplated]|Pad U3-6(54.85mm,21.7mm) on L6 BOTTOM",0
TRACK,R56:NetCservo_4_1,NetCservo_4_1,Bottom Layer,53.725,21.775,54.025,21.775,0.2,,,"NetCservo_4_1|Pad Cservo_4-1(52.075mm,23.15mm) on L6 BOTTOM [Unplated]|Pad U3-6(54.85mm,21.7mm) on L6 BOTTOM",0
TRACK,R57:NetCservo_3_1,NetCservo_3_1,Bottom Layer,39.775,19.175,39.825,19.175,0.2,,,"NetCservo_3_1|Pad U2-13(38.95mm,19.1mm) on L6 BOTTOM|Pad Cservo_3-1(41.725mm,17.65mm) on L6 BOTTOM [Unplated]",0
TRACK,R57:NetCservo_3_1,NetCservo_3_1,Bottom Layer,39.825,19.175,39.875,19.225,0.2,,,"NetCservo_3_1|Pad U2-13(38.95mm,19.1mm) on L6 BOTTOM|Pad Cservo_3-1(41.725mm,17.65mm) on L6 BOTTOM [Unplated]",0
TRACK,R57:NetCservo_3_1,NetCservo_3_1,Bottom Layer,39.875,19.225,39.975,19.225,0.2,,,"NetCservo_3_1|Pad U2-13(38.95mm,19.1mm) on L6 BOTTOM|Pad Cservo_3-1(41.725mm,17.65mm) on L6 BOTTOM [Unplated]",0
TRACK,R57:NetCservo_3_1,NetCservo_3_1,Bottom Layer,39.975,19.225,40.025,19.275,0.2,,,"NetCservo_3_1|Pad U2-13(38.95mm,19.1mm) on L6 BOTTOM|Pad Cservo_3-1(41.725mm,17.65mm) on L6 BOTTOM [Unplated]",0
TRACK,R57:NetCservo_3_1,NetCservo_3_1,Bottom Layer,40.025,19.275,40.625,19.275,0.2,,,"NetCservo_3_1|Pad U2-13(38.95mm,19.1mm) on L6 BOTTOM|Pad Cservo_3-1(41.725mm,17.65mm) on L6 BOTTOM [Unplated]",0
TRACK,R57:NetCservo_3_1,NetCservo_3_1,Bottom Layer,40.625,19.275,41.225,18.675,0.2,,,"NetCservo_3_1|Pad U2-13(38.95mm,19.1mm) on L6 BOTTOM|Pad Cservo_3-1(41.725mm,17.65mm) on L6 BOTTOM [Unplated]",0
TRACK,R57:NetCservo_3_1,NetCservo_3_1,Bottom Layer,41.225,18.675,41.225,18.425,0.2,,,"NetCservo_3_1|Pad U2-13(38.95mm,19.1mm) on L6 BOTTOM|Pad Cservo_3-1(41.725mm,17.65mm) on L6 BOTTOM [Unplated]",0
TRACK,R58:NetCservo_1_1 VIP,NetCservo_1_1,Bottom Layer,16.625,19.075,16.075,19.075,0.2,,,"NetCservo_1_1|Pad U1-6(17.45mm,19.1mm) on L6 BOTTOM|Pad Cservo_1-1(20.225mm,17.65mm) on L6 BOTTOM [Unplated]",0
TRACK,R58:NetCservo_1_1 VIP,NetCservo_1_1,Top Layer,16.075,19.075,17.125,19.075,0.2,,,"NetCservo_1_1|Pad U1-6(17.45mm,19.1mm) on L6 BOTTOM|Pad Cservo_1-1(20.225mm,17.65mm) on L6 BOTTOM [Unplated]",0
TRACK,R58:NetCservo_1_1 VIP,NetCservo_1_1,Top Layer,17.125,19.075,17.77,18.43,0.2,,,"NetCservo_1_1|Pad U1-6(17.45mm,19.1mm) on L6 BOTTOM|Pad Cservo_1-1(20.225mm,17.65mm) on L6 BOTTOM [Unplated]",0
TRACK,R58:NetCservo_1_1 VIP,NetCservo_1_1,Top Layer,17.77,18.43,17.95,18.25,0.2,,,"NetCservo_1_1|Pad U1-6(17.45mm,19.1mm) on L6 BOTTOM|Pad Cservo_1-1(20.225mm,17.65mm) on L6 BOTTOM [Unplated]",0
TRACK,R58:NetCservo_1_1 VIP,NetCservo_1_1,Top Layer,17.95,18.25,18.475,17.725,0.2,,,"NetCservo_1_1|Pad U1-6(17.45mm,19.1mm) on L6 BOTTOM|Pad Cservo_1-1(20.225mm,17.65mm) on L6 BOTTOM [Unplated]",0
TRACK,R58:NetCservo_1_1 VIP,NetCservo_1_1,Top Layer,18.475,17.725,20.325,17.725,0.2,,,"NetCservo_1_1|Pad U1-6(17.45mm,19.1mm) on L6 BOTTOM|Pad Cservo_1-1(20.225mm,17.65mm) on L6 BOTTOM [Unplated]",0
TRACK,R58:NetCservo_1_1 VIP,NetCservo_1_1,Top Layer,20.325,17.725,20.375,17.675,0.2,,,"NetCservo_1_1|Pad U1-6(17.45mm,19.1mm) on L6 BOTTOM|Pad Cservo_1-1(20.225mm,17.65mm) on L6 BOTTOM [Unplated]",0
VIA,R58:NetCservo_1_1 VIP,NetCservo_1_1,Multi Layer,16.075,19.075,,,,0.6,0.3,"NetCservo_1_1|Pad U1-6(17.45mm,19.1mm) on L6 BOTTOM|Pad Cservo_1-1(20.225mm,17.65mm) on L6 BOTTOM [Unplated]",0
VIA,R58:NetCservo_1_1 VIP,NetCservo_1_1,Multi Layer,20.375,17.675,,,,0.6,0.3,"NetCservo_1_1|Pad U1-6(17.45mm,19.1mm) on L6 BOTTOM|Pad Cservo_1-1(20.225mm,17.65mm) on L6 BOTTOM [Unplated]",0
TRACK,R59:NetCservo_5_1,NetCservo_5_1,Bottom Layer,61.375,19.175,61.425,19.175,0.2,,,"NetCservo_5_1|Pad U3-13(60.55mm,19.1mm) on L6 BOTTOM|Pad Cservo_5-1(63.325mm,17.65mm) on L6 BOTTOM [Unplated]",0
TRACK,R59:NetCservo_5_1,NetCservo_5_1,Bottom Layer,61.425,19.175,61.475,19.225,0.2,,,"NetCservo_5_1|Pad U3-13(60.55mm,19.1mm) on L6 BOTTOM|Pad Cservo_5-1(63.325mm,17.65mm) on L6 BOTTOM [Unplated]",0
TRACK,R59:NetCservo_5_1,NetCservo_5_1,Bottom Layer,61.475,19.225,61.575,19.225,0.2,,,"NetCservo_5_1|Pad U3-13(60.55mm,19.1mm) on L6 BOTTOM|Pad Cservo_5-1(63.325mm,17.65mm) on L6 BOTTOM [Unplated]",0
TRACK,R59:NetCservo_5_1,NetCservo_5_1,Bottom Layer,61.575,19.225,61.625,19.275,0.2,,,"NetCservo_5_1|Pad U3-13(60.55mm,19.1mm) on L6 BOTTOM|Pad Cservo_5-1(63.325mm,17.65mm) on L6 BOTTOM [Unplated]",0
TRACK,R59:NetCservo_5_1,NetCservo_5_1,Bottom Layer,61.625,19.275,62.225,19.275,0.2,,,"NetCservo_5_1|Pad U3-13(60.55mm,19.1mm) on L6 BOTTOM|Pad Cservo_5-1(63.325mm,17.65mm) on L6 BOTTOM [Unplated]",0
TRACK,R59:NetCservo_5_1,NetCservo_5_1,Bottom Layer,62.225,19.275,62.825,18.675,0.2,,,"NetCservo_5_1|Pad U3-13(60.55mm,19.1mm) on L6 BOTTOM|Pad Cservo_5-1(63.325mm,17.65mm) on L6 BOTTOM [Unplated]",0
TRACK,R59:NetCservo_5_1,NetCservo_5_1,Bottom Layer,62.825,18.675,62.825,18.425,0.2,,,"NetCservo_5_1|Pad U3-13(60.55mm,19.1mm) on L6 BOTTOM|Pad Cservo_5-1(63.325mm,17.65mm) on L6 BOTTOM [Unplated]",0
TRACK,R60:NetCL_1_1,NetCL_1_1,Bottom Layer,20.725,24.025,20.725,23.575,0.2,,,"NetCL_1_1|Pad CL_1-1(20.05mm,24.75mm) on L6 BOTTOM|Pad RGN_1-1(21.9mm,22.45mm) on L6 BOTTOM",0
TRACK,R60:NetCL_1_1,NetCL_1_1,Bottom Layer,20.725,23.575,21.625,22.675,0.2,,,"NetCL_1_1|Pad CL_1-1(20.05mm,24.75mm) on L6 BOTTOM|Pad RGN_1-1(21.9mm,22.45mm) on L6 BOTTOM",0
TRACK,R61:NetCL_3_1,NetCL_3_1,Bottom Layer,42.225,24.025,42.225,23.575,0.2,,,"NetCL_3_1|Pad CL_3-1(41.55mm,24.75mm) on L6 BOTTOM|Pad RGN_3-1(43.4mm,22.45mm) on L6 BOTTOM",0
TRACK,R61:NetCL_3_1,NetCL_3_1,Bottom Layer,42.225,23.575,43.125,22.675,0.2,,,"NetCL_3_1|Pad CL_3-1(41.55mm,24.75mm) on L6 BOTTOM|Pad RGN_3-1(43.4mm,22.45mm) on L6 BOTTOM",0
TRACK,R62:NetCL_5_1,NetCL_5_1,Bottom Layer,63.825,24.025,63.825,23.575,0.2,,,"NetCL_5_1|Pad CL_5-1(63.15mm,24.75mm) on L6 BOTTOM|Pad RGN_5-1(65mm,22.45mm) on L6 BOTTOM",0
TRACK,R62:NetCL_5_1,NetCL_5_1,Bottom Layer,63.825,23.575,64.725,22.675,0.2,,,"NetCL_5_1|Pad CL_5-1(63.15mm,24.75mm) on L6 BOTTOM|Pad RGN_5-1(65mm,22.45mm) on L6 BOTTOM",0
TRACK,R63:NetCL_2_1,NetCL_2_1,Bottom Layer,28.525,19.125,28.325,19.125,0.2,,,"NetCL_2_1|Pad RGN_2-1(28.8mm,19.35mm) on L6 BOTTOM|Pad CL_2-1(30.65mm,16.05mm) on L6 BOTTOM",0
TRACK,R63:NetCL_2_1,NetCL_2_1,Bottom Layer,28.325,19.125,27.625,18.425,0.2,,,"NetCL_2_1|Pad RGN_2-1(28.8mm,19.35mm) on L6 BOTTOM|Pad CL_2-1(30.65mm,16.05mm) on L6 BOTTOM",0
TRACK,R63:NetCL_2_1,NetCL_2_1,Mid Layer 2,27.625,18.425,27.625,17.025,0.2,,,"NetCL_2_1|Pad RGN_2-1(28.8mm,19.35mm) on L6 BOTTOM|Pad CL_2-1(30.65mm,16.05mm) on L6 BOTTOM",0
TRACK,R63:NetCL_2_1,NetCL_2_1,Mid Layer 2,27.625,17.025,28.075,16.575,0.2,,,"NetCL_2_1|Pad RGN_2-1(28.8mm,19.35mm) on L6 BOTTOM|Pad CL_2-1(30.65mm,16.05mm) on L6 BOTTOM",0
TRACK,R63:NetCL_2_1,NetCL_2_1,Mid Layer 2,28.075,16.575,31.825,16.575,0.2,,,"NetCL_2_1|Pad RGN_2-1(28.8mm,19.35mm) on L6 BOTTOM|Pad CL_2-1(30.65mm,16.05mm) on L6 BOTTOM",0
TRACK,R63:NetCL_2_1,NetCL_2_1,Bottom Layer,31.825,16.575,31.325,16.575,0.2,,,"NetCL_2_1|Pad RGN_2-1(28.8mm,19.35mm) on L6 BOTTOM|Pad CL_2-1(30.65mm,16.05mm) on L6 BOTTOM",0
VIA,R63:NetCL_2_1,NetCL_2_1,Multi Layer,27.625,18.425,,,,0.6,0.3,"NetCL_2_1|Pad RGN_2-1(28.8mm,19.35mm) on L6 BOTTOM|Pad CL_2-1(30.65mm,16.05mm) on L6 BOTTOM",0
VIA,R63:NetCL_2_1,NetCL_2_1,Multi Layer,31.825,16.575,,,,0.6,0.3,"NetCL_2_1|Pad RGN_2-1(28.8mm,19.35mm) on L6 BOTTOM|Pad CL_2-1(30.65mm,16.05mm) on L6 BOTTOM",0
TRACK,R64:NetCL_4_1,NetCL_4_1,Bottom Layer,50.125,19.125,49.825,19.125,0.2,,,"NetCL_4_1|Pad RGN_4-1(50.4mm,19.35mm) on L6 BOTTOM|Pad CL_4-1(52.25mm,16.05mm) on L6 BOTTOM",0
TRACK,R64:NetCL_4_1,NetCL_4_1,Bottom Layer,49.825,19.125,49.475,18.775,0.2,,,"NetCL_4_1|Pad RGN_4-1(50.4mm,19.35mm) on L6 BOTTOM|Pad CL_4-1(52.25mm,16.05mm) on L6 BOTTOM",0
TRACK,R64:NetCL_4_1,NetCL_4_1,Mid Layer 2,49.475,18.775,49.475,18.075,0.2,,,"NetCL_4_1|Pad RGN_4-1(50.4mm,19.35mm) on L6 BOTTOM|Pad CL_4-1(52.25mm,16.05mm) on L6 BOTTOM",0
TRACK,R64:NetCL_4_1,NetCL_4_1,Mid Layer 2,49.475,18.075,50.975,16.575,0.2,,,"NetCL_4_1|Pad RGN_4-1(50.4mm,19.35mm) on L6 BOTTOM|Pad CL_4-1(52.25mm,16.05mm) on L6 BOTTOM",0
TRACK,R64:NetCL_4_1,NetCL_4_1,Mid Layer 2,50.975,16.575,53.425,16.575,0.2,,,"NetCL_4_1|Pad RGN_4-1(50.4mm,19.35mm) on L6 BOTTOM|Pad CL_4-1(52.25mm,16.05mm) on L6 BOTTOM",0
TRACK,R64:NetCL_4_1,NetCL_4_1,Bottom Layer,53.425,16.575,52.925,16.575,0.2,,,"NetCL_4_1|Pad RGN_4-1(50.4mm,19.35mm) on L6 BOTTOM|Pad CL_4-1(52.25mm,16.05mm) on L6 BOTTOM",0
VIA,R64:NetCL_4_1,NetCL_4_1,Multi Layer,49.475,18.775,,,,0.6,0.3,"NetCL_4_1|Pad RGN_4-1(50.4mm,19.35mm) on L6 BOTTOM|Pad CL_4-1(52.25mm,16.05mm) on L6 BOTTOM",0
VIA,R64:NetCL_4_1,NetCL_4_1,Multi Layer,53.425,16.575,,,,0.6,0.3,"NetCL_4_1|Pad RGN_4-1(50.4mm,19.35mm) on L6 BOTTOM|Pad CL_4-1(52.25mm,16.05mm) on L6 BOTTOM",0
TRACK,R65:NetCH_2_2,NetCH_2_2,Bottom Layer,32.075,19.125,32.425,19.125,0.2,,,"NetCH_2_2|Pad RG_2-1(31.8mm,19.35mm) on L6 BOTTOM|Pad U2-2(33.25mm,19.1mm) on L6 BOTTOM",0
TRACK,R66:NetCH_4_2,NetCH_4_2,Bottom Layer,53.675,19.125,54.025,19.125,0.2,,,"NetCH_4_2|Pad RG_4-1(53.4mm,19.35mm) on L6 BOTTOM|Pad U3-2(54.85mm,19.1mm) on L6 BOTTOM",0
TRACK,R67:NetCH_4_2,NetCH_4_2,Bottom Layer,51.925,18.575,51.675,18.575,0.2,,,"NetCH_4_2|Pad CH_4-2(52.2mm,18.418mm) on L6 BOTTOM|Pad RG_4-1(53.4mm,19.35mm) on L6 BOTTOM",0
TRACK,R67:NetCH_4_2,NetCH_4_2,Bottom Layer,51.675,18.575,51.425,18.825,0.2,,,"NetCH_4_2|Pad CH_4-2(52.2mm,18.418mm) on L6 BOTTOM|Pad RG_4-1(53.4mm,19.35mm) on L6 BOTTOM",0
TRACK,R67:NetCH_4_2,NetCH_4_2,Bottom Layer,51.425,18.825,51.425,19.775,0.2,,,"NetCH_4_2|Pad CH_4-2(52.2mm,18.418mm) on L6 BOTTOM|Pad RG_4-1(53.4mm,19.35mm) on L6 BOTTOM",0
TRACK,R67:NetCH_4_2,NetCH_4_2,Bottom Layer,51.425,19.775,51.675,20.025,0.2,,,"NetCH_4_2|Pad CH_4-2(52.2mm,18.418mm) on L6 BOTTOM|Pad RG_4-1(53.4mm,19.35mm) on L6 BOTTOM",0
TRACK,R67:NetCH_4_2,NetCH_4_2,Bottom Layer,51.675,20.025,52.675,20.025,0.2,,,"NetCH_4_2|Pad CH_4-2(52.2mm,18.418mm) on L6 BOTTOM|Pad RG_4-1(53.4mm,19.35mm) on L6 BOTTOM",0
TRACK,R67:NetCH_4_2,NetCH_4_2,Bottom Layer,52.675,20.025,53.125,19.575,0.2,,,"NetCH_4_2|Pad CH_4-2(52.2mm,18.418mm) on L6 BOTTOM|Pad RG_4-1(53.4mm,19.35mm) on L6 BOTTOM",0
TRACK,R68:NetCH_2_2,NetCH_2_2,Bottom Layer,30.325,18.575,30.075,18.575,0.2,,,"NetCH_2_2|Pad CH_2-2(30.6mm,18.418mm) on L6 BOTTOM|Pad RG_2-1(31.8mm,19.35mm) on L6 BOTTOM",0
TRACK,R68:NetCH_2_2,NetCH_2_2,Bottom Layer,30.075,18.575,29.825,18.825,0.2,,,"NetCH_2_2|Pad CH_2-2(30.6mm,18.418mm) on L6 BOTTOM|Pad RG_2-1(31.8mm,19.35mm) on L6 BOTTOM",0
TRACK,R68:NetCH_2_2,NetCH_2_2,Bottom Layer,29.825,18.825,29.825,19.775,0.2,,,"NetCH_2_2|Pad CH_2-2(30.6mm,18.418mm) on L6 BOTTOM|Pad RG_2-1(31.8mm,19.35mm) on L6 BOTTOM",0
TRACK,R68:NetCH_2_2,NetCH_2_2,Bottom Layer,29.825,19.775,30.075,20.025,0.2,,,"NetCH_2_2|Pad CH_2-2(30.6mm,18.418mm) on L6 BOTTOM|Pad RG_2-1(31.8mm,19.35mm) on L6 BOTTOM",0
TRACK,R68:NetCH_2_2,NetCH_2_2,Bottom Layer,30.075,20.025,31.075,20.025,0.2,,,"NetCH_2_2|Pad CH_2-2(30.6mm,18.418mm) on L6 BOTTOM|Pad RG_2-1(31.8mm,19.35mm) on L6 BOTTOM",0
TRACK,R68:NetCH_2_2,NetCH_2_2,Bottom Layer,31.075,20.025,31.525,19.575,0.2,,,"NetCH_2_2|Pad CH_2-2(30.6mm,18.418mm) on L6 BOTTOM|Pad RG_2-1(31.8mm,19.35mm) on L6 BOTTOM",0
TRACK,R69:NetCH_1_2,NetCH_1_2,Bottom Layer,19.175,22.675,19.175,22.775,0.2,,,"NetCH_1_2|Pad RG_1-1(18.9mm,22.45mm) on L6 BOTTOM|Pad CH_1-2(20.1mm,21.518mm) on L6 BOTTOM",0
TRACK,R69:NetCH_1_2,NetCH_1_2,Bottom Layer,19.175,22.775,19.725,23.325,0.2,,,"NetCH_1_2|Pad RG_1-1(18.9mm,22.45mm) on L6 BOTTOM|Pad CH_1-2(20.1mm,21.518mm) on L6 BOTTOM",0
TRACK,R69:NetCH_1_2,NetCH_1_2,Top Layer,19.725,23.325,20.975,23.325,0.2,,,"NetCH_1_2|Pad RG_1-1(18.9mm,22.45mm) on L6 BOTTOM|Pad CH_1-2(20.1mm,21.518mm) on L6 BOTTOM",0
TRACK,R69:NetCH_1_2,NetCH_1_2,Top Layer,20.975,23.325,22.675,21.625,0.2,,,"NetCH_1_2|Pad RG_1-1(18.9mm,22.45mm) on L6 BOTTOM|Pad CH_1-2(20.1mm,21.518mm) on L6 BOTTOM",0
TRACK,R69:NetCH_1_2,NetCH_1_2,Bottom Layer,22.675,21.625,20.375,21.625,0.2,,,"NetCH_1_2|Pad RG_1-1(18.9mm,22.45mm) on L6 BOTTOM|Pad CH_1-2(20.1mm,21.518mm) on L6 BOTTOM",0
VIA,R69:NetCH_1_2,NetCH_1_2,Multi Layer,19.725,23.325,,,,0.6,0.3,"NetCH_1_2|Pad RG_1-1(18.9mm,22.45mm) on L6 BOTTOM|Pad CH_1-2(20.1mm,21.518mm) on L6 BOTTOM",0
VIA,R69:NetCH_1_2,NetCH_1_2,Multi Layer,22.675,21.625,,,,0.6,0.3,"NetCH_1_2|Pad RG_1-1(18.9mm,22.45mm) on L6 BOTTOM|Pad CH_1-2(20.1mm,21.518mm) on L6 BOTTOM",0
TRACK,R70:NetCH_3_2,NetCH_3_2,Bottom Layer,40.675,22.675,40.875,22.875,0.2,,,"NetCH_3_2|Pad RG_3-1(40.4mm,22.45mm) on L6 BOTTOM|Pad CH_3-2(41.6mm,21.518mm) on L6 BOTTOM",0
TRACK,R70:NetCH_3_2,NetCH_3_2,Bottom Layer,40.875,22.875,40.875,22.925,0.2,,,"NetCH_3_2|Pad RG_3-1(40.4mm,22.45mm) on L6 BOTTOM|Pad CH_3-2(41.6mm,21.518mm) on L6 BOTTOM",0
TRACK,R70:NetCH_3_2,NetCH_3_2,Bottom Layer,40.875,22.925,41.275,23.325,0.2,,,"NetCH_3_2|Pad RG_3-1(40.4mm,22.45mm) on L6 BOTTOM|Pad CH_3-2(41.6mm,21.518mm) on L6 BOTTOM",0
TRACK,R70:NetCH_3_2,NetCH_3_2,Bottom Layer,41.275,23.325,41.325,23.325,0.2,,,"NetCH_3_2|Pad RG_3-1(40.4mm,22.45mm) on L6 BOTTOM|Pad CH_3-2(41.6mm,21.518mm) on L6 BOTTOM",0
TRACK,R70:NetCH_3_2,NetCH_3_2,Mid Layer 2,41.325,23.325,41.325,19.675,0.2,,,"NetCH_3_2|Pad RG_3-1(40.4mm,22.45mm) on L6 BOTTOM|Pad CH_3-2(41.6mm,21.518mm) on L6 BOTTOM",0
TRACK,R70:NetCH_3_2,NetCH_3_2,Mid Layer 2,41.325,19.675,41.575,19.425,0.2,,,"NetCH_3_2|Pad RG_3-1(40.4mm,22.45mm) on L6 BOTTOM|Pad CH_3-2(41.6mm,21.518mm) on L6 BOTTOM",0
TRACK,R70:NetCH_3_2,NetCH_3_2,Bottom Layer,41.575,19.425,41.575,21.275,0.2,,,"NetCH_3_2|Pad RG_3-1(40.4mm,22.45mm) on L6 BOTTOM|Pad CH_3-2(41.6mm,21.518mm) on L6 BOTTOM",0
VIA,R70:NetCH_3_2,NetCH_3_2,Multi Layer,41.325,23.325,,,,0.6,0.3,"NetCH_3_2|Pad RG_3-1(40.4mm,22.45mm) on L6 BOTTOM|Pad CH_3-2(41.6mm,21.518mm) on L6 BOTTOM",0
VIA,R70:NetCH_3_2,NetCH_3_2,Multi Layer,41.575,19.425,,,,0.6,0.3,"NetCH_3_2|Pad RG_3-1(40.4mm,22.45mm) on L6 BOTTOM|Pad CH_3-2(41.6mm,21.518mm) on L6 BOTTOM",0
TRACK,R71:NetCH_5_2,NetCH_5_2,Bottom Layer,61.775,22.675,61.775,22.775,0.2,,,"NetCH_5_2|Pad RG_5-1(62mm,22.45mm) on L6 BOTTOM|Pad CH_5-2(63.2mm,21.518mm) on L6 BOTTOM",0
TRACK,R71:NetCH_5_2,NetCH_5_2,Bottom Layer,61.775,22.775,61.025,23.525,0.2,,,"NetCH_5_2|Pad RG_5-1(62mm,22.45mm) on L6 BOTTOM|Pad CH_5-2(63.2mm,21.518mm) on L6 BOTTOM",0
TRACK,R71:NetCH_5_2,NetCH_5_2,Mid Layer 2,61.025,23.525,63.175,21.375,0.2,,,"NetCH_5_2|Pad RG_5-1(62mm,22.45mm) on L6 BOTTOM|Pad CH_5-2(63.2mm,21.518mm) on L6 BOTTOM",0
TRACK,R71:NetCH_5_2,NetCH_5_2,Mid Layer 2,63.175,21.375,63.175,19.425,0.2,,,"NetCH_5_2|Pad RG_5-1(62mm,22.45mm) on L6 BOTTOM|Pad CH_5-2(63.2mm,21.518mm) on L6 BOTTOM",0
TRACK,R71:NetCH_5_2,NetCH_5_2,Bottom Layer,63.175,19.425,63.175,21.275,0.2,,,"NetCH_5_2|Pad RG_5-1(62mm,22.45mm) on L6 BOTTOM|Pad CH_5-2(63.2mm,21.518mm) on L6 BOTTOM",0
VIA,R71:NetCH_5_2,NetCH_5_2,Multi Layer,61.025,23.525,,,,0.6,0.3,"NetCH_5_2|Pad RG_5-1(62mm,22.45mm) on L6 BOTTOM|Pad CH_5-2(63.2mm,21.518mm) on L6 BOTTOM",0
VIA,R71:NetCH_5_2,NetCH_5_2,Multi Layer,63.175,19.425,,,,0.6,0.3,"NetCH_5_2|Pad RG_5-1(62mm,22.45mm) on L6 BOTTOM|Pad CH_5-2(63.2mm,21.518mm) on L6 BOTTOM",0
TRACK,R72:NetCH_3_2,NetCH_3_2,Bottom Layer,38.125,21.775,37.575,21.775,0.2,,,"NetCH_3_2|Pad U2-9(38.95mm,21.7mm) on L6 BOTTOM|Pad RG_3-1(40.4mm,22.45mm) on L6 BOTTOM",0
TRACK,R72:NetCH_3_2,NetCH_3_2,Mid Layer 2,37.575,21.775,41.225,21.775,0.2,,,"NetCH_3_2|Pad U2-9(38.95mm,21.7mm) on L6 BOTTOM|Pad RG_3-1(40.4mm,22.45mm) on L6 BOTTOM",0
VIA,R72:NetCH_3_2,NetCH_3_2,Multi Layer,37.575,21.775,,,,0.6,0.3,"NetCH_3_2|Pad U2-9(38.95mm,21.7mm) on L6 BOTTOM|Pad RG_3-1(40.4mm,22.45mm) on L6 BOTTOM",0
TRACK,R73:NetCH_1_2,NetCH_1_2,Bottom Layer,16.625,21.775,16.075,21.775,0.2,,,"NetCH_1_2|Pad U1-2(17.45mm,21.7mm) on L6 BOTTOM|Pad RG_1-1(18.9mm,22.45mm) on L6 BOTTOM",0
TRACK,R73:NetCH_1_2,NetCH_1_2,Mid Layer 2,16.075,21.775,18.275,21.775,0.2,,,"NetCH_1_2|Pad U1-2(17.45mm,21.7mm) on L6 BOTTOM|Pad RG_1-1(18.9mm,22.45mm) on L6 BOTTOM",0
TRACK,R73:NetCH_1_2,NetCH_1_2,Mid Layer 2,18.275,21.775,19.575,23.075,0.2,,,"NetCH_1_2|Pad U1-2(17.45mm,21.7mm) on L6 BOTTOM|Pad RG_1-1(18.9mm,22.45mm) on L6 BOTTOM",0
VIA,R73:NetCH_1_2,NetCH_1_2,Multi Layer,16.075,21.775,,,,0.6,0.3,"NetCH_1_2|Pad U1-2(17.45mm,21.7mm) on L6 BOTTOM|Pad RG_1-1(18.9mm,22.45mm) on L6 BOTTOM",0
TRACK,R74:NetCH_5_2,NetCH_5_2,Bottom Layer,59.725,21.775,59.175,21.775,0.2,,,"NetCH_5_2|Pad U3-9(60.55mm,21.7mm) on L6 BOTTOM|Pad RG_5-1(62mm,22.45mm) on L6 BOTTOM",0
TRACK,R74:NetCH_5_2,NetCH_5_2,Top Layer,59.175,21.775,59.375,21.775,0.2,,,"NetCH_5_2|Pad U3-9(60.55mm,21.7mm) on L6 BOTTOM|Pad RG_5-1(62mm,22.45mm) on L6 BOTTOM",0
TRACK,R74:NetCH_5_2,NetCH_5_2,Top Layer,59.375,21.775,60.875,23.275,0.2,,,"NetCH_5_2|Pad U3-9(60.55mm,21.7mm) on L6 BOTTOM|Pad RG_5-1(62mm,22.45mm) on L6 BOTTOM",0
VIA,R74:NetCH_5_2,NetCH_5_2,Multi Layer,59.175,21.775,,,,0.6,0.3,"NetCH_5_2|Pad U3-9(60.55mm,21.7mm) on L6 BOTTOM|Pad RG_5-1(62mm,22.45mm) on L6 BOTTOM",0
TRACK,R76:NetCH_3_2,NetCH_3_2,Bottom Layer,41.875,21.475,43.125,21.475,0.2,,,"NetCH_3_2|Pad CH_3-2(41.6mm,21.518mm) on L6 BOTTOM|Pad RGN_3-2(43.4mm,21.45mm) on L6 BOTTOM",0
TRACK,R77:NetCH_5_2,NetCH_5_2,Bottom Layer,63.475,21.475,64.725,21.475,0.2,,,"NetCH_5_2|Pad CH_5-2(63.2mm,21.518mm) on L6 BOTTOM|Pad RGN_5-2(65mm,21.45mm) on L6 BOTTOM",0
TRACK,R78:NetCH_2_2,NetCH_2_2,Bottom Layer,29.075,18.575,29.525,18.575,0.2,,,"NetCH_2_2|Pad RGN_2-2(28.8mm,18.35mm) on L6 BOTTOM|Pad CH_2-2(30.6mm,18.418mm) on L6 BOTTOM",0
TRACK,R78:NetCH_2_2,NetCH_2_2,Bottom Layer,29.525,18.575,29.725,18.775,0.2,,,"NetCH_2_2|Pad RGN_2-2(28.8mm,18.35mm) on L6 BOTTOM|Pad CH_2-2(30.6mm,18.418mm) on L6 BOTTOM",0
TRACK,R79:NetCH_4_2,NetCH_4_2,Bottom Layer,50.675,18.575,51.125,18.575,0.2,,,"NetCH_4_2|Pad RGN_4-2(50.4mm,18.35mm) on L6 BOTTOM|Pad CH_4-2(52.2mm,18.418mm) on L6 BOTTOM",0
TRACK,R79:NetCH_4_2,NetCH_4_2,Bottom Layer,51.125,18.575,51.325,18.775,0.2,,,"NetCH_4_2|Pad RGN_4-2(50.4mm,18.35mm) on L6 BOTTOM|Pad CH_4-2(52.2mm,18.418mm) on L6 BOTTOM",0
TRACK,R80:VOUT_5,VOUT_5,Top Layer,56.725,24.525,57.125,24.525,0.2,,,"VOUT_5|Pad R_ADC5-1(56.515mm,24.5mm) on L1 TOP|Pad Free-TP_VOUT_5(57.58mm,24.5mm) on L1 TOP",0
TRACK,R81:VOUT_2,VOUT_2,Bottom Layer,32.075,18.425,32.425,18.425,0.2,,,"VOUT_2|Pad RG_2-2(31.8mm,18.35mm) on L6 BOTTOM|Pad U2-1(33.25mm,18.45mm) on L6 BOTTOM",0
TRACK,R82:VOUT_4,VOUT_4,Bottom Layer,53.675,18.425,54.025,18.425,0.2,,,"VOUT_4|Pad RG_4-2(53.4mm,18.35mm) on L6 BOTTOM|Pad U3-1(54.85mm,18.45mm) on L6 BOTTOM",0
TRACK,R83:VOUT_4 VIP,VOUT_4,Top Layer,52.225,19.275,53.125,18.375,0.15,,,"VOUT_4|Pad CH_4-1(52.2mm,19.282mm) on L6 BOTTOM|Pad RG_4-2(53.4mm,18.35mm) on L6 BOTTOM",0
TRACK,R83:VOUT_4 VIP,VOUT_4,Top Layer,53.125,18.375,53.325,18.375,0.15,,,"VOUT_4|Pad CH_4-1(52.2mm,19.282mm) on L6 BOTTOM|Pad RG_4-2(53.4mm,18.35mm) on L6 BOTTOM",0
VIA,R83:VOUT_4 VIP,VOUT_4,Multi Layer,52.225,19.275,,,,0.45,0.2,"VOUT_4|Pad CH_4-1(52.2mm,19.282mm) on L6 BOTTOM|Pad RG_4-2(53.4mm,18.35mm) on L6 BOTTOM",0
VIA,R83:VOUT_4 VIP,VOUT_4,Multi Layer,53.325,18.375,,,,0.45,0.2,"VOUT_4|Pad CH_4-1(52.2mm,19.282mm) on L6 BOTTOM|Pad RG_4-2(53.4mm,18.35mm) on L6 BOTTOM",0
TRACK,R84:VOUT_2 VIP,VOUT_2,Top Layer,30.625,19.275,30.975,18.925,0.15,,,"VOUT_2|Pad CH_2-1(30.6mm,19.282mm) on L6 BOTTOM|Pad RG_2-2(31.8mm,18.35mm) on L6 BOTTOM",0
TRACK,R84:VOUT_2 VIP,VOUT_2,Top Layer,30.975,18.925,33.975,18.925,0.15,,,"VOUT_2|Pad CH_2-1(30.6mm,19.282mm) on L6 BOTTOM|Pad RG_2-2(31.8mm,18.35mm) on L6 BOTTOM",0
TRACK,R84:VOUT_2 VIP,VOUT_2,Top Layer,33.975,18.925,34.475,19.425,0.15,,,"VOUT_2|Pad CH_2-1(30.6mm,19.282mm) on L6 BOTTOM|Pad RG_2-2(31.8mm,18.35mm) on L6 BOTTOM",0
TRACK,R84:VOUT_2 VIP,VOUT_2,Top Layer,34.475,19.425,34.575,19.425,0.15,,,"VOUT_2|Pad CH_2-1(30.6mm,19.282mm) on L6 BOTTOM|Pad RG_2-2(31.8mm,18.35mm) on L6 BOTTOM",0
TRACK,R84:VOUT_2 VIP,VOUT_2,Bottom Layer,34.575,19.425,34.575,18.925,0.15,,,"VOUT_2|Pad CH_2-1(30.6mm,19.282mm) on L6 BOTTOM|Pad RG_2-2(31.8mm,18.35mm) on L6 BOTTOM",0
TRACK,R84:VOUT_2 VIP,VOUT_2,Bottom Layer,34.575,18.925,34.175,18.525,0.15,,,"VOUT_2|Pad CH_2-1(30.6mm,19.282mm) on L6 BOTTOM|Pad RG_2-2(31.8mm,18.35mm) on L6 BOTTOM",0
TRACK,R84:VOUT_2 VIP,VOUT_2,Bottom Layer,34.175,18.525,34.075,18.525,0.15,,,"VOUT_2|Pad CH_2-1(30.6mm,19.282mm) on L6 BOTTOM|Pad RG_2-2(31.8mm,18.35mm) on L6 BOTTOM",0
VIA,R84:VOUT_2 VIP,VOUT_2,Multi Layer,30.625,19.275,,,,0.45,0.2,"VOUT_2|Pad CH_2-1(30.6mm,19.282mm) on L6 BOTTOM|Pad RG_2-2(31.8mm,18.35mm) on L6 BOTTOM",0
VIA,R84:VOUT_2 VIP,VOUT_2,Multi Layer,34.575,19.425,,,,0.45,0.2,"VOUT_2|Pad CH_2-1(30.6mm,19.282mm) on L6 BOTTOM|Pad RG_2-2(31.8mm,18.35mm) on L6 BOTTOM",0
TRACK,R89:VOUT_1,VOUT_1,Bottom Layer,17.375,22.525,17.375,23.075,0.2,,,"VOUT_1|Pad U1-1(17.45mm,22.35mm) on L6 BOTTOM|Pad RG_1-2(18.9mm,21.45mm) on L6 BOTTOM",0
TRACK,R89:VOUT_1,VOUT_1,Top Layer,17.375,23.075,17.625,23.075,0.2,,,"VOUT_1|Pad U1-1(17.45mm,22.35mm) on L6 BOTTOM|Pad RG_1-2(18.9mm,21.45mm) on L6 BOTTOM",0
TRACK,R89:VOUT_1,VOUT_1,Top Layer,17.625,23.075,19.825,25.275,0.2,,,"VOUT_1|Pad U1-1(17.45mm,22.35mm) on L6 BOTTOM|Pad RG_1-2(18.9mm,21.45mm) on L6 BOTTOM",0
TRACK,R89:VOUT_1,VOUT_1,Top Layer,19.825,25.275,21.825,25.275,0.2,,,"VOUT_1|Pad U1-1(17.45mm,22.35mm) on L6 BOTTOM|Pad RG_1-2(18.9mm,21.45mm) on L6 BOTTOM",0
TRACK,R89:VOUT_1,VOUT_1,Top Layer,21.825,25.275,23.425,23.675,0.2,,,"VOUT_1|Pad U1-1(17.45mm,22.35mm) on L6 BOTTOM|Pad RG_1-2(18.9mm,21.45mm) on L6 BOTTOM",0
TRACK,R89:VOUT_1,VOUT_1,Top Layer,23.425,23.675,23.425,21.325,0.2,,,"VOUT_1|Pad U1-1(17.45mm,22.35mm) on L6 BOTTOM|Pad RG_1-2(18.9mm,21.45mm) on L6 BOTTOM",0
TRACK,R89:VOUT_1,VOUT_1,Top Layer,23.425,21.325,22.825,20.725,0.2,,,"VOUT_1|Pad U1-1(17.45mm,22.35mm) on L6 BOTTOM|Pad RG_1-2(18.9mm,21.45mm) on L6 BOTTOM",0
TRACK,R89:VOUT_1,VOUT_1,Top Layer,22.825,20.725,22.525,20.725,0.2,,,"VOUT_1|Pad U1-1(17.45mm,22.35mm) on L6 BOTTOM|Pad RG_1-2(18.9mm,21.45mm) on L6 BOTTOM",0
TRACK,R89:VOUT_1,VOUT_1,Bottom Layer,22.525,20.725,19.675,20.725,0.2,,,"VOUT_1|Pad U1-1(17.45mm,22.35mm) on L6 BOTTOM|Pad RG_1-2(18.9mm,21.45mm) on L6 BOTTOM",0
TRACK,R89:VOUT_1,VOUT_1,Bottom Layer,19.675,20.725,19.175,21.225,0.2,,,"VOUT_1|Pad U1-1(17.45mm,22.35mm) on L6 BOTTOM|Pad RG_1-2(18.9mm,21.45mm) on L6 BOTTOM",0
VIA,R89:VOUT_1,VOUT_1,Multi Layer,17.375,23.075,,,,0.6,0.3,"VOUT_1|Pad U1-1(17.45mm,22.35mm) on L6 BOTTOM|Pad RG_1-2(18.9mm,21.45mm) on L6 BOTTOM",0
VIA,R89:VOUT_1,VOUT_1,Multi Layer,22.525,20.725,,,,0.6,0.3,"VOUT_1|Pad U1-1(17.45mm,22.35mm) on L6 BOTTOM|Pad RG_1-2(18.9mm,21.45mm) on L6 BOTTOM",0
TRACK,R91:VOUT_2 VIP,VOUT_2,Mid Layer 2,48.425,25.525,48.9245,26.0245,0.2,,,"VOUT_2|Pad Free-TP_VOUT_2(48.33mm,25.25mm) on L1 TOP|Pad R_ADC2-1(49.08mm,28.015mm) on L1 TOP",0
TRACK,R91:VOUT_2 VIP,VOUT_2,Mid Layer 2,48.9245,26.0245,50.025,27.125,0.2,,,"VOUT_2|Pad Free-TP_VOUT_2(48.33mm,25.25mm) on L1 TOP|Pad R_ADC2-1(49.08mm,28.015mm) on L1 TOP",0
TRACK,R91:VOUT_2 VIP,VOUT_2,Top Layer,50.025,27.125,49.825,27.325,0.2,,,"VOUT_2|Pad Free-TP_VOUT_2(48.33mm,25.25mm) on L1 TOP|Pad R_ADC2-1(49.08mm,28.015mm) on L1 TOP",0
TRACK,R91:VOUT_2 VIP,VOUT_2,Top Layer,49.825,27.325,49.825,27.725,0.2,,,"VOUT_2|Pad Free-TP_VOUT_2(48.33mm,25.25mm) on L1 TOP|Pad R_ADC2-1(49.08mm,28.015mm) on L1 TOP",0
TRACK,R91:VOUT_2 VIP,VOUT_2,Top Layer,49.825,27.725,49.575,27.975,0.2,,,"VOUT_2|Pad Free-TP_VOUT_2(48.33mm,25.25mm) on L1 TOP|Pad R_ADC2-1(49.08mm,28.015mm) on L1 TOP",0
TRACK,R91:VOUT_2 VIP,VOUT_2,Top Layer,49.575,27.975,49.325,27.975,0.2,,,"VOUT_2|Pad Free-TP_VOUT_2(48.33mm,25.25mm) on L1 TOP|Pad R_ADC2-1(49.08mm,28.015mm) on L1 TOP",0
VIA,R91:VOUT_2 VIP,VOUT_2,Multi Layer,48.425,25.525,,,,0.6,0.3,"VOUT_2|Pad Free-TP_VOUT_2(48.33mm,25.25mm) on L1 TOP|Pad R_ADC2-1(49.08mm,28.015mm) on L1 TOP",0
VIA,R91:VOUT_2 VIP,VOUT_2,Multi Layer,50.025,27.125,,,,0.6,0.3,"VOUT_2|Pad Free-TP_VOUT_2(48.33mm,25.25mm) on L1 TOP|Pad R_ADC2-1(49.08mm,28.015mm) on L1 TOP",0
TRACK,R92:VOUT_3,VOUT_3,Top Layer,46.275,25.125,46.925,25.125,0.2,,,"VOUT_3|Pad Free-TP_VOUT_3(45.83mm,25.25mm) on L1 TOP|Pad R_ADC3-1(49.08mm,26.365mm) on L1 TOP",0
TRACK,R92:VOUT_3,VOUT_3,Top Layer,46.925,25.125,47.275,24.775,0.2,,,"VOUT_3|Pad Free-TP_VOUT_3(45.83mm,25.25mm) on L1 TOP|Pad R_ADC3-1(49.08mm,26.365mm) on L1 TOP",0
TRACK,R92:VOUT_3,VOUT_3,Mid Layer 2,47.275,24.775,48.925,24.775,0.2,,,"VOUT_3|Pad Free-TP_VOUT_3(45.83mm,25.25mm) on L1 TOP|Pad R_ADC3-1(49.08mm,26.365mm) on L1 TOP",0
TRACK,R92:VOUT_3,VOUT_3,Mid Layer 2,48.925,24.775,50.1745,26.0245,0.2,,,"VOUT_3|Pad Free-TP_VOUT_3(45.83mm,25.25mm) on L1 TOP|Pad R_ADC3-1(49.08mm,26.365mm) on L1 TOP",0
TRACK,R92:VOUT_3,VOUT_3,Mid Layer 2,50.1745,26.0245,50.525,26.375,0.2,,,"VOUT_3|Pad Free-TP_VOUT_3(45.83mm,25.25mm) on L1 TOP|Pad R_ADC3-1(49.08mm,26.365mm) on L1 TOP",0
TRACK,R92:VOUT_3,VOUT_3,Top Layer,50.525,26.375,49.325,26.375,0.2,,,"VOUT_3|Pad Free-TP_VOUT_3(45.83mm,25.25mm) on L1 TOP|Pad R_ADC3-1(49.08mm,26.365mm) on L1 TOP",0
VIA,R92:VOUT_3,VOUT_3,Multi Layer,47.275,24.775,,,,0.6,0.3,"VOUT_3|Pad Free-TP_VOUT_3(45.83mm,25.25mm) on L1 TOP|Pad R_ADC3-1(49.08mm,26.365mm) on L1 TOP",0
VIA,R92:VOUT_3,VOUT_3,Multi Layer,50.525,26.375,,,,0.6,0.3,"VOUT_3|Pad Free-TP_VOUT_3(45.83mm,25.25mm) on L1 TOP|Pad R_ADC3-1(49.08mm,26.365mm) on L1 TOP",0
TRACK,R93:VOUT_5,VOUT_5,Top Layer,57.975,24.275,59.375,22.875,0.2,,,"VOUT_5|Pad Free-TP_VOUT_5(57.58mm,24.5mm) on L1 TOP|Pad U3-8(60.55mm,22.35mm) on L6 BOTTOM",0
TRACK,R93:VOUT_5,VOUT_5,Bottom Layer,59.375,22.875,59.775,22.475,0.2,,,"VOUT_5|Pad Free-TP_VOUT_5(57.58mm,24.5mm) on L1 TOP|Pad U3-8(60.55mm,22.35mm) on L6 BOTTOM",0
VIA,R93:VOUT_5,VOUT_5,Multi Layer,59.375,22.875,,,,0.6,0.3,"VOUT_5|Pad Free-TP_VOUT_5(57.58mm,24.5mm) on L1 TOP|Pad U3-8(60.55mm,22.35mm) on L6 BOTTOM",0
TRACK,R96:VOUT_4,VOUT_4,Top Layer,44.525,26.825,44.525,25.175,0.2,,,"VOUT_4|Pad Free-TP_VOUT_4(44.33mm,27.25mm) on L1 TOP|Pad R_ADC4-1(49.445mm,25.4mm) on L1 TOP",0
TRACK,R96:VOUT_4,VOUT_4,Top Layer,44.525,25.175,45.675,24.025,0.2,,,"VOUT_4|Pad Free-TP_VOUT_4(44.33mm,27.25mm) on L1 TOP|Pad R_ADC4-1(49.445mm,25.4mm) on L1 TOP",0
TRACK,R96:VOUT_4,VOUT_4,Top Layer,45.675,24.025,48.425,24.025,0.2,,,"VOUT_4|Pad Free-TP_VOUT_4(44.33mm,27.25mm) on L1 TOP|Pad R_ADC4-1(49.445mm,25.4mm) on L1 TOP",0
TRACK,R96:VOUT_4,VOUT_4,Top Layer,48.425,24.025,49.275,24.875,0.2,,,"VOUT_4|Pad Free-TP_VOUT_4(44.33mm,27.25mm) on L1 TOP|Pad R_ADC4-1(49.445mm,25.4mm) on L1 TOP",0
TRACK,R96:VOUT_4,VOUT_4,Top Layer,49.275,24.875,49.275,25.125,0.2,,,"VOUT_4|Pad Free-TP_VOUT_4(44.33mm,27.25mm) on L1 TOP|Pad R_ADC4-1(49.445mm,25.4mm) on L1 TOP",0
TRACK,R97:VOUT_4,VOUT_4,Top Layer,47.975,23.975,47.975,19.175,0.2,,,"VOUT_4|Pad R_ADC4-1(49.445mm,25.4mm) on L1 TOP|Pad CH_4-1(52.2mm,19.282mm) on L6 BOTTOM",0
TRACK,R97:VOUT_4,VOUT_4,Top Layer,47.975,19.175,49.125,18.025,0.2,,,"VOUT_4|Pad R_ADC4-1(49.445mm,25.4mm) on L1 TOP|Pad CH_4-1(52.2mm,19.282mm) on L6 BOTTOM",0
TRACK,R97:VOUT_4,VOUT_4,Top Layer,49.125,18.025,50.575,18.025,0.2,,,"VOUT_4|Pad R_ADC4-1(49.445mm,25.4mm) on L1 TOP|Pad CH_4-1(52.2mm,19.282mm) on L6 BOTTOM",0
TRACK,R97:VOUT_4,VOUT_4,Top Layer,50.575,18.025,51.225,18.675,0.2,,,"VOUT_4|Pad R_ADC4-1(49.445mm,25.4mm) on L1 TOP|Pad CH_4-1(52.2mm,19.282mm) on L6 BOTTOM",0
TRACK,R97:VOUT_4,VOUT_4,Top Layer,51.225,18.675,52.775,18.675,0.2,,,"VOUT_4|Pad R_ADC4-1(49.445mm,25.4mm) on L1 TOP|Pad CH_4-1(52.2mm,19.282mm) on L6 BOTTOM",0
TRACK,R98:VOUT_2,VOUT_2,Top Layer,34.675,19.625,36.825,21.775,0.2,,,"VOUT_2|Pad U2-1(33.25mm,18.45mm) on L6 BOTTOM|Pad Free-TP_VOUT_2(48.33mm,25.25mm) on L1 TOP",0
TRACK,R98:VOUT_2,VOUT_2,Top Layer,36.825,21.775,36.825,22.175,0.2,,,"VOUT_2|Pad U2-1(33.25mm,18.45mm) on L6 BOTTOM|Pad Free-TP_VOUT_2(48.33mm,25.25mm) on L1 TOP",0
TRACK,R98:VOUT_2,VOUT_2,Top Layer,36.825,22.175,40.825,26.175,0.2,,,"VOUT_2|Pad U2-1(33.25mm,18.45mm) on L6 BOTTOM|Pad Free-TP_VOUT_2(48.33mm,25.25mm) on L1 TOP",0
TRACK,R98:VOUT_2,VOUT_2,Top Layer,40.825,26.175,43.725,26.175,0.2,,,"VOUT_2|Pad U2-1(33.25mm,18.45mm) on L6 BOTTOM|Pad Free-TP_VOUT_2(48.33mm,25.25mm) on L1 TOP",0
TRACK,R98:VOUT_2,VOUT_2,Mid Layer 2,43.725,26.175,48.6045,26.175,0.2,,,"VOUT_2|Pad U2-1(33.25mm,18.45mm) on L6 BOTTOM|Pad Free-TP_VOUT_2(48.33mm,25.25mm) on L1 TOP",0
TRACK,R98:VOUT_2,VOUT_2,Mid Layer 2,48.6045,26.175,48.875,26.175,0.2,,,"VOUT_2|Pad U2-1(33.25mm,18.45mm) on L6 BOTTOM|Pad Free-TP_VOUT_2(48.33mm,25.25mm) on L1 TOP",0
VIA,R98:VOUT_2,VOUT_2,Multi Layer,43.725,26.175,,,,0.6,0.3,"VOUT_2|Pad U2-1(33.25mm,18.45mm) on L6 BOTTOM|Pad Free-TP_VOUT_2(48.33mm,25.25mm) on L1 TOP",0
TRACK,R100:Va_5 VIP,Va_5,Top Layer,62.175,14.925,62.175,14.775,0.2,,,"Va_5|Track (61.55mm,13.23mm)(61.55mm,14.95mm) on L1 TOP|Pad R_DRL_VA5-1(66.446mm,11.483mm) on L6 BOTTOM",0
TRACK,R100:Va_5 VIP,Va_5,Mid Layer 2,62.175,14.775,63.475,13.475,0.2,,,"Va_5|Track (61.55mm,13.23mm)(61.55mm,14.95mm) on L1 TOP|Pad R_DRL_VA5-1(66.446mm,11.483mm) on L6 BOTTOM",0
TRACK,R100:Va_5 VIP,Va_5,Mid Layer 2,63.475,13.475,64.375,13.475,0.2,,,"Va_5|Track (61.55mm,13.23mm)(61.55mm,14.95mm) on L1 TOP|Pad R_DRL_VA5-1(66.446mm,11.483mm) on L6 BOTTOM",0
TRACK,R100:Va_5 VIP,Va_5,Mid Layer 2,64.375,13.475,66.525,11.325,0.2,,,"Va_5|Track (61.55mm,13.23mm)(61.55mm,14.95mm) on L1 TOP|Pad R_DRL_VA5-1(66.446mm,11.483mm) on L6 BOTTOM",0
VIA,R100:Va_5 VIP,Va_5,Multi Layer,62.175,14.775,,,,0.6,0.3,"Va_5|Track (61.55mm,13.23mm)(61.55mm,14.95mm) on L1 TOP|Pad R_DRL_VA5-1(66.446mm,11.483mm) on L6 BOTTOM",0
VIA,R100:Va_5 VIP,Va_5,Multi Layer,66.525,11.325,,,,0.6,0.3,"Va_5|Track (61.55mm,13.23mm)(61.55mm,14.95mm) on L1 TOP|Pad R_DRL_VA5-1(66.446mm,11.483mm) on L6 BOTTOM",0
TRACK,R101:Va_2 VIP,Va_2,Mid Layer 2,34.075,11.225,34.075,15.625,0.2,,,"Va_2|Pad R_DRL_VA2-1(34.175mm,11mm) on L6 BOTTOM|Pad RDD4-1(34.788mm,16.8mm) on L1 TOP",0
TRACK,R101:Va_2 VIP,Va_2,Mid Layer 2,34.075,15.625,33.875,15.825,0.2,,,"Va_2|Pad R_DRL_VA2-1(34.175mm,11mm) on L6 BOTTOM|Pad RDD4-1(34.788mm,16.8mm) on L1 TOP",0
VIA,R101:Va_2 VIP,Va_2,Multi Layer,34.075,11.225,,,,0.6,0.3,"Va_2|Pad R_DRL_VA2-1(34.175mm,11mm) on L6 BOTTOM|Pad RDD4-1(34.788mm,16.8mm) on L1 TOP",0
VIA,R101:Va_2 VIP,Va_2,Multi Layer,33.875,15.825,,,,0.6,0.3,"Va_2|Pad R_DRL_VA2-1(34.175mm,11mm) on L6 BOTTOM|Pad RDD4-1(34.788mm,16.8mm) on L1 TOP",0
TRACK,R102:Va_3 VIP,Va_3,Mid Layer 2,44.875,11.225,44.875,14.025,0.2,,,"Va_3|Pad R_DRL_VA3-1(44.975mm,11mm) on L6 BOTTOM|Pad RDD7-1(45.588mm,16.8mm) on L1 TOP",0
TRACK,R102:Va_3 VIP,Va_3,Mid Layer 2,44.875,14.025,44.175,14.725,0.2,,,"Va_3|Pad R_DRL_VA3-1(44.975mm,11mm) on L6 BOTTOM|Pad RDD7-1(45.588mm,16.8mm) on L1 TOP",0
TRACK,R102:Va_3 VIP,Va_3,Top Layer,44.175,14.725,44.175,15.325,0.2,,,"Va_3|Pad R_DRL_VA3-1(44.975mm,11mm) on L6 BOTTOM|Pad RDD7-1(45.588mm,16.8mm) on L1 TOP",0
VIA,R102:Va_3 VIP,Va_3,Multi Layer,44.875,11.225,,,,0.6,0.3,"Va_3|Pad R_DRL_VA3-1(44.975mm,11mm) on L6 BOTTOM|Pad RDD7-1(45.588mm,16.8mm) on L1 TOP",0
VIA,R102:Va_3 VIP,Va_3,Multi Layer,44.175,14.725,,,,0.6,0.3,"Va_3|Pad R_DRL_VA3-1(44.975mm,11mm) on L6 BOTTOM|Pad RDD7-1(45.588mm,16.8mm) on L1 TOP",0
TRACK,R103:Va_4 VIP,Va_4,Mid Layer 2,55.675,11.225,55.675,15.625,0.2,,,"Va_4|Pad R_DRL_VA4-1(55.775mm,11mm) on L6 BOTTOM|Pad RDD10-1(56.388mm,16.8mm) on L1 TOP",0
TRACK,R103:Va_4 VIP,Va_4,Mid Layer 2,55.675,15.625,55.475,15.825,0.2,,,"Va_4|Pad R_DRL_VA4-1(55.775mm,11mm) on L6 BOTTOM|Pad RDD10-1(56.388mm,16.8mm) on L1 TOP",0
VIA,R103:Va_4 VIP,Va_4,Multi Layer,55.675,11.225,,,,0.6,0.3,"Va_4|Pad R_DRL_VA4-1(55.775mm,11mm) on L6 BOTTOM|Pad RDD10-1(56.388mm,16.8mm) on L1 TOP",0
VIA,R103:Va_4 VIP,Va_4,Multi Layer,55.475,15.825,,,,0.6,0.3,"Va_4|Pad R_DRL_VA4-1(55.775mm,11mm) on L6 BOTTOM|Pad RDD10-1(56.388mm,16.8mm) on L1 TOP",0
TRACK,R104:Va_1 VIP,Va_1,Top Layer,22.175,14.925,22.175,14.475,0.15,,,"Va_1|Pad RDD1-1(23.988mm,16.8mm) on L1 TOP|Pad R_DRL_VA1-1(24.255mm,10.855mm) on L6 BOTTOM",0
TRACK,R104:Va_1 VIP,Va_1,Mid Layer 2,22.175,14.475,24.225,12.425,0.15,,,"Va_1|Pad RDD1-1(23.988mm,16.8mm) on L1 TOP|Pad R_DRL_VA1-1(24.255mm,10.855mm) on L6 BOTTOM",0
TRACK,R104:Va_1 VIP,Va_1,Mid Layer 2,24.225,12.425,24.225,10.925,0.15,,,"Va_1|Pad RDD1-1(23.988mm,16.8mm) on L1 TOP|Pad R_DRL_VA1-1(24.255mm,10.855mm) on L6 BOTTOM",0
VIA,R104:Va_1 VIP,Va_1,Multi Layer,22.175,14.475,,,,0.45,0.2,"Va_1|Pad RDD1-1(23.988mm,16.8mm) on L1 TOP|Pad R_DRL_VA1-1(24.255mm,10.855mm) on L6 BOTTOM",0
VIA,R104:Va_1 VIP,Va_1,Multi Layer,24.225,10.925,,,,0.45,0.2,"Va_1|Pad RDD1-1(23.988mm,16.8mm) on L1 TOP|Pad R_DRL_VA1-1(24.255mm,10.855mm) on L6 BOTTOM",0
TRACK,R105:Vb_1 VIP,Vb_1,Top Layer,24.175,14.725,24.175,14.275,0.2,,,"Vb_1|Pad RDD2-1(24mm,15mm) on L1 TOP|Pad R_DRL_VB1-1(24.175mm,14.086mm) on L6 BOTTOM",0
VIA,R105:Vb_1 VIP,Vb_1,Multi Layer,24.175,14.275,,,,0.6,0.3,"Vb_1|Pad RDD2-1(24mm,15mm) on L1 TOP|Pad R_DRL_VB1-1(24.175mm,14.086mm) on L6 BOTTOM",0
TRACK,R106:Vb_2,Vb_2,Bottom Layer,33.875,13.125,33.225,13.775,0.2,,,"Vb_2|Pad R_DRL_VB2-1(34.175mm,12.7mm) on L6 BOTTOM|Track (33.4mm,13.6mm)(34.8mm,15mm) on L1 TOP",0
TRACK,R106:Vb_2,Vb_2,Bottom Layer,33.225,13.775,33.225,13.825,0.2,,,"Vb_2|Pad R_DRL_VB2-1(34.175mm,12.7mm) on L6 BOTTOM|Track (33.4mm,13.6mm)(34.8mm,15mm) on L1 TOP",0
TRACK,R106:Vb_2,Vb_2,Top Layer,33.225,13.825,33.475,13.825,0.2,,,"Vb_2|Pad R_DRL_VB2-1(34.175mm,12.7mm) on L6 BOTTOM|Track (33.4mm,13.6mm)(34.8mm,15mm) on L1 TOP",0
VIA,R106:Vb_2,Vb_2,Multi Layer,33.225,13.825,,,,0.6,0.3,"Vb_2|Pad R_DRL_VB2-1(34.175mm,12.7mm) on L6 BOTTOM|Track (33.4mm,13.6mm)(34.8mm,15mm) on L1 TOP",0
TRACK,R107:Vb_4,Vb_4,Bottom Layer,55.475,13.125,54.825,13.775,0.2,,,"Vb_4|Pad R_DRL_VB4-1(55.775mm,12.7mm) on L6 BOTTOM|Track (55mm,13.6mm)(56.4mm,15mm) on L1 TOP",0
TRACK,R107:Vb_4,Vb_4,Bottom Layer,54.825,13.775,54.825,13.825,0.2,,,"Vb_4|Pad R_DRL_VB4-1(55.775mm,12.7mm) on L6 BOTTOM|Track (55mm,13.6mm)(56.4mm,15mm) on L1 TOP",0
TRACK,R107:Vb_4,Vb_4,Top Layer,54.825,13.825,55.075,13.825,0.2,,,"Vb_4|Pad R_DRL_VB4-1(55.775mm,12.7mm) on L6 BOTTOM|Track (55mm,13.6mm)(56.4mm,15mm) on L1 TOP",0
VIA,R107:Vb_4,Vb_4,Multi Layer,54.825,13.825,,,,0.6,0.3,"Vb_4|Pad R_DRL_VB4-1(55.775mm,12.7mm) on L6 BOTTOM|Track (55mm,13.6mm)(56.4mm,15mm) on L1 TOP",0
TRACK,R108:Vb_5,Vb_5,Bottom Layer,66.375,13.625,66.025,13.975,0.2,,,"Vb_5|Pad R_DRL_VB5-1(66.704mm,13.183mm) on L6 BOTTOM|Pad RDD14-1(66.8mm,15mm) on L1 TOP",0
TRACK,R108:Vb_5,Vb_5,Top Layer,66.025,13.975,66.025,14.175,0.2,,,"Vb_5|Pad R_DRL_VB5-1(66.704mm,13.183mm) on L6 BOTTOM|Pad RDD14-1(66.8mm,15mm) on L1 TOP",0
VIA,R108:Vb_5,Vb_5,Multi Layer,66.025,13.975,,,,0.6,0.3,"Vb_5|Pad R_DRL_VB5-1(66.704mm,13.183mm) on L6 BOTTOM|Pad RDD14-1(66.8mm,15mm) on L1 TOP",0
TRACK,R109:Vb_3,Vb_3,Bottom Layer,44.675,13.125,43.975,13.825,0.2,,,"Vb_3|Pad R_DRL_VB3-1(44.975mm,12.7mm) on L6 BOTTOM|Pad RDD8-1(45.6mm,15mm) on L1 TOP",0
TRACK,R109:Vb_3,Vb_3,Top Layer,43.975,13.825,44.275,13.825,0.2,,,"Vb_3|Pad R_DRL_VB3-1(44.975mm,12.7mm) on L6 BOTTOM|Pad RDD8-1(45.6mm,15mm) on L1 TOP",0
VIA,R109:Vb_3,Vb_3,Multi Layer,43.975,13.825,,,,0.6,0.3,"Vb_3|Pad R_DRL_VB3-1(44.975mm,12.7mm) on L6 BOTTOM|Pad RDD8-1(45.6mm,15mm) on L1 TOP",0
TRACK,R110:Vc_5 VIP,Vc_5,Top Layer,66.975,18.825,66.975,20.225,0.2,,,"Vc_5|Pad RDD15-1(66.788mm,18.6mm) on L1 TOP|Pad R_DRL_VC5-1(67.3mm,20.575mm) on L6 BOTTOM",0
TRACK,R110:Vc_5 VIP,Vc_5,Top Layer,66.975,20.225,67.275,20.525,0.2,,,"Vc_5|Pad RDD15-1(66.788mm,18.6mm) on L1 TOP|Pad R_DRL_VC5-1(67.3mm,20.575mm) on L6 BOTTOM",0
VIA,R110:Vc_5 VIP,Vc_5,Multi Layer,67.275,20.525,,,,0.6,0.3,"Vc_5|Pad RDD15-1(66.788mm,18.6mm) on L1 TOP|Pad R_DRL_VC5-1(67.3mm,20.575mm) on L6 BOTTOM",0
TRACK,R111:Vc_1 VIP,Vc_1,Top Layer,24.175,18.825,24.175,19.375,0.2,,,"Vc_1|Pad RDD3-1(23.988mm,18.6mm) on L1 TOP|Pad R_DRL_VC1-1(25.55mm,16.187mm) on L6 BOTTOM",0
TRACK,R111:Vc_1 VIP,Vc_1,Mid Layer 2,24.175,19.375,24.175,18.975,0.2,,,"Vc_1|Pad RDD3-1(23.988mm,18.6mm) on L1 TOP|Pad R_DRL_VC1-1(25.55mm,16.187mm) on L6 BOTTOM",0
TRACK,R111:Vc_1 VIP,Vc_1,Mid Layer 2,24.175,18.975,25.725,17.425,0.2,,,"Vc_1|Pad RDD3-1(23.988mm,18.6mm) on L1 TOP|Pad R_DRL_VC1-1(25.55mm,16.187mm) on L6 BOTTOM",0
TRACK,R111:Vc_1 VIP,Vc_1,Mid Layer 2,25.725,17.425,25.725,16.225,0.2,,,"Vc_1|Pad RDD3-1(23.988mm,18.6mm) on L1 TOP|Pad R_DRL_VC1-1(25.55mm,16.187mm) on L6 BOTTOM",0
VIA,R111:Vc_1 VIP,Vc_1,Multi Layer,24.175,19.375,,,,0.6,0.3,"Vc_1|Pad RDD3-1(23.988mm,18.6mm) on L1 TOP|Pad R_DRL_VC1-1(25.55mm,16.187mm) on L6 BOTTOM",0
VIA,R111:Vc_1 VIP,Vc_1,Multi Layer,25.725,16.225,,,,0.6,0.3,"Vc_1|Pad RDD3-1(23.988mm,18.6mm) on L1 TOP|Pad R_DRL_VC1-1(25.55mm,16.187mm) on L6 BOTTOM",0
TRACK,R112:Vc_3,Vc_3,Bottom Layer,45.225,14.825,45.225,16.325,0.2,,,"Vc_3|Pad R_DRL_VC3-1(45.175mm,14.4mm) on L6 BOTTOM|Pad RDD9-1(45.588mm,18.6mm) on L1 TOP",0
TRACK,R112:Vc_3,Vc_3,Bottom Layer,45.225,16.325,45.375,16.475,0.2,,,"Vc_3|Pad R_DRL_VC3-1(45.175mm,14.4mm) on L6 BOTTOM|Pad RDD9-1(45.588mm,18.6mm) on L1 TOP",0
TRACK,R112:Vc_3,Vc_3,Bottom Layer,45.375,16.475,45.425,16.475,0.2,,,"Vc_3|Pad R_DRL_VC3-1(45.175mm,14.4mm) on L6 BOTTOM|Pad RDD9-1(45.588mm,18.6mm) on L1 TOP",0
TRACK,R112:Vc_3,Vc_3,Bottom Layer,45.425,16.475,45.425,16.525,0.2,,,"Vc_3|Pad R_DRL_VC3-1(45.175mm,14.4mm) on L6 BOTTOM|Pad RDD9-1(45.588mm,18.6mm) on L1 TOP",0
TRACK,R112:Vc_3,Vc_3,Bottom Layer,45.425,16.525,45.475,16.525,0.2,,,"Vc_3|Pad R_DRL_VC3-1(45.175mm,14.4mm) on L6 BOTTOM|Pad RDD9-1(45.588mm,18.6mm) on L1 TOP",0
TRACK,R112:Vc_3,Vc_3,Bottom Layer,45.475,16.525,45.475,16.575,0.2,,,"Vc_3|Pad R_DRL_VC3-1(45.175mm,14.4mm) on L6 BOTTOM|Pad RDD9-1(45.588mm,18.6mm) on L1 TOP",0
TRACK,R112:Vc_3,Vc_3,Bottom Layer,45.475,16.575,45.525,16.575,0.2,,,"Vc_3|Pad R_DRL_VC3-1(45.175mm,14.4mm) on L6 BOTTOM|Pad RDD9-1(45.588mm,18.6mm) on L1 TOP",0
TRACK,R112:Vc_3,Vc_3,Bottom Layer,45.525,16.575,45.625,16.675,0.2,,,"Vc_3|Pad R_DRL_VC3-1(45.175mm,14.4mm) on L6 BOTTOM|Pad RDD9-1(45.588mm,18.6mm) on L1 TOP",0
TRACK,R112:Vc_3,Vc_3,Bottom Layer,45.625,16.675,45.625,19.375,0.2,,,"Vc_3|Pad R_DRL_VC3-1(45.175mm,14.4mm) on L6 BOTTOM|Pad RDD9-1(45.588mm,18.6mm) on L1 TOP",0
TRACK,R112:Vc_3,Vc_3,Top Layer,45.625,19.375,45.625,18.825,0.2,,,"Vc_3|Pad R_DRL_VC3-1(45.175mm,14.4mm) on L6 BOTTOM|Pad RDD9-1(45.588mm,18.6mm) on L1 TOP",0
VIA,R112:Vc_3,Vc_3,Multi Layer,45.625,19.375,,,,0.6,0.3,"Vc_3|Pad R_DRL_VC3-1(45.175mm,14.4mm) on L6 BOTTOM|Pad RDD9-1(45.588mm,18.6mm) on L1 TOP",0
TRACK,R113:Vc_2,Vc_2,Bottom Layer,33.875,14.825,33.525,15.175,0.2,,,"Vc_2|Pad R_DRL_VC2-1(34.175mm,14.4mm) on L6 BOTTOM|Pad RDD6-1(34.788mm,18.6mm) on L1 TOP",0
TRACK,R113:Vc_2,Vc_2,Bottom Layer,33.525,15.175,33.425,15.175,0.2,,,"Vc_2|Pad R_DRL_VC2-1(34.175mm,14.4mm) on L6 BOTTOM|Pad RDD6-1(34.788mm,18.6mm) on L1 TOP",0
TRACK,R113:Vc_2,Vc_2,Bottom Layer,33.425,15.175,33.125,15.475,0.2,,,"Vc_2|Pad R_DRL_VC2-1(34.175mm,14.4mm) on L6 BOTTOM|Pad RDD6-1(34.788mm,18.6mm) on L1 TOP",0
TRACK,R113:Vc_2,Vc_2,Bottom Layer,33.125,15.475,33.125,16.725,0.2,,,"Vc_2|Pad R_DRL_VC2-1(34.175mm,14.4mm) on L6 BOTTOM|Pad RDD6-1(34.788mm,18.6mm) on L1 TOP",0
TRACK,R113:Vc_2,Vc_2,Bottom Layer,33.125,16.725,35.575,19.175,0.2,,,"Vc_2|Pad R_DRL_VC2-1(34.175mm,14.4mm) on L6 BOTTOM|Pad RDD6-1(34.788mm,18.6mm) on L1 TOP",0
TRACK,R113:Vc_2,Vc_2,Bottom Layer,35.575,19.175,35.575,19.525,0.2,,,"Vc_2|Pad R_DRL_VC2-1(34.175mm,14.4mm) on L6 BOTTOM|Pad RDD6-1(34.788mm,18.6mm) on L1 TOP",0
TRACK,R113:Vc_2,Vc_2,Top Layer,35.575,19.525,35.325,19.275,0.2,,,"Vc_2|Pad R_DRL_VC2-1(34.175mm,14.4mm) on L6 BOTTOM|Pad RDD6-1(34.788mm,18.6mm) on L1 TOP",0
TRACK,R113:Vc_2,Vc_2,Top Layer,35.325,19.275,35.275,19.275,0.2,,,"Vc_2|Pad R_DRL_VC2-1(34.175mm,14.4mm) on L6 BOTTOM|Pad RDD6-1(34.788mm,18.6mm) on L1 TOP",0
TRACK,R113:Vc_2,Vc_2,Top Layer,35.275,19.275,35.175,19.175,0.2,,,"Vc_2|Pad R_DRL_VC2-1(34.175mm,14.4mm) on L6 BOTTOM|Pad RDD6-1(34.788mm,18.6mm) on L1 TOP",0
TRACK,R113:Vc_2,Vc_2,Top Layer,35.175,19.175,35.175,19.125,0.2,,,"Vc_2|Pad R_DRL_VC2-1(34.175mm,14.4mm) on L6 BOTTOM|Pad RDD6-1(34.788mm,18.6mm) on L1 TOP",0
TRACK,R113:Vc_2,Vc_2,Top Layer,35.175,19.125,35.125,19.125,0.2,,,"Vc_2|Pad R_DRL_VC2-1(34.175mm,14.4mm) on L6 BOTTOM|Pad RDD6-1(34.788mm,18.6mm) on L1 TOP",0
TRACK,R113:Vc_2,Vc_2,Top Layer,35.125,19.125,35.125,19.025,0.2,,,"Vc_2|Pad R_DRL_VC2-1(34.175mm,14.4mm) on L6 BOTTOM|Pad RDD6-1(34.788mm,18.6mm) on L1 TOP",0
TRACK,R113:Vc_2,Vc_2,Top Layer,35.125,19.025,34.925,18.825,0.2,,,"Vc_2|Pad R_DRL_VC2-1(34.175mm,14.4mm) on L6 BOTTOM|Pad RDD6-1(34.788mm,18.6mm) on L1 TOP",0
VIA,R113:Vc_2,Vc_2,Multi Layer,35.575,19.525,,,,0.6,0.3,"Vc_2|Pad R_DRL_VC2-1(34.175mm,14.4mm) on L6 BOTTOM|Pad RDD6-1(34.788mm,18.6mm) on L1 TOP",0
TRACK,R114:Vc_4,Vc_4,Bottom Layer,55.475,14.825,55.125,15.175,0.2,,,"Vc_4|Pad R_DRL_VC4-1(55.775mm,14.4mm) on L6 BOTTOM|Pad RDD12-1(56.388mm,18.6mm) on L1 TOP",0
TRACK,R114:Vc_4,Vc_4,Bottom Layer,55.125,15.175,55.025,15.175,0.2,,,"Vc_4|Pad R_DRL_VC4-1(55.775mm,14.4mm) on L6 BOTTOM|Pad RDD12-1(56.388mm,18.6mm) on L1 TOP",0
TRACK,R114:Vc_4,Vc_4,Bottom Layer,55.025,15.175,54.725,15.475,0.2,,,"Vc_4|Pad R_DRL_VC4-1(55.775mm,14.4mm) on L6 BOTTOM|Pad RDD12-1(56.388mm,18.6mm) on L1 TOP",0
TRACK,R114:Vc_4,Vc_4,Bottom Layer,54.725,15.475,54.725,16.775,0.2,,,"Vc_4|Pad R_DRL_VC4-1(55.775mm,14.4mm) on L6 BOTTOM|Pad RDD12-1(56.388mm,18.6mm) on L1 TOP",0
TRACK,R114:Vc_4,Vc_4,Bottom Layer,54.725,16.775,56.275,18.325,0.2,,,"Vc_4|Pad R_DRL_VC4-1(55.775mm,14.4mm) on L6 BOTTOM|Pad RDD12-1(56.388mm,18.6mm) on L1 TOP",0
TRACK,R114:Vc_4,Vc_4,Bottom Layer,56.275,18.325,56.275,19.375,0.2,,,"Vc_4|Pad R_DRL_VC4-1(55.775mm,14.4mm) on L6 BOTTOM|Pad RDD12-1(56.388mm,18.6mm) on L1 TOP",0
TRACK,R114:Vc_4,Vc_4,Top Layer,56.275,19.375,56.275,18.825,0.2,,,"Vc_4|Pad R_DRL_VC4-1(55.775mm,14.4mm) on L6 BOTTOM|Pad RDD12-1(56.388mm,18.6mm) on L1 TOP",0
VIA,R114:Vc_4,Vc_4,Multi Layer,56.275,19.375,,,,0.6,0.3,"Vc_4|Pad R_DRL_VC4-1(55.775mm,14.4mm) on L6 BOTTOM|Pad RDD12-1(56.388mm,18.6mm) on L1 TOP",0
TRACK,R115:Vc_2,Vc_2,Mid Layer 2,26.525,11.475,26.525,11.675,0.2,,,"Vc_2|Track (28.8mm,10.88mm)(28.8mm,11.17mm) on L1 TOP|Pad R_DRL_VC2-1(34.175mm,14.4mm) on L6 BOTTOM",0
TRACK,R115:Vc_2,Vc_2,Mid Layer 2,26.525,11.675,25.975,12.225,0.2,,,"Vc_2|Track (28.8mm,10.88mm)(28.8mm,11.17mm) on L1 TOP|Pad R_DRL_VC2-1(34.175mm,14.4mm) on L6 BOTTOM",0
TRACK,R115:Vc_2,Vc_2,Mid Layer 2,25.975,12.225,25.975,12.925,0.2,,,"Vc_2|Track (28.8mm,10.88mm)(28.8mm,11.17mm) on L1 TOP|Pad R_DRL_VC2-1(34.175mm,14.4mm) on L6 BOTTOM",0
TRACK,R115:Vc_2,Vc_2,Mid Layer 2,25.975,12.925,28.875,15.825,0.2,,,"Vc_2|Track (28.8mm,10.88mm)(28.8mm,11.17mm) on L1 TOP|Pad R_DRL_VC2-1(34.175mm,14.4mm) on L6 BOTTOM",0
TRACK,R115:Vc_2,Vc_2,Mid Layer 2,28.875,15.825,32.175,15.825,0.2,,,"Vc_2|Track (28.8mm,10.88mm)(28.8mm,11.17mm) on L1 TOP|Pad R_DRL_VC2-1(34.175mm,14.4mm) on L6 BOTTOM",0
TRACK,R115:Vc_2,Vc_2,Mid Layer 2,32.175,15.825,33.025,16.675,0.2,,,"Vc_2|Track (28.8mm,10.88mm)(28.8mm,11.17mm) on L1 TOP|Pad R_DRL_VC2-1(34.175mm,14.4mm) on L6 BOTTOM",0
VIA,R115:Vc_2,Vc_2,Multi Layer,33.025,16.675,,,,0.6,0.3,"Vc_2|Track (28.8mm,10.88mm)(28.8mm,11.17mm) on L1 TOP|Pad R_DRL_VC2-1(34.175mm,14.4mm) on L6 BOTTOM",0
TRACK,R116:Vc_4,Vc_4,Mid Layer 2,48.125,11.475,48.125,11.675,0.2,,,"Vc_4|Track (50.4mm,10.88mm)(50.4mm,11.17mm) on L1 TOP|Pad R_DRL_VC4-1(55.775mm,14.4mm) on L6 BOTTOM",0
TRACK,R116:Vc_4,Vc_4,Mid Layer 2,48.125,11.675,47.575,12.225,0.2,,,"Vc_4|Track (50.4mm,10.88mm)(50.4mm,11.17mm) on L1 TOP|Pad R_DRL_VC4-1(55.775mm,14.4mm) on L6 BOTTOM",0
TRACK,R116:Vc_4,Vc_4,Mid Layer 2,47.575,12.225,47.575,12.925,0.2,,,"Vc_4|Track (50.4mm,10.88mm)(50.4mm,11.17mm) on L1 TOP|Pad R_DRL_VC4-1(55.775mm,14.4mm) on L6 BOTTOM",0
TRACK,R116:Vc_4,Vc_4,Mid Layer 2,47.575,12.925,50.475,15.825,0.2,,,"Vc_4|Track (50.4mm,10.88mm)(50.4mm,11.17mm) on L1 TOP|Pad R_DRL_VC4-1(55.775mm,14.4mm) on L6 BOTTOM",0
TRACK,R116:Vc_4,Vc_4,Mid Layer 2,50.475,15.825,53.725,15.825,0.2,,,"Vc_4|Track (50.4mm,10.88mm)(50.4mm,11.17mm) on L1 TOP|Pad R_DRL_VC4-1(55.775mm,14.4mm) on L6 BOTTOM",0
TRACK,R116:Vc_4,Vc_4,Mid Layer 2,53.725,15.825,54.625,16.725,0.2,,,"Vc_4|Track (50.4mm,10.88mm)(50.4mm,11.17mm) on L1 TOP|Pad R_DRL_VC4-1(55.775mm,14.4mm) on L6 BOTTOM",0
VIA,R116:Vc_4,Vc_4,Multi Layer,54.625,16.725,,,,0.6,0.3,"Vc_4|Track (50.4mm,10.88mm)(50.4mm,11.17mm) on L1 TOP|Pad R_DRL_VC4-1(55.775mm,14.4mm) on L6 BOTTOM",0
TRACK,R117:Vc_3,Vc_3,Mid Layer 2,37.325,11.475,37.325,11.725,0.15,,,"Vc_3|Track (39.6mm,10.88mm)(39.6mm,11.17mm) on L1 TOP|Pad R_DRL_VC3-1(45.175mm,14.4mm) on L6 BOTTOM",0
TRACK,R117:Vc_3,Vc_3,Mid Layer 2,37.325,11.725,36.825,12.225,0.15,,,"Vc_3|Track (39.6mm,10.88mm)(39.6mm,11.17mm) on L1 TOP|Pad R_DRL_VC3-1(45.175mm,14.4mm) on L6 BOTTOM",0
TRACK,R117:Vc_3,Vc_3,Mid Layer 2,36.825,12.225,36.825,14.925,0.15,,,"Vc_3|Track (39.6mm,10.88mm)(39.6mm,11.17mm) on L1 TOP|Pad R_DRL_VC3-1(45.175mm,14.4mm) on L6 BOTTOM",0
TRACK,R117:Vc_3,Vc_3,Mid Layer 2,36.825,14.925,39.725,17.825,0.15,,,"Vc_3|Track (39.6mm,10.88mm)(39.6mm,11.17mm) on L1 TOP|Pad R_DRL_VC3-1(45.175mm,14.4mm) on L6 BOTTOM",0
TRACK,R117:Vc_3,Vc_3,Mid Layer 2,39.725,17.825,40.975,17.825,0.15,,,"Vc_3|Track (39.6mm,10.88mm)(39.6mm,11.17mm) on L1 TOP|Pad R_DRL_VC3-1(45.175mm,14.4mm) on L6 BOTTOM",0
TRACK,R117:Vc_3,Vc_3,Mid Layer 2,40.975,17.825,42.275,19.125,0.15,,,"Vc_3|Track (39.6mm,10.88mm)(39.6mm,11.17mm) on L1 TOP|Pad R_DRL_VC3-1(45.175mm,14.4mm) on L6 BOTTOM",0
TRACK,R117:Vc_3,Vc_3,Mid Layer 2,42.275,19.125,42.275,24.925,0.15,,,"Vc_3|Track (39.6mm,10.88mm)(39.6mm,11.17mm) on L1 TOP|Pad R_DRL_VC3-1(45.175mm,14.4mm) on L6 BOTTOM",0
TRACK,R117:Vc_3,Vc_3,Mid Layer 2,42.275,24.925,42.575,25.225,0.15,,,"Vc_3|Track (39.6mm,10.88mm)(39.6mm,11.17mm) on L1 TOP|Pad R_DRL_VC3-1(45.175mm,14.4mm) on L6 BOTTOM",0
TRACK,R117:Vc_3,Vc_3,Mid Layer 2,42.575,25.225,43.325,25.225,0.15,,,"Vc_3|Track (39.6mm,10.88mm)(39.6mm,11.17mm) on L1 TOP|Pad R_DRL_VC3-1(45.175mm,14.4mm) on L6 BOTTOM",0
TRACK,R117:Vc_3,Vc_3,Mid Layer 2,43.325,25.225,45.325,23.225,0.15,,,"Vc_3|Track (39.6mm,10.88mm)(39.6mm,11.17mm) on L1 TOP|Pad R_DRL_VC3-1(45.175mm,14.4mm) on L6 BOTTOM",0
TRACK,R117:Vc_3,Vc_3,Mid Layer 2,45.325,23.225,45.325,19.525,0.15,,,"Vc_3|Track (39.6mm,10.88mm)(39.6mm,11.17mm) on L1 TOP|Pad R_DRL_VC3-1(45.175mm,14.4mm) on L6 BOTTOM",0
TRACK,R118:Vc_5,Vc_5,Mid Layer 2,58.925,11.475,58.925,11.675,0.2,,,"Vc_5|Track (61.2mm,10.88mm)(61.2mm,11.17mm) on L1 TOP|Pad RDD15-1(66.788mm,18.6mm) on L1 TOP",0
TRACK,R118:Vc_5,Vc_5,Mid Layer 2,58.925,11.675,58.375,12.225,0.2,,,"Vc_5|Track (61.2mm,10.88mm)(61.2mm,11.17mm) on L1 TOP|Pad RDD15-1(66.788mm,18.6mm) on L1 TOP",0
TRACK,R118:Vc_5,Vc_5,Mid Layer 2,58.375,12.225,58.375,15.425,0.2,,,"Vc_5|Track (61.2mm,10.88mm)(61.2mm,11.17mm) on L1 TOP|Pad RDD15-1(66.788mm,18.6mm) on L1 TOP",0
TRACK,R118:Vc_5,Vc_5,Mid Layer 2,58.375,15.425,60.775,17.825,0.2,,,"Vc_5|Track (61.2mm,10.88mm)(61.2mm,11.17mm) on L1 TOP|Pad RDD15-1(66.788mm,18.6mm) on L1 TOP",0
TRACK,R118:Vc_5,Vc_5,Mid Layer 2,60.775,17.825,61.725,17.825,0.2,,,"Vc_5|Track (61.2mm,10.88mm)(61.2mm,11.17mm) on L1 TOP|Pad RDD15-1(66.788mm,18.6mm) on L1 TOP",0
TRACK,R118:Vc_5,Vc_5,Mid Layer 2,61.725,17.825,61.775,17.775,0.2,,,"Vc_5|Track (61.2mm,10.88mm)(61.2mm,11.17mm) on L1 TOP|Pad RDD15-1(66.788mm,18.6mm) on L1 TOP",0
TRACK,R118:Vc_5,Vc_5,Mid Layer 2,61.775,17.775,63.125,17.775,0.2,,,"Vc_5|Track (61.2mm,10.88mm)(61.2mm,11.17mm) on L1 TOP|Pad RDD15-1(66.788mm,18.6mm) on L1 TOP",0
TRACK,R118:Vc_5,Vc_5,Mid Layer 2,63.125,17.775,65.625,20.275,0.2,,,"Vc_5|Track (61.2mm,10.88mm)(61.2mm,11.17mm) on L1 TOP|Pad RDD15-1(66.788mm,18.6mm) on L1 TOP",0
TRACK,R118:Vc_5,Vc_5,Mid Layer 2,65.625,20.275,67.125,20.275,0.2,,,"Vc_5|Track (61.2mm,10.88mm)(61.2mm,11.17mm) on L1 TOP|Pad RDD15-1(66.788mm,18.6mm) on L1 TOP",0
TRACK,R120:NetJ_FPC5_8,NetJ_FPC5_8,Top Layer,64.975,10.825,65.975,10.825,0.15,,,"NetJ_FPC5_8|Via (64.7mm,10.85mm) from L1 TOP to L6 BOTTOM|Pad R_VREF5-2(65.8mm,12.912mm) on L1 TOP",0
TRACK,R120:NetJ_FPC5_8,NetJ_FPC5_8,Top Layer,65.975,10.825,66.175,10.625,0.15,,,"NetJ_FPC5_8|Via (64.7mm,10.85mm) from L1 TOP to L6 BOTTOM|Pad R_VREF5-2(65.8mm,12.912mm) on L1 TOP",0
TRACK,R120:NetJ_FPC5_8,NetJ_FPC5_8,Top Layer,66.175,10.625,66.825,10.625,0.15,,,"NetJ_FPC5_8|Via (64.7mm,10.85mm) from L1 TOP to L6 BOTTOM|Pad R_VREF5-2(65.8mm,12.912mm) on L1 TOP",0
TRACK,R120:NetJ_FPC5_8,NetJ_FPC5_8,Top Layer,66.825,10.625,67.225,11.025,0.15,,,"NetJ_FPC5_8|Via (64.7mm,10.85mm) from L1 TOP to L6 BOTTOM|Pad R_VREF5-2(65.8mm,12.912mm) on L1 TOP",0
TRACK,R120:NetJ_FPC5_8,NetJ_FPC5_8,Top Layer,67.225,11.025,67.225,11.675,0.15,,,"NetJ_FPC5_8|Via (64.7mm,10.85mm) from L1 TOP to L6 BOTTOM|Pad R_VREF5-2(65.8mm,12.912mm) on L1 TOP",0
TRACK,R120:NetJ_FPC5_8,NetJ_FPC5_8,Top Layer,67.225,11.675,66.025,12.875,0.15,,,"NetJ_FPC5_8|Via (64.7mm,10.85mm) from L1 TOP to L6 BOTTOM|Pad R_VREF5-2(65.8mm,12.912mm) on L1 TOP",0
TRACK,R121:NetJ_FPC1_8,NetJ_FPC1_8,Top Layer,21.625,11.125,21.625,11.925,0.2,,,"NetJ_FPC1_8|Via (21.5mm,10.85mm) from L1 TOP to L6 BOTTOM|Pad R_VREF1-2(22.6mm,12.912mm) on L1 TOP",0
TRACK,R121:NetJ_FPC1_8,NetJ_FPC1_8,Top Layer,21.625,11.925,21.875,12.175,0.2,,,"NetJ_FPC1_8|Via (21.5mm,10.85mm) from L1 TOP to L6 BOTTOM|Pad R_VREF1-2(22.6mm,12.912mm) on L1 TOP",0
TRACK,R121:NetJ_FPC1_8,NetJ_FPC1_8,Top Layer,21.875,12.175,21.875,12.325,0.2,,,"NetJ_FPC1_8|Via (21.5mm,10.85mm) from L1 TOP to L6 BOTTOM|Pad R_VREF1-2(22.6mm,12.912mm) on L1 TOP",0
TRACK,R121:NetJ_FPC1_8,NetJ_FPC1_8,Top Layer,21.875,12.325,21.925,12.375,0.2,,,"NetJ_FPC1_8|Via (21.5mm,10.85mm) from L1 TOP to L6 BOTTOM|Pad R_VREF1-2(22.6mm,12.912mm) on L1 TOP",0
TRACK,R121:NetJ_FPC1_8,NetJ_FPC1_8,Top Layer,21.925,12.375,21.925,12.425,0.2,,,"NetJ_FPC1_8|Via (21.5mm,10.85mm) from L1 TOP to L6 BOTTOM|Pad R_VREF1-2(22.6mm,12.912mm) on L1 TOP",0
TRACK,R121:NetJ_FPC1_8,NetJ_FPC1_8,Top Layer,21.925,12.425,22.375,12.875,0.2,,,"NetJ_FPC1_8|Via (21.5mm,10.85mm) from L1 TOP to L6 BOTTOM|Pad R_VREF1-2(22.6mm,12.912mm) on L1 TOP",0
TRACK,R122:NetJ_FPC2_8,NetJ_FPC2_8,Mid Layer 2,32.425,11.125,32.825,11.525,0.15,,,"NetJ_FPC2_8|Via (32.3mm,10.85mm) from L1 TOP to L6 BOTTOM|Pad R_VREF2-2(33.4mm,12.912mm) on L1 TOP",0
TRACK,R122:NetJ_FPC2_8,NetJ_FPC2_8,Mid Layer 2,32.825,11.525,32.825,12.775,0.15,,,"NetJ_FPC2_8|Via (32.3mm,10.85mm) from L1 TOP to L6 BOTTOM|Pad R_VREF2-2(33.4mm,12.912mm) on L1 TOP",0
TRACK,R122:NetJ_FPC2_8,NetJ_FPC2_8,Mid Layer 2,32.825,12.775,32.725,12.875,0.15,,,"NetJ_FPC2_8|Via (32.3mm,10.85mm) from L1 TOP to L6 BOTTOM|Pad R_VREF2-2(33.4mm,12.912mm) on L1 TOP",0
TRACK,R122:NetJ_FPC2_8,NetJ_FPC2_8,Top Layer,32.725,12.875,33.175,12.875,0.15,,,"NetJ_FPC2_8|Via (32.3mm,10.85mm) from L1 TOP to L6 BOTTOM|Pad R_VREF2-2(33.4mm,12.912mm) on L1 TOP",0
VIA,R122:NetJ_FPC2_8,NetJ_FPC2_8,Multi Layer,32.725,12.875,,,,0.45,0.2,"NetJ_FPC2_8|Via (32.3mm,10.85mm) from L1 TOP to L6 BOTTOM|Pad R_VREF2-2(33.4mm,12.912mm) on L1 TOP",0
TRACK,R123:NetJ_FPC3_8,NetJ_FPC3_8,Mid Layer 2,43.225,11.125,43.625,11.525,0.15,,,"NetJ_FPC3_8|Via (43.1mm,10.85mm) from L1 TOP to L6 BOTTOM|Pad R_VREF3-2(44.2mm,12.912mm) on L1 TOP",0
TRACK,R123:NetJ_FPC3_8,NetJ_FPC3_8,Mid Layer 2,43.625,11.525,43.625,12.775,0.15,,,"NetJ_FPC3_8|Via (43.1mm,10.85mm) from L1 TOP to L6 BOTTOM|Pad R_VREF3-2(44.2mm,12.912mm) on L1 TOP",0
TRACK,R123:NetJ_FPC3_8,NetJ_FPC3_8,Mid Layer 2,43.625,12.775,43.525,12.875,0.15,,,"NetJ_FPC3_8|Via (43.1mm,10.85mm) from L1 TOP to L6 BOTTOM|Pad R_VREF3-2(44.2mm,12.912mm) on L1 TOP",0
TRACK,R123:NetJ_FPC3_8,NetJ_FPC3_8,Top Layer,43.525,12.875,43.975,12.875,0.15,,,"NetJ_FPC3_8|Via (43.1mm,10.85mm) from L1 TOP to L6 BOTTOM|Pad R_VREF3-2(44.2mm,12.912mm) on L1 TOP",0
VIA,R123:NetJ_FPC3_8,NetJ_FPC3_8,Multi Layer,43.525,12.875,,,,0.45,0.2,"NetJ_FPC3_8|Via (43.1mm,10.85mm) from L1 TOP to L6 BOTTOM|Pad R_VREF3-2(44.2mm,12.912mm) on L1 TOP",0
TRACK,R124:NetJ_FPC4_8,NetJ_FPC4_8,Mid Layer 2,54.025,11.125,54.425,11.525,0.15,,,"NetJ_FPC4_8|Via (53.9mm,10.85mm) from L1 TOP to L6 BOTTOM|Pad R_VREF4-2(55mm,12.912mm) on L1 TOP",0
TRACK,R124:NetJ_FPC4_8,NetJ_FPC4_8,Mid Layer 2,54.425,11.525,54.425,12.775,0.15,,,"NetJ_FPC4_8|Via (53.9mm,10.85mm) from L1 TOP to L6 BOTTOM|Pad R_VREF4-2(55mm,12.912mm) on L1 TOP",0
TRACK,R124:NetJ_FPC4_8,NetJ_FPC4_8,Mid Layer 2,54.425,12.775,54.325,12.875,0.15,,,"NetJ_FPC4_8|Via (53.9mm,10.85mm) from L1 TOP to L6 BOTTOM|Pad R_VREF4-2(55mm,12.912mm) on L1 TOP",0
TRACK,R124:NetJ_FPC4_8,NetJ_FPC4_8,Top Layer,54.325,12.875,54.775,12.875,0.15,,,"NetJ_FPC4_8|Via (53.9mm,10.85mm) from L1 TOP to L6 BOTTOM|Pad R_VREF4-2(55mm,12.912mm) on L1 TOP",0
VIA,R124:NetJ_FPC4_8,NetJ_FPC4_8,Multi Layer,54.325,12.875,,,,0.45,0.2,"NetJ_FPC4_8|Via (53.9mm,10.85mm) from L1 TOP to L6 BOTTOM|Pad R_VREF4-2(55mm,12.912mm) on L1 TOP",0
TRACK,R125:DRL_AMP_OUT,DRL_AMP_OUT,Bottom Layer,16.925,14.475,17.675,14.475,0.2,,,"DRL_AMP_OUT|Pad U_DRL1-1(16.65mm,14.08mm) on L6 BOTTOM|Pad R_DRL_OUT1-1(18.1mm,14.475mm) on L6 BOTTOM",0
TRACK,R126:DRL_SUM,DRL_SUM,Bottom Layer,35.625,11.425,35.625,12.275,0.2,,,"DRL_SUM|Pad R_DRL_VA2-2(35.625mm,11mm) on L6 BOTTOM|Pad R_DRL_VB2-2(35.625mm,12.7mm) on L6 BOTTOM",0
TRACK,R127:DRL_SUM,DRL_SUM,Bottom Layer,46.425,11.425,46.425,12.275,0.2,,,"DRL_SUM|Pad R_DRL_VA3-2(46.425mm,11mm) on L6 BOTTOM|Pad R_DRL_VB3-2(46.425mm,12.7mm) on L6 BOTTOM",0
TRACK,R128:DRL_SUM,DRL_SUM,Bottom Layer,57.225,11.425,57.225,12.275,0.2,,,"DRL_SUM|Pad R_DRL_VA4-2(57.225mm,11mm) on L6 BOTTOM|Pad R_DRL_VB4-2(57.225mm,12.7mm) on L6 BOTTOM",0
TRACK,R129:DRL_SUM,DRL_SUM,Bottom Layer,35.625,13.125,35.625,13.975,0.2,,,"DRL_SUM|Pad R_DRL_VB2-2(35.625mm,12.7mm) on L6 BOTTOM|Pad R_DRL_VC2-2(35.625mm,14.4mm) on L6 BOTTOM",0
TRACK,R130:DRL_SUM,DRL_SUM,Bottom Layer,57.225,13.125,57.225,13.975,0.2,,,"DRL_SUM|Pad R_DRL_VB4-2(57.225mm,12.7mm) on L6 BOTTOM|Pad R_DRL_VC4-2(57.225mm,14.4mm) on L6 BOTTOM",0
TRACK,R131:DRL_SUM,DRL_SUM,Bottom Layer,46.625,13.125,46.625,13.975,0.2,,,"DRL_SUM|Pad R_DRL_VB3-2(46.425mm,12.7mm) on L6 BOTTOM|Pad R_DRL_VC3-2(46.625mm,14.4mm) on L6 BOTTOM",0
TRACK,R132:DRL_SUM,DRL_SUM,Bottom Layer,68.125,11.925,68.125,12.775,0.2,,,"DRL_SUM|Pad R_DRL_VA5-2(67.896mm,11.483mm) on L6 BOTTOM|Pad R_DRL_VB5-2(68.154mm,13.183mm) on L6 BOTTOM",0
TRACK,R133:DRL_SUM,DRL_SUM,Bottom Layer,24.675,12.625,25.325,13.275,0.2,,,"DRL_SUM|Pad R_DRL_VA1-2(24.255mm,12.305mm) on L6 BOTTOM|Pad R_DRL_VB1-2(25.625mm,14.086mm) on L6 BOTTOM",0
TRACK,R133:DRL_SUM,DRL_SUM,Bottom Layer,25.325,13.275,25.325,13.675,0.2,,,"DRL_SUM|Pad R_DRL_VA1-2(24.255mm,12.305mm) on L6 BOTTOM|Pad R_DRL_VB1-2(25.625mm,14.086mm) on L6 BOTTOM",0
TRACK,R134:DRL_LIMIT_MID,DRL_LIMIT_MID,Bottom Layer,18.525,15.625,19.575,14.575,0.2,,,"DRL_LIMIT_MID|Pad R_DRL_OUT1-2(18.1mm,15.925mm) on L6 BOTTOM|Pad R_DRL_OUT2-1(19.896mm,14.274mm) on L6 BOTTOM",0
TRACK,R135:DRL_AMP_OUT VIP,DRL_AMP_OUT,Bottom Layer,13.775,13.475,13.725,13.425,0.2,,,"DRL_AMP_OUT|Pad C_DRL_FB-2(13.942mm,13.676mm) on L6 BOTTOM|Pad U_DRL1-1(16.65mm,14.08mm) on L6 BOTTOM",0
TRACK,R135:DRL_AMP_OUT VIP,DRL_AMP_OUT,Bottom Layer,13.725,13.425,13.725,13.278,0.2,,,"DRL_AMP_OUT|Pad C_DRL_FB-2(13.942mm,13.676mm) on L6 BOTTOM|Pad U_DRL1-1(16.65mm,14.08mm) on L6 BOTTOM",0
TRACK,R135:DRL_AMP_OUT VIP,DRL_AMP_OUT,Bottom Layer,13.725,13.278,13.725,13.225,0.2,,,"DRL_AMP_OUT|Pad C_DRL_FB-2(13.942mm,13.676mm) on L6 BOTTOM|Pad U_DRL1-1(16.65mm,14.08mm) on L6 BOTTOM",0
TRACK,R135:DRL_AMP_OUT VIP,DRL_AMP_OUT,Bottom Layer,13.725,13.225,13.45,12.95,0.2,,,"DRL_AMP_OUT|Pad C_DRL_FB-2(13.942mm,13.676mm) on L6 BOTTOM|Pad U_DRL1-1(16.65mm,14.08mm) on L6 BOTTOM",0
TRACK,R135:DRL_AMP_OUT VIP,DRL_AMP_OUT,Bottom Layer,13.45,12.95,13.225,12.725,0.2,,,"DRL_AMP_OUT|Pad C_DRL_FB-2(13.942mm,13.676mm) on L6 BOTTOM|Pad U_DRL1-1(16.65mm,14.08mm) on L6 BOTTOM",0
TRACK,R135:DRL_AMP_OUT VIP,DRL_AMP_OUT,Bottom Layer,13.225,12.725,13.225,11.525,0.2,,,"DRL_AMP_OUT|Pad C_DRL_FB-2(13.942mm,13.676mm) on L6 BOTTOM|Pad U_DRL1-1(16.65mm,14.08mm) on L6 BOTTOM",0
TRACK,R135:DRL_AMP_OUT VIP,DRL_AMP_OUT,Bottom Layer,13.225,11.525,13.325,11.425,0.2,,,"DRL_AMP_OUT|Pad C_DRL_FB-2(13.942mm,13.676mm) on L6 BOTTOM|Pad U_DRL1-1(16.65mm,14.08mm) on L6 BOTTOM",0
TRACK,R135:DRL_AMP_OUT VIP,DRL_AMP_OUT,Top Layer,13.325,11.425,13.325,11.825,0.2,,,"DRL_AMP_OUT|Pad C_DRL_FB-2(13.942mm,13.676mm) on L6 BOTTOM|Pad U_DRL1-1(16.65mm,14.08mm) on L6 BOTTOM",0
TRACK,R135:DRL_AMP_OUT VIP,DRL_AMP_OUT,Top Layer,13.325,11.825,13.225,11.925,0.2,,,"DRL_AMP_OUT|Pad C_DRL_FB-2(13.942mm,13.676mm) on L6 BOTTOM|Pad U_DRL1-1(16.65mm,14.08mm) on L6 BOTTOM",0
TRACK,R135:DRL_AMP_OUT VIP,DRL_AMP_OUT,Top Layer,13.225,11.925,13.225,12.725,0.2,,,"DRL_AMP_OUT|Pad C_DRL_FB-2(13.942mm,13.676mm) on L6 BOTTOM|Pad U_DRL1-1(16.65mm,14.08mm) on L6 BOTTOM",0
TRACK,R135:DRL_AMP_OUT VIP,DRL_AMP_OUT,Top Layer,13.225,12.725,13.45,12.95,0.2,,,"DRL_AMP_OUT|Pad C_DRL_FB-2(13.942mm,13.676mm) on L6 BOTTOM|Pad U_DRL1-1(16.65mm,14.08mm) on L6 BOTTOM",0
TRACK,R135:DRL_AMP_OUT VIP,DRL_AMP_OUT,Top Layer,13.45,12.95,13.778,13.278,0.2,,,"DRL_AMP_OUT|Pad C_DRL_FB-2(13.942mm,13.676mm) on L6 BOTTOM|Pad U_DRL1-1(16.65mm,14.08mm) on L6 BOTTOM",0
TRACK,R135:DRL_AMP_OUT VIP,DRL_AMP_OUT,Top Layer,13.778,13.278,14.475,13.975,0.2,,,"DRL_AMP_OUT|Pad C_DRL_FB-2(13.942mm,13.676mm) on L6 BOTTOM|Pad U_DRL1-1(16.65mm,14.08mm) on L6 BOTTOM",0
TRACK,R135:DRL_AMP_OUT VIP,DRL_AMP_OUT,Top Layer,14.475,13.975,15.1058,13.975,0.2,,,"DRL_AMP_OUT|Pad C_DRL_FB-2(13.942mm,13.676mm) on L6 BOTTOM|Pad U_DRL1-1(16.65mm,14.08mm) on L6 BOTTOM",0
TRACK,R135:DRL_AMP_OUT VIP,DRL_AMP_OUT,Top Layer,15.1058,13.975,16.625,13.975,0.2,,,"DRL_AMP_OUT|Pad C_DRL_FB-2(13.942mm,13.676mm) on L6 BOTTOM|Pad U_DRL1-1(16.65mm,14.08mm) on L6 BOTTOM",0
VIA,R135:DRL_AMP_OUT VIP,DRL_AMP_OUT,Multi Layer,13.325,11.425,,,,0.6,0.3,"DRL_AMP_OUT|Pad C_DRL_FB-2(13.942mm,13.676mm) on L6 BOTTOM|Pad U_DRL1-1(16.65mm,14.08mm) on L6 BOTTOM",0
VIA,R135:DRL_AMP_OUT VIP,DRL_AMP_OUT,Multi Layer,16.625,13.975,,,,0.6,0.3,"DRL_AMP_OUT|Pad C_DRL_FB-2(13.942mm,13.676mm) on L6 BOTTOM|Pad U_DRL1-1(16.65mm,14.08mm) on L6 BOTTOM",0
TRACK,R136:DRL_SUM VIP,DRL_SUM,Bottom Layer,11.425,16.375,11.425,15.875,0.2,,,"DRL_SUM|Pad R_DRL_FB-1(11.72mm,16.793mm) on L6 BOTTOM|Pad U_DRL1-4(14.75mm,16.88mm) on L6 BOTTOM",0
TRACK,R136:DRL_SUM VIP,DRL_SUM,Mid Layer 2,11.425,15.875,12.425,16.875,0.2,,,"DRL_SUM|Pad R_DRL_FB-1(11.72mm,16.793mm) on L6 BOTTOM|Pad U_DRL1-4(14.75mm,16.88mm) on L6 BOTTOM",0
TRACK,R136:DRL_SUM VIP,DRL_SUM,Mid Layer 2,12.425,16.875,13.45,16.875,0.2,,,"DRL_SUM|Pad R_DRL_FB-1(11.72mm,16.793mm) on L6 BOTTOM|Pad U_DRL1-4(14.75mm,16.88mm) on L6 BOTTOM",0
TRACK,R136:DRL_SUM VIP,DRL_SUM,Mid Layer 2,13.45,16.875,14.675,16.875,0.2,,,"DRL_SUM|Pad R_DRL_FB-1(11.72mm,16.793mm) on L6 BOTTOM|Pad U_DRL1-4(14.75mm,16.88mm) on L6 BOTTOM",0
VIA,R136:DRL_SUM VIP,DRL_SUM,Multi Layer,11.425,15.875,,,,0.6,0.3,"DRL_SUM|Pad R_DRL_FB-1(11.72mm,16.793mm) on L6 BOTTOM|Pad U_DRL1-4(14.75mm,16.88mm) on L6 BOTTOM",0
VIA,R136:DRL_SUM VIP,DRL_SUM,Multi Layer,14.675,16.875,,,,0.6,0.3,"DRL_SUM|Pad R_DRL_FB-1(11.72mm,16.793mm) on L6 BOTTOM|Pad U_DRL1-4(14.75mm,16.88mm) on L6 BOTTOM",0
TRACK,R137:DRL_AMP_OUT,DRL_AMP_OUT,Bottom Layer,13.425,17.225,13.45,17.25,0.2,,,"DRL_AMP_OUT|Pad R_DRL_FB-2(13.17mm,16.793mm) on L6 BOTTOM|Pad C_DRL_FB-2(13.942mm,13.676mm) on L6 BOTTOM",0
TRACK,R137:DRL_AMP_OUT,DRL_AMP_OUT,Bottom Layer,13.45,17.25,13.825,17.625,0.2,,,"DRL_AMP_OUT|Pad R_DRL_FB-2(13.17mm,16.793mm) on L6 BOTTOM|Pad C_DRL_FB-2(13.942mm,13.676mm) on L6 BOTTOM",0
TRACK,R137:DRL_AMP_OUT,DRL_AMP_OUT,Top Layer,13.825,17.625,13.825,15.778,0.2,,,"DRL_AMP_OUT|Pad R_DRL_FB-2(13.17mm,16.793mm) on L6 BOTTOM|Pad C_DRL_FB-2(13.942mm,13.676mm) on L6 BOTTOM",0
TRACK,R137:DRL_AMP_OUT,DRL_AMP_OUT,Top Layer,13.825,15.778,13.825,13.525,0.2,,,"DRL_AMP_OUT|Pad R_DRL_FB-2(13.17mm,16.793mm) on L6 BOTTOM|Pad C_DRL_FB-2(13.942mm,13.676mm) on L6 BOTTOM",0
VIA,R137:DRL_AMP_OUT,DRL_AMP_OUT,Multi Layer,13.825,17.625,,,,0.6,0.3,"DRL_AMP_OUT|Pad R_DRL_FB-2(13.17mm,16.793mm) on L6 BOTTOM|Pad C_DRL_FB-2(13.942mm,13.676mm) on L6 BOTTOM",0
TRACK,R138:DRL_SUM,DRL_SUM,Top Layer,11.525,15.625,11.9058,15.2442,0.2,,,"DRL_SUM|Pad R_DRL_FB-1(11.72mm,16.793mm) on L6 BOTTOM|Pad C_DRL_FB-1(13.142mm,13.676mm) on L6 BOTTOM",0
TRACK,R138:DRL_SUM,DRL_SUM,Top Layer,11.9058,15.2442,12.425,14.725,0.2,,,"DRL_SUM|Pad R_DRL_FB-1(11.72mm,16.793mm) on L6 BOTTOM|Pad C_DRL_FB-1(13.142mm,13.676mm) on L6 BOTTOM",0
TRACK,R138:DRL_SUM,DRL_SUM,Top Layer,12.425,14.725,12.425,13.875,0.2,,,"DRL_SUM|Pad R_DRL_FB-1(11.72mm,16.793mm) on L6 BOTTOM|Pad C_DRL_FB-1(13.142mm,13.676mm) on L6 BOTTOM",0
TRACK,R138:DRL_SUM,DRL_SUM,Bottom Layer,12.425,13.875,12.975,13.875,0.2,,,"DRL_SUM|Pad R_DRL_FB-1(11.72mm,16.793mm) on L6 BOTTOM|Pad C_DRL_FB-1(13.142mm,13.676mm) on L6 BOTTOM",0
VIA,R138:DRL_SUM,DRL_SUM,Multi Layer,12.425,13.875,,,,0.6,0.3,"DRL_SUM|Pad R_DRL_FB-1(11.72mm,16.793mm) on L6 BOTTOM|Pad C_DRL_FB-1(13.142mm,13.676mm) on L6 BOTTOM",0
TRACK,R139:DRL_SUM VIP,DRL_SUM,Bottom Layer,25.975,17.375,26.475,17.375,0.2,,,"DRL_SUM|Pad R_DRL_VC1-2(25.55mm,17.637mm) on L6 BOTTOM|Pad R_DRL_VB1-2(25.625mm,14.086mm) on L6 BOTTOM",0
TRACK,R139:DRL_SUM VIP,DRL_SUM,Top Layer,26.475,17.375,26.475,15.075,0.2,,,"DRL_SUM|Pad R_DRL_VC1-2(25.55mm,17.637mm) on L6 BOTTOM|Pad R_DRL_VB1-2(25.625mm,14.086mm) on L6 BOTTOM",0
TRACK,R139:DRL_SUM VIP,DRL_SUM,Top Layer,26.475,15.075,25.675,14.275,0.2,,,"DRL_SUM|Pad R_DRL_VC1-2(25.55mm,17.637mm) on L6 BOTTOM|Pad R_DRL_VB1-2(25.625mm,14.086mm) on L6 BOTTOM",0
VIA,R139:DRL_SUM VIP,DRL_SUM,Multi Layer,26.475,17.375,,,,0.6,0.3,"DRL_SUM|Pad R_DRL_VC1-2(25.55mm,17.637mm) on L6 BOTTOM|Pad R_DRL_VB1-2(25.625mm,14.086mm) on L6 BOTTOM",0
VIA,R139:DRL_SUM VIP,DRL_SUM,Multi Layer,25.675,14.275,,,,0.6,0.3,"DRL_SUM|Pad R_DRL_VC1-2(25.55mm,17.637mm) on L6 BOTTOM|Pad R_DRL_VB1-2(25.625mm,14.086mm) on L6 BOTTOM",0
TRACK,R141:DRL_SUM VIP,DRL_SUM,Mid Layer 2,67.475,21.975,67.475,21.425,0.2,,,"DRL_SUM|Pad R_DRL_VC5-2(67.3mm,22.025mm) on L6 BOTTOM|Pad R_DRL_VB5-2(68.154mm,13.183mm) on L6 BOTTOM",0
TRACK,R141:DRL_SUM VIP,DRL_SUM,Mid Layer 2,67.475,21.425,68.125,20.775,0.2,,,"DRL_SUM|Pad R_DRL_VC5-2(67.3mm,22.025mm) on L6 BOTTOM|Pad R_DRL_VB5-2(68.154mm,13.183mm) on L6 BOTTOM",0
TRACK,R141:DRL_SUM VIP,DRL_SUM,Mid Layer 2,68.125,20.775,68.125,16.875,0.2,,,"DRL_SUM|Pad R_DRL_VC5-2(67.3mm,22.025mm) on L6 BOTTOM|Pad R_DRL_VB5-2(68.154mm,13.183mm) on L6 BOTTOM",0
TRACK,R141:DRL_SUM VIP,DRL_SUM,Mid Layer 2,68.125,16.875,67.175,15.925,0.2,,,"DRL_SUM|Pad R_DRL_VC5-2(67.3mm,22.025mm) on L6 BOTTOM|Pad R_DRL_VB5-2(68.154mm,13.183mm) on L6 BOTTOM",0
TRACK,R141:DRL_SUM VIP,DRL_SUM,Bottom Layer,67.175,15.925,67.175,15.575,0.2,,,"DRL_SUM|Pad R_DRL_VC5-2(67.3mm,22.025mm) on L6 BOTTOM|Pad R_DRL_VB5-2(68.154mm,13.183mm) on L6 BOTTOM",0
TRACK,R141:DRL_SUM VIP,DRL_SUM,Bottom Layer,67.175,15.575,67.025,15.425,0.2,,,"DRL_SUM|Pad R_DRL_VC5-2(67.3mm,22.025mm) on L6 BOTTOM|Pad R_DRL_VB5-2(68.154mm,13.183mm) on L6 BOTTOM",0
TRACK,R141:DRL_SUM VIP,DRL_SUM,Bottom Layer,67.025,15.425,67.025,14.425,0.2,,,"DRL_SUM|Pad R_DRL_VC5-2(67.3mm,22.025mm) on L6 BOTTOM|Pad R_DRL_VB5-2(68.154mm,13.183mm) on L6 BOTTOM",0
TRACK,R141:DRL_SUM VIP,DRL_SUM,Bottom Layer,67.025,14.425,67.825,13.625,0.2,,,"DRL_SUM|Pad R_DRL_VC5-2(67.3mm,22.025mm) on L6 BOTTOM|Pad R_DRL_VB5-2(68.154mm,13.183mm) on L6 BOTTOM",0
VIA,R141:DRL_SUM VIP,DRL_SUM,Multi Layer,67.475,21.975,,,,0.6,0.3,"DRL_SUM|Pad R_DRL_VC5-2(67.3mm,22.025mm) on L6 BOTTOM|Pad R_DRL_VB5-2(68.154mm,13.183mm) on L6 BOTTOM",0
VIA,R141:DRL_SUM VIP,DRL_SUM,Multi Layer,67.175,15.925,,,,0.6,0.3,"DRL_SUM|Pad R_DRL_VC5-2(67.3mm,22.025mm) on L6 BOTTOM|Pad R_DRL_VB5-2(68.154mm,13.183mm) on L6 BOTTOM",0
TRACK,R142:DRL_SUM,DRL_SUM,Top Layer,26.575,17.675,26.575,22.725,0.15,,,"DRL_SUM|Pad R_DRL_VB1-2(25.625mm,14.086mm) on L6 BOTTOM|Pad R_DRL_VC2-2(35.625mm,14.4mm) on L6 BOTTOM",0
TRACK,R142:DRL_SUM,DRL_SUM,Top Layer,26.575,22.725,27.275,23.425,0.15,,,"DRL_SUM|Pad R_DRL_VB1-2(25.625mm,14.086mm) on L6 BOTTOM|Pad R_DRL_VC2-2(35.625mm,14.4mm) on L6 BOTTOM",0
TRACK,R142:DRL_SUM,DRL_SUM,Top Layer,27.275,23.425,28.975,23.425,0.15,,,"DRL_SUM|Pad R_DRL_VB1-2(25.625mm,14.086mm) on L6 BOTTOM|Pad R_DRL_VC2-2(35.625mm,14.4mm) on L6 BOTTOM",0
TRACK,R142:DRL_SUM,DRL_SUM,Mid Layer 2,28.975,23.425,35.825,16.575,0.15,,,"DRL_SUM|Pad R_DRL_VB1-2(25.625mm,14.086mm) on L6 BOTTOM|Pad R_DRL_VC2-2(35.625mm,14.4mm) on L6 BOTTOM",0
TRACK,R142:DRL_SUM,DRL_SUM,Mid Layer 2,35.825,16.575,35.825,13.725,0.15,,,"DRL_SUM|Pad R_DRL_VB1-2(25.625mm,14.086mm) on L6 BOTTOM|Pad R_DRL_VC2-2(35.625mm,14.4mm) on L6 BOTTOM",0
TRACK,R142:DRL_SUM,DRL_SUM,Mid Layer 2,35.825,13.725,35.675,13.575,0.15,,,"DRL_SUM|Pad R_DRL_VB1-2(25.625mm,14.086mm) on L6 BOTTOM|Pad R_DRL_VC2-2(35.625mm,14.4mm) on L6 BOTTOM",0
VIA,R142:DRL_SUM,DRL_SUM,Multi Layer,28.975,23.425,,,,0.45,0.2,"DRL_SUM|Pad R_DRL_VB1-2(25.625mm,14.086mm) on L6 BOTTOM|Pad R_DRL_VC2-2(35.625mm,14.4mm) on L6 BOTTOM",0
VIA,R142:DRL_SUM,DRL_SUM,Multi Layer,35.675,13.575,,,,0.45,0.2,"DRL_SUM|Pad R_DRL_VB1-2(25.625mm,14.086mm) on L6 BOTTOM|Pad R_DRL_VC2-2(35.625mm,14.4mm) on L6 BOTTOM",0
TRACK,R143:DRL_SUM VIP,DRL_SUM,Bottom Layer,46.925,14.825,47.475,14.825,0.2,,,"DRL_SUM|Pad R_DRL_VC3-2(46.625mm,14.4mm) on L6 BOTTOM|Pad R_DRL_VC4-2(57.225mm,14.4mm) on L6 BOTTOM",0
TRACK,R143:DRL_SUM VIP,DRL_SUM,Mid Layer 2,47.475,14.825,48.725,16.075,0.2,,,"DRL_SUM|Pad R_DRL_VC3-2(46.625mm,14.4mm) on L6 BOTTOM|Pad R_DRL_VC4-2(57.225mm,14.4mm) on L6 BOTTOM",0
TRACK,R143:DRL_SUM VIP,DRL_SUM,Mid Layer 2,48.725,16.075,48.725,19.175,0.2,,,"DRL_SUM|Pad R_DRL_VC3-2(46.625mm,14.4mm) on L6 BOTTOM|Pad R_DRL_VC4-2(57.225mm,14.4mm) on L6 BOTTOM",0
TRACK,R143:DRL_SUM VIP,DRL_SUM,Mid Layer 2,48.725,19.175,49.525,19.975,0.2,,,"DRL_SUM|Pad R_DRL_VC3-2(46.625mm,14.4mm) on L6 BOTTOM|Pad R_DRL_VC4-2(57.225mm,14.4mm) on L6 BOTTOM",0
TRACK,R143:DRL_SUM VIP,DRL_SUM,Mid Layer 2,49.525,19.975,53.825,19.975,0.2,,,"DRL_SUM|Pad R_DRL_VC3-2(46.625mm,14.4mm) on L6 BOTTOM|Pad R_DRL_VC4-2(57.225mm,14.4mm) on L6 BOTTOM",0
TRACK,R143:DRL_SUM VIP,DRL_SUM,Mid Layer 2,53.825,19.975,57.475,16.325,0.2,,,"DRL_SUM|Pad R_DRL_VC3-2(46.625mm,14.4mm) on L6 BOTTOM|Pad R_DRL_VC4-2(57.225mm,14.4mm) on L6 BOTTOM",0
TRACK,R143:DRL_SUM VIP,DRL_SUM,Mid Layer 2,57.475,16.325,57.475,13.125,0.2,,,"DRL_SUM|Pad R_DRL_VC3-2(46.625mm,14.4mm) on L6 BOTTOM|Pad R_DRL_VC4-2(57.225mm,14.4mm) on L6 BOTTOM",0
TRACK,R143:DRL_SUM VIP,DRL_SUM,Mid Layer 2,57.475,13.125,57.275,12.925,0.2,,,"DRL_SUM|Pad R_DRL_VC3-2(46.625mm,14.4mm) on L6 BOTTOM|Pad R_DRL_VC4-2(57.225mm,14.4mm) on L6 BOTTOM",0
VIA,R143:DRL_SUM VIP,DRL_SUM,Multi Layer,47.475,14.825,,,,0.6,0.3,"DRL_SUM|Pad R_DRL_VC3-2(46.625mm,14.4mm) on L6 BOTTOM|Pad R_DRL_VC4-2(57.225mm,14.4mm) on L6 BOTTOM",0
VIA,R143:DRL_SUM VIP,DRL_SUM,Multi Layer,57.275,12.925,,,,0.6,0.3,"DRL_SUM|Pad R_DRL_VC3-2(46.625mm,14.4mm) on L6 BOTTOM|Pad R_DRL_VC4-2(57.225mm,14.4mm) on L6 BOTTOM",0
TRACK,R144:DRL_SUM,DRL_SUM,Top Layer,57.525,13.075,58.575,13.075,0.15,,,"DRL_SUM|Pad R_DRL_VA4-2(57.225mm,11mm) on L6 BOTTOM|Pad R_DRL_VA5-2(67.896mm,11.483mm) on L6 BOTTOM",0
TRACK,R144:DRL_SUM,DRL_SUM,Top Layer,58.575,13.075,59.425,13.925,0.15,,,"DRL_SUM|Pad R_DRL_VA4-2(57.225mm,11mm) on L6 BOTTOM|Pad R_DRL_VA5-2(67.896mm,11.483mm) on L6 BOTTOM",0
TRACK,R144:DRL_SUM,DRL_SUM,Top Layer,59.425,13.925,59.525,13.925,0.15,,,"DRL_SUM|Pad R_DRL_VA4-2(57.225mm,11mm) on L6 BOTTOM|Pad R_DRL_VA5-2(67.896mm,11.483mm) on L6 BOTTOM",0
TRACK,R144:DRL_SUM,DRL_SUM,Bottom Layer,59.525,13.925,60.225,13.925,0.15,,,"DRL_SUM|Pad R_DRL_VA4-2(57.225mm,11mm) on L6 BOTTOM|Pad R_DRL_VA5-2(67.896mm,11.483mm) on L6 BOTTOM",0
TRACK,R144:DRL_SUM,DRL_SUM,Bottom Layer,60.225,13.925,60.775,13.375,0.15,,,"DRL_SUM|Pad R_DRL_VA4-2(57.225mm,11mm) on L6 BOTTOM|Pad R_DRL_VA5-2(67.896mm,11.483mm) on L6 BOTTOM",0
TRACK,R144:DRL_SUM,DRL_SUM,Bottom Layer,60.775,13.375,65.175,13.375,0.15,,,"DRL_SUM|Pad R_DRL_VA4-2(57.225mm,11mm) on L6 BOTTOM|Pad R_DRL_VA5-2(67.896mm,11.483mm) on L6 BOTTOM",0
TRACK,R144:DRL_SUM,DRL_SUM,Bottom Layer,65.175,13.375,66.175,12.375,0.15,,,"DRL_SUM|Pad R_DRL_VA4-2(57.225mm,11mm) on L6 BOTTOM|Pad R_DRL_VA5-2(67.896mm,11.483mm) on L6 BOTTOM",0
TRACK,R144:DRL_SUM,DRL_SUM,Bottom Layer,66.175,12.375,67.125,12.375,0.15,,,"DRL_SUM|Pad R_DRL_VA4-2(57.225mm,11mm) on L6 BOTTOM|Pad R_DRL_VA5-2(67.896mm,11.483mm) on L6 BOTTOM",0
TRACK,R144:DRL_SUM,DRL_SUM,Bottom Layer,67.125,12.375,67.575,11.925,0.15,,,"DRL_SUM|Pad R_DRL_VA4-2(57.225mm,11mm) on L6 BOTTOM|Pad R_DRL_VA5-2(67.896mm,11.483mm) on L6 BOTTOM",0
VIA,R144:DRL_SUM,DRL_SUM,Multi Layer,59.525,13.925,,,,0.6,0.3,"DRL_SUM|Pad R_DRL_VA4-2(57.225mm,11mm) on L6 BOTTOM|Pad R_DRL_VA5-2(67.896mm,11.483mm) on L6 BOTTOM",0
TRACK,R145:DRL_SUM,DRL_SUM,Mid Layer 2,34.775,17.675,36.425,19.325,0.15,,,"DRL_SUM|Pad R_DRL_VB2-2(35.625mm,12.7mm) on L6 BOTTOM|Pad R_DRL_VB3-2(46.425mm,12.7mm) on L6 BOTTOM",0
TRACK,R145:DRL_SUM,DRL_SUM,Top Layer,36.425,19.325,38.425,21.325,0.15,,,"DRL_SUM|Pad R_DRL_VB2-2(35.625mm,12.7mm) on L6 BOTTOM|Pad R_DRL_VB3-2(46.425mm,12.7mm) on L6 BOTTOM",0
TRACK,R145:DRL_SUM,DRL_SUM,Top Layer,38.425,21.325,38.425,22.325,0.15,,,"DRL_SUM|Pad R_DRL_VB2-2(35.625mm,12.7mm) on L6 BOTTOM|Pad R_DRL_VB3-2(46.425mm,12.7mm) on L6 BOTTOM",0
TRACK,R145:DRL_SUM,DRL_SUM,Top Layer,38.425,22.325,41.325,25.225,0.15,,,"DRL_SUM|Pad R_DRL_VB2-2(35.625mm,12.7mm) on L6 BOTTOM|Pad R_DRL_VB3-2(46.425mm,12.7mm) on L6 BOTTOM",0
TRACK,R145:DRL_SUM,DRL_SUM,Top Layer,41.325,25.225,43.325,25.225,0.15,,,"DRL_SUM|Pad R_DRL_VB2-2(35.625mm,12.7mm) on L6 BOTTOM|Pad R_DRL_VB3-2(46.425mm,12.7mm) on L6 BOTTOM",0
TRACK,R145:DRL_SUM,DRL_SUM,Top Layer,43.325,25.225,47.325,21.225,0.15,,,"DRL_SUM|Pad R_DRL_VB2-2(35.625mm,12.7mm) on L6 BOTTOM|Pad R_DRL_VB3-2(46.425mm,12.7mm) on L6 BOTTOM",0
TRACK,R145:DRL_SUM,DRL_SUM,Mid Layer 2,47.325,21.225,48.975,19.575,0.15,,,"DRL_SUM|Pad R_DRL_VB2-2(35.625mm,12.7mm) on L6 BOTTOM|Pad R_DRL_VB3-2(46.425mm,12.7mm) on L6 BOTTOM",0
VIA,R145:DRL_SUM,DRL_SUM,Multi Layer,36.425,19.325,,,,0.45,0.2,"DRL_SUM|Pad R_DRL_VB2-2(35.625mm,12.7mm) on L6 BOTTOM|Pad R_DRL_VB3-2(46.425mm,12.7mm) on L6 BOTTOM",0
VIA,R145:DRL_SUM,DRL_SUM,Multi Layer,47.325,21.225,,,,0.45,0.2,"DRL_SUM|Pad R_DRL_VB2-2(35.625mm,12.7mm) on L6 BOTTOM|Pad R_DRL_VB3-2(46.425mm,12.7mm) on L6 BOTTOM",0
TRACK,R146:DRL_SUM,DRL_SUM,Mid Layer 2,14.925,16.775,17.95,13.75,0.2,,,"DRL_SUM|Pad U_DRL1-4(14.75mm,16.88mm) on L6 BOTTOM|Pad R_DRL_VC1-2(25.55mm,17.637mm) on L6 BOTTOM",0
TRACK,R146:DRL_SUM,DRL_SUM,Mid Layer 2,17.95,13.75,18.275,13.425,0.2,,,"DRL_SUM|Pad U_DRL1-4(14.75mm,16.88mm) on L6 BOTTOM|Pad R_DRL_VC1-2(25.55mm,17.637mm) on L6 BOTTOM",0
TRACK,R146:DRL_SUM,DRL_SUM,Mid Layer 2,18.275,13.425,21.275,13.425,0.2,,,"DRL_SUM|Pad U_DRL1-4(14.75mm,16.88mm) on L6 BOTTOM|Pad R_DRL_VC1-2(25.55mm,17.637mm) on L6 BOTTOM",0
TRACK,R146:DRL_SUM,DRL_SUM,Mid Layer 2,21.275,13.425,23.125,11.575,0.2,,,"DRL_SUM|Pad U_DRL1-4(14.75mm,16.88mm) on L6 BOTTOM|Pad R_DRL_VC1-2(25.55mm,17.637mm) on L6 BOTTOM",0
TRACK,R146:DRL_SUM,DRL_SUM,Mid Layer 2,23.125,11.575,23.125,11.125,0.2,,,"DRL_SUM|Pad U_DRL1-4(14.75mm,16.88mm) on L6 BOTTOM|Pad R_DRL_VC1-2(25.55mm,17.637mm) on L6 BOTTOM",0
TRACK,R146:DRL_SUM,DRL_SUM,Top Layer,23.125,11.125,25.375,13.375,0.2,,,"DRL_SUM|Pad U_DRL1-4(14.75mm,16.88mm) on L6 BOTTOM|Pad R_DRL_VC1-2(25.55mm,17.637mm) on L6 BOTTOM",0
TRACK,R146:DRL_SUM,DRL_SUM,Top Layer,25.375,13.375,25.375,14.175,0.2,,,"DRL_SUM|Pad U_DRL1-4(14.75mm,16.88mm) on L6 BOTTOM|Pad R_DRL_VC1-2(25.55mm,17.637mm) on L6 BOTTOM",0
VIA,R146:DRL_SUM,DRL_SUM,Multi Layer,23.125,11.125,,,,0.6,0.3,"DRL_SUM|Pad U_DRL1-4(14.75mm,16.88mm) on L6 BOTTOM|Pad R_DRL_VC1-2(25.55mm,17.637mm) on L6 BOTTOM",0
TRACK,R147:VREF_A,VREF_A,Bottom Layer,11.725,18.625,11.725,18.975,0.2,,,"VREF_A|Pad U1-8(11.75mm,18.45mm) on L6 BOTTOM|Pad U1-9(11.75mm,19.1mm) on L6 BOTTOM",0
VIA,R148:VREF_A VIP,VREF_A,Multi Layer,12.475,18.325,,,,0.6,0.3,"VREF_A|Pad U1-8(11.75mm,18.45mm) on L6 BOTTOM|Pad Free-TP_VREF_A(12.5mm,18.2mm) on L1 TOP",0
TRACK,R149:VREF_A,VREF_A,Bottom Layer,16.625,19.825,16.425,19.825,0.2,,,"VREF_A|Pad U1-5(17.45mm,19.75mm) on L6 BOTTOM|Pad U1-3(17.45mm,21.05mm) on L6 BOTTOM",0
TRACK,R149:VREF_A,VREF_A,Bottom Layer,16.425,19.825,16.125,20.125,0.2,,,"VREF_A|Pad U1-5(17.45mm,19.75mm) on L6 BOTTOM|Pad U1-3(17.45mm,21.05mm) on L6 BOTTOM",0
TRACK,R149:VREF_A,VREF_A,Bottom Layer,16.125,20.125,16.125,20.725,0.2,,,"VREF_A|Pad U1-5(17.45mm,19.75mm) on L6 BOTTOM|Pad U1-3(17.45mm,21.05mm) on L6 BOTTOM",0
TRACK,R149:VREF_A,VREF_A,Bottom Layer,16.125,20.725,16.425,21.025,0.2,,,"VREF_A|Pad U1-5(17.45mm,19.75mm) on L6 BOTTOM|Pad U1-3(17.45mm,21.05mm) on L6 BOTTOM",0
TRACK,R149:VREF_A,VREF_A,Bottom Layer,16.425,21.025,16.625,21.025,0.2,,,"VREF_A|Pad U1-5(17.45mm,19.75mm) on L6 BOTTOM|Pad U1-3(17.45mm,21.05mm) on L6 BOTTOM",0
TRACK,R150:VREF_A,VREF_A,Bottom Layer,38.125,19.825,37.925,19.825,0.2,,,"VREF_A|Pad U2-12(38.95mm,19.75mm) on L6 BOTTOM|Pad U2-10(38.95mm,21.05mm) on L6 BOTTOM",0
TRACK,R150:VREF_A,VREF_A,Bottom Layer,37.925,19.825,37.625,20.125,0.2,,,"VREF_A|Pad U2-12(38.95mm,19.75mm) on L6 BOTTOM|Pad U2-10(38.95mm,21.05mm) on L6 BOTTOM",0
TRACK,R150:VREF_A,VREF_A,Bottom Layer,37.625,20.125,37.625,20.725,0.2,,,"VREF_A|Pad U2-12(38.95mm,19.75mm) on L6 BOTTOM|Pad U2-10(38.95mm,21.05mm) on L6 BOTTOM",0
TRACK,R150:VREF_A,VREF_A,Bottom Layer,37.625,20.725,37.925,21.025,0.2,,,"VREF_A|Pad U2-12(38.95mm,19.75mm) on L6 BOTTOM|Pad U2-10(38.95mm,21.05mm) on L6 BOTTOM",0
TRACK,R150:VREF_A,VREF_A,Bottom Layer,37.925,21.025,38.125,21.025,0.2,,,"VREF_A|Pad U2-12(38.95mm,19.75mm) on L6 BOTTOM|Pad U2-10(38.95mm,21.05mm) on L6 BOTTOM",0
TRACK,R152:VREF_A,VREF_A,Bottom Layer,59.725,19.825,59.525,19.825,0.2,,,"VREF_A|Pad U3-12(60.55mm,19.75mm) on L6 BOTTOM|Pad U3-10(60.55mm,21.05mm) on L6 BOTTOM",0
TRACK,R152:VREF_A,VREF_A,Bottom Layer,59.525,19.825,59.225,20.125,0.2,,,"VREF_A|Pad U3-12(60.55mm,19.75mm) on L6 BOTTOM|Pad U3-10(60.55mm,21.05mm) on L6 BOTTOM",0
TRACK,R152:VREF_A,VREF_A,Bottom Layer,59.225,20.125,59.225,20.725,0.2,,,"VREF_A|Pad U3-12(60.55mm,19.75mm) on L6 BOTTOM|Pad U3-10(60.55mm,21.05mm) on L6 BOTTOM",0
TRACK,R152:VREF_A,VREF_A,Bottom Layer,59.225,20.725,59.525,21.025,0.2,,,"VREF_A|Pad U3-12(60.55mm,19.75mm) on L6 BOTTOM|Pad U3-10(60.55mm,21.05mm) on L6 BOTTOM",0
TRACK,R152:VREF_A,VREF_A,Bottom Layer,59.525,21.025,59.725,21.025,0.2,,,"VREF_A|Pad U3-12(60.55mm,19.75mm) on L6 BOTTOM|Pad U3-10(60.55mm,21.05mm) on L6 BOTTOM",0
TRACK,R154:VREF_A,VREF_A,Top Layer,53.025,21.425,55.875,21.425,0.2,,,"VREF_A|Pad RL_4-2(52.8mm,21.7mm) on L1 TOP|Pad U3-5(54.85mm,21.05mm) on L6 BOTTOM",0
TRACK,R154:VREF_A,VREF_A,Top Layer,55.875,21.425,56.175,21.125,0.2,,,"VREF_A|Pad RL_4-2(52.8mm,21.7mm) on L1 TOP|Pad U3-5(54.85mm,21.05mm) on L6 BOTTOM",0
TRACK,R154:VREF_A,VREF_A,Bottom Layer,56.175,21.125,55.675,21.125,0.2,,,"VREF_A|Pad RL_4-2(52.8mm,21.7mm) on L1 TOP|Pad U3-5(54.85mm,21.05mm) on L6 BOTTOM",0
VIA,R154:VREF_A,VREF_A,Multi Layer,56.175,21.125,,,,0.6,0.3,"VREF_A|Pad RL_4-2(52.8mm,21.7mm) on L1 TOP|Pad U3-5(54.85mm,21.05mm) on L6 BOTTOM",0
TRACK,R155:VREF_A,VREF_A,Top Layer,31.625,22.025,33.675,22.025,0.2,,,"VREF_A|Pad RL_2-2(31.4mm,22.3mm) on L1 TOP|Pad U2-5(33.25mm,21.05mm) on L6 BOTTOM",0
TRACK,R155:VREF_A,VREF_A,Top Layer,33.675,22.025,34.575,21.125,0.2,,,"VREF_A|Pad RL_2-2(31.4mm,22.3mm) on L1 TOP|Pad U2-5(33.25mm,21.05mm) on L6 BOTTOM",0
TRACK,R155:VREF_A,VREF_A,Bottom Layer,34.575,21.125,34.075,21.125,0.2,,,"VREF_A|Pad RL_2-2(31.4mm,22.3mm) on L1 TOP|Pad U2-5(33.25mm,21.05mm) on L6 BOTTOM",0
VIA,R155:VREF_A,VREF_A,Multi Layer,34.575,21.125,,,,0.6,0.3,"VREF_A|Pad RL_2-2(31.4mm,22.3mm) on L1 TOP|Pad U2-5(33.25mm,21.05mm) on L6 BOTTOM",0
TRACK,R157:VREF_A,VREF_A,Bottom Layer,37.525,20.825,37.425,20.825,0.2,,,"VREF_A|Pad U2-10(38.95mm,21.05mm) on L6 BOTTOM|Pad RL_3-2(42.2mm,22.3mm) on L1 TOP",0
TRACK,R157:VREF_A,VREF_A,Bottom Layer,37.425,20.825,36.075,22.175,0.2,,,"VREF_A|Pad U2-10(38.95mm,21.05mm) on L6 BOTTOM|Pad RL_3-2(42.2mm,22.3mm) on L1 TOP",0
TRACK,R157:VREF_A,VREF_A,Top Layer,36.075,22.175,36.325,22.425,0.2,,,"VREF_A|Pad U2-10(38.95mm,21.05mm) on L6 BOTTOM|Pad RL_3-2(42.2mm,22.3mm) on L1 TOP",0
TRACK,R157:VREF_A,VREF_A,Top Layer,36.325,22.425,36.325,22.525,0.2,,,"VREF_A|Pad U2-10(38.95mm,21.05mm) on L6 BOTTOM|Pad RL_3-2(42.2mm,22.3mm) on L1 TOP",0
TRACK,R157:VREF_A,VREF_A,Top Layer,36.325,22.525,40.775,26.975,0.2,,,"VREF_A|Pad U2-10(38.95mm,21.05mm) on L6 BOTTOM|Pad RL_3-2(42.2mm,22.3mm) on L1 TOP",0
TRACK,R157:VREF_A,VREF_A,Top Layer,40.775,26.975,43.175,26.975,0.2,,,"VREF_A|Pad U2-10(38.95mm,21.05mm) on L6 BOTTOM|Pad RL_3-2(42.2mm,22.3mm) on L1 TOP",0
TRACK,R157:VREF_A,VREF_A,Bottom Layer,43.175,26.975,44.025,26.975,0.2,,,"VREF_A|Pad U2-10(38.95mm,21.05mm) on L6 BOTTOM|Pad RL_3-2(42.2mm,22.3mm) on L1 TOP",0
TRACK,R157:VREF_A,VREF_A,Bottom Layer,44.025,26.975,44.575,26.425,0.2,,,"VREF_A|Pad U2-10(38.95mm,21.05mm) on L6 BOTTOM|Pad RL_3-2(42.2mm,22.3mm) on L1 TOP",0
TRACK,R157:VREF_A,VREF_A,Bottom Layer,44.575,26.425,44.575,23.825,0.2,,,"VREF_A|Pad U2-10(38.95mm,21.05mm) on L6 BOTTOM|Pad RL_3-2(42.2mm,22.3mm) on L1 TOP",0
TRACK,R157:VREF_A,VREF_A,Bottom Layer,44.575,23.825,44.125,23.375,0.2,,,"VREF_A|Pad U2-10(38.95mm,21.05mm) on L6 BOTTOM|Pad RL_3-2(42.2mm,22.3mm) on L1 TOP",0
TRACK,R157:VREF_A,VREF_A,Top Layer,44.125,23.375,43.175,22.425,0.2,,,"VREF_A|Pad U2-10(38.95mm,21.05mm) on L6 BOTTOM|Pad RL_3-2(42.2mm,22.3mm) on L1 TOP",0
TRACK,R157:VREF_A,VREF_A,Top Layer,43.175,22.425,42.425,22.425,0.2,,,"VREF_A|Pad U2-10(38.95mm,21.05mm) on L6 BOTTOM|Pad RL_3-2(42.2mm,22.3mm) on L1 TOP",0
VIA,R157:VREF_A,VREF_A,Multi Layer,36.075,22.175,,,,0.6,0.3,"VREF_A|Pad U2-10(38.95mm,21.05mm) on L6 BOTTOM|Pad RL_3-2(42.2mm,22.3mm) on L1 TOP",0
VIA,R157:VREF_A,VREF_A,Multi Layer,43.175,26.975,,,,0.6,0.3,"VREF_A|Pad U2-10(38.95mm,21.05mm) on L6 BOTTOM|Pad RL_3-2(42.2mm,22.3mm) on L1 TOP",0
VIA,R157:VREF_A,VREF_A,Multi Layer,44.125,23.375,,,,0.6,0.3,"VREF_A|Pad U2-10(38.95mm,21.05mm) on L6 BOTTOM|Pad RL_3-2(42.2mm,22.3mm) on L1 TOP",0
TRACK,R159:VREF_A,VREF_A,Top Layer,56.425,21.025,58.925,21.025,0.2,,,"VREF_A|Pad U3-5(54.85mm,21.05mm) on L6 BOTTOM|Pad U3-10(60.55mm,21.05mm) on L6 BOTTOM",0
TRACK,R159:VREF_A,VREF_A,Top Layer,58.925,21.025,59.125,20.825,0.2,,,"VREF_A|Pad U3-5(54.85mm,21.05mm) on L6 BOTTOM|Pad U3-10(60.55mm,21.05mm) on L6 BOTTOM",0
VIA,R159:VREF_A,VREF_A,Multi Layer,59.125,20.825,,,,0.6,0.3,"VREF_A|Pad U3-5(54.85mm,21.05mm) on L6 BOTTOM|Pad U3-10(60.55mm,21.05mm) on L6 BOTTOM",0
TRACK,R160:VREF_A,VREF_A,Top Layer,34.825,21.275,35.275,21.275,0.2,,,"VREF_A|Pad U2-5(33.25mm,21.05mm) on L6 BOTTOM|Pad U2-10(38.95mm,21.05mm) on L6 BOTTOM",0
TRACK,R160:VREF_A,VREF_A,Top Layer,35.275,21.275,35.925,21.925,0.2,,,"VREF_A|Pad U2-5(33.25mm,21.05mm) on L6 BOTTOM|Pad U2-10(38.95mm,21.05mm) on L6 BOTTOM",0
TRACK,R161:VREF_A,VREF_A,Top Layer,12.925,18.425,14.675,20.175,0.2,,,"VREF_A|Pad U1-9(11.75mm,19.1mm) on L6 BOTTOM|Pad U1-5(17.45mm,19.75mm) on L6 BOTTOM",0
TRACK,R161:VREF_A,VREF_A,Top Layer,14.675,20.175,15.975,20.175,0.2,,,"VREF_A|Pad U1-9(11.75mm,19.1mm) on L6 BOTTOM|Pad U1-5(17.45mm,19.75mm) on L6 BOTTOM",0
TRACK,R161:VREF_A,VREF_A,Bottom Layer,15.975,20.175,16.025,20.175,0.2,,,"VREF_A|Pad U1-9(11.75mm,19.1mm) on L6 BOTTOM|Pad U1-5(17.45mm,19.75mm) on L6 BOTTOM",0
VIA,R161:VREF_A,VREF_A,Multi Layer,15.975,20.175,,,,0.6,0.3,"VREF_A|Pad U1-9(11.75mm,19.1mm) on L6 BOTTOM|Pad U1-5(17.45mm,19.75mm) on L6 BOTTOM",0
TRACK,R162:VREF_A,VREF_A,Bottom Layer,44.625,23.775,45.825,23.775,0.2,,,"VREF_A|Pad RL_3-2(42.2mm,22.3mm) on L1 TOP|Pad RL_4-2(52.8mm,21.7mm) on L1 TOP",0
TRACK,R162:VREF_A,VREF_A,Bottom Layer,45.825,23.775,46.325,23.275,0.2,,,"VREF_A|Pad RL_3-2(42.2mm,22.3mm) on L1 TOP|Pad RL_4-2(52.8mm,21.7mm) on L1 TOP",0
TRACK,R162:VREF_A,VREF_A,Mid Layer 2,46.325,23.275,46.725,23.675,0.2,,,"VREF_A|Pad RL_3-2(42.2mm,22.3mm) on L1 TOP|Pad RL_4-2(52.8mm,21.7mm) on L1 TOP",0
TRACK,R162:VREF_A,VREF_A,Mid Layer 2,46.725,23.675,50.275,23.675,0.2,,,"VREF_A|Pad RL_3-2(42.2mm,22.3mm) on L1 TOP|Pad RL_4-2(52.8mm,21.7mm) on L1 TOP",0
TRACK,R162:VREF_A,VREF_A,Top Layer,50.275,23.675,54.025,23.675,0.2,,,"VREF_A|Pad RL_3-2(42.2mm,22.3mm) on L1 TOP|Pad RL_4-2(52.8mm,21.7mm) on L1 TOP",0
TRACK,R162:VREF_A,VREF_A,Top Layer,54.025,23.675,54.425,23.275,0.2,,,"VREF_A|Pad RL_3-2(42.2mm,22.3mm) on L1 TOP|Pad RL_4-2(52.8mm,21.7mm) on L1 TOP",0
TRACK,R162:VREF_A,VREF_A,Top Layer,54.425,23.275,54.425,22.275,0.2,,,"VREF_A|Pad RL_3-2(42.2mm,22.3mm) on L1 TOP|Pad RL_4-2(52.8mm,21.7mm) on L1 TOP",0
TRACK,R162:VREF_A,VREF_A,Top Layer,54.425,22.275,53.675,21.525,0.2,,,"VREF_A|Pad RL_3-2(42.2mm,22.3mm) on L1 TOP|Pad RL_4-2(52.8mm,21.7mm) on L1 TOP",0
VIA,R162:VREF_A,VREF_A,Multi Layer,46.325,23.275,,,,0.6,0.3,"VREF_A|Pad RL_3-2(42.2mm,22.3mm) on L1 TOP|Pad RL_4-2(52.8mm,21.7mm) on L1 TOP",0
VIA,R162:VREF_A,VREF_A,Multi Layer,50.275,23.675,,,,0.6,0.3,"VREF_A|Pad RL_3-2(42.2mm,22.3mm) on L1 TOP|Pad RL_4-2(52.8mm,21.7mm) on L1 TOP",0
TRACK,R164:VREF_B_SRC,VREF_B_SRC,Bottom Layer,11.725,21.875,11.725,22.225,0.2,,,"VREF_B_SRC|Pad U1-13(11.75mm,21.7mm) on L6 BOTTOM|Pad U1-14(11.75mm,22.35mm) on L6 BOTTOM",0
TRACK,R165:VREF_B_SRC,VREF_B_SRC,Bottom Layer,12.575,21.675,13.075,21.675,0.2,,,"VREF_B_SRC|Pad U1-13(11.75mm,21.7mm) on L6 BOTTOM|Pad Free-TP_VREF_B_SRC(12.5mm,20.2mm) on L1 TOP",0
TRACK,R165:VREF_B_SRC,VREF_B_SRC,Top Layer,13.075,21.675,13.075,21.075,0.2,,,"VREF_B_SRC|Pad U1-13(11.75mm,21.7mm) on L6 BOTTOM|Pad Free-TP_VREF_B_SRC(12.5mm,20.2mm) on L1 TOP",0
TRACK,R165:VREF_B_SRC,VREF_B_SRC,Top Layer,13.075,21.075,12.675,20.675,0.2,,,"VREF_B_SRC|Pad U1-13(11.75mm,21.7mm) on L6 BOTTOM|Pad Free-TP_VREF_B_SRC(12.5mm,20.2mm) on L1 TOP",0
VIA,R165:VREF_B_SRC,VREF_B_SRC,Multi Layer,13.075,21.675,,,,0.6,0.3,"VREF_B_SRC|Pad U1-13(11.75mm,21.7mm) on L6 BOTTOM|Pad Free-TP_VREF_B_SRC(12.5mm,20.2mm) on L1 TOP",0
TRACK,R166:VREF_B_SRC,VREF_B_SRC,Bottom Layer,13.925,15.175,14.225,15.175,0.2,,,"VREF_B_SRC|Pad R_ref-2(13.7mm,15.4mm) on L6 BOTTOM|Pad U_DRL1-3(14.75mm,14.08mm) on L6 BOTTOM",0
TRACK,R166:VREF_B_SRC,VREF_B_SRC,Bottom Layer,14.225,15.175,14.475,14.925,0.2,,,"VREF_B_SRC|Pad R_ref-2(13.7mm,15.4mm) on L6 BOTTOM|Pad U_DRL1-3(14.75mm,14.08mm) on L6 BOTTOM",0
TRACK,R166:VREF_B_SRC,VREF_B_SRC,Bottom Layer,14.475,14.925,14.475,14.625,0.2,,,"VREF_B_SRC|Pad R_ref-2(13.7mm,15.4mm) on L6 BOTTOM|Pad U_DRL1-3(14.75mm,14.08mm) on L6 BOTTOM",0
TRACK,R167:VREF_B_SRC,VREF_B_SRC,Mid Layer 2,13.175,21.425,15.175,19.425,0.2,,,"VREF_B_SRC|Pad Free-TP_VREF_B_SRC(12.5mm,20.2mm) on L1 TOP|Pad R_ref-2(13.7mm,15.4mm) on L6 BOTTOM",0
TRACK,R167:VREF_B_SRC,VREF_B_SRC,Top Layer,15.175,19.425,15.175,18.725,0.2,,,"VREF_B_SRC|Pad Free-TP_VREF_B_SRC(12.5mm,20.2mm) on L1 TOP|Pad R_ref-2(13.7mm,15.4mm) on L6 BOTTOM",0
TRACK,R167:VREF_B_SRC,VREF_B_SRC,Top Layer,15.175,18.725,15.47,18.43,0.2,,,"VREF_B_SRC|Pad Free-TP_VREF_B_SRC(12.5mm,20.2mm) on L1 TOP|Pad R_ref-2(13.7mm,15.4mm) on L6 BOTTOM",0
TRACK,R167:VREF_B_SRC,VREF_B_SRC,Top Layer,15.47,18.43,16.675,17.225,0.2,,,"VREF_B_SRC|Pad Free-TP_VREF_B_SRC(12.5mm,20.2mm) on L1 TOP|Pad R_ref-2(13.7mm,15.4mm) on L6 BOTTOM",0
TRACK,R167:VREF_B_SRC,VREF_B_SRC,Top Layer,16.675,17.225,16.675,16.525,0.2,,,"VREF_B_SRC|Pad Free-TP_VREF_B_SRC(12.5mm,20.2mm) on L1 TOP|Pad R_ref-2(13.7mm,15.4mm) on L6 BOTTOM",0
TRACK,R167:VREF_B_SRC,VREF_B_SRC,Top Layer,16.675,16.525,15.325,15.175,0.2,,,"VREF_B_SRC|Pad Free-TP_VREF_B_SRC(12.5mm,20.2mm) on L1 TOP|Pad R_ref-2(13.7mm,15.4mm) on L6 BOTTOM",0
TRACK,R167:VREF_B_SRC,VREF_B_SRC,Top Layer,15.325,15.175,15.1058,15.175,0.2,,,"VREF_B_SRC|Pad Free-TP_VREF_B_SRC(12.5mm,20.2mm) on L1 TOP|Pad R_ref-2(13.7mm,15.4mm) on L6 BOTTOM",0
TRACK,R167:VREF_B_SRC,VREF_B_SRC,Top Layer,15.1058,15.175,14.575,15.175,0.2,,,"VREF_B_SRC|Pad Free-TP_VREF_B_SRC(12.5mm,20.2mm) on L1 TOP|Pad R_ref-2(13.7mm,15.4mm) on L6 BOTTOM",0
TRACK,R167:VREF_B_SRC,VREF_B_SRC,Bottom Layer,14.575,15.175,14.475,15.075,0.2,,,"VREF_B_SRC|Pad Free-TP_VREF_B_SRC(12.5mm,20.2mm) on L1 TOP|Pad R_ref-2(13.7mm,15.4mm) on L6 BOTTOM",0
VIA,R167:VREF_B_SRC,VREF_B_SRC,Multi Layer,15.175,19.425,,,,0.6,0.3,"VREF_B_SRC|Pad Free-TP_VREF_B_SRC(12.5mm,20.2mm) on L1 TOP|Pad R_ref-2(13.7mm,15.4mm) on L6 BOTTOM",0
VIA,R167:VREF_B_SRC,VREF_B_SRC,Multi Layer,14.575,15.175,,,,0.6,0.3,"VREF_B_SRC|Pad Free-TP_VREF_B_SRC(12.5mm,20.2mm) on L1 TOP|Pad R_ref-2(13.7mm,15.4mm) on L6 BOTTOM",0
TRACK,R170:VREF_B_SRC,VREF_B_SRC,Top Layer,44.425,12.125,45.775,12.125,0.15,,,"VREF_B_SRC|Pad R_VREF3-1(44.2mm,11.888mm) on L1 TOP|Pad R_VREF4-1(55mm,11.888mm) on L1 TOP",0
TRACK,R170:VREF_B_SRC,VREF_B_SRC,Top Layer,45.775,12.125,48.125,14.475,0.15,,,"VREF_B_SRC|Pad R_VREF3-1(44.2mm,11.888mm) on L1 TOP|Pad R_VREF4-1(55mm,11.888mm) on L1 TOP",0
TRACK,R170:VREF_B_SRC,VREF_B_SRC,Top Layer,48.125,14.475,48.125,18.275,0.15,,,"VREF_B_SRC|Pad R_VREF3-1(44.2mm,11.888mm) on L1 TOP|Pad R_VREF4-1(55mm,11.888mm) on L1 TOP",0
TRACK,R170:VREF_B_SRC,VREF_B_SRC,Top Layer,48.125,18.275,46.675,19.725,0.15,,,"VREF_B_SRC|Pad R_VREF3-1(44.2mm,11.888mm) on L1 TOP|Pad R_VREF4-1(55mm,11.888mm) on L1 TOP",0
TRACK,R170:VREF_B_SRC,VREF_B_SRC,Top Layer,46.675,19.725,46.675,20.775,0.15,,,"VREF_B_SRC|Pad R_VREF3-1(44.2mm,11.888mm) on L1 TOP|Pad R_VREF4-1(55mm,11.888mm) on L1 TOP",0
TRACK,R170:VREF_B_SRC,VREF_B_SRC,Mid Layer 2,46.675,20.775,46.675,21.575,0.15,,,"VREF_B_SRC|Pad R_VREF3-1(44.2mm,11.888mm) on L1 TOP|Pad R_VREF4-1(55mm,11.888mm) on L1 TOP",0
TRACK,R170:VREF_B_SRC,VREF_B_SRC,Mid Layer 2,46.675,21.575,46.975,21.875,0.15,,,"VREF_B_SRC|Pad R_VREF3-1(44.2mm,11.888mm) on L1 TOP|Pad R_VREF4-1(55mm,11.888mm) on L1 TOP",0
TRACK,R170:VREF_B_SRC,VREF_B_SRC,Mid Layer 2,46.975,21.875,50.125,21.875,0.15,,,"VREF_B_SRC|Pad R_VREF3-1(44.2mm,11.888mm) on L1 TOP|Pad R_VREF4-1(55mm,11.888mm) on L1 TOP",0
TRACK,R170:VREF_B_SRC,VREF_B_SRC,Mid Layer 2,50.125,21.875,51.475,20.525,0.15,,,"VREF_B_SRC|Pad R_VREF3-1(44.2mm,11.888mm) on L1 TOP|Pad R_VREF4-1(55mm,11.888mm) on L1 TOP",0
TRACK,R170:VREF_B_SRC,VREF_B_SRC,Mid Layer 2,51.475,20.525,54.025,20.525,0.15,,,"VREF_B_SRC|Pad R_VREF3-1(44.2mm,11.888mm) on L1 TOP|Pad R_VREF4-1(55mm,11.888mm) on L1 TOP",0
TRACK,R170:VREF_B_SRC,VREF_B_SRC,Mid Layer 2,54.025,20.525,58.125,16.425,0.15,,,"VREF_B_SRC|Pad R_VREF3-1(44.2mm,11.888mm) on L1 TOP|Pad R_VREF4-1(55mm,11.888mm) on L1 TOP",0
TRACK,R170:VREF_B_SRC,VREF_B_SRC,Mid Layer 2,58.125,16.425,58.125,16.275,0.15,,,"VREF_B_SRC|Pad R_VREF3-1(44.2mm,11.888mm) on L1 TOP|Pad R_VREF4-1(55mm,11.888mm) on L1 TOP",0
TRACK,R170:VREF_B_SRC,VREF_B_SRC,Top Layer,58.125,16.275,58.125,14.625,0.15,,,"VREF_B_SRC|Pad R_VREF3-1(44.2mm,11.888mm) on L1 TOP|Pad R_VREF4-1(55mm,11.888mm) on L1 TOP",0
TRACK,R170:VREF_B_SRC,VREF_B_SRC,Top Layer,58.125,14.625,57.175,13.675,0.15,,,"VREF_B_SRC|Pad R_VREF3-1(44.2mm,11.888mm) on L1 TOP|Pad R_VREF4-1(55mm,11.888mm) on L1 TOP",0
TRACK,R170:VREF_B_SRC,VREF_B_SRC,Top Layer,57.175,13.675,56.875,13.675,0.15,,,"VREF_B_SRC|Pad R_VREF3-1(44.2mm,11.888mm) on L1 TOP|Pad R_VREF4-1(55mm,11.888mm) on L1 TOP",0
TRACK,R170:VREF_B_SRC,VREF_B_SRC,Top Layer,56.875,13.675,55.225,12.025,0.15,,,"VREF_B_SRC|Pad R_VREF3-1(44.2mm,11.888mm) on L1 TOP|Pad R_VREF4-1(55mm,11.888mm) on L1 TOP",0
VIA,R170:VREF_B_SRC,VREF_B_SRC,Multi Layer,46.675,20.775,,,,0.45,0.2,"VREF_B_SRC|Pad R_VREF3-1(44.2mm,11.888mm) on L1 TOP|Pad R_VREF4-1(55mm,11.888mm) on L1 TOP",0
VIA,R170:VREF_B_SRC,VREF_B_SRC,Multi Layer,58.125,16.275,,,,0.45,0.2,"VREF_B_SRC|Pad R_VREF3-1(44.2mm,11.888mm) on L1 TOP|Pad R_VREF4-1(55mm,11.888mm) on L1 TOP",0
TRACK,R172:VREF_B_SRC,VREF_B_SRC,Top Layer,33.625,12.125,33.675,12.125,0.15,,,"VREF_B_SRC|Pad R_VREF2-1(33.4mm,11.888mm) on L1 TOP|Pad R_VREF3-1(44.2mm,11.888mm) on L1 TOP",0
TRACK,R172:VREF_B_SRC,VREF_B_SRC,Top Layer,33.675,12.125,35.025,13.475,0.15,,,"VREF_B_SRC|Pad R_VREF2-1(33.4mm,11.888mm) on L1 TOP|Pad R_VREF3-1(44.2mm,11.888mm) on L1 TOP",0
TRACK,R172:VREF_B_SRC,VREF_B_SRC,Top Layer,35.025,13.475,35.025,13.925,0.15,,,"VREF_B_SRC|Pad R_VREF2-1(33.4mm,11.888mm) on L1 TOP|Pad R_VREF3-1(44.2mm,11.888mm) on L1 TOP",0
TRACK,R172:VREF_B_SRC,VREF_B_SRC,Top Layer,35.025,13.925,35.425,14.325,0.15,,,"VREF_B_SRC|Pad R_VREF2-1(33.4mm,11.888mm) on L1 TOP|Pad R_VREF3-1(44.2mm,11.888mm) on L1 TOP",0
TRACK,R172:VREF_B_SRC,VREF_B_SRC,Top Layer,35.425,14.325,36.225,14.325,0.15,,,"VREF_B_SRC|Pad R_VREF2-1(33.4mm,11.888mm) on L1 TOP|Pad R_VREF3-1(44.2mm,11.888mm) on L1 TOP",0
TRACK,R172:VREF_B_SRC,VREF_B_SRC,Top Layer,36.225,14.325,37.025,15.125,0.15,,,"VREF_B_SRC|Pad R_VREF2-1(33.4mm,11.888mm) on L1 TOP|Pad R_VREF3-1(44.2mm,11.888mm) on L1 TOP",0
TRACK,R172:VREF_B_SRC,VREF_B_SRC,Top Layer,37.025,15.125,37.025,18.875,0.15,,,"VREF_B_SRC|Pad R_VREF2-1(33.4mm,11.888mm) on L1 TOP|Pad R_VREF3-1(44.2mm,11.888mm) on L1 TOP",0
TRACK,R172:VREF_B_SRC,VREF_B_SRC,Mid Layer 2,37.025,18.875,37.025,21.275,0.15,,,"VREF_B_SRC|Pad R_VREF2-1(33.4mm,11.888mm) on L1 TOP|Pad R_VREF3-1(44.2mm,11.888mm) on L1 TOP",0
TRACK,R172:VREF_B_SRC,VREF_B_SRC,Mid Layer 2,37.025,21.275,36.875,21.425,0.15,,,"VREF_B_SRC|Pad R_VREF2-1(33.4mm,11.888mm) on L1 TOP|Pad R_VREF3-1(44.2mm,11.888mm) on L1 TOP",0
TRACK,R172:VREF_B_SRC,VREF_B_SRC,Mid Layer 2,36.875,21.425,36.875,24.075,0.15,,,"VREF_B_SRC|Pad R_VREF2-1(33.4mm,11.888mm) on L1 TOP|Pad R_VREF3-1(44.2mm,11.888mm) on L1 TOP",0
TRACK,R172:VREF_B_SRC,VREF_B_SRC,Top Layer,36.875,24.075,37.075,24.075,0.15,,,"VREF_B_SRC|Pad R_VREF2-1(33.4mm,11.888mm) on L1 TOP|Pad R_VREF3-1(44.2mm,11.888mm) on L1 TOP",0
TRACK,R172:VREF_B_SRC,VREF_B_SRC,Top Layer,37.075,24.075,41.175,28.175,0.15,,,"VREF_B_SRC|Pad R_VREF2-1(33.4mm,11.888mm) on L1 TOP|Pad R_VREF3-1(44.2mm,11.888mm) on L1 TOP",0
TRACK,R172:VREF_B_SRC,VREF_B_SRC,Top Layer,41.175,28.175,44.725,28.175,0.15,,,"VREF_B_SRC|Pad R_VREF2-1(33.4mm,11.888mm) on L1 TOP|Pad R_VREF3-1(44.2mm,11.888mm) on L1 TOP",0
TRACK,R172:VREF_B_SRC,VREF_B_SRC,Top Layer,44.725,28.175,45.925,26.975,0.15,,,"VREF_B_SRC|Pad R_VREF2-1(33.4mm,11.888mm) on L1 TOP|Pad R_VREF3-1(44.2mm,11.888mm) on L1 TOP",0
TRACK,R172:VREF_B_SRC,VREF_B_SRC,Top Layer,45.925,26.975,45.925,26.875,0.15,,,"VREF_B_SRC|Pad R_VREF2-1(33.4mm,11.888mm) on L1 TOP|Pad R_VREF3-1(44.2mm,11.888mm) on L1 TOP",0
TRACK,R172:VREF_B_SRC,VREF_B_SRC,Bottom Layer,45.925,26.875,45.925,24.725,0.15,,,"VREF_B_SRC|Pad R_VREF2-1(33.4mm,11.888mm) on L1 TOP|Pad R_VREF3-1(44.2mm,11.888mm) on L1 TOP",0
TRACK,R172:VREF_B_SRC,VREF_B_SRC,Bottom Layer,45.925,24.725,47.125,23.525,0.15,,,"VREF_B_SRC|Pad R_VREF2-1(33.4mm,11.888mm) on L1 TOP|Pad R_VREF3-1(44.2mm,11.888mm) on L1 TOP",0
TRACK,R172:VREF_B_SRC,VREF_B_SRC,Bottom Layer,47.125,23.525,47.125,23.025,0.15,,,"VREF_B_SRC|Pad R_VREF2-1(33.4mm,11.888mm) on L1 TOP|Pad R_VREF3-1(44.2mm,11.888mm) on L1 TOP",0
TRACK,R172:VREF_B_SRC,VREF_B_SRC,Mid Layer 2,47.125,23.025,47.125,21.925,0.15,,,"VREF_B_SRC|Pad R_VREF2-1(33.4mm,11.888mm) on L1 TOP|Pad R_VREF3-1(44.2mm,11.888mm) on L1 TOP",0
VIA,R172:VREF_B_SRC,VREF_B_SRC,Multi Layer,37.025,18.875,,,,0.45,0.2,"VREF_B_SRC|Pad R_VREF2-1(33.4mm,11.888mm) on L1 TOP|Pad R_VREF3-1(44.2mm,11.888mm) on L1 TOP",0
VIA,R172:VREF_B_SRC,VREF_B_SRC,Multi Layer,36.875,24.075,,,,0.45,0.2,"VREF_B_SRC|Pad R_VREF2-1(33.4mm,11.888mm) on L1 TOP|Pad R_VREF3-1(44.2mm,11.888mm) on L1 TOP",0
VIA,R172:VREF_B_SRC,VREF_B_SRC,Multi Layer,45.925,26.875,,,,0.45,0.2,"VREF_B_SRC|Pad R_VREF2-1(33.4mm,11.888mm) on L1 TOP|Pad R_VREF3-1(44.2mm,11.888mm) on L1 TOP",0
VIA,R172:VREF_B_SRC,VREF_B_SRC,Multi Layer,47.125,23.025,,,,0.45,0.2,"VREF_B_SRC|Pad R_VREF2-1(33.4mm,11.888mm) on L1 TOP|Pad R_VREF3-1(44.2mm,11.888mm) on L1 TOP",0
TRACK,R173:ADC_EMG5,ADC_EMG5,Top Layer,54.925,24.575,55.375,24.575,0.2,,,"ADC_EMG5|Pad C_ADC5-1(54.58mm,24.923mm) on L1 TOP|Pad R_ADC5-2(55.645mm,24.5mm) on L1 TOP",0
TRACK,R174:ADC_EMG1,ADC_EMG1,Top Layer,49.325,30.525,49.625,30.525,0.2,,,"ADC_EMG1|Pad R_ADC1-2(49.08mm,30.535mm) on L1 TOP|Pad U_MCU1-23(50.342mm,30.5mm) on L1 TOP [Unplated]",0
TRACK,R175:ADC_EMG1,ADC_EMG1,Top Layer,48.225,30.475,48.6045,30.475,0.2,,,"ADC_EMG1|Pad C_ADC1-1(47.857mm,30.1mm) on L1 TOP|Pad R_ADC1-2(49.08mm,30.535mm) on L1 TOP",0
TRACK,R175:ADC_EMG1,ADC_EMG1,Top Layer,48.6045,30.475,48.775,30.475,0.2,,,"ADC_EMG1|Pad C_ADC1-1(47.857mm,30.1mm) on L1 TOP|Pad R_ADC1-2(49.08mm,30.535mm) on L1 TOP",0
TRACK,R176:ADC_EMG3,ADC_EMG3,Top Layer,48.225,27.175,48.6045,27.175,0.2,,,"ADC_EMG3|Pad C_ADC3-1(47.857mm,26.8mm) on L1 TOP|Pad R_ADC3-2(49.08mm,27.235mm) on L1 TOP",0
TRACK,R176:ADC_EMG3,ADC_EMG3,Top Layer,48.6045,27.175,48.825,27.175,0.2,,,"ADC_EMG3|Pad C_ADC3-1(47.857mm,26.8mm) on L1 TOP|Pad R_ADC3-2(49.08mm,27.235mm) on L1 TOP",0
TRACK,R177:ADC_EMG2,ADC_EMG2,Top Layer,48.225,28.825,48.6045,28.825,0.2,,,"ADC_EMG2|Pad C_ADC2-1(47.857mm,28.45mm) on L1 TOP|Pad R_ADC2-2(49.08mm,28.885mm) on L1 TOP",0
TRACK,R177:ADC_EMG2,ADC_EMG2,Top Layer,48.6045,28.825,48.825,28.825,0.2,,,"ADC_EMG2|Pad C_ADC2-1(47.857mm,28.45mm) on L1 TOP|Pad R_ADC2-2(49.08mm,28.885mm) on L1 TOP",0
TRACK,R178:ADC_EMG4,ADC_EMG4,Top Layer,50.525,25.625,50.875,25.625,0.2,,,"ADC_EMG4|Pad R_ADC4-2(50.315mm,25.4mm) on L1 TOP|Pad C_ADC4-1(51.68mm,25.877mm) on L1 TOP",0
TRACK,R178:ADC_EMG4,ADC_EMG4,Top Layer,50.875,25.625,51.2745,26.0245,0.2,,,"ADC_EMG4|Pad R_ADC4-2(50.315mm,25.4mm) on L1 TOP|Pad C_ADC4-1(51.68mm,25.877mm) on L1 TOP",0
TRACK,R178:ADC_EMG4,ADC_EMG4,Top Layer,51.2745,26.0245,51.325,26.075,0.2,,,"ADC_EMG4|Pad R_ADC4-2(50.315mm,25.4mm) on L1 TOP|Pad C_ADC4-1(51.68mm,25.877mm) on L1 TOP",0
TRACK,R179:ADC_EMG2,ADC_EMG2,Top Layer,49.325,28.975,51.175,28.975,0.2,,,"ADC_EMG2|Pad R_ADC2-2(49.08mm,28.885mm) on L1 TOP|Pad U_MCU1-24(50.342mm,30mm) on L1 TOP [Unplated]",0
TRACK,R179:ADC_EMG2,ADC_EMG2,Top Layer,51.175,28.975,51.425,29.225,0.2,,,"ADC_EMG2|Pad R_ADC2-2(49.08mm,28.885mm) on L1 TOP|Pad U_MCU1-24(50.342mm,30mm) on L1 TOP [Unplated]",0
TRACK,R179:ADC_EMG2,ADC_EMG2,Top Layer,51.425,29.225,51.425,29.825,0.2,,,"ADC_EMG2|Pad R_ADC2-2(49.08mm,28.885mm) on L1 TOP|Pad U_MCU1-24(50.342mm,30mm) on L1 TOP [Unplated]",0
TRACK,R179:ADC_EMG2,ADC_EMG2,Top Layer,51.425,29.825,51.225,30.025,0.2,,,"ADC_EMG2|Pad R_ADC2-2(49.08mm,28.885mm) on L1 TOP|Pad U_MCU1-24(50.342mm,30mm) on L1 TOP [Unplated]",0
TRACK,R179:ADC_EMG2,ADC_EMG2,Top Layer,51.225,30.025,51.025,30.025,0.2,,,"ADC_EMG2|Pad R_ADC2-2(49.08mm,28.885mm) on L1 TOP|Pad U_MCU1-24(50.342mm,30mm) on L1 TOP [Unplated]",0
TRACK,R180:ADC_EMG4,ADC_EMG4,Top Layer,52.025,26.275,52.025,27.075,0.2,,,"ADC_EMG4|Pad C_ADC4-1(51.68mm,25.877mm) on L1 TOP|Pad U_MCU1-26(52.08mm,27.762mm) on L1 TOP [Unplated]",0
TRACK,R182:ADC_EMG5,ADC_EMG5,Top Layer,53.575,27.075,53.575,26.725,0.2,,,"ADC_EMG5|Pad U_MCU1-29(53.58mm,27.762mm) on L1 TOP [Unplated]|Pad C_ADC5-1(54.58mm,24.923mm) on L1 TOP",0
TRACK,R182:ADC_EMG5,ADC_EMG5,Top Layer,53.575,26.725,53.725,26.575,0.2,,,"ADC_EMG5|Pad U_MCU1-29(53.58mm,27.762mm) on L1 TOP [Unplated]|Pad C_ADC5-1(54.58mm,24.923mm) on L1 TOP",0
TRACK,R182:ADC_EMG5,ADC_EMG5,Top Layer,53.725,26.575,53.725,26.0245,0.2,,,"ADC_EMG5|Pad U_MCU1-29(53.58mm,27.762mm) on L1 TOP [Unplated]|Pad C_ADC5-1(54.58mm,24.923mm) on L1 TOP",0
TRACK,R182:ADC_EMG5,ADC_EMG5,Top Layer,53.725,26.0245,53.725,25.275,0.2,,,"ADC_EMG5|Pad U_MCU1-29(53.58mm,27.762mm) on L1 TOP [Unplated]|Pad C_ADC5-1(54.58mm,24.923mm) on L1 TOP",0
TRACK,R182:ADC_EMG5,ADC_EMG5,Top Layer,53.725,25.275,54.225,24.775,0.2,,,"ADC_EMG5|Pad U_MCU1-29(53.58mm,27.762mm) on L1 TOP [Unplated]|Pad C_ADC5-1(54.58mm,24.923mm) on L1 TOP",0
TRACK,R183:WIFI_X32_RAW_IN,WIFI_X32_RAW_IN,Top Layer,38.275,33.225,38.275,32.825,0.2,,,"WIFI_X32_RAW_IN|Pad U_WIFI1-14(38.315mm,33.584mm) on L1 TOP [Unplated]|Pad R_WIFI_X32_IN-2(38.315mm,32.6mm) on L1 TOP",0
TRACK,R184:WIFI_X32_RAW_OUT,WIFI_X32_RAW_OUT,Top Layer,37.025,33.225,37.025,32.825,0.2,,,"WIFI_X32_RAW_OUT|Pad U_WIFI1-13(37.045mm,33.584mm) on L1 TOP [Unplated]|Pad R_WIFI_X32_OUT-2(37.045mm,32.6mm) on L1 TOP",0
TRACK,R185:NetC_WIFI_X32_IN_2,NetC_WIFI_X32_IN_2,Top Layer,38.925,29.025,38.925,29.425,0.2,,,"NetC_WIFI_X32_IN_2|Pad C_WIFI_X32_IN-2(38.93mm,28.779mm) on L1 TOP|Pad X_WIFI_32K-1(38.93mm,30.3mm) on L1 TOP [Unplated]",0
TRACK,R186:NetC_WIFI_X32_OUT_2,NetC_WIFI_X32_OUT_2,Top Layer,36.425,29.025,36.425,29.425,0.2,,,"NetC_WIFI_X32_OUT_2|Pad C_WIFI_X32_OUT-2(36.43mm,28.779mm) on L1 TOP|Pad X_WIFI_32K-2(36.43mm,30.3mm) on L1 TOP [Unplated]",0
TRACK,R187:NetC_WIFI_X32_IN_2,NetC_WIFI_X32_IN_2,Top Layer,38.475,31.625,38.475,31.175,0.2,,,"NetC_WIFI_X32_IN_2|Pad R_WIFI_X32_IN-1(38.315mm,31.8mm) on L1 TOP|Pad X_WIFI_32K-1(38.93mm,30.3mm) on L1 TOP [Unplated]",0
TRACK,R188:NetC_WIFI_X32_OUT_2,NetC_WIFI_X32_OUT_2,Top Layer,36.875,31.175,36.875,31.625,0.2,,,"NetC_WIFI_X32_OUT_2|Pad X_WIFI_32K-2(36.43mm,30.3mm) on L1 TOP [Unplated]|Pad R_WIFI_X32_OUT-1(37.045mm,31.8mm) on L1 TOP",0
TRACK,R189:VDiv,VDiv,Bottom Layer,12.575,19.825,12.725,19.825,0.2,,,"VDiv|Pad U1-10(11.75mm,19.75mm) on L6 BOTTOM|Pad U1-12(11.75mm,21.05mm) on L6 BOTTOM",0
TRACK,R189:VDiv,VDiv,Bottom Layer,12.725,19.825,13.025,20.125,0.2,,,"VDiv|Pad U1-10(11.75mm,19.75mm) on L6 BOTTOM|Pad U1-12(11.75mm,21.05mm) on L6 BOTTOM",0
TRACK,R189:VDiv,VDiv,Bottom Layer,13.025,20.125,13.025,20.725,0.2,,,"VDiv|Pad U1-10(11.75mm,19.75mm) on L6 BOTTOM|Pad U1-12(11.75mm,21.05mm) on L6 BOTTOM",0
TRACK,R189:VDiv,VDiv,Bottom Layer,13.025,20.725,12.725,21.025,0.2,,,"VDiv|Pad U1-10(11.75mm,19.75mm) on L6 BOTTOM|Pad U1-12(11.75mm,21.05mm) on L6 BOTTOM",0
TRACK,R189:VDiv,VDiv,Bottom Layer,12.725,21.025,12.575,21.025,0.2,,,"VDiv|Pad U1-10(11.75mm,19.75mm) on L6 BOTTOM|Pad U1-12(11.75mm,21.05mm) on L6 BOTTOM",0
TRACK,R190:VDiv,VDiv,Bottom Layer,14.825,24.525,15.225,24.125,0.2,,,"VDiv|Pad RV2-2(14.6mm,24.8mm) on L6 BOTTOM|Pad Cdiv_1-2(16.479mm,24.8mm) on L6 BOTTOM",0
TRACK,R190:VDiv,VDiv,Bottom Layer,15.225,24.125,16.175,24.125,0.2,,,"VDiv|Pad RV2-2(14.6mm,24.8mm) on L6 BOTTOM|Pad Cdiv_1-2(16.479mm,24.8mm) on L6 BOTTOM",0
TRACK,R190:VDiv,VDiv,Bottom Layer,16.175,24.125,16.425,24.375,0.2,,,"VDiv|Pad RV2-2(14.6mm,24.8mm) on L6 BOTTOM|Pad Cdiv_1-2(16.479mm,24.8mm) on L6 BOTTOM",0
TRACK,R190:VDiv,VDiv,Bottom Layer,16.425,24.375,16.425,24.625,0.2,,,"VDiv|Pad RV2-2(14.6mm,24.8mm) on L6 BOTTOM|Pad Cdiv_1-2(16.479mm,24.8mm) on L6 BOTTOM",0
TRACK,R191:VDiv,VDiv,Bottom Layer,14.275,26.175,14.275,25.175,0.2,,,"VDiv|Pad Cdiv_10uF-2(13.95mm,26.8mm) on L6 BOTTOM|Pad RV2-2(14.6mm,24.8mm) on L6 BOTTOM",0
TRACK,R191:VDiv,VDiv,Bottom Layer,14.275,25.175,14.375,25.075,0.2,,,"VDiv|Pad Cdiv_10uF-2(13.95mm,26.8mm) on L6 BOTTOM|Pad RV2-2(14.6mm,24.8mm) on L6 BOTTOM",0
TRACK,R192:NetJ_REF_1,NetJ_REF_1,Mid Layer 2,12.625,12.225,13.725,12.225,0.2,,,"NetJ_REF_1|Pad J_REF-1(11.93mm,12.2mm) on Multi-Layer|Pad J_REF-2(14.47mm,12.2mm) on Multi-Layer",0
TRACK,R193:VDiv,VDiv,Bottom Layer,11.725,24.525,11.725,24.025,0.2,,,"VDiv|Pad RV1-1(11.5mm,24.8mm) on L6 BOTTOM|Pad RV2-2(14.6mm,24.8mm) on L6 BOTTOM",0
TRACK,R193:VDiv,VDiv,Top Layer,11.725,24.025,12.475,24.775,0.2,,,"VDiv|Pad RV1-1(11.5mm,24.8mm) on L6 BOTTOM|Pad RV2-2(14.6mm,24.8mm) on L6 BOTTOM",0
TRACK,R193:VDiv,VDiv,Top Layer,12.475,24.775,13.325,24.775,0.2,,,"VDiv|Pad RV1-1(11.5mm,24.8mm) on L6 BOTTOM|Pad RV2-2(14.6mm,24.8mm) on L6 BOTTOM",0
TRACK,R193:VDiv,VDiv,Top Layer,13.325,24.775,14.175,25.625,0.2,,,"VDiv|Pad RV1-1(11.5mm,24.8mm) on L6 BOTTOM|Pad RV2-2(14.6mm,24.8mm) on L6 BOTTOM",0
VIA,R193:VDiv,VDiv,Multi Layer,11.725,24.025,,,,0.6,0.3,"VDiv|Pad RV1-1(11.5mm,24.8mm) on L6 BOTTOM|Pad RV2-2(14.6mm,24.8mm) on L6 BOTTOM",0
VIA,R193:VDiv,VDiv,Multi Layer,14.175,25.625,,,,0.6,0.3,"VDiv|Pad RV1-1(11.5mm,24.8mm) on L6 BOTTOM|Pad RV2-2(14.6mm,24.8mm) on L6 BOTTOM",0
TRACK,R194:NetJ_REF_1,NetJ_REF_1,Bottom Layer,11.675,12.925,11.675,14.325,0.2,,,"NetJ_REF_1|Pad J_REF-1(11.93mm,12.2mm) on Multi-Layer|Pad R_ref-1(12.7mm,15.4mm) on L6 BOTTOM",0
TRACK,R194:NetJ_REF_1,NetJ_REF_1,Bottom Layer,11.675,14.325,11.9058,14.5558,0.2,,,"NetJ_REF_1|Pad J_REF-1(11.93mm,12.2mm) on Multi-Layer|Pad R_ref-1(12.7mm,15.4mm) on L6 BOTTOM",0
TRACK,R194:NetJ_REF_1,NetJ_REF_1,Bottom Layer,11.9058,14.5558,12.475,15.125,0.2,,,"NetJ_REF_1|Pad J_REF-1(11.93mm,12.2mm) on Multi-Layer|Pad R_ref-1(12.7mm,15.4mm) on L6 BOTTOM",0
TRACK,R195:VDiv,VDiv,Top Layer,11.975,23.925,14.025,21.875,0.2,,,"VDiv|Pad RV1-1(11.5mm,24.8mm) on L6 BOTTOM|Pad U1-12(11.75mm,21.05mm) on L6 BOTTOM",0
TRACK,R195:VDiv,VDiv,Top Layer,14.025,21.875,14.025,21.625,0.2,,,"VDiv|Pad RV1-1(11.5mm,24.8mm) on L6 BOTTOM|Pad U1-12(11.75mm,21.05mm) on L6 BOTTOM",0
TRACK,R195:VDiv,VDiv,Bottom Layer,14.025,21.625,13.675,21.275,0.2,,,"VDiv|Pad RV1-1(11.5mm,24.8mm) on L6 BOTTOM|Pad U1-12(11.75mm,21.05mm) on L6 BOTTOM",0
TRACK,R195:VDiv,VDiv,Bottom Layer,13.675,21.275,13.675,21.225,0.2,,,"VDiv|Pad RV1-1(11.5mm,24.8mm) on L6 BOTTOM|Pad U1-12(11.75mm,21.05mm) on L6 BOTTOM",0
TRACK,R195:VDiv,VDiv,Bottom Layer,13.675,21.225,13.275,20.825,0.2,,,"VDiv|Pad RV1-1(11.5mm,24.8mm) on L6 BOTTOM|Pad U1-12(11.75mm,21.05mm) on L6 BOTTOM",0
TRACK,R195:VDiv,VDiv,Bottom Layer,13.275,20.825,13.075,20.825,0.2,,,"VDiv|Pad RV1-1(11.5mm,24.8mm) on L6 BOTTOM|Pad U1-12(11.75mm,21.05mm) on L6 BOTTOM",0
VIA,R195:VDiv,VDiv,Multi Layer,14.025,21.625,,,,0.6,0.3,"VDiv|Pad RV1-1(11.5mm,24.8mm) on L6 BOTTOM|Pad U1-12(11.75mm,21.05mm) on L6 BOTTOM",0
TRACK,R196:3V0_ANA,3V0_ANA,Top Layer,50.275,31.125,50.275,31.375,0.4,,,"3V0_ANA|Pad U_MCU1-22(50.342mm,31mm) on L1 TOP [Unplated]|Pad U_MCU1-21(50.342mm,31.5mm) on L1 TOP [Unplated]",0
TRACK,R197:VSYS,VSYS,Bottom Layer,15.075,39.275,15.075,39.575,0.4,,,"VSYS|Pad UP1-11(15mm,39.15mm) on L6 BOTTOM|Pad UP1-10(15mm,39.65mm) on L6 BOTTOM",0
TRACK,R198:VBAT_CELL,VBAT_CELL,Bottom Layer,12.125,39.275,12.125,39.575,0.4,,,"VBAT_CELL|Pad UP1-2(12.2mm,39.15mm) on L6 BOTTOM|Pad UP1-3(12.2mm,39.65mm) on L6 BOTTOM",0
TRACK,R199:VBAT_CELL,VBAT_CELL,Bottom Layer,20.825,32.125,20.825,32.425,0.4,,,"VBAT_CELL|Pad UP4-3(20.745mm,32.025mm) on L6 BOTTOM|Pad UP4-2(20.745mm,32.525mm) on L6 BOTTOM",0
TRACK,R202:3V0_ANA,3V0_ANA,Top Layer,20.525,19.275,20.675,19.425,0.4,,,"3V0_ANA|Via (20.344mm,19.136mm) from L1 TOP to L6 BOTTOM|Pad CCU2-2(20.85mm,19.55mm) on L1 TOP",0
TRACK,R203:3V3_DIG VIP,3V3_DIG,Top Layer,48.875,36.725,48.875,38.025,0.4,,,"3V3_DIG|Pad C_MCU_VDD1-2(48.659mm,36.5mm) on L1 TOP|Track (49.122mm,37.133mm)(49.317mm,37.133mm) on L6 BOTTOM",0
TRACK,R203:3V3_DIG VIP,3V3_DIG,Top Layer,48.875,38.025,48.925,38.075,0.4,,,"3V3_DIG|Pad C_MCU_VDD1-2(48.659mm,36.5mm) on L1 TOP|Track (49.122mm,37.133mm)(49.317mm,37.133mm) on L6 BOTTOM",0
VIA,R203:3V3_DIG VIP,3V3_DIG,Multi Layer,48.925,38.075,,,,0.6,0.3,"3V3_DIG|Pad C_MCU_VDD1-2(48.659mm,36.5mm) on L1 TOP|Track (49.122mm,37.133mm)(49.317mm,37.133mm) on L6 BOTTOM",0
TRACK,R204:3V3_DIG,3V3_DIG,Top Layer,48.775,38.825,48.775,38.375,0.4,,,"3V3_DIG|Pad C_VBAT-2(48.659mm,39mm) on L1 TOP|Track (49.033mm,38.134mm)(49.323mm,38.134mm) on L6 BOTTOM",0
TRACK,R205:VSYS,VSYS,Bottom Layer,43.875,42.025,43.875,42.525,0.4,,,"VSYS|Pad U_UV1-6(43.973mm,41.792mm) on L6 BOTTOM|Pad U_UV1-5(43.973mm,42.742mm) on L6 BOTTOM",0
TRACK,R206:3V0_ANA,3V0_ANA,Bottom Layer,30.225,20.975,30.775,20.975,0.4,,,"3V0_ANA|Pad CU_22-1(30.05mm,20.95mm) on L6 BOTTOM|Pad CU_12-2(31.021mm,20.95mm) on L6 BOTTOM",0
TRACK,R207:3V0_ANA,3V0_ANA,Bottom Layer,51.825,20.975,52.375,20.975,0.4,,,"3V0_ANA|Pad CU_24-1(51.65mm,20.95mm) on L6 BOTTOM|Pad CU_14-2(52.621mm,20.95mm) on L6 BOTTOM",0
TRACK,R208:3V0_ANA,3V0_ANA,Bottom Layer,19.875,19.675,20.225,19.325,0.4,,,"3V0_ANA|Pad CU_11-2(19.679mm,19.85mm) on L6 BOTTOM|Track (20.344mm,19.136mm)(20.65mm,19.85mm) on L6 BOTTOM",0
TRACK,R209:3V3_DIG,3V3_DIG,Bottom Layer,16.775,32.825,16.775,33.325,0.4,,,"3V3_DIG|Pad R_SCL-2(16.908mm,32.575mm) on L6 BOTTOM|Pad R_SDA-2(16.908mm,33.575mm) on L6 BOTTOM",0
TRACK,R210:3V3_DIG,3V3_DIG,Top Layer,66.525,40.575,66.725,40.575,0.15,,,"3V3_DIG|Pad U_MCU1-73(65.818mm,40.5mm) on L1 TOP [Unplated]|Pad U_MCU1-75(65.818mm,41.5mm) on L1 TOP [Unplated]",0
TRACK,R210:3V3_DIG,3V3_DIG,Top Layer,66.725,40.575,66.825,40.675,0.15,,,"3V3_DIG|Pad U_MCU1-73(65.818mm,40.5mm) on L1 TOP [Unplated]|Pad U_MCU1-75(65.818mm,41.5mm) on L1 TOP [Unplated]",0
TRACK,R210:3V3_DIG,3V3_DIG,Top Layer,66.825,40.675,66.825,41.375,0.15,,,"3V3_DIG|Pad U_MCU1-73(65.818mm,40.5mm) on L1 TOP [Unplated]|Pad U_MCU1-75(65.818mm,41.5mm) on L1 TOP [Unplated]",0
TRACK,R210:3V3_DIG,3V3_DIG,Top Layer,66.825,41.375,66.725,41.475,0.15,,,"3V3_DIG|Pad U_MCU1-73(65.818mm,40.5mm) on L1 TOP [Unplated]|Pad U_MCU1-75(65.818mm,41.5mm) on L1 TOP [Unplated]",0
TRACK,R210:3V3_DIG,3V3_DIG,Top Layer,66.725,41.475,66.525,41.475,0.15,,,"3V3_DIG|Pad U_MCU1-73(65.818mm,40.5mm) on L1 TOP [Unplated]|Pad U_MCU1-75(65.818mm,41.5mm) on L1 TOP [Unplated]",0
TRACK,R211:3V0_ANA,3V0_ANA,Top Layer,20.675,19.775,20.675,20.375,0.4,,,"3V0_ANA|Pad CCU2-2(20.85mm,19.55mm) on L1 TOP|Pad CCU1-1(20.871mm,20.55mm) on L1 TOP",0
TRACK,R212:3V0_ANA,3V0_ANA,Top Layer,42.325,19.775,42.325,20.375,0.4,,,"3V0_ANA|Pad CCU5-2(42.45mm,19.55mm) on L1 TOP|Pad CCU6-1(42.471mm,20.55mm) on L1 TOP",0
TRACK,R213:3V0_ANA,3V0_ANA,Top Layer,63.925,19.775,63.925,20.375,0.4,,,"3V0_ANA|Pad CCU9-2(64.05mm,19.55mm) on L1 TOP|Pad CCU10-1(64.071mm,20.55mm) on L1 TOP",0
TRACK,R214:3V0_ANA,3V0_ANA,Top Layer,31.475,19.775,31.475,20.375,0.4,,,"3V0_ANA|Pad CCU3-2(31.65mm,19.55mm) on L1 TOP|Pad CCU4-1(31.671mm,20.55mm) on L1 TOP",0
TRACK,R215:3V0_ANA,3V0_ANA,Top Layer,53.075,19.775,53.075,20.375,0.4,,,"3V0_ANA|Pad CCU7-2(53.25mm,19.55mm) on L1 TOP|Pad CCU8-1(53.271mm,20.55mm) on L1 TOP",0
TRACK,R216:3V3_DIG,3V3_DIG,Top Layer,51.025,39.075,51.275,39.075,0.15,,,"3V3_DIG|Pad U_MCU1-6(50.342mm,39mm) on L1 TOP [Unplated]|Pad UP2-6(51.062mm,39.699mm) on L6 BOTTOM",0
TRACK,R216:3V3_DIG,3V3_DIG,Top Layer,51.275,39.075,52.175,39.975,0.15,,,"3V3_DIG|Pad U_MCU1-6(50.342mm,39mm) on L1 TOP [Unplated]|Pad UP2-6(51.062mm,39.699mm) on L6 BOTTOM",0
TRACK,R216:3V3_DIG,3V3_DIG,Top Layer,52.175,39.975,52.175,40.425,0.15,,,"3V3_DIG|Pad U_MCU1-6(50.342mm,39mm) on L1 TOP [Unplated]|Pad UP2-6(51.062mm,39.699mm) on L6 BOTTOM",0
TRACK,R216:3V3_DIG,3V3_DIG,Bottom Layer,52.175,40.425,51.225,40.425,0.15,,,"3V3_DIG|Pad U_MCU1-6(50.342mm,39mm) on L1 TOP [Unplated]|Pad UP2-6(51.062mm,39.699mm) on L6 BOTTOM",0
TRACK,R216:3V3_DIG,3V3_DIG,Bottom Layer,51.225,40.425,51.075,40.275,0.15,,,"3V3_DIG|Pad U_MCU1-6(50.342mm,39mm) on L1 TOP [Unplated]|Pad UP2-6(51.062mm,39.699mm) on L6 BOTTOM",0
TRACK,R216:3V3_DIG,3V3_DIG,Bottom Layer,51.075,40.275,51.075,40.025,0.15,,,"3V3_DIG|Pad U_MCU1-6(50.342mm,39mm) on L1 TOP [Unplated]|Pad UP2-6(51.062mm,39.699mm) on L6 BOTTOM",0
VIA,R216:3V3_DIG,3V3_DIG,Multi Layer,52.175,40.425,,,,0.6,0.3,"3V3_DIG|Pad U_MCU1-6(50.342mm,39mm) on L1 TOP [Unplated]|Pad UP2-6(51.062mm,39.699mm) on L6 BOTTOM",0
TRACK,R217:VBAT_CELL,VBAT_CELL,Bottom Layer,21.075,32.125,21.525,32.125,0.4,,,"VBAT_CELL|Pad UP4-3(20.745mm,32.025mm) on L6 BOTTOM|Pad CU6_1-2(21.781mm,31.975mm) on L6 BOTTOM",0
TRACK,R218:VSYS,VSYS,Bottom Layer,44.325,41.675,44.775,41.675,0.4,,,"VSYS|Pad U_UV1-6(43.973mm,41.792mm) on L6 BOTTOM|Pad C_UV_BYPASS-1(45.02mm,41.642mm) on L6 BOTTOM",0
TRACK,R219:VSYS VIP,VSYS,Bottom Layer,18.475,39.425,18.475,38.925,0.4,,,"VSYS|Pad R_CHG_LED-1(18.2mm,39.65mm) on L6 BOTTOM|Pad Free-TP_VSYS(18.617mm,38.659mm) on L1 TOP",0
VIA,R219:VSYS VIP,VSYS,Multi Layer,18.475,38.925,,,,0.6,0.3,"VSYS|Pad R_CHG_LED-1(18.2mm,39.65mm) on L6 BOTTOM|Pad Free-TP_VSYS(18.617mm,38.659mm) on L1 TOP",0
TRACK,R220:3V3_DIG,3V3_DIG,Top Layer,40.825,33.225,40.825,32.725,0.4,,,"3V3_DIG|Pad U_WIFI1-16(40.855mm,33.584mm) on L1 TOP [Unplated]|Pad C_WIFI_VDD33_HF-1(40.855mm,32.475mm) on L1 TOP",0
TRACK,R221:3V3_DIG,3V3_DIG,Top Layer,31.925,33.225,31.925,32.725,0.4,,,"3V3_DIG|Pad U_WIFI1-9(31.965mm,33.584mm) on L1 TOP [Unplated]|Pad C_WIFI_VDDIO1_HF-1(31.965mm,32.475mm) on L1 TOP",0
TRACK,R222:3V3_DIG,3V3_DIG,Bottom Layer,16.675,31.775,16.675,32.325,0.4,,,"3V3_DIG|Pad R_AL-2(16.684mm,31.475mm) on L6 BOTTOM|Pad R_SCL-2(16.908mm,32.575mm) on L6 BOTTOM",0
TRACK,R223:3V3_DIG,3V3_DIG,Bottom Layer,36.875,29.375,37.275,29.375,0.4,,,"3V3_DIG|Pad UP3-1(36.3mm,29.288mm) on L6 BOTTOM|Pad CUP5_1-1(37.45mm,29.338mm) on L6 BOTTOM",0
TRACK,R224:3V0_ANA,3V0_ANA,Top Layer,63.025,20.325,63.725,20.325,0.4,,,"3V0_ANA|Pad INA5-5(62.875mm,20.55mm) on L1 TOP|Pad CCU10-1(64.071mm,20.55mm) on L1 TOP",0
TRACK,R225:3V0_ANA,3V0_ANA,Top Layer,19.825,20.025,20.125,19.725,0.4,,,"3V0_ANA|Pad INA1-5(19.675mm,20.55mm) on L1 TOP|Pad CCU1-1(20.871mm,20.55mm) on L1 TOP",0
TRACK,R225:3V0_ANA,3V0_ANA,Top Layer,20.125,19.725,20.475,19.725,0.4,,,"3V0_ANA|Pad INA1-5(19.675mm,20.55mm) on L1 TOP|Pad CCU1-1(20.871mm,20.55mm) on L1 TOP",0
TRACK,R226:3V0_ANA,3V0_ANA,Top Layer,30.625,20.125,31.275,20.125,0.4,,,"3V0_ANA|Pad INA2-5(30.475mm,20.55mm) on L1 TOP|Pad CCU4-1(31.671mm,20.55mm) on L1 TOP",0
TRACK,R227:3V0_ANA,3V0_ANA,Top Layer,41.425,20.325,42.125,20.325,0.4,,,"3V0_ANA|Pad INA3-5(41.275mm,20.55mm) on L1 TOP|Pad CCU6-1(42.471mm,20.55mm) on L1 TOP",0
TRACK,R228:3V0_ANA,3V0_ANA,Top Layer,52.225,20.075,52.875,20.075,0.4,,,"3V0_ANA|Pad INA4-5(52.075mm,20.55mm) on L1 TOP|Pad CCU8-1(53.271mm,20.55mm) on L1 TOP",0
TRACK,R229:3V0_ANA,3V0_ANA,Top Layer,49.075,32.025,49.075,32.925,0.4,,,"3V0_ANA|Pad C3_MCU-1(48.959mm,31.8mm) on L1 TOP|Pad C1_MCU-1(48.959mm,33.1mm) on L1 TOP",0
TRACK,R230:3V0_ANA,3V0_ANA,Top Layer,47.025,32.025,47.025,32.875,0.4,,,"3V0_ANA|Pad C4_MCU-2(46.98mm,31.8mm) on L1 TOP|Pad C2_MCU-2(46.98mm,33.1mm) on L1 TOP",0
TRACK,R231:3V3_DIG,3V3_DIG,Top Layer,67.225,40.325,67.225,41.325,0.4,,,"3V3_DIG|Pad C_VDDUSB-1(67.401mm,40.1mm) on L1 TOP|Pad C_MCU_VDD4-1(67.401mm,41.5mm) on L1 TOP",0
TRACK,R232:3V0_ANA,3V0_ANA,Top Layer,49.175,31.625,49.375,31.425,0.4,,,"3V0_ANA|Pad C3_MCU-1(48.959mm,31.8mm) on L1 TOP|Pad U_MCU1-21(50.342mm,31.5mm) on L1 TOP [Unplated]",0
TRACK,R232:3V0_ANA,3V0_ANA,Top Layer,49.375,31.425,49.625,31.425,0.4,,,"3V0_ANA|Pad C3_MCU-1(48.959mm,31.8mm) on L1 TOP|Pad U_MCU1-21(50.342mm,31.5mm) on L1 TOP [Unplated]",0
TRACK,R233:3V3_DIG,3V3_DIG,Top Layer,67.325,41.725,67.325,42.625,0.4,,,"3V3_DIG|Pad C_MCU_VDD4-1(67.401mm,41.5mm) on L1 TOP|Pad C_MCU_BULK-1(67.83mm,42.95mm) on L1 TOP",0
TRACK,R234:3V3_DIG,3V3_DIG,Top Layer,66.875,41.425,67.025,41.425,0.4,,,"3V3_DIG|Pad U_MCU1-75(65.818mm,41.5mm) on L1 TOP [Unplated]|Pad C_MCU_VDD4-1(67.401mm,41.5mm) on L1 TOP",0
TRACK,R235:3V3_DIG,3V3_DIG,Bottom Layer,36.975,30.325,36.975,29.575,0.4,,,"3V3_DIG|Pad CUP5_5-1(37.3mm,30.937mm) on L6 BOTTOM|Pad CUP5_1-1(37.45mm,29.338mm) on L6 BOTTOM",0
TRACK,R236:VBUS,VBUS,Bottom Layer,13.975,36.625,13.975,36.7,0.4,,,"VBUS|Pad C_IN_-1(13.95mm,36.4mm) on L6 BOTTOM|Pad UP1-13(14.35mm,38mm) on L6 BOTTOM",0
TRACK,R236:VBUS,VBUS,Bottom Layer,13.975,36.7,13.975,37.125,0.4,,,"VBUS|Pad C_IN_-1(13.95mm,36.4mm) on L6 BOTTOM|Pad UP1-13(14.35mm,38mm) on L6 BOTTOM",0
TRACK,R236:VBUS,VBUS,Bottom Layer,13.975,37.125,14.375,37.525,0.4,,,"VBUS|Pad C_IN_-1(13.95mm,36.4mm) on L6 BOTTOM|Pad UP1-13(14.35mm,38mm) on L6 BOTTOM",0
TRACK,R236:VBUS,VBUS,Bottom Layer,14.375,37.525,14.375,37.725,0.4,,,"VBUS|Pad C_IN_-1(13.95mm,36.4mm) on L6 BOTTOM|Pad UP1-13(14.35mm,38mm) on L6 BOTTOM",0
TRACK,R237:VSYS,VSYS,Bottom Layer,15.275,39.225,15.775,39.225,0.4,,,"VSYS|Pad UP1-11(15mm,39.15mm) on L6 BOTTOM|Pad C_OUT_-1(16.6mm,38.7mm) on L6 BOTTOM",0
TRACK,R237:VSYS,VSYS,Bottom Layer,15.775,39.225,15.975,39.025,0.4,,,"VSYS|Pad UP1-11(15mm,39.15mm) on L6 BOTTOM|Pad C_OUT_-1(16.6mm,38.7mm) on L6 BOTTOM",0
TRACK,R238:3V3_DIG,3V3_DIG,Top Layer,49.025,36.675,49.275,36.675,0.15,,,"3V3_DIG|Pad C_MCU_VDD1-2(48.659mm,36.5mm) on L1 TOP|Pad U_MCU1-11(50.342mm,36.5mm) on L1 TOP [Unplated]",0
TRACK,R238:3V3_DIG,3V3_DIG,Top Layer,49.275,36.675,49.375,36.575,0.15,,,"3V3_DIG|Pad C_MCU_VDD1-2(48.659mm,36.5mm) on L1 TOP|Pad U_MCU1-11(50.342mm,36.5mm) on L1 TOP [Unplated]",0
TRACK,R238:3V3_DIG,3V3_DIG,Top Layer,49.375,36.575,49.625,36.575,0.15,,,"3V3_DIG|Pad C_MCU_VDD1-2(48.659mm,36.5mm) on L1 TOP|Pad U_MCU1-11(50.342mm,36.5mm) on L1 TOP [Unplated]",0
TRACK,R239:3V3_DIG,3V3_DIG,Top Layer,53.075,26.325,53.075,27.075,0.15,,,"3V3_DIG|Pad C_MCU_VDD2-2(53.08mm,26.079mm) on L1 TOP|Pad U_MCU1-28(53.08mm,27.762mm) on L1 TOP [Unplated]",0
TRACK,R240:3V3_DIG,3V3_DIG,Mid Layer 4,49.175,38.225,49.3185,38.3685,0.4,,,"3V3_DIG|Pad C_VBAT-2(48.659mm,39mm) on L1 TOP|Pad U_MCU1-6(50.342mm,39mm) on L1 TOP [Unplated]",0
TRACK,R240:3V3_DIG,3V3_DIG,Mid Layer 4,49.3185,38.3685,51.275,40.325,0.4,,,"3V3_DIG|Pad C_VBAT-2(48.659mm,39mm) on L1 TOP|Pad U_MCU1-6(50.342mm,39mm) on L1 TOP [Unplated]",0
TRACK,R240:3V3_DIG,3V3_DIG,Mid Layer 4,51.275,40.325,51.875,40.325,0.4,,,"3V3_DIG|Pad C_VBAT-2(48.659mm,39mm) on L1 TOP|Pad U_MCU1-6(50.342mm,39mm) on L1 TOP [Unplated]",0
TRACK,R241:3V3_DIG,3V3_DIG,Top Layer,64.175,27.075,64.725,26.525,0.4,,,"3V3_DIG|Pad U_MCU1-50(64.08mm,27.762mm) on L1 TOP [Unplated]|Pad C_MCU_VDD3-2(65.08mm,26.279mm) on L1 TOP",0
TRACK,R241:3V3_DIG,3V3_DIG,Top Layer,64.725,26.525,64.875,26.525,0.4,,,"3V3_DIG|Pad U_MCU1-50(64.08mm,27.762mm) on L1 TOP [Unplated]|Pad C_MCU_VDD3-2(65.08mm,26.279mm) on L1 TOP",0
TRACK,R242:3V3_DIG,3V3_DIG,Top Layer,51.625,44.825,51.625,44.325,0.4,,,"3V3_DIG|Pad C_MCU_VDD5-1(51.701mm,45.03mm) on L1 TOP|Pad U_MCU1-100(52.08mm,43.238mm) on L1 TOP [Unplated]",0
TRACK,R242:3V3_DIG,3V3_DIG,Top Layer,51.625,44.325,51.975,43.975,0.4,,,"3V3_DIG|Pad C_MCU_VDD5-1(51.701mm,45.03mm) on L1 TOP|Pad U_MCU1-100(52.08mm,43.238mm) on L1 TOP [Unplated]",0
TRACK,R243:3V3_DIG VIP,3V3_DIG,Mid Layer 4,47.575,34.975,48.175,34.975,0.4,,,"3V3_DIG|Pad R_NRST-2(47.58mm,35mm) on L1 TOP|Pad C_MCU_VDD1-2(48.659mm,36.5mm) on L1 TOP",0
TRACK,R243:3V3_DIG VIP,3V3_DIG,Mid Layer 4,48.175,34.975,48.6045,35.4045,0.4,,,"3V3_DIG|Pad R_NRST-2(47.58mm,35mm) on L1 TOP|Pad C_MCU_VDD1-2(48.659mm,36.5mm) on L1 TOP",0
TRACK,R243:3V3_DIG VIP,3V3_DIG,Mid Layer 4,48.6045,35.4045,48.925,35.725,0.4,,,"3V3_DIG|Pad R_NRST-2(47.58mm,35mm) on L1 TOP|Pad C_MCU_VDD1-2(48.659mm,36.5mm) on L1 TOP",0
TRACK,R243:3V3_DIG VIP,3V3_DIG,Mid Layer 4,48.925,35.725,48.925,37.825,0.4,,,"3V3_DIG|Pad R_NRST-2(47.58mm,35mm) on L1 TOP|Pad C_MCU_VDD1-2(48.659mm,36.5mm) on L1 TOP",0
VIA,R243:3V3_DIG VIP,3V3_DIG,Multi Layer,47.575,34.975,,,,0.6,0.3,"3V3_DIG|Pad R_NRST-2(47.58mm,35mm) on L1 TOP|Pad C_MCU_VDD1-2(48.659mm,36.5mm) on L1 TOP",0
TRACK,R244:VSYS,VSYS,Bottom Layer,17.225,38.975,18.175,38.975,0.4,,,"VSYS|Pad C_OUT_-1(16.6mm,38.7mm) on L6 BOTTOM|Pad R_CHG_LED-1(18.2mm,39.65mm) on L6 BOTTOM",0
TRACK,R245:3V3_DIG,3V3_DIG,Top Layer,30.675,32.775,31.125,32.775,0.4,,,"3V3_DIG|Pad C_WIFI_VDDIO1-2(30.08mm,32.45mm) on L1 TOP|Pad C_WIFI_VDDIO1_HF-1(31.965mm,32.475mm) on L1 TOP",0
TRACK,R245:3V3_DIG,3V3_DIG,Top Layer,31.125,32.775,31.575,33.225,0.4,,,"3V3_DIG|Pad C_WIFI_VDDIO1-2(30.08mm,32.45mm) on L1 TOP|Pad C_WIFI_VDDIO1_HF-1(31.965mm,32.475mm) on L1 TOP",0
TRACK,R246:3V0_ANA,3V0_ANA,Top Layer,47.175,32.475,48.6045,32.475,0.15,,,"3V0_ANA|Pad C2_MCU-2(46.98mm,33.1mm) on L1 TOP|Pad C1_MCU-1(48.959mm,33.1mm) on L1 TOP",0
TRACK,R246:3V0_ANA,3V0_ANA,Top Layer,48.6045,32.475,48.875,32.475,0.15,,,"3V0_ANA|Pad C2_MCU-2(46.98mm,33.1mm) on L1 TOP|Pad C1_MCU-1(48.959mm,33.1mm) on L1 TOP",0
TRACK,R248:VBAT_CELL,VBAT_CELL,Top Layer,25.075,40.725,25.875,40.725,0.4,,,"VBAT_CELL|Pad J_Li-Po-3(24.369mm,40.534mm) on Multi-Layer|Pad Free-TP_VBAT_CELL(26.353mm,40.785mm) on L1 TOP",0
TRACK,R249:3V3_DIG,3V3_DIG,Top Layer,43.225,43.425,43.225,44.575,0.4,,,"3V3_DIG|Pad C_WIFI_VDDIO2-2(43.28mm,42.8mm) on L1 TOP|Pad C_WIFI_VDDIO2_HF-2(43.305mm,44.8mm) on L1 TOP",0
TRACK,R250:3V3_DIG,3V3_DIG,Top Layer,41.075,32.575,42.275,32.575,0.4,,,"3V3_DIG|Pad C_WIFI_VDD33_HF-1(40.855mm,32.475mm) on L1 TOP|Pad C_WIFI_VDD33-1(42.88mm,32.45mm) on L1 TOP",0
TRACK,R251:VBUS,VBUS,Bottom Layer,14.525,37.475,14.675,37.325,0.4,,,"VBUS|Pad C_IN_-1(13.95mm,36.4mm) on L6 BOTTOM|Pad Free-TP_VBUS(14.225mm,34.252mm) on L1 TOP",0
TRACK,R251:VBUS,VBUS,Top Layer,14.675,37.325,14.675,36.7,0.4,,,"VBUS|Pad C_IN_-1(13.95mm,36.4mm) on L6 BOTTOM|Pad Free-TP_VBUS(14.225mm,34.252mm) on L1 TOP",0
TRACK,R251:VBUS,VBUS,Top Layer,14.675,36.7,14.675,36.525,0.4,,,"VBUS|Pad C_IN_-1(13.95mm,36.4mm) on L6 BOTTOM|Pad Free-TP_VBUS(14.225mm,34.252mm) on L1 TOP",0
TRACK,R251:VBUS,VBUS,Top Layer,14.675,36.525,14.425,36.275,0.4,,,"VBUS|Pad C_IN_-1(13.95mm,36.4mm) on L6 BOTTOM|Pad Free-TP_VBUS(14.225mm,34.252mm) on L1 TOP",0
TRACK,R251:VBUS,VBUS,Top Layer,14.425,36.275,14.425,34.725,0.4,,,"VBUS|Pad C_IN_-1(13.95mm,36.4mm) on L6 BOTTOM|Pad Free-TP_VBUS(14.225mm,34.252mm) on L1 TOP",0
VIA,R251:VBUS,VBUS,Multi Layer,14.675,37.325,,,,0.6,0.3,"VBUS|Pad C_IN_-1(13.95mm,36.4mm) on L6 BOTTOM|Pad Free-TP_VBUS(14.225mm,34.252mm) on L1 TOP",0
TRACK,R253:3V0_ANA,3V0_ANA,Bottom Layer,29.875,20.725,29.875,20.575,0.15,,,"3V0_ANA|Pad CU_12-2(31.021mm,20.95mm) on L6 BOTTOM|Pad U2-4(33.25mm,20.4mm) on L6 BOTTOM",0
TRACK,R253:3V0_ANA,3V0_ANA,Bottom Layer,29.875,20.575,29.825,20.525,0.15,,,"3V0_ANA|Pad CU_12-2(31.021mm,20.95mm) on L6 BOTTOM|Pad U2-4(33.25mm,20.4mm) on L6 BOTTOM",0
TRACK,R253:3V0_ANA,3V0_ANA,Bottom Layer,29.825,20.525,29.775,20.525,0.15,,,"3V0_ANA|Pad CU_12-2(31.021mm,20.95mm) on L6 BOTTOM|Pad U2-4(33.25mm,20.4mm) on L6 BOTTOM",0
TRACK,R253:3V0_ANA,3V0_ANA,Bottom Layer,29.775,20.525,29.775,20.475,0.15,,,"3V0_ANA|Pad CU_12-2(31.021mm,20.95mm) on L6 BOTTOM|Pad U2-4(33.25mm,20.4mm) on L6 BOTTOM",0
TRACK,R253:3V0_ANA,3V0_ANA,Bottom Layer,29.775,20.475,29.725,20.475,0.15,,,"3V0_ANA|Pad CU_12-2(31.021mm,20.95mm) on L6 BOTTOM|Pad U2-4(33.25mm,20.4mm) on L6 BOTTOM",0
TRACK,R253:3V0_ANA,3V0_ANA,Bottom Layer,29.725,20.475,29.725,20.425,0.15,,,"3V0_ANA|Pad CU_12-2(31.021mm,20.95mm) on L6 BOTTOM|Pad U2-4(33.25mm,20.4mm) on L6 BOTTOM",0
TRACK,R253:3V0_ANA,3V0_ANA,Bottom Layer,29.725,20.425,29.675,20.425,0.15,,,"3V0_ANA|Pad CU_12-2(31.021mm,20.95mm) on L6 BOTTOM|Pad U2-4(33.25mm,20.4mm) on L6 BOTTOM",0
TRACK,R253:3V0_ANA,3V0_ANA,Bottom Layer,29.675,20.425,29.675,20.375,0.15,,,"3V0_ANA|Pad CU_12-2(31.021mm,20.95mm) on L6 BOTTOM|Pad U2-4(33.25mm,20.4mm) on L6 BOTTOM",0
TRACK,R253:3V0_ANA,3V0_ANA,Bottom Layer,29.675,20.375,29.625,20.375,0.15,,,"3V0_ANA|Pad CU_12-2(31.021mm,20.95mm) on L6 BOTTOM|Pad U2-4(33.25mm,20.4mm) on L6 BOTTOM",0
TRACK,R253:3V0_ANA,3V0_ANA,Bottom Layer,29.625,20.375,29.625,20.325,0.15,,,"3V0_ANA|Pad CU_12-2(31.021mm,20.95mm) on L6 BOTTOM|Pad U2-4(33.25mm,20.4mm) on L6 BOTTOM",0
TRACK,R253:3V0_ANA,3V0_ANA,Bottom Layer,29.625,20.325,28.425,20.325,0.15,,,"3V0_ANA|Pad CU_12-2(31.021mm,20.95mm) on L6 BOTTOM|Pad U2-4(33.25mm,20.4mm) on L6 BOTTOM",0
TRACK,R253:3V0_ANA,3V0_ANA,Bottom Layer,28.425,20.325,27.425,19.325,0.15,,,"3V0_ANA|Pad CU_12-2(31.021mm,20.95mm) on L6 BOTTOM|Pad U2-4(33.25mm,20.4mm) on L6 BOTTOM",0
TRACK,R253:3V0_ANA,3V0_ANA,Mid Layer 4,27.425,19.325,29.675,19.325,0.15,,,"3V0_ANA|Pad CU_12-2(31.021mm,20.95mm) on L6 BOTTOM|Pad U2-4(33.25mm,20.4mm) on L6 BOTTOM",0
TRACK,R253:3V0_ANA,3V0_ANA,Mid Layer 4,29.675,19.325,30.575,20.225,0.15,,,"3V0_ANA|Pad CU_12-2(31.021mm,20.95mm) on L6 BOTTOM|Pad U2-4(33.25mm,20.4mm) on L6 BOTTOM",0
TRACK,R253:3V0_ANA,3V0_ANA,Mid Layer 4,30.575,20.225,36.175,20.225,0.15,,,"3V0_ANA|Pad CU_12-2(31.021mm,20.95mm) on L6 BOTTOM|Pad U2-4(33.25mm,20.4mm) on L6 BOTTOM",0
TRACK,R253:3V0_ANA,3V0_ANA,Bottom Layer,36.175,20.225,34.325,20.225,0.15,,,"3V0_ANA|Pad CU_12-2(31.021mm,20.95mm) on L6 BOTTOM|Pad U2-4(33.25mm,20.4mm) on L6 BOTTOM",0
TRACK,R253:3V0_ANA,3V0_ANA,Bottom Layer,34.325,20.225,34.175,20.375,0.15,,,"3V0_ANA|Pad CU_12-2(31.021mm,20.95mm) on L6 BOTTOM|Pad U2-4(33.25mm,20.4mm) on L6 BOTTOM",0
TRACK,R253:3V0_ANA,3V0_ANA,Bottom Layer,34.175,20.375,34.075,20.375,0.15,,,"3V0_ANA|Pad CU_12-2(31.021mm,20.95mm) on L6 BOTTOM|Pad U2-4(33.25mm,20.4mm) on L6 BOTTOM",0
VIA,R253:3V0_ANA,3V0_ANA,Multi Layer,27.425,19.325,,,,0.45,0.2,"3V0_ANA|Pad CU_12-2(31.021mm,20.95mm) on L6 BOTTOM|Pad U2-4(33.25mm,20.4mm) on L6 BOTTOM",0
VIA,R253:3V0_ANA,3V0_ANA,Multi Layer,36.175,20.225,,,,0.45,0.2,"3V0_ANA|Pad CU_12-2(31.021mm,20.95mm) on L6 BOTTOM|Pad U2-4(33.25mm,20.4mm) on L6 BOTTOM",0
TRACK,R254:3V0_ANA,3V0_ANA,Bottom Layer,51.475,20.725,51.475,20.575,0.15,,,"3V0_ANA|Pad CU_14-2(52.621mm,20.95mm) on L6 BOTTOM|Pad U3-4(54.85mm,20.4mm) on L6 BOTTOM",0
TRACK,R254:3V0_ANA,3V0_ANA,Bottom Layer,51.475,20.575,51.425,20.525,0.15,,,"3V0_ANA|Pad CU_14-2(52.621mm,20.95mm) on L6 BOTTOM|Pad U3-4(54.85mm,20.4mm) on L6 BOTTOM",0
TRACK,R254:3V0_ANA,3V0_ANA,Bottom Layer,51.425,20.525,51.375,20.525,0.15,,,"3V0_ANA|Pad CU_14-2(52.621mm,20.95mm) on L6 BOTTOM|Pad U3-4(54.85mm,20.4mm) on L6 BOTTOM",0
TRACK,R254:3V0_ANA,3V0_ANA,Bottom Layer,51.375,20.525,51.375,20.475,0.15,,,"3V0_ANA|Pad CU_14-2(52.621mm,20.95mm) on L6 BOTTOM|Pad U3-4(54.85mm,20.4mm) on L6 BOTTOM",0
TRACK,R254:3V0_ANA,3V0_ANA,Bottom Layer,51.375,20.475,51.325,20.475,0.15,,,"3V0_ANA|Pad CU_14-2(52.621mm,20.95mm) on L6 BOTTOM|Pad U3-4(54.85mm,20.4mm) on L6 BOTTOM",0
TRACK,R254:3V0_ANA,3V0_ANA,Bottom Layer,51.325,20.475,51.325,20.425,0.15,,,"3V0_ANA|Pad CU_14-2(52.621mm,20.95mm) on L6 BOTTOM|Pad U3-4(54.85mm,20.4mm) on L6 BOTTOM",0
TRACK,R254:3V0_ANA,3V0_ANA,Bottom Layer,51.325,20.425,51.275,20.425,0.15,,,"3V0_ANA|Pad CU_14-2(52.621mm,20.95mm) on L6 BOTTOM|Pad U3-4(54.85mm,20.4mm) on L6 BOTTOM",0
TRACK,R254:3V0_ANA,3V0_ANA,Bottom Layer,51.275,20.425,51.275,20.375,0.15,,,"3V0_ANA|Pad CU_14-2(52.621mm,20.95mm) on L6 BOTTOM|Pad U3-4(54.85mm,20.4mm) on L6 BOTTOM",0
TRACK,R254:3V0_ANA,3V0_ANA,Bottom Layer,51.275,20.375,51.225,20.375,0.15,,,"3V0_ANA|Pad CU_14-2(52.621mm,20.95mm) on L6 BOTTOM|Pad U3-4(54.85mm,20.4mm) on L6 BOTTOM",0
TRACK,R254:3V0_ANA,3V0_ANA,Bottom Layer,51.225,20.375,51.225,20.325,0.15,,,"3V0_ANA|Pad CU_14-2(52.621mm,20.95mm) on L6 BOTTOM|Pad U3-4(54.85mm,20.4mm) on L6 BOTTOM",0
TRACK,R254:3V0_ANA,3V0_ANA,Bottom Layer,51.225,20.325,49.825,20.325,0.15,,,"3V0_ANA|Pad CU_14-2(52.621mm,20.95mm) on L6 BOTTOM|Pad U3-4(54.85mm,20.4mm) on L6 BOTTOM",0
TRACK,R254:3V0_ANA,3V0_ANA,Bottom Layer,49.825,20.325,49.575,20.075,0.15,,,"3V0_ANA|Pad CU_14-2(52.621mm,20.95mm) on L6 BOTTOM|Pad U3-4(54.85mm,20.4mm) on L6 BOTTOM",0
TRACK,R254:3V0_ANA,3V0_ANA,Bottom Layer,49.575,20.075,47.325,20.075,0.15,,,"3V0_ANA|Pad CU_14-2(52.621mm,20.95mm) on L6 BOTTOM|Pad U3-4(54.85mm,20.4mm) on L6 BOTTOM",0
TRACK,R254:3V0_ANA,3V0_ANA,Mid Layer 4,47.325,20.075,55.875,20.075,0.15,,,"3V0_ANA|Pad CU_14-2(52.621mm,20.95mm) on L6 BOTTOM|Pad U3-4(54.85mm,20.4mm) on L6 BOTTOM",0
TRACK,R254:3V0_ANA,3V0_ANA,Mid Layer 4,55.875,20.075,56.075,20.275,0.15,,,"3V0_ANA|Pad CU_14-2(52.621mm,20.95mm) on L6 BOTTOM|Pad U3-4(54.85mm,20.4mm) on L6 BOTTOM",0
TRACK,R254:3V0_ANA,3V0_ANA,Bottom Layer,56.075,20.275,55.875,20.275,0.15,,,"3V0_ANA|Pad CU_14-2(52.621mm,20.95mm) on L6 BOTTOM|Pad U3-4(54.85mm,20.4mm) on L6 BOTTOM",0
TRACK,R254:3V0_ANA,3V0_ANA,Bottom Layer,55.875,20.275,55.775,20.375,0.15,,,"3V0_ANA|Pad CU_14-2(52.621mm,20.95mm) on L6 BOTTOM|Pad U3-4(54.85mm,20.4mm) on L6 BOTTOM",0
TRACK,R254:3V0_ANA,3V0_ANA,Bottom Layer,55.775,20.375,55.675,20.375,0.15,,,"3V0_ANA|Pad CU_14-2(52.621mm,20.95mm) on L6 BOTTOM|Pad U3-4(54.85mm,20.4mm) on L6 BOTTOM",0
VIA,R254:3V0_ANA,3V0_ANA,Multi Layer,47.325,20.075,,,,0.45,0.2,"3V0_ANA|Pad CU_14-2(52.621mm,20.95mm) on L6 BOTTOM|Pad U3-4(54.85mm,20.4mm) on L6 BOTTOM",0
VIA,R254:3V0_ANA,3V0_ANA,Multi Layer,56.075,20.275,,,,0.45,0.2,"3V0_ANA|Pad CU_14-2(52.621mm,20.95mm) on L6 BOTTOM|Pad U3-4(54.85mm,20.4mm) on L6 BOTTOM",0
TRACK,R255:3V3_DIG,3V3_DIG,Top Layer,41.225,44.725,42.775,44.725,0.4,,,"3V3_DIG|Pad U_WIFI1-25(40.855mm,45.016mm) on L1 TOP [Unplated]|Pad C_WIFI_VDDIO2_HF-2(43.305mm,44.8mm) on L1 TOP",0
TRACK,R255:3V3_DIG,3V3_DIG,Top Layer,42.775,44.725,43.025,44.475,0.4,,,"3V3_DIG|Pad U_WIFI1-25(40.855mm,45.016mm) on L1 TOP [Unplated]|Pad C_WIFI_VDDIO2_HF-2(43.305mm,44.8mm) on L1 TOP",0
TRACK,R256:VBAT_CELL VIP,VBAT_CELL,Bottom Layer,11.925,39.075,11.675,39.075,0.15,,,"VBAT_CELL|Pad UP1-3(12.2mm,39.65mm) on L6 BOTTOM|Pad C_BAT-1(12.933mm,42.079mm) on L6 BOTTOM",0
TRACK,R256:VBAT_CELL VIP,VBAT_CELL,Bottom Layer,11.675,39.075,11.575,38.975,0.15,,,"VBAT_CELL|Pad UP1-3(12.2mm,39.65mm) on L6 BOTTOM|Pad C_BAT-1(12.933mm,42.079mm) on L6 BOTTOM",0
TRACK,R256:VBAT_CELL VIP,VBAT_CELL,Bottom Layer,11.575,38.975,11.575,38.075,0.15,,,"VBAT_CELL|Pad UP1-3(12.2mm,39.65mm) on L6 BOTTOM|Pad C_BAT-1(12.933mm,42.079mm) on L6 BOTTOM",0
TRACK,R256:VBAT_CELL VIP,VBAT_CELL,Bottom Layer,11.575,38.075,11.725,37.925,0.15,,,"VBAT_CELL|Pad UP1-3(12.2mm,39.65mm) on L6 BOTTOM|Pad C_BAT-1(12.933mm,42.079mm) on L6 BOTTOM",0
TRACK,R256:VBAT_CELL VIP,VBAT_CELL,Mid Layer 4,11.725,37.925,11.725,40.625,0.15,,,"VBAT_CELL|Pad UP1-3(12.2mm,39.65mm) on L6 BOTTOM|Pad C_BAT-1(12.933mm,42.079mm) on L6 BOTTOM",0
TRACK,R256:VBAT_CELL VIP,VBAT_CELL,Mid Layer 4,11.725,40.625,12.875,41.775,0.15,,,"VBAT_CELL|Pad UP1-3(12.2mm,39.65mm) on L6 BOTTOM|Pad C_BAT-1(12.933mm,42.079mm) on L6 BOTTOM",0
VIA,R256:VBAT_CELL VIP,VBAT_CELL,Multi Layer,11.725,37.925,,,,0.6,0.3,"VBAT_CELL|Pad UP1-3(12.2mm,39.65mm) on L6 BOTTOM|Pad C_BAT-1(12.933mm,42.079mm) on L6 BOTTOM",0
VIA,R256:VBAT_CELL VIP,VBAT_CELL,Multi Layer,12.875,41.775,,,,0.6,0.3,"VBAT_CELL|Pad UP1-3(12.2mm,39.65mm) on L6 BOTTOM|Pad C_BAT-1(12.933mm,42.079mm) on L6 BOTTOM",0
TRACK,R257:VSYS,VSYS,Bottom Layer,41.775,43.575,42.575,43.575,0.4,,,"VSYS|Pad U_UV1-3(41.423mm,43.692mm) on L6 BOTTOM|Pad U_UV1-5(43.973mm,42.742mm) on L6 BOTTOM",0
TRACK,R257:VSYS,VSYS,Bottom Layer,42.575,43.575,43.575,42.575,0.4,,,"VSYS|Pad U_UV1-3(41.423mm,43.692mm) on L6 BOTTOM|Pad U_UV1-5(43.973mm,42.742mm) on L6 BOTTOM",0
TRACK,R260:3V3_DIG,3V3_DIG,Bottom Layer,46.325,40.825,47.475,40.825,0.4,,,"3V3_DIG|Pad C_WIFI_BULK-2(45.58mm,40.226mm) on L6 BOTTOM|Pad C_VBAT-2(48.659mm,39mm) on L1 TOP",0
TRACK,R261:VBUS,VBUS,Top Layer,18.775,33.575,18.775,34.16,0.4,,,"VBUS|Pad D_VBUS-1(18.5mm,33.3mm) on L1 TOP|Pad C_VBUS-2(19.1mm,36.6mm) on L1 TOP",0
TRACK,R261:VBUS,VBUS,Top Layer,18.775,34.16,18.775,34.375,0.4,,,"VBUS|Pad D_VBUS-1(18.5mm,33.3mm) on L1 TOP|Pad C_VBUS-2(19.1mm,36.6mm) on L1 TOP",0
TRACK,R261:VBUS,VBUS,Top Layer,18.775,34.375,19.325,34.925,0.4,,,"VBUS|Pad D_VBUS-1(18.5mm,33.3mm) on L1 TOP|Pad C_VBUS-2(19.1mm,36.6mm) on L1 TOP",0
TRACK,R261:VBUS,VBUS,Top Layer,19.325,34.925,19.325,36.325,0.4,,,"VBUS|Pad D_VBUS-1(18.5mm,33.3mm) on L1 TOP|Pad C_VBUS-2(19.1mm,36.6mm) on L1 TOP",0
TRACK,R261:VBUS,VBUS,Top Layer,19.325,36.325,19.275,36.375,0.4,,,"VBUS|Pad D_VBUS-1(18.5mm,33.3mm) on L1 TOP|Pad C_VBUS-2(19.1mm,36.6mm) on L1 TOP",0
TRACK,R262:VSYS VIP,VSYS,Mid Layer 4,43.175,38.475,43.175,40.825,0.4,,,"VSYS|Pad R_EN-1(43.198mm,38.442mm) on L6 BOTTOM|Pad U_UV1-6(43.973mm,41.792mm) on L6 BOTTOM",0
TRACK,R262:VSYS VIP,VSYS,Mid Layer 4,43.175,40.825,44.125,41.775,0.4,,,"VSYS|Pad R_EN-1(43.198mm,38.442mm) on L6 BOTTOM|Pad U_UV1-6(43.973mm,41.792mm) on L6 BOTTOM",0
VIA,R262:VSYS VIP,VSYS,Multi Layer,43.175,38.475,,,,0.6,0.3,"VSYS|Pad R_EN-1(43.198mm,38.442mm) on L6 BOTTOM|Pad U_UV1-6(43.973mm,41.792mm) on L6 BOTTOM",0
VIA,R262:VSYS VIP,VSYS,Multi Layer,44.125,41.775,,,,0.6,0.3,"VSYS|Pad R_EN-1(43.198mm,38.442mm) on L6 BOTTOM|Pad U_UV1-6(43.973mm,41.792mm) on L6 BOTTOM",0
TRACK,R263:3V3_DIG VIP,3V3_DIG,Top Layer,43.275,42.175,43.275,41.375,0.4,,,"3V3_DIG|Pad C_WIFI_VDDIO2-2(43.28mm,42.8mm) on L1 TOP|Pad C_WIFI_BULK-2(45.58mm,40.226mm) on L6 BOTTOM",0
TRACK,R263:3V3_DIG VIP,3V3_DIG,Top Layer,43.275,41.375,43.925,40.725,0.4,,,"3V3_DIG|Pad C_WIFI_VDDIO2-2(43.28mm,42.8mm) on L1 TOP|Pad C_WIFI_BULK-2(45.58mm,40.226mm) on L6 BOTTOM",0
TRACK,R263:3V3_DIG VIP,3V3_DIG,Top Layer,43.925,40.725,45.025,40.725,0.4,,,"3V3_DIG|Pad C_WIFI_VDDIO2-2(43.28mm,42.8mm) on L1 TOP|Pad C_WIFI_BULK-2(45.58mm,40.226mm) on L6 BOTTOM",0
VIA,R263:3V3_DIG VIP,3V3_DIG,Multi Layer,45.025,40.725,,,,0.6,0.3,"3V3_DIG|Pad C_WIFI_VDDIO2-2(43.28mm,42.8mm) on L1 TOP|Pad C_WIFI_BULK-2(45.58mm,40.226mm) on L6 BOTTOM",0
TRACK,R265:3V3_DIG,3V3_DIG,Top Layer,52.025,40.725,52.025,42.375,0.4,,,"3V3_DIG|Pad Free-TP_3V3_DIG(48.695mm,41.786mm) on L1 TOP|Pad U_MCU1-100(52.08mm,43.238mm) on L1 TOP [Unplated]",0
TRACK,R265:3V3_DIG,3V3_DIG,Top Layer,52.025,42.375,51.975,42.425,0.4,,,"3V3_DIG|Pad Free-TP_3V3_DIG(48.695mm,41.786mm) on L1 TOP|Pad U_MCU1-100(52.08mm,43.238mm) on L1 TOP [Unplated]",0
TRACK,R265:3V3_DIG,3V3_DIG,Top Layer,51.975,42.425,51.975,42.4985,0.4,,,"3V3_DIG|Pad Free-TP_3V3_DIG(48.695mm,41.786mm) on L1 TOP|Pad U_MCU1-100(52.08mm,43.238mm) on L1 TOP [Unplated]",0
TRACK,R265:3V3_DIG,3V3_DIG,Top Layer,51.975,42.4985,51.975,42.525,0.4,,,"3V3_DIG|Pad Free-TP_3V3_DIG(48.695mm,41.786mm) on L1 TOP|Pad U_MCU1-100(52.08mm,43.238mm) on L1 TOP [Unplated]",0
TRACK,R266:3V3_DIG VIP,3V3_DIG,Mid Layer 4,59.025,35.825,59.775,36.575,0.4,,,"3V3_DIG|Pad R_INT_PULLUP-1(59.114mm,35.75mm) on L6 BOTTOM|Pad R_KILL_PU-2(59.114mm,39.45mm) on L6 BOTTOM",0
TRACK,R266:3V3_DIG VIP,3V3_DIG,Mid Layer 4,59.775,36.575,59.775,38.575,0.4,,,"3V3_DIG|Pad R_INT_PULLUP-1(59.114mm,35.75mm) on L6 BOTTOM|Pad R_KILL_PU-2(59.114mm,39.45mm) on L6 BOTTOM",0
TRACK,R266:3V3_DIG VIP,3V3_DIG,Mid Layer 4,59.775,38.575,58.975,39.375,0.4,,,"3V3_DIG|Pad R_INT_PULLUP-1(59.114mm,35.75mm) on L6 BOTTOM|Pad R_KILL_PU-2(59.114mm,39.45mm) on L6 BOTTOM",0
VIA,R266:3V3_DIG VIP,3V3_DIG,Multi Layer,59.025,35.825,,,,0.6,0.3,"3V3_DIG|Pad R_INT_PULLUP-1(59.114mm,35.75mm) on L6 BOTTOM|Pad R_KILL_PU-2(59.114mm,39.45mm) on L6 BOTTOM",0
VIA,R266:3V3_DIG VIP,3V3_DIG,Multi Layer,58.975,39.375,,,,0.6,0.3,"3V3_DIG|Pad R_INT_PULLUP-1(59.114mm,35.75mm) on L6 BOTTOM|Pad R_KILL_PU-2(59.114mm,39.45mm) on L6 BOTTOM",0
TRACK,R267:3V3_DIG,3V3_DIG,Bottom Layer,30.775,36.975,30.775,36.675,0.4,,,"3V3_DIG|Pad R_WIFI_BOOT_OVR-1(30.759mm,37.205mm) on L6 BOTTOM|Pad U_WIFI1-9(31.965mm,33.584mm) on L1 TOP [Unplated]",0
TRACK,R267:3V3_DIG,3V3_DIG,Bottom Layer,30.775,36.675,31.725,35.725,0.4,,,"3V3_DIG|Pad R_WIFI_BOOT_OVR-1(30.759mm,37.205mm) on L6 BOTTOM|Pad U_WIFI1-9(31.965mm,33.584mm) on L1 TOP [Unplated]",0
TRACK,R267:3V3_DIG,3V3_DIG,Top Layer,31.725,35.725,31.725,33.975,0.4,,,"3V3_DIG|Pad R_WIFI_BOOT_OVR-1(30.759mm,37.205mm) on L6 BOTTOM|Pad U_WIFI1-9(31.965mm,33.584mm) on L1 TOP [Unplated]",0
VIA,R267:3V3_DIG,3V3_DIG,Multi Layer,31.725,35.725,,,,0.6,0.3,"3V3_DIG|Pad R_WIFI_BOOT_OVR-1(30.759mm,37.205mm) on L6 BOTTOM|Pad U_WIFI1-9(31.965mm,33.584mm) on L1 TOP [Unplated]",0
TRACK,R268:3V3_DIG VIP,3V3_DIG,Bottom Layer,37.625,31.575,38.375,32.325,0.4,,,"3V3_DIG|Pad CUP5_5-1(37.3mm,30.937mm) on L6 BOTTOM|Pad C_WIFI_VDD33_HF-1(40.855mm,32.475mm) on L1 TOP",0
TRACK,R268:3V3_DIG VIP,3V3_DIG,Bottom Layer,38.375,32.325,38.375,32.825,0.4,,,"3V3_DIG|Pad CUP5_5-1(37.3mm,30.937mm) on L6 BOTTOM|Pad C_WIFI_VDD33_HF-1(40.855mm,32.475mm) on L1 TOP",0
TRACK,R268:3V3_DIG VIP,3V3_DIG,Bottom Layer,38.375,32.825,39.175,33.625,0.4,,,"3V3_DIG|Pad CUP5_5-1(37.3mm,30.937mm) on L6 BOTTOM|Pad C_WIFI_VDD33_HF-1(40.855mm,32.475mm) on L1 TOP",0
TRACK,R268:3V3_DIG VIP,3V3_DIG,Bottom Layer,39.175,33.625,40.675,33.625,0.4,,,"3V3_DIG|Pad CUP5_5-1(37.3mm,30.937mm) on L6 BOTTOM|Pad C_WIFI_VDD33_HF-1(40.855mm,32.475mm) on L1 TOP",0
VIA,R268:3V3_DIG VIP,3V3_DIG,Multi Layer,40.675,33.625,,,,0.6,0.3,"3V3_DIG|Pad CUP5_5-1(37.3mm,30.937mm) on L6 BOTTOM|Pad C_WIFI_VDD33_HF-1(40.855mm,32.475mm) on L1 TOP",0
TRACK,R269:VSYS VIP,VSYS,Mid Layer 4,14.175,43.625,14.175,42.1,0.4,,,"VSYS|Pad R_EN1_BIAS-1(14.231mm,43.719mm) on L6 BOTTOM|Pad UP1-10(15mm,39.65mm) on L6 BOTTOM",0
TRACK,R269:VSYS VIP,VSYS,Mid Layer 4,14.175,42.1,14.175,41.175,0.4,,,"VSYS|Pad R_EN1_BIAS-1(14.231mm,43.719mm) on L6 BOTTOM|Pad UP1-10(15mm,39.65mm) on L6 BOTTOM",0
TRACK,R269:VSYS VIP,VSYS,Mid Layer 4,14.175,41.175,15.825,39.525,0.4,,,"VSYS|Pad R_EN1_BIAS-1(14.231mm,43.719mm) on L6 BOTTOM|Pad UP1-10(15mm,39.65mm) on L6 BOTTOM",0
TRACK,R269:VSYS VIP,VSYS,Bottom Layer,15.825,39.525,15.825,39.425,0.4,,,"VSYS|Pad R_EN1_BIAS-1(14.231mm,43.719mm) on L6 BOTTOM|Pad UP1-10(15mm,39.65mm) on L6 BOTTOM",0
VIA,R269:VSYS VIP,VSYS,Multi Layer,14.175,43.625,,,,0.6,0.3,"VSYS|Pad R_EN1_BIAS-1(14.231mm,43.719mm) on L6 BOTTOM|Pad UP1-10(15mm,39.65mm) on L6 BOTTOM",0
VIA,R269:VSYS VIP,VSYS,Multi Layer,15.825,39.525,,,,0.6,0.3,"VSYS|Pad R_EN1_BIAS-1(14.231mm,43.719mm) on L6 BOTTOM|Pad UP1-10(15mm,39.65mm) on L6 BOTTOM",0
TRACK,R271:3V0_ANA,3V0_ANA,Mid Layer 4,15.875,16.625,15.875,13.725,0.15,,,"3V0_ANA|Via (15.938mm,16.855mm) from L1 TOP to L6 BOTTOM|Via (15.95mm,12.55mm) from L1 TOP to L6 BOTTOM",0
TRACK,R271:3V0_ANA,3V0_ANA,Mid Layer 4,15.875,13.725,15.975,13.625,0.15,,,"3V0_ANA|Via (15.938mm,16.855mm) from L1 TOP to L6 BOTTOM|Via (15.95mm,12.55mm) from L1 TOP to L6 BOTTOM",0
TRACK,R271:3V0_ANA,3V0_ANA,Mid Layer 4,15.975,13.625,15.975,13.575,0.15,,,"3V0_ANA|Via (15.938mm,16.855mm) from L1 TOP to L6 BOTTOM|Via (15.95mm,12.55mm) from L1 TOP to L6 BOTTOM",0
TRACK,R271:3V0_ANA,3V0_ANA,Mid Layer 4,15.975,13.575,16.025,13.575,0.15,,,"3V0_ANA|Via (15.938mm,16.855mm) from L1 TOP to L6 BOTTOM|Via (15.95mm,12.55mm) from L1 TOP to L6 BOTTOM",0
TRACK,R271:3V0_ANA,3V0_ANA,Mid Layer 4,16.025,13.575,16.025,13.525,0.15,,,"3V0_ANA|Via (15.938mm,16.855mm) from L1 TOP to L6 BOTTOM|Via (15.95mm,12.55mm) from L1 TOP to L6 BOTTOM",0
TRACK,R271:3V0_ANA,3V0_ANA,Mid Layer 4,16.025,13.525,16.075,13.525,0.15,,,"3V0_ANA|Via (15.938mm,16.855mm) from L1 TOP to L6 BOTTOM|Via (15.95mm,12.55mm) from L1 TOP to L6 BOTTOM",0
TRACK,R271:3V0_ANA,3V0_ANA,Mid Layer 4,16.075,13.525,16.075,13.475,0.15,,,"3V0_ANA|Via (15.938mm,16.855mm) from L1 TOP to L6 BOTTOM|Via (15.95mm,12.55mm) from L1 TOP to L6 BOTTOM",0
TRACK,R271:3V0_ANA,3V0_ANA,Mid Layer 4,16.075,13.475,16.125,13.425,0.15,,,"3V0_ANA|Via (15.938mm,16.855mm) from L1 TOP to L6 BOTTOM|Via (15.95mm,12.55mm) from L1 TOP to L6 BOTTOM",0
TRACK,R271:3V0_ANA,3V0_ANA,Mid Layer 4,16.125,13.425,16.125,12.775,0.15,,,"3V0_ANA|Via (15.938mm,16.855mm) from L1 TOP to L6 BOTTOM|Via (15.95mm,12.55mm) from L1 TOP to L6 BOTTOM",0
TRACK,R273:3V3_DIG,3V3_DIG,Top Layer,43.475,32.775,44.025,32.775,0.4,,,"3V3_DIG|Pad C_WIFI_VDD33-1(42.88mm,32.45mm) on L1 TOP|Pad R_NRST-2(47.58mm,35mm) on L1 TOP",0
TRACK,R273:3V3_DIG,3V3_DIG,Mid Layer 4,44.025,32.775,46.375,35.125,0.4,,,"3V3_DIG|Pad C_WIFI_VDD33-1(42.88mm,32.45mm) on L1 TOP|Pad R_NRST-2(47.58mm,35mm) on L1 TOP",0
TRACK,R273:3V3_DIG,3V3_DIG,Mid Layer 4,46.375,35.125,47.275,35.125,0.4,,,"3V3_DIG|Pad C_WIFI_VDD33-1(42.88mm,32.45mm) on L1 TOP|Pad R_NRST-2(47.58mm,35mm) on L1 TOP",0
VIA,R273:3V3_DIG,3V3_DIG,Multi Layer,44.025,32.775,,,,0.6,0.3,"3V3_DIG|Pad C_WIFI_VDD33-1(42.88mm,32.45mm) on L1 TOP|Pad R_NRST-2(47.58mm,35mm) on L1 TOP",0
TRACK,R274:3V3_DIG VIP,3V3_DIG,Mid Layer 4,31.975,32.475,32.575,31.875,0.4,,,"3V3_DIG|Pad C_WIFI_VDDIO1_HF-1(31.965mm,32.475mm) on L1 TOP|Pad CUP5_5-1(37.3mm,30.937mm) on L6 BOTTOM",0
TRACK,R274:3V3_DIG VIP,3V3_DIG,Mid Layer 4,32.575,31.875,36.125,31.875,0.4,,,"3V3_DIG|Pad C_WIFI_VDDIO1_HF-1(31.965mm,32.475mm) on L1 TOP|Pad CUP5_5-1(37.3mm,30.937mm) on L6 BOTTOM",0
TRACK,R274:3V3_DIG VIP,3V3_DIG,Bottom Layer,36.125,31.875,36.675,31.875,0.4,,,"3V3_DIG|Pad C_WIFI_VDDIO1_HF-1(31.965mm,32.475mm) on L1 TOP|Pad CUP5_5-1(37.3mm,30.937mm) on L6 BOTTOM",0
TRACK,R274:3V3_DIG VIP,3V3_DIG,Bottom Layer,36.675,31.875,36.975,31.575,0.4,,,"3V3_DIG|Pad C_WIFI_VDDIO1_HF-1(31.965mm,32.475mm) on L1 TOP|Pad CUP5_5-1(37.3mm,30.937mm) on L6 BOTTOM",0
VIA,R274:3V3_DIG VIP,3V3_DIG,Multi Layer,31.975,32.475,,,,0.6,0.3,"3V3_DIG|Pad C_WIFI_VDDIO1_HF-1(31.965mm,32.475mm) on L1 TOP|Pad CUP5_5-1(37.3mm,30.937mm) on L6 BOTTOM",0
VIA,R274:3V3_DIG VIP,3V3_DIG,Multi Layer,36.125,31.875,,,,0.6,0.3,"3V3_DIG|Pad C_WIFI_VDDIO1_HF-1(31.965mm,32.475mm) on L1 TOP|Pad CUP5_5-1(37.3mm,30.937mm) on L6 BOTTOM",0
TRACK,R275:3V3_DIG,3V3_DIG,Top Layer,26.375,27.825,28.875,30.325,0.4,,,"3V3_DIG|Pad J_SWD-1(26.063mm,27.63mm) on L1 TOP|Pad C_WIFI_VDDIO1-2(30.08mm,32.45mm) on L1 TOP",0
TRACK,R275:3V3_DIG,3V3_DIG,Top Layer,28.875,30.325,28.875,31.425,0.4,,,"3V3_DIG|Pad J_SWD-1(26.063mm,27.63mm) on L1 TOP|Pad C_WIFI_VDDIO1-2(30.08mm,32.45mm) on L1 TOP",0
TRACK,R275:3V3_DIG,3V3_DIG,Top Layer,28.875,31.425,29.575,32.125,0.4,,,"3V3_DIG|Pad J_SWD-1(26.063mm,27.63mm) on L1 TOP|Pad C_WIFI_VDDIO1-2(30.08mm,32.45mm) on L1 TOP",0
TRACK,R276:VSYS VIP,VSYS,Mid Layer 4,44.375,41.675,45.325,41.675,0.4,,,"VSYS|Pad C_UV_BYPASS-1(45.02mm,41.642mm) on L6 BOTTOM|Pad UP2-4(51.562mm,41.169mm) on L6 BOTTOM",0
TRACK,R276:VSYS VIP,VSYS,Mid Layer 4,45.325,41.675,45.625,41.375,0.4,,,"VSYS|Pad C_UV_BYPASS-1(45.02mm,41.642mm) on L6 BOTTOM|Pad UP2-4(51.562mm,41.169mm) on L6 BOTTOM",0
TRACK,R276:VSYS VIP,VSYS,Mid Layer 4,45.625,41.375,48.6045,41.375,0.4,,,"VSYS|Pad C_UV_BYPASS-1(45.02mm,41.642mm) on L6 BOTTOM|Pad UP2-4(51.562mm,41.169mm) on L6 BOTTOM",0
TRACK,R276:VSYS VIP,VSYS,Mid Layer 4,48.6045,41.375,48.9019,41.375,0.4,,,"VSYS|Pad C_UV_BYPASS-1(45.02mm,41.642mm) on L6 BOTTOM|Pad UP2-4(51.562mm,41.169mm) on L6 BOTTOM",0
TRACK,R276:VSYS VIP,VSYS,Mid Layer 4,48.9019,41.375,52.7219,41.375,0.4,,,"VSYS|Pad C_UV_BYPASS-1(45.02mm,41.642mm) on L6 BOTTOM|Pad UP2-4(51.562mm,41.169mm) on L6 BOTTOM",0
TRACK,R276:VSYS VIP,VSYS,Mid Layer 4,52.7219,41.375,53.025,41.375,0.4,,,"VSYS|Pad C_UV_BYPASS-1(45.02mm,41.642mm) on L6 BOTTOM|Pad UP2-4(51.562mm,41.169mm) on L6 BOTTOM",0
VIA,R276:VSYS VIP,VSYS,Multi Layer,53.025,41.375,,,,0.6,0.3,"VSYS|Pad C_UV_BYPASS-1(45.02mm,41.642mm) on L6 BOTTOM|Pad UP2-4(51.562mm,41.169mm) on L6 BOTTOM",0
TRACK,R277:3V3_DIG,3V3_DIG,Mid Layer 4,59.925,38.675,61.625,38.675,0.4,,,"3V3_DIG|Pad R_KILL_PU-2(59.114mm,39.45mm) on L6 BOTTOM|Pad U_MCU1-73(65.818mm,40.5mm) on L1 TOP [Unplated]",0
TRACK,R277:3V3_DIG,3V3_DIG,Mid Layer 4,61.625,38.675,64.575,41.625,0.4,,,"3V3_DIG|Pad R_KILL_PU-2(59.114mm,39.45mm) on L6 BOTTOM|Pad U_MCU1-73(65.818mm,40.5mm) on L1 TOP [Unplated]",0
TRACK,R277:3V3_DIG,3V3_DIG,Top Layer,64.575,41.625,65.125,41.625,0.4,,,"3V3_DIG|Pad R_KILL_PU-2(59.114mm,39.45mm) on L6 BOTTOM|Pad U_MCU1-73(65.818mm,40.5mm) on L1 TOP [Unplated]",0
VIA,R277:3V3_DIG,3V3_DIG,Multi Layer,64.575,41.625,,,,0.6,0.3,"3V3_DIG|Pad R_KILL_PU-2(59.114mm,39.45mm) on L6 BOTTOM|Pad U_MCU1-73(65.818mm,40.5mm) on L1 TOP [Unplated]",0
TRACK,R278:3V0_ANA,3V0_ANA,Mid Layer 4,33.325,28.025,33.325,20.825,0.4,,,"3V0_ANA|Pad CUP5_3-2(32.7mm,27.738mm) on L6 BOTTOM|Pad U2-4(33.25mm,20.4mm) on L6 BOTTOM",0
TRACK,R278:3V0_ANA,3V0_ANA,Mid Layer 4,33.325,20.825,32.775,20.275,0.4,,,"3V0_ANA|Pad CUP5_3-2(32.7mm,27.738mm) on L6 BOTTOM|Pad U2-4(33.25mm,20.4mm) on L6 BOTTOM",0
TRACK,R280:3V0_ANA,3V0_ANA,Mid Layer 4,36.375,20.275,41.375,20.275,0.4,,,"3V0_ANA|Pad U2-4(33.25mm,20.4mm) on L6 BOTTOM|Pad INA3-5(41.275mm,20.55mm) on L1 TOP",0
TRACK,R280:3V0_ANA,3V0_ANA,Mid Layer 4,41.375,20.275,42.475,21.375,0.4,,,"3V0_ANA|Pad U2-4(33.25mm,20.4mm) on L6 BOTTOM|Pad INA3-5(41.275mm,20.55mm) on L1 TOP",0
TRACK,R280:3V0_ANA,3V0_ANA,Mid Layer 4,42.475,21.375,44.325,21.375,0.4,,,"3V0_ANA|Pad U2-4(33.25mm,20.4mm) on L6 BOTTOM|Pad INA3-5(41.275mm,20.55mm) on L1 TOP",0
TRACK,R280:3V0_ANA,3V0_ANA,Top Layer,44.325,21.375,42.675,21.375,0.4,,,"3V0_ANA|Pad U2-4(33.25mm,20.4mm) on L6 BOTTOM|Pad INA3-5(41.275mm,20.55mm) on L1 TOP",0
TRACK,R280:3V0_ANA,3V0_ANA,Top Layer,42.675,21.375,42.325,21.025,0.4,,,"3V0_ANA|Pad U2-4(33.25mm,20.4mm) on L6 BOTTOM|Pad INA3-5(41.275mm,20.55mm) on L1 TOP",0
TRACK,R280:3V0_ANA,3V0_ANA,Top Layer,42.325,21.025,42.325,20.775,0.4,,,"3V0_ANA|Pad U2-4(33.25mm,20.4mm) on L6 BOTTOM|Pad INA3-5(41.275mm,20.55mm) on L1 TOP",0
VIA,R280:3V0_ANA,3V0_ANA,Multi Layer,44.325,21.375,,,,0.6,0.3,"3V0_ANA|Pad U2-4(33.25mm,20.4mm) on L6 BOTTOM|Pad INA3-5(41.275mm,20.55mm) on L1 TOP",0
TRACK,R282:3V3_DIG,3V3_DIG,Mid Layer 4,52.275,40.175,52.275,39.725,0.4,,,"3V3_DIG|Pad UP2-6(51.062mm,39.699mm) on L6 BOTTOM|Pad R_KILL_PU-2(59.114mm,39.45mm) on L6 BOTTOM",0
TRACK,R282:3V3_DIG,3V3_DIG,Mid Layer 4,52.275,39.725,52.7219,39.2781,0.4,,,"3V3_DIG|Pad UP2-6(51.062mm,39.699mm) on L6 BOTTOM|Pad R_KILL_PU-2(59.114mm,39.45mm) on L6 BOTTOM",0
TRACK,R282:3V3_DIG,3V3_DIG,Mid Layer 4,52.7219,39.2781,52.725,39.275,0.4,,,"3V3_DIG|Pad UP2-6(51.062mm,39.699mm) on L6 BOTTOM|Pad R_KILL_PU-2(59.114mm,39.45mm) on L6 BOTTOM",0
TRACK,R282:3V3_DIG,3V3_DIG,Mid Layer 4,52.725,39.275,54.025,39.275,0.4,,,"3V3_DIG|Pad UP2-6(51.062mm,39.699mm) on L6 BOTTOM|Pad R_KILL_PU-2(59.114mm,39.45mm) on L6 BOTTOM",0
TRACK,R282:3V3_DIG,3V3_DIG,Mid Layer 4,54.025,39.275,55.325,40.575,0.4,,,"3V3_DIG|Pad UP2-6(51.062mm,39.699mm) on L6 BOTTOM|Pad R_KILL_PU-2(59.114mm,39.45mm) on L6 BOTTOM",0
TRACK,R282:3V3_DIG,3V3_DIG,Mid Layer 4,55.325,40.575,57.475,40.575,0.4,,,"3V3_DIG|Pad UP2-6(51.062mm,39.699mm) on L6 BOTTOM|Pad R_KILL_PU-2(59.114mm,39.45mm) on L6 BOTTOM",0
TRACK,R282:3V3_DIG,3V3_DIG,Mid Layer 4,57.475,40.575,58.675,39.375,0.4,,,"3V3_DIG|Pad UP2-6(51.062mm,39.699mm) on L6 BOTTOM|Pad R_KILL_PU-2(59.114mm,39.45mm) on L6 BOTTOM",0
TRACK,R283:VBAT_CELL,VBAT_CELL,Bottom Layer,21.575,32.325,21.575,32.625,0.4,,,"VBAT_CELL|Pad CU6_1-2(21.781mm,31.975mm) on L6 BOTTOM|Pad J_Li-Po-3(24.369mm,40.534mm) on Multi-Layer",0
TRACK,R283:VBAT_CELL,VBAT_CELL,Bottom Layer,21.575,32.625,21.675,32.725,0.4,,,"VBAT_CELL|Pad CU6_1-2(21.781mm,31.975mm) on L6 BOTTOM|Pad J_Li-Po-3(24.369mm,40.534mm) on Multi-Layer",0
TRACK,R283:VBAT_CELL,VBAT_CELL,Mid Layer 4,21.675,32.725,21.675,34.16,0.4,,,"VBAT_CELL|Pad CU6_1-2(21.781mm,31.975mm) on L6 BOTTOM|Pad J_Li-Po-3(24.369mm,40.534mm) on Multi-Layer",0
TRACK,R283:VBAT_CELL,VBAT_CELL,Mid Layer 4,21.675,34.16,21.675,37.275,0.4,,,"VBAT_CELL|Pad CU6_1-2(21.781mm,31.975mm) on L6 BOTTOM|Pad J_Li-Po-3(24.369mm,40.534mm) on Multi-Layer",0
TRACK,R283:VBAT_CELL,VBAT_CELL,Mid Layer 4,21.675,37.275,24.225,39.825,0.4,,,"VBAT_CELL|Pad CU6_1-2(21.781mm,31.975mm) on L6 BOTTOM|Pad J_Li-Po-3(24.369mm,40.534mm) on Multi-Layer",0
VIA,R283:VBAT_CELL,VBAT_CELL,Multi Layer,21.675,32.725,,,,0.6,0.3,"VBAT_CELL|Pad CU6_1-2(21.781mm,31.975mm) on L6 BOTTOM|Pad J_Li-Po-3(24.369mm,40.534mm) on Multi-Layer",0
TRACK,R285:3V3_DIG VIP,3V3_DIG,Mid Layer 4,11.875,42.225,11.875,42.1,0.15,,,"3V3_DIG|Pad R_PGOOD-2(11.927mm,42.299mm) on L6 BOTTOM|Pad R_SDA-2(16.908mm,33.575mm) on L6 BOTTOM",0
TRACK,R285:3V3_DIG VIP,3V3_DIG,Mid Layer 4,11.875,42.1,11.875,41.575,0.15,,,"3V3_DIG|Pad R_PGOOD-2(11.927mm,42.299mm) on L6 BOTTOM|Pad R_SDA-2(16.908mm,33.575mm) on L6 BOTTOM",0
TRACK,R285:3V3_DIG VIP,3V3_DIG,Mid Layer 4,11.875,41.575,10.975,40.675,0.15,,,"3V3_DIG|Pad R_PGOOD-2(11.927mm,42.299mm) on L6 BOTTOM|Pad R_SDA-2(16.908mm,33.575mm) on L6 BOTTOM",0
TRACK,R285:3V3_DIG VIP,3V3_DIG,Mid Layer 4,10.975,40.675,10.975,37.625,0.15,,,"3V3_DIG|Pad R_PGOOD-2(11.927mm,42.299mm) on L6 BOTTOM|Pad R_SDA-2(16.908mm,33.575mm) on L6 BOTTOM",0
TRACK,R285:3V3_DIG VIP,3V3_DIG,Mid Layer 4,10.975,37.625,11.9,36.7,0.15,,,"3V3_DIG|Pad R_PGOOD-2(11.927mm,42.299mm) on L6 BOTTOM|Pad R_SDA-2(16.908mm,33.575mm) on L6 BOTTOM",0
TRACK,R285:3V3_DIG VIP,3V3_DIG,Mid Layer 4,11.9,36.7,12.025,36.575,0.15,,,"3V3_DIG|Pad R_PGOOD-2(11.927mm,42.299mm) on L6 BOTTOM|Pad R_SDA-2(16.908mm,33.575mm) on L6 BOTTOM",0
TRACK,R285:3V3_DIG VIP,3V3_DIG,Mid Layer 4,12.025,36.575,13.325,36.575,0.15,,,"3V3_DIG|Pad R_PGOOD-2(11.927mm,42.299mm) on L6 BOTTOM|Pad R_SDA-2(16.908mm,33.575mm) on L6 BOTTOM",0
TRACK,R285:3V3_DIG VIP,3V3_DIG,Mid Layer 4,13.325,36.575,15.125,34.775,0.15,,,"3V3_DIG|Pad R_PGOOD-2(11.927mm,42.299mm) on L6 BOTTOM|Pad R_SDA-2(16.908mm,33.575mm) on L6 BOTTOM",0
TRACK,R285:3V3_DIG VIP,3V3_DIG,Mid Layer 4,15.125,34.775,15.125,34.375,0.15,,,"3V3_DIG|Pad R_PGOOD-2(11.927mm,42.299mm) on L6 BOTTOM|Pad R_SDA-2(16.908mm,33.575mm) on L6 BOTTOM",0
TRACK,R285:3V3_DIG VIP,3V3_DIG,Mid Layer 4,15.125,34.375,16.875,32.625,0.15,,,"3V3_DIG|Pad R_PGOOD-2(11.927mm,42.299mm) on L6 BOTTOM|Pad R_SDA-2(16.908mm,33.575mm) on L6 BOTTOM",0
VIA,R285:3V3_DIG VIP,3V3_DIG,Multi Layer,11.875,42.225,,,,0.45,0.2,"3V3_DIG|Pad R_PGOOD-2(11.927mm,42.299mm) on L6 BOTTOM|Pad R_SDA-2(16.908mm,33.575mm) on L6 BOTTOM",0
VIA,R285:3V3_DIG VIP,3V3_DIG,Multi Layer,16.875,32.625,,,,0.45,0.2,"3V3_DIG|Pad R_PGOOD-2(11.927mm,42.299mm) on L6 BOTTOM|Pad R_SDA-2(16.908mm,33.575mm) on L6 BOTTOM",0
TRACK,R286:3V0_ANA,3V0_ANA,Top Layer,51.025,31.125,51.375,31.125,0.4,,,"3V0_ANA|Pad U_MCU1-22(50.342mm,31mm) on L1 TOP [Unplated]|Pad CU_24-1(51.65mm,20.95mm) on L6 BOTTOM",0
TRACK,R286:3V0_ANA,3V0_ANA,Top Layer,51.375,31.125,51.675,30.825,0.4,,,"3V0_ANA|Pad U_MCU1-22(50.342mm,31mm) on L1 TOP [Unplated]|Pad CU_24-1(51.65mm,20.95mm) on L6 BOTTOM",0
TRACK,R286:3V0_ANA,3V0_ANA,Mid Layer 4,51.675,30.825,51.675,26.0245,0.4,,,"3V0_ANA|Pad U_MCU1-22(50.342mm,31mm) on L1 TOP [Unplated]|Pad CU_24-1(51.65mm,20.95mm) on L6 BOTTOM",0
TRACK,R286:3V0_ANA,3V0_ANA,Mid Layer 4,51.675,26.0245,51.675,20.875,0.4,,,"3V0_ANA|Pad U_MCU1-22(50.342mm,31mm) on L1 TOP [Unplated]|Pad CU_24-1(51.65mm,20.95mm) on L6 BOTTOM",0
TRACK,R286:3V0_ANA,3V0_ANA,Mid Layer 4,51.675,20.875,50.925,20.125,0.4,,,"3V0_ANA|Pad U_MCU1-22(50.342mm,31mm) on L1 TOP [Unplated]|Pad CU_24-1(51.65mm,20.95mm) on L6 BOTTOM",0
VIA,R286:3V0_ANA,3V0_ANA,Multi Layer,51.675,30.825,,,,0.6,0.3,"3V0_ANA|Pad U_MCU1-22(50.342mm,31mm) on L1 TOP [Unplated]|Pad CU_24-1(51.65mm,20.95mm) on L6 BOTTOM",0
TRACK,R287:3V3_DIG,3V3_DIG,Mid Layer 4,17.075,32.625,17.3949,32.3051,0.4,,,"3V3_DIG|Pad R_AL-2(16.684mm,31.475mm) on L6 BOTTOM|Pad J_SWD-1(26.063mm,27.63mm) on L1 TOP",0
TRACK,R287:3V3_DIG,3V3_DIG,Mid Layer 4,17.3949,32.3051,19.31,30.39,0.4,,,"3V3_DIG|Pad R_AL-2(16.684mm,31.475mm) on L6 BOTTOM|Pad J_SWD-1(26.063mm,27.63mm) on L1 TOP",0
TRACK,R287:3V3_DIG,3V3_DIG,Mid Layer 4,19.31,30.39,21.125,28.575,0.4,,,"3V3_DIG|Pad R_AL-2(16.684mm,31.475mm) on L6 BOTTOM|Pad J_SWD-1(26.063mm,27.63mm) on L1 TOP",0
TRACK,R287:3V3_DIG,3V3_DIG,Mid Layer 4,21.125,28.575,27.025,28.575,0.4,,,"3V3_DIG|Pad R_AL-2(16.684mm,31.475mm) on L6 BOTTOM|Pad J_SWD-1(26.063mm,27.63mm) on L1 TOP",0
VIA,R287:3V3_DIG,3V3_DIG,Multi Layer,27.025,28.575,,,,0.6,0.3,"3V3_DIG|Pad R_AL-2(16.684mm,31.475mm) on L6 BOTTOM|Pad J_SWD-1(26.063mm,27.63mm) on L1 TOP",0
TRACK,R289:VBAT_CELL,VBAT_CELL,Mid Layer 4,11.975,38.075,16.3,38.075,0.4,,,"VBAT_CELL|Pad C_BAT-1(12.933mm,42.079mm) on L6 BOTTOM|Pad J_Li-Po-3(24.369mm,40.534mm) on Multi-Layer",0
TRACK,R289:VBAT_CELL,VBAT_CELL,Mid Layer 4,16.3,38.075,22.175,38.075,0.4,,,"VBAT_CELL|Pad C_BAT-1(12.933mm,42.079mm) on L6 BOTTOM|Pad J_Li-Po-3(24.369mm,40.534mm) on Multi-Layer",0
TRACK,R290:VSYS,VSYS,Mid Layer 4,53.275,41.525,63.175,41.525,0.4,,,"VSYS|Pad CUP4_1-1(53.412mm,41.384mm) on L6 BOTTOM|Pad R_EN1_1-1(64.969mm,40.25mm) on L6 BOTTOM",0
TRACK,R290:VSYS,VSYS,Mid Layer 4,63.175,41.525,64.125,42.475,0.4,,,"VSYS|Pad CUP4_1-1(53.412mm,41.384mm) on L6 BOTTOM|Pad R_EN1_1-1(64.969mm,40.25mm) on L6 BOTTOM",0
TRACK,R290:VSYS,VSYS,Mid Layer 4,64.125,42.475,65.275,42.475,0.4,,,"VSYS|Pad CUP4_1-1(53.412mm,41.384mm) on L6 BOTTOM|Pad R_EN1_1-1(64.969mm,40.25mm) on L6 BOTTOM",0
TRACK,R290:VSYS,VSYS,Bottom Layer,65.275,42.475,65.275,42.075,0.4,,,"VSYS|Pad CUP4_1-1(53.412mm,41.384mm) on L6 BOTTOM|Pad R_EN1_1-1(64.969mm,40.25mm) on L6 BOTTOM",0
TRACK,R290:VSYS,VSYS,Bottom Layer,65.275,42.075,65.425,41.925,0.4,,,"VSYS|Pad CUP4_1-1(53.412mm,41.384mm) on L6 BOTTOM|Pad R_EN1_1-1(64.969mm,40.25mm) on L6 BOTTOM",0
TRACK,R290:VSYS,VSYS,Bottom Layer,65.425,41.925,65.425,40.725,0.4,,,"VSYS|Pad CUP4_1-1(53.412mm,41.384mm) on L6 BOTTOM|Pad R_EN1_1-1(64.969mm,40.25mm) on L6 BOTTOM",0
TRACK,R290:VSYS,VSYS,Bottom Layer,65.425,40.725,65.275,40.575,0.4,,,"VSYS|Pad CUP4_1-1(53.412mm,41.384mm) on L6 BOTTOM|Pad R_EN1_1-1(64.969mm,40.25mm) on L6 BOTTOM",0
VIA,R290:VSYS,VSYS,Multi Layer,65.275,42.475,,,,0.6,0.3,"VSYS|Pad CUP4_1-1(53.412mm,41.384mm) on L6 BOTTOM|Pad R_EN1_1-1(64.969mm,40.25mm) on L6 BOTTOM",0
TRACK,R291:VSYS,VSYS,Top Layer,19.075,38.825,23.475,38.825,0.15,,,"VSYS|Pad Free-TP_VSYS(18.617mm,38.659mm) on L1 TOP|Pad R_EN-1(43.198mm,38.442mm) on L6 BOTTOM",0
TRACK,R291:VSYS,VSYS,Top Layer,23.475,38.825,24.075,39.425,0.15,,,"VSYS|Pad Free-TP_VSYS(18.617mm,38.659mm) on L1 TOP|Pad R_EN-1(43.198mm,38.442mm) on L6 BOTTOM",0
TRACK,R291:VSYS,VSYS,Top Layer,24.075,39.425,25.225,39.425,0.15,,,"VSYS|Pad Free-TP_VSYS(18.617mm,38.659mm) on L1 TOP|Pad R_EN-1(43.198mm,38.442mm) on L6 BOTTOM",0
TRACK,R291:VSYS,VSYS,Mid Layer 4,25.225,39.425,25.775,39.425,0.15,,,"VSYS|Pad Free-TP_VSYS(18.617mm,38.659mm) on L1 TOP|Pad R_EN-1(43.198mm,38.442mm) on L6 BOTTOM",0
TRACK,R291:VSYS,VSYS,Mid Layer 4,25.775,39.425,26.475,40.125,0.15,,,"VSYS|Pad Free-TP_VSYS(18.617mm,38.659mm) on L1 TOP|Pad R_EN-1(43.198mm,38.442mm) on L6 BOTTOM",0
TRACK,R291:VSYS,VSYS,Mid Layer 4,26.475,40.125,32.825,40.125,0.15,,,"VSYS|Pad Free-TP_VSYS(18.617mm,38.659mm) on L1 TOP|Pad R_EN-1(43.198mm,38.442mm) on L6 BOTTOM",0
TRACK,R291:VSYS,VSYS,Mid Layer 4,32.825,40.125,33.675,39.275,0.15,,,"VSYS|Pad Free-TP_VSYS(18.617mm,38.659mm) on L1 TOP|Pad R_EN-1(43.198mm,38.442mm) on L6 BOTTOM",0
TRACK,R291:VSYS,VSYS,Mid Layer 4,33.675,39.275,42.975,39.275,0.15,,,"VSYS|Pad Free-TP_VSYS(18.617mm,38.659mm) on L1 TOP|Pad R_EN-1(43.198mm,38.442mm) on L6 BOTTOM",0
VIA,R291:VSYS,VSYS,Multi Layer,25.225,39.425,,,,0.6,0.3,"VSYS|Pad Free-TP_VSYS(18.617mm,38.659mm) on L1 TOP|Pad R_EN-1(43.198mm,38.442mm) on L6 BOTTOM",0
TRACK,R292:NetJ_REF_1,NetJ_REF_1,Bottom Layer,12.475,15.675,12.475,15.778,0.15,,,"NetJ_REF_1|Pad J_REF-2(14.47mm,12.2mm) on Multi-Layer|Pad R_DRL_SEL-2(22.142mm,13.558mm) on L6 BOTTOM",0
TRACK,R292:NetJ_REF_1,NetJ_REF_1,Bottom Layer,12.475,15.778,12.475,16.125,0.15,,,"NetJ_REF_1|Pad J_REF-2(14.47mm,12.2mm) on Multi-Layer|Pad R_DRL_SEL-2(22.142mm,13.558mm) on L6 BOTTOM",0
TRACK,R292:NetJ_REF_1,NetJ_REF_1,Bottom Layer,12.475,16.125,12.425,16.175,0.15,,,"NetJ_REF_1|Pad J_REF-2(14.47mm,12.2mm) on Multi-Layer|Pad R_DRL_SEL-2(22.142mm,13.558mm) on L6 BOTTOM",0
TRACK,R292:NetJ_REF_1,NetJ_REF_1,Bottom Layer,12.425,16.175,12.425,17.475,0.15,,,"NetJ_REF_1|Pad J_REF-2(14.47mm,12.2mm) on Multi-Layer|Pad R_DRL_SEL-2(22.142mm,13.558mm) on L6 BOTTOM",0
TRACK,R292:NetJ_REF_1,NetJ_REF_1,Bottom Layer,12.425,17.475,12.275,17.625,0.15,,,"NetJ_REF_1|Pad J_REF-2(14.47mm,12.2mm) on Multi-Layer|Pad R_DRL_SEL-2(22.142mm,13.558mm) on L6 BOTTOM",0
TRACK,R292:NetJ_REF_1,NetJ_REF_1,Bottom Layer,12.275,17.625,12.225,17.625,0.15,,,"NetJ_REF_1|Pad J_REF-2(14.47mm,12.2mm) on Multi-Layer|Pad R_DRL_SEL-2(22.142mm,13.558mm) on L6 BOTTOM",0
TRACK,R292:NetJ_REF_1,NetJ_REF_1,Bottom Layer,12.225,17.625,12.225,17.675,0.15,,,"NetJ_REF_1|Pad J_REF-2(14.47mm,12.2mm) on Multi-Layer|Pad R_DRL_SEL-2(22.142mm,13.558mm) on L6 BOTTOM",0
TRACK,R292:NetJ_REF_1,NetJ_REF_1,Bottom Layer,12.225,17.675,11.125,17.675,0.15,,,"NetJ_REF_1|Pad J_REF-2(14.47mm,12.2mm) on Multi-Layer|Pad R_DRL_SEL-2(22.142mm,13.558mm) on L6 BOTTOM",0
TRACK,R292:NetJ_REF_1,NetJ_REF_1,Bottom Layer,11.125,17.675,11.075,17.725,0.15,,,"NetJ_REF_1|Pad J_REF-2(14.47mm,12.2mm) on Multi-Layer|Pad R_DRL_SEL-2(22.142mm,13.558mm) on L6 BOTTOM",0
TRACK,R292:NetJ_REF_1,NetJ_REF_1,Top Layer,11.075,17.725,11.575,18.225,0.15,,,"NetJ_REF_1|Pad J_REF-2(14.47mm,12.2mm) on Multi-Layer|Pad R_DRL_SEL-2(22.142mm,13.558mm) on L6 BOTTOM",0
TRACK,R292:NetJ_REF_1,NetJ_REF_1,Top Layer,11.575,18.225,11.575,18.625,0.15,,,"NetJ_REF_1|Pad J_REF-2(14.47mm,12.2mm) on Multi-Layer|Pad R_DRL_SEL-2(22.142mm,13.558mm) on L6 BOTTOM",0
TRACK,R292:NetJ_REF_1,NetJ_REF_1,Top Layer,11.575,18.625,12.275,19.325,0.15,,,"NetJ_REF_1|Pad J_REF-2(14.47mm,12.2mm) on Multi-Layer|Pad R_DRL_SEL-2(22.142mm,13.558mm) on L6 BOTTOM",0
TRACK,R292:NetJ_REF_1,NetJ_REF_1,Top Layer,12.275,19.325,12.875,19.325,0.15,,,"NetJ_REF_1|Pad J_REF-2(14.47mm,12.2mm) on Multi-Layer|Pad R_DRL_SEL-2(22.142mm,13.558mm) on L6 BOTTOM",0
TRACK,R292:NetJ_REF_1,NetJ_REF_1,Top Layer,12.875,19.325,15.325,21.775,0.15,,,"NetJ_REF_1|Pad J_REF-2(14.47mm,12.2mm) on Multi-Layer|Pad R_DRL_SEL-2(22.142mm,13.558mm) on L6 BOTTOM",0
TRACK,R292:NetJ_REF_1,NetJ_REF_1,Top Layer,15.325,21.775,15.325,22.125,0.15,,,"NetJ_REF_1|Pad J_REF-2(14.47mm,12.2mm) on Multi-Layer|Pad R_DRL_SEL-2(22.142mm,13.558mm) on L6 BOTTOM",0
TRACK,R292:NetJ_REF_1,NetJ_REF_1,Top Layer,15.325,22.125,18.175,24.975,0.15,,,"NetJ_REF_1|Pad J_REF-2(14.47mm,12.2mm) on Multi-Layer|Pad R_DRL_SEL-2(22.142mm,13.558mm) on L6 BOTTOM",0
TRACK,R292:NetJ_REF_1,NetJ_REF_1,Top Layer,18.175,24.975,18.725,24.975,0.15,,,"NetJ_REF_1|Pad J_REF-2(14.47mm,12.2mm) on Multi-Layer|Pad R_DRL_SEL-2(22.142mm,13.558mm) on L6 BOTTOM",0
TRACK,R292:NetJ_REF_1,NetJ_REF_1,Top Layer,18.725,24.975,19.525,25.775,0.15,,,"NetJ_REF_1|Pad J_REF-2(14.47mm,12.2mm) on Multi-Layer|Pad R_DRL_SEL-2(22.142mm,13.558mm) on L6 BOTTOM",0
TRACK,R292:NetJ_REF_1,NetJ_REF_1,Top Layer,19.525,25.775,22.075,25.775,0.15,,,"NetJ_REF_1|Pad J_REF-2(14.47mm,12.2mm) on Multi-Layer|Pad R_DRL_SEL-2(22.142mm,13.558mm) on L6 BOTTOM",0
TRACK,R292:NetJ_REF_1,NetJ_REF_1,Top Layer,22.075,25.775,25.925,21.925,0.15,,,"NetJ_REF_1|Pad J_REF-2(14.47mm,12.2mm) on Multi-Layer|Pad R_DRL_SEL-2(22.142mm,13.558mm) on L6 BOTTOM",0
TRACK,R292:NetJ_REF_1,NetJ_REF_1,Top Layer,25.925,21.925,25.925,18.975,0.15,,,"NetJ_REF_1|Pad J_REF-2(14.47mm,12.2mm) on Multi-Layer|Pad R_DRL_SEL-2(22.142mm,13.558mm) on L6 BOTTOM",0
TRACK,R292:NetJ_REF_1,NetJ_REF_1,Bottom Layer,25.925,18.975,27.175,17.725,0.15,,,"NetJ_REF_1|Pad J_REF-2(14.47mm,12.2mm) on Multi-Layer|Pad R_DRL_SEL-2(22.142mm,13.558mm) on L6 BOTTOM",0
TRACK,R292:NetJ_REF_1,NetJ_REF_1,Bottom Layer,27.175,17.725,27.175,16.475,0.15,,,"NetJ_REF_1|Pad J_REF-2(14.47mm,12.2mm) on Multi-Layer|Pad R_DRL_SEL-2(22.142mm,13.558mm) on L6 BOTTOM",0
TRACK,R292:NetJ_REF_1,NetJ_REF_1,Bottom Layer,27.175,16.475,25.725,15.025,0.15,,,"NetJ_REF_1|Pad J_REF-2(14.47mm,12.2mm) on Multi-Layer|Pad R_DRL_SEL-2(22.142mm,13.558mm) on L6 BOTTOM",0
TRACK,R292:NetJ_REF_1,NetJ_REF_1,Bottom Layer,25.725,15.025,23.675,15.025,0.15,,,"NetJ_REF_1|Pad J_REF-2(14.47mm,12.2mm) on Multi-Layer|Pad R_DRL_SEL-2(22.142mm,13.558mm) on L6 BOTTOM",0
TRACK,R292:NetJ_REF_1,NetJ_REF_1,Bottom Layer,23.675,15.025,22.525,13.875,0.15,,,"NetJ_REF_1|Pad J_REF-2(14.47mm,12.2mm) on Multi-Layer|Pad R_DRL_SEL-2(22.142mm,13.558mm) on L6 BOTTOM",0
VIA,R292:NetJ_REF_1,NetJ_REF_1,Multi Layer,11.075,17.725,,,,0.45,0.2,"NetJ_REF_1|Pad J_REF-2(14.47mm,12.2mm) on Multi-Layer|Pad R_DRL_SEL-2(22.142mm,13.558mm) on L6 BOTTOM",0
VIA,R292:NetJ_REF_1,NetJ_REF_1,Multi Layer,25.925,18.975,,,,0.45,0.2,"NetJ_REF_1|Pad J_REF-2(14.47mm,12.2mm) on Multi-Layer|Pad R_DRL_SEL-2(22.142mm,13.558mm) on L6 BOTTOM",0
TRACK,R293:MCU_SPI_SCK,MCU_SPI_SCK,Top Layer,54.125,27.075,54.125,26.875,0.15,,,"MCU_SPI_SCK|Pad U_MCU1-30(54.08mm,27.762mm) on L1 TOP [Unplated]|Pad R_SPI_SCK-2(55.68mm,26.562mm) on L1 TOP",0
TRACK,R293:MCU_SPI_SCK,MCU_SPI_SCK,Top Layer,54.125,26.875,54.175,26.875,0.15,,,"MCU_SPI_SCK|Pad U_MCU1-30(54.08mm,27.762mm) on L1 TOP [Unplated]|Pad R_SPI_SCK-2(55.68mm,26.562mm) on L1 TOP",0
TRACK,R293:MCU_SPI_SCK,MCU_SPI_SCK,Top Layer,54.175,26.875,54.175,26.775,0.15,,,"MCU_SPI_SCK|Pad U_MCU1-30(54.08mm,27.762mm) on L1 TOP [Unplated]|Pad R_SPI_SCK-2(55.68mm,26.562mm) on L1 TOP",0
TRACK,R293:MCU_SPI_SCK,MCU_SPI_SCK,Top Layer,54.175,26.775,54.225,26.775,0.15,,,"MCU_SPI_SCK|Pad U_MCU1-30(54.08mm,27.762mm) on L1 TOP [Unplated]|Pad R_SPI_SCK-2(55.68mm,26.562mm) on L1 TOP",0
TRACK,R293:MCU_SPI_SCK,MCU_SPI_SCK,Top Layer,54.225,26.775,54.325,26.675,0.15,,,"MCU_SPI_SCK|Pad U_MCU1-30(54.08mm,27.762mm) on L1 TOP [Unplated]|Pad R_SPI_SCK-2(55.68mm,26.562mm) on L1 TOP",0
TRACK,R293:MCU_SPI_SCK,MCU_SPI_SCK,Top Layer,54.325,26.675,55.475,26.675,0.15,,,"MCU_SPI_SCK|Pad U_MCU1-30(54.08mm,27.762mm) on L1 TOP [Unplated]|Pad R_SPI_SCK-2(55.68mm,26.562mm) on L1 TOP",0
TRACK,R294:MCU_WIFI_CS,MCU_WIFI_CS,Top Layer,56.575,28.475,56.575,29.025,0.18,,,"MCU_WIFI_CS|Pad U_MCU1-35(56.58mm,27.762mm) on L1 TOP [Unplated]|Pad R_SPI_CS-2(58.48mm,26.562mm) on L1 TOP",0
TRACK,R294:MCU_WIFI_CS,MCU_WIFI_CS,Mid Layer 2,56.575,29.025,59.225,26.375,0.18,,,"MCU_WIFI_CS|Pad U_MCU1-35(56.58mm,27.762mm) on L1 TOP [Unplated]|Pad R_SPI_CS-2(58.48mm,26.562mm) on L1 TOP",0
TRACK,R294:MCU_WIFI_CS,MCU_WIFI_CS,Top Layer,59.225,26.375,58.675,26.375,0.18,,,"MCU_WIFI_CS|Pad U_MCU1-35(56.58mm,27.762mm) on L1 TOP [Unplated]|Pad R_SPI_CS-2(58.48mm,26.562mm) on L1 TOP",0
VIA,R294:MCU_WIFI_CS,MCU_WIFI_CS,Multi Layer,56.575,29.025,,,,0.6,0.3,"MCU_WIFI_CS|Pad U_MCU1-35(56.58mm,27.762mm) on L1 TOP [Unplated]|Pad R_SPI_CS-2(58.48mm,26.562mm) on L1 TOP",0
VIA,R294:MCU_WIFI_CS,MCU_WIFI_CS,Multi Layer,59.225,26.375,,,,0.6,0.3,"MCU_WIFI_CS|Pad U_MCU1-35(56.58mm,27.762mm) on L1 TOP [Unplated]|Pad R_SPI_CS-2(58.48mm,26.562mm) on L1 TOP",0
TRACK,R295:MCU_SPI_MOSI,MCU_SPI_MOSI,Top Layer,55.125,28.475,55.125,28.975,0.15,,,"MCU_SPI_MOSI|Pad U_MCU1-32(55.08mm,27.762mm) on L1 TOP [Unplated]|Pad R_SPI_MOSI-2(57.08mm,26.562mm) on L1 TOP",0
TRACK,R295:MCU_SPI_MOSI,MCU_SPI_MOSI,Mid Layer 2,55.125,28.975,56.425,27.675,0.15,,,"MCU_SPI_MOSI|Pad U_MCU1-32(55.08mm,27.762mm) on L1 TOP [Unplated]|Pad R_SPI_MOSI-2(57.08mm,26.562mm) on L1 TOP",0
TRACK,R295:MCU_SPI_MOSI,MCU_SPI_MOSI,Mid Layer 2,56.425,27.675,56.425,26.475,0.15,,,"MCU_SPI_MOSI|Pad U_MCU1-32(55.08mm,27.762mm) on L1 TOP [Unplated]|Pad R_SPI_MOSI-2(57.08mm,26.562mm) on L1 TOP",0
TRACK,R295:MCU_SPI_MOSI,MCU_SPI_MOSI,Top Layer,56.425,26.475,56.875,26.475,0.15,,,"MCU_SPI_MOSI|Pad U_MCU1-32(55.08mm,27.762mm) on L1 TOP [Unplated]|Pad R_SPI_MOSI-2(57.08mm,26.562mm) on L1 TOP",0
VIA,R295:MCU_SPI_MOSI,MCU_SPI_MOSI,Multi Layer,55.125,28.975,,,,0.45,0.2,"MCU_SPI_MOSI|Pad U_MCU1-32(55.08mm,27.762mm) on L1 TOP [Unplated]|Pad R_SPI_MOSI-2(57.08mm,26.562mm) on L1 TOP",0
VIA,R295:MCU_SPI_MOSI,MCU_SPI_MOSI,Multi Layer,56.425,26.475,,,,0.45,0.2,"MCU_SPI_MOSI|Pad U_MCU1-32(55.08mm,27.762mm) on L1 TOP [Unplated]|Pad R_SPI_MOSI-2(57.08mm,26.562mm) on L1 TOP",0
TRACK,R296:WIFI_SPI_CS,WIFI_SPI_CS,Top Layer,41.725,43.675,40.325,43.675,0.18,,,"WIFI_SPI_CS|Pad U_WIFI1-24(42.126mm,43.745mm) on L1 TOP [Unplated]|Pad R_WIFI_CS_PD-1(46.68mm,43.2mm) on L1 TOP",0
TRACK,R296:WIFI_SPI_CS,WIFI_SPI_CS,Mid Layer 2,40.325,43.675,45.475,43.675,0.18,,,"WIFI_SPI_CS|Pad U_WIFI1-24(42.126mm,43.745mm) on L1 TOP [Unplated]|Pad R_WIFI_CS_PD-1(46.68mm,43.2mm) on L1 TOP",0
TRACK,R296:WIFI_SPI_CS,WIFI_SPI_CS,Mid Layer 2,45.475,43.675,46.675,42.475,0.18,,,"WIFI_SPI_CS|Pad U_WIFI1-24(42.126mm,43.745mm) on L1 TOP [Unplated]|Pad R_WIFI_CS_PD-1(46.68mm,43.2mm) on L1 TOP",0
TRACK,R296:WIFI_SPI_CS,WIFI_SPI_CS,Top Layer,46.675,42.475,46.675,42.975,0.18,,,"WIFI_SPI_CS|Pad U_WIFI1-24(42.126mm,43.745mm) on L1 TOP [Unplated]|Pad R_WIFI_CS_PD-1(46.68mm,43.2mm) on L1 TOP",0
VIA,R296:WIFI_SPI_CS,WIFI_SPI_CS,Multi Layer,40.325,43.675,,,,0.6,0.3,"WIFI_SPI_CS|Pad U_WIFI1-24(42.126mm,43.745mm) on L1 TOP [Unplated]|Pad R_WIFI_CS_PD-1(46.68mm,43.2mm) on L1 TOP",0
VIA,R296:WIFI_SPI_CS,WIFI_SPI_CS,Multi Layer,46.675,42.475,,,,0.6,0.3,"WIFI_SPI_CS|Pad U_WIFI1-24(42.126mm,43.745mm) on L1 TOP [Unplated]|Pad R_WIFI_CS_PD-1(46.68mm,43.2mm) on L1 TOP",0
TRACK,R297:WIFI_SPI_MISO VIP,WIFI_SPI_MISO,Top Layer,29.775,44.425,30.225,44.875,0.18,,,"WIFI_SPI_MISO|Pad R_SPI_MISO-1(29.592mm,44.2mm) on L1 TOP|Pad U_WIFI1-29(35.775mm,45.016mm) on L1 TOP [Unplated]",0
TRACK,R297:WIFI_SPI_MISO VIP,WIFI_SPI_MISO,Mid Layer 2,30.225,44.875,35.575,44.875,0.18,,,"WIFI_SPI_MISO|Pad R_SPI_MISO-1(29.592mm,44.2mm) on L1 TOP|Pad U_WIFI1-29(35.775mm,45.016mm) on L1 TOP [Unplated]",0
VIA,R297:WIFI_SPI_MISO VIP,WIFI_SPI_MISO,Multi Layer,30.225,44.875,,,,0.6,0.3,"WIFI_SPI_MISO|Pad R_SPI_MISO-1(29.592mm,44.2mm) on L1 TOP|Pad U_WIFI1-29(35.775mm,45.016mm) on L1 TOP [Unplated]",0
VIA,R297:WIFI_SPI_MISO VIP,WIFI_SPI_MISO,Multi Layer,35.575,44.875,,,,0.6,0.3,"WIFI_SPI_MISO|Pad R_SPI_MISO-1(29.592mm,44.2mm) on L1 TOP|Pad U_WIFI1-29(35.775mm,45.016mm) on L1 TOP [Unplated]",0
TRACK,R298:WIFI_SPI_CS,WIFI_SPI_CS,Mid Layer 2,46.775,42.225,48.6045,40.3955,0.18,,,"WIFI_SPI_CS|Pad R_WIFI_CS_PD-1(46.68mm,43.2mm) on L1 TOP|Pad R_SPI_CS-1(58.48mm,25.538mm) on L1 TOP",0
TRACK,R298:WIFI_SPI_CS,WIFI_SPI_CS,Mid Layer 2,48.6045,40.3955,48.9019,40.0981,0.18,,,"WIFI_SPI_CS|Pad R_WIFI_CS_PD-1(46.68mm,43.2mm) on L1 TOP|Pad R_SPI_CS-1(58.48mm,25.538mm) on L1 TOP",0
TRACK,R298:WIFI_SPI_CS,WIFI_SPI_CS,Mid Layer 2,48.9019,40.0981,50.6315,38.3685,0.18,,,"WIFI_SPI_CS|Pad R_WIFI_CS_PD-1(46.68mm,43.2mm) on L1 TOP|Pad R_SPI_CS-1(58.48mm,25.538mm) on L1 TOP",0
TRACK,R298:WIFI_SPI_CS,WIFI_SPI_CS,Mid Layer 2,50.6315,38.3685,59.825,29.175,0.18,,,"WIFI_SPI_CS|Pad R_WIFI_CS_PD-1(46.68mm,43.2mm) on L1 TOP|Pad R_SPI_CS-1(58.48mm,25.538mm) on L1 TOP",0
TRACK,R298:WIFI_SPI_CS,WIFI_SPI_CS,Mid Layer 2,59.825,29.175,59.825,26.0245,0.18,,,"WIFI_SPI_CS|Pad R_WIFI_CS_PD-1(46.68mm,43.2mm) on L1 TOP|Pad R_SPI_CS-1(58.48mm,25.538mm) on L1 TOP",0
TRACK,R298:WIFI_SPI_CS,WIFI_SPI_CS,Mid Layer 2,59.825,26.0245,59.825,25.975,0.18,,,"WIFI_SPI_CS|Pad R_WIFI_CS_PD-1(46.68mm,43.2mm) on L1 TOP|Pad R_SPI_CS-1(58.48mm,25.538mm) on L1 TOP",0
TRACK,R298:WIFI_SPI_CS,WIFI_SPI_CS,Mid Layer 2,59.825,25.975,59.375,25.525,0.18,,,"WIFI_SPI_CS|Pad R_WIFI_CS_PD-1(46.68mm,43.2mm) on L1 TOP|Pad R_SPI_CS-1(58.48mm,25.538mm) on L1 TOP",0
TRACK,R298:WIFI_SPI_CS,WIFI_SPI_CS,Top Layer,59.375,25.525,58.675,25.525,0.18,,,"WIFI_SPI_CS|Pad R_WIFI_CS_PD-1(46.68mm,43.2mm) on L1 TOP|Pad R_SPI_CS-1(58.48mm,25.538mm) on L1 TOP",0
VIA,R298:WIFI_SPI_CS,WIFI_SPI_CS,Multi Layer,59.375,25.525,,,,0.6,0.3,"WIFI_SPI_CS|Pad R_WIFI_CS_PD-1(46.68mm,43.2mm) on L1 TOP|Pad R_SPI_CS-1(58.48mm,25.538mm) on L1 TOP",0
TRACK,R299:WIFI_SPI_CLK,WIFI_SPI_CLK,Top Layer,37.425,44.625,37.425,44.425,0.15,,,"WIFI_SPI_CLK|Pad U_WIFI1-28(37.045mm,45.016mm) on L1 TOP [Unplated]|Pad R_SPI_SCK-1(55.68mm,25.538mm) on L1 TOP",0
TRACK,R299:WIFI_SPI_CLK,WIFI_SPI_CLK,Top Layer,37.425,44.425,38.875,42.975,0.15,,,"WIFI_SPI_CLK|Pad U_WIFI1-28(37.045mm,45.016mm) on L1 TOP [Unplated]|Pad R_SPI_SCK-1(55.68mm,25.538mm) on L1 TOP",0
TRACK,R299:WIFI_SPI_CLK,WIFI_SPI_CLK,Mid Layer 2,38.875,42.975,42.475,39.375,0.15,,,"WIFI_SPI_CLK|Pad U_WIFI1-28(37.045mm,45.016mm) on L1 TOP [Unplated]|Pad R_SPI_SCK-1(55.68mm,25.538mm) on L1 TOP",0
TRACK,R299:WIFI_SPI_CLK,WIFI_SPI_CLK,Mid Layer 2,42.475,39.375,42.475,38.075,0.15,,,"WIFI_SPI_CLK|Pad U_WIFI1-28(37.045mm,45.016mm) on L1 TOP [Unplated]|Pad R_SPI_SCK-1(55.68mm,25.538mm) on L1 TOP",0
TRACK,R299:WIFI_SPI_CLK,WIFI_SPI_CLK,Mid Layer 2,42.475,38.075,48.6045,31.9455,0.15,,,"WIFI_SPI_CLK|Pad U_WIFI1-28(37.045mm,45.016mm) on L1 TOP [Unplated]|Pad R_SPI_SCK-1(55.68mm,25.538mm) on L1 TOP",0
TRACK,R299:WIFI_SPI_CLK,WIFI_SPI_CLK,Mid Layer 2,48.6045,31.9455,54.5255,26.0245,0.15,,,"WIFI_SPI_CLK|Pad U_WIFI1-28(37.045mm,45.016mm) on L1 TOP [Unplated]|Pad R_SPI_SCK-1(55.68mm,25.538mm) on L1 TOP",0
TRACK,R299:WIFI_SPI_CLK,WIFI_SPI_CLK,Mid Layer 2,54.5255,26.0245,54.775,25.775,0.15,,,"WIFI_SPI_CLK|Pad U_WIFI1-28(37.045mm,45.016mm) on L1 TOP [Unplated]|Pad R_SPI_SCK-1(55.68mm,25.538mm) on L1 TOP",0
TRACK,R299:WIFI_SPI_CLK,WIFI_SPI_CLK,Mid Layer 2,54.775,25.775,56.325,25.775,0.15,,,"WIFI_SPI_CLK|Pad U_WIFI1-28(37.045mm,45.016mm) on L1 TOP [Unplated]|Pad R_SPI_SCK-1(55.68mm,25.538mm) on L1 TOP",0
TRACK,R299:WIFI_SPI_CLK,WIFI_SPI_CLK,Top Layer,56.325,25.775,55.875,25.775,0.15,,,"WIFI_SPI_CLK|Pad U_WIFI1-28(37.045mm,45.016mm) on L1 TOP [Unplated]|Pad R_SPI_SCK-1(55.68mm,25.538mm) on L1 TOP",0
VIA,R299:WIFI_SPI_CLK,WIFI_SPI_CLK,Multi Layer,38.875,42.975,,,,0.45,0.2,"WIFI_SPI_CLK|Pad U_WIFI1-28(37.045mm,45.016mm) on L1 TOP [Unplated]|Pad R_SPI_SCK-1(55.68mm,25.538mm) on L1 TOP",0
VIA,R299:WIFI_SPI_CLK,WIFI_SPI_CLK,Multi Layer,56.325,25.775,,,,0.45,0.2,"WIFI_SPI_CLK|Pad U_WIFI1-28(37.045mm,45.016mm) on L1 TOP [Unplated]|Pad R_SPI_SCK-1(55.68mm,25.538mm) on L1 TOP",0
TRACK,R300:WIFI_SPI_MOSI,WIFI_SPI_MOSI,Top Layer,38.675,44.625,38.675,44.075,0.15,,,"WIFI_SPI_MOSI|Pad U_WIFI1-27(38.315mm,45.016mm) on L1 TOP [Unplated]|Pad R_SPI_MOSI-1(57.08mm,25.538mm) on L1 TOP",0
TRACK,R300:WIFI_SPI_MOSI,WIFI_SPI_MOSI,Top Layer,38.675,44.075,39.925,42.825,0.15,,,"WIFI_SPI_MOSI|Pad U_WIFI1-27(38.315mm,45.016mm) on L1 TOP [Unplated]|Pad R_SPI_MOSI-1(57.08mm,25.538mm) on L1 TOP",0
TRACK,R300:WIFI_SPI_MOSI,WIFI_SPI_MOSI,Top Layer,39.925,42.825,39.925,39.375,0.15,,,"WIFI_SPI_MOSI|Pad U_WIFI1-27(38.315mm,45.016mm) on L1 TOP [Unplated]|Pad R_SPI_MOSI-1(57.08mm,25.538mm) on L1 TOP",0
TRACK,R300:WIFI_SPI_MOSI,WIFI_SPI_MOSI,Top Layer,39.925,39.375,41.225,38.075,0.15,,,"WIFI_SPI_MOSI|Pad U_WIFI1-27(38.315mm,45.016mm) on L1 TOP [Unplated]|Pad R_SPI_MOSI-1(57.08mm,25.538mm) on L1 TOP",0
TRACK,R300:WIFI_SPI_MOSI,WIFI_SPI_MOSI,Mid Layer 2,41.225,38.075,46.225,33.075,0.15,,,"WIFI_SPI_MOSI|Pad U_WIFI1-27(38.315mm,45.016mm) on L1 TOP [Unplated]|Pad R_SPI_MOSI-1(57.08mm,25.538mm) on L1 TOP",0
TRACK,R300:WIFI_SPI_MOSI,WIFI_SPI_MOSI,Mid Layer 2,46.225,33.075,46.225,30.575,0.15,,,"WIFI_SPI_MOSI|Pad U_WIFI1-27(38.315mm,45.016mm) on L1 TOP [Unplated]|Pad R_SPI_MOSI-1(57.08mm,25.538mm) on L1 TOP",0
TRACK,R300:WIFI_SPI_MOSI,WIFI_SPI_MOSI,Mid Layer 2,46.225,30.575,48.6045,28.1955,0.15,,,"WIFI_SPI_MOSI|Pad U_WIFI1-27(38.315mm,45.016mm) on L1 TOP [Unplated]|Pad R_SPI_MOSI-1(57.08mm,25.538mm) on L1 TOP",0
TRACK,R300:WIFI_SPI_MOSI,WIFI_SPI_MOSI,Mid Layer 2,48.6045,28.1955,48.925,27.875,0.15,,,"WIFI_SPI_MOSI|Pad U_WIFI1-27(38.315mm,45.016mm) on L1 TOP [Unplated]|Pad R_SPI_MOSI-1(57.08mm,25.538mm) on L1 TOP",0
TRACK,R300:WIFI_SPI_MOSI,WIFI_SPI_MOSI,Mid Layer 2,48.925,27.875,51.975,27.875,0.15,,,"WIFI_SPI_MOSI|Pad U_WIFI1-27(38.315mm,45.016mm) on L1 TOP [Unplated]|Pad R_SPI_MOSI-1(57.08mm,25.538mm) on L1 TOP",0
TRACK,R300:WIFI_SPI_MOSI,WIFI_SPI_MOSI,Mid Layer 2,51.975,27.875,53.8255,26.0245,0.15,,,"WIFI_SPI_MOSI|Pad U_WIFI1-27(38.315mm,45.016mm) on L1 TOP [Unplated]|Pad R_SPI_MOSI-1(57.08mm,25.538mm) on L1 TOP",0
TRACK,R300:WIFI_SPI_MOSI,WIFI_SPI_MOSI,Mid Layer 2,53.8255,26.0245,54.625,25.225,0.15,,,"WIFI_SPI_MOSI|Pad U_WIFI1-27(38.315mm,45.016mm) on L1 TOP [Unplated]|Pad R_SPI_MOSI-1(57.08mm,25.538mm) on L1 TOP",0
TRACK,R300:WIFI_SPI_MOSI,WIFI_SPI_MOSI,Mid Layer 2,54.625,25.225,57.375,25.225,0.15,,,"WIFI_SPI_MOSI|Pad U_WIFI1-27(38.315mm,45.016mm) on L1 TOP [Unplated]|Pad R_SPI_MOSI-1(57.08mm,25.538mm) on L1 TOP",0
TRACK,R300:WIFI_SPI_MOSI,WIFI_SPI_MOSI,Mid Layer 2,57.375,25.225,57.725,25.575,0.15,,,"WIFI_SPI_MOSI|Pad U_WIFI1-27(38.315mm,45.016mm) on L1 TOP [Unplated]|Pad R_SPI_MOSI-1(57.08mm,25.538mm) on L1 TOP",0
TRACK,R300:WIFI_SPI_MOSI,WIFI_SPI_MOSI,Top Layer,57.725,25.575,57.275,25.575,0.15,,,"WIFI_SPI_MOSI|Pad U_WIFI1-27(38.315mm,45.016mm) on L1 TOP [Unplated]|Pad R_SPI_MOSI-1(57.08mm,25.538mm) on L1 TOP",0
VIA,R300:WIFI_SPI_MOSI,WIFI_SPI_MOSI,Multi Layer,41.225,38.075,,,,0.45,0.2,"WIFI_SPI_MOSI|Pad U_WIFI1-27(38.315mm,45.016mm) on L1 TOP [Unplated]|Pad R_SPI_MOSI-1(57.08mm,25.538mm) on L1 TOP",0
VIA,R300:WIFI_SPI_MOSI,WIFI_SPI_MOSI,Multi Layer,57.725,25.575,,,,0.45,0.2,"WIFI_SPI_MOSI|Pad U_WIFI1-27(38.315mm,45.016mm) on L1 TOP [Unplated]|Pad R_SPI_MOSI-1(57.08mm,25.538mm) on L1 TOP",0
TRACK,R301:MCU_SPI_MISO,MCU_SPI_MISO,Top Layer,28.775,43.975,29.625,43.125,0.18,,,"MCU_SPI_MISO|Pad R_SPI_MISO-2(28.568mm,44.2mm) on L1 TOP|Pad U_MCU1-31(54.58mm,27.762mm) on L1 TOP [Unplated]",0
TRACK,R301:MCU_SPI_MISO,MCU_SPI_MISO,Mid Layer 2,29.625,43.125,33.575,39.175,0.18,,,"MCU_SPI_MISO|Pad R_SPI_MISO-2(28.568mm,44.2mm) on L1 TOP|Pad U_MCU1-31(54.58mm,27.762mm) on L1 TOP [Unplated]",0
TRACK,R301:MCU_SPI_MISO,MCU_SPI_MISO,Mid Layer 2,33.575,39.175,39.225,39.175,0.18,,,"MCU_SPI_MISO|Pad R_SPI_MISO-2(28.568mm,44.2mm) on L1 TOP|Pad U_MCU1-31(54.58mm,27.762mm) on L1 TOP [Unplated]",0
TRACK,R301:MCU_SPI_MISO,MCU_SPI_MISO,Mid Layer 2,39.225,39.175,43.725,34.675,0.18,,,"MCU_SPI_MISO|Pad R_SPI_MISO-2(28.568mm,44.2mm) on L1 TOP|Pad U_MCU1-31(54.58mm,27.762mm) on L1 TOP [Unplated]",0
TRACK,R301:MCU_SPI_MISO,MCU_SPI_MISO,Mid Layer 2,43.725,34.675,43.725,34.025,0.18,,,"MCU_SPI_MISO|Pad R_SPI_MISO-2(28.568mm,44.2mm) on L1 TOP|Pad U_MCU1-31(54.58mm,27.762mm) on L1 TOP [Unplated]",0
TRACK,R301:MCU_SPI_MISO,MCU_SPI_MISO,Top Layer,43.725,34.025,47.425,34.025,0.18,,,"MCU_SPI_MISO|Pad R_SPI_MISO-2(28.568mm,44.2mm) on L1 TOP|Pad U_MCU1-31(54.58mm,27.762mm) on L1 TOP [Unplated]",0
TRACK,R301:MCU_SPI_MISO,MCU_SPI_MISO,Mid Layer 2,47.425,34.025,48.6045,32.8455,0.18,,,"MCU_SPI_MISO|Pad R_SPI_MISO-2(28.568mm,44.2mm) on L1 TOP|Pad U_MCU1-31(54.58mm,27.762mm) on L1 TOP [Unplated]",0
TRACK,R301:MCU_SPI_MISO,MCU_SPI_MISO,Mid Layer 2,48.6045,32.8455,51.075,30.375,0.18,,,"MCU_SPI_MISO|Pad R_SPI_MISO-2(28.568mm,44.2mm) on L1 TOP|Pad U_MCU1-31(54.58mm,27.762mm) on L1 TOP [Unplated]",0
TRACK,R301:MCU_SPI_MISO,MCU_SPI_MISO,Mid Layer 2,51.075,30.375,51.075,30.325,0.18,,,"MCU_SPI_MISO|Pad R_SPI_MISO-2(28.568mm,44.2mm) on L1 TOP|Pad U_MCU1-31(54.58mm,27.762mm) on L1 TOP [Unplated]",0
TRACK,R301:MCU_SPI_MISO,MCU_SPI_MISO,Mid Layer 2,51.075,30.325,51.725,29.675,0.18,,,"MCU_SPI_MISO|Pad R_SPI_MISO-2(28.568mm,44.2mm) on L1 TOP|Pad U_MCU1-31(54.58mm,27.762mm) on L1 TOP [Unplated]",0
TRACK,R301:MCU_SPI_MISO,MCU_SPI_MISO,Mid Layer 2,51.725,29.675,53.575,29.675,0.18,,,"MCU_SPI_MISO|Pad R_SPI_MISO-2(28.568mm,44.2mm) on L1 TOP|Pad U_MCU1-31(54.58mm,27.762mm) on L1 TOP [Unplated]",0
TRACK,R301:MCU_SPI_MISO,MCU_SPI_MISO,Top Layer,53.575,29.675,54.525,28.725,0.18,,,"MCU_SPI_MISO|Pad R_SPI_MISO-2(28.568mm,44.2mm) on L1 TOP|Pad U_MCU1-31(54.58mm,27.762mm) on L1 TOP [Unplated]",0
TRACK,R301:MCU_SPI_MISO,MCU_SPI_MISO,Top Layer,54.525,28.725,54.525,28.475,0.18,,,"MCU_SPI_MISO|Pad R_SPI_MISO-2(28.568mm,44.2mm) on L1 TOP|Pad U_MCU1-31(54.58mm,27.762mm) on L1 TOP [Unplated]",0
VIA,R301:MCU_SPI_MISO,MCU_SPI_MISO,Multi Layer,29.625,43.125,,,,0.6,0.3,"MCU_SPI_MISO|Pad R_SPI_MISO-2(28.568mm,44.2mm) on L1 TOP|Pad U_MCU1-31(54.58mm,27.762mm) on L1 TOP [Unplated]",0
VIA,R301:MCU_SPI_MISO,MCU_SPI_MISO,Multi Layer,43.725,34.025,,,,0.6,0.3,"MCU_SPI_MISO|Pad R_SPI_MISO-2(28.568mm,44.2mm) on L1 TOP|Pad U_MCU1-31(54.58mm,27.762mm) on L1 TOP [Unplated]",0
VIA,R301:MCU_SPI_MISO,MCU_SPI_MISO,Multi Layer,47.425,34.025,,,,0.6,0.3,"MCU_SPI_MISO|Pad R_SPI_MISO-2(28.568mm,44.2mm) on L1 TOP|Pad U_MCU1-31(54.58mm,27.762mm) on L1 TOP [Unplated]",0
VIA,R301:MCU_SPI_MISO,MCU_SPI_MISO,Multi Layer,53.575,29.675,,,,0.6,0.3,"MCU_SPI_MISO|Pad R_SPI_MISO-2(28.568mm,44.2mm) on L1 TOP|Pad U_MCU1-31(54.58mm,27.762mm) on L1 TOP [Unplated]",0
TRACK,R302:BAT_TEMP,BAT_TEMP,Bottom Layer,11.075,39.375,11.075,39.675,0.2,,,"BAT_TEMP|Pad R_TS_SER-1(10.8mm,39.15mm) on L6 BOTTOM|Pad R_TS_TOP-1(11.194mm,39.924mm) on L6 BOTTOM",0
TRACK,R303:NetC1_EN1_2,NetC1_EN1_2,Bottom Layer,64.225,38.825,64.225,39.175,0.2,,,"NetC1_EN1_2|Pad U_EN1-1(63.8mm,38.625mm) on L6 BOTTOM|Pad C1_EN1-2(64.311mm,39.35mm) on L6 BOTTOM",0
TRACK,R304:NetC1_EN1_2,NetC1_EN1_2,Bottom Layer,64.075,39.975,64.075,39.575,0.2,,,"NetC1_EN1_2|Pad R_EN1_1-2(64.011mm,40.25mm) on L6 BOTTOM|Pad C1_EN1-2(64.311mm,39.35mm) on L6 BOTTOM",0
TRACK,R305:I2C_SCL,I2C_SCL,Bottom Layer,18.075,32.575,18.425,32.575,0.2,,,"I2C_SCL|Pad R_SCL-1(17.812mm,32.575mm) on L6 BOTTOM|Pad UP4-7(18.775mm,32.525mm) on L6 BOTTOM",0
TRACK,R306:I2C_SDA,I2C_SDA,Bottom Layer,18.075,33.325,18.125,33.275,0.2,,,"I2C_SDA|Pad R_SDA-1(17.812mm,33.575mm) on L6 BOTTOM|Pad UP4-8(18.775mm,33.025mm) on L6 BOTTOM",0
TRACK,R306:I2C_SDA,I2C_SDA,Bottom Layer,18.125,33.275,18.275,33.275,0.2,,,"I2C_SDA|Pad R_SDA-1(17.812mm,33.575mm) on L6 BOTTOM|Pad UP4-8(18.775mm,33.025mm) on L6 BOTTOM",0
TRACK,R306:I2C_SDA,I2C_SDA,Bottom Layer,18.275,33.275,18.425,33.125,0.2,,,"I2C_SDA|Pad R_SDA-1(17.812mm,33.575mm) on L6 BOTTOM|Pad UP4-8(18.775mm,33.025mm) on L6 BOTTOM",0
TRACK,R307:FG_ALRT,FG_ALRT,Bottom Layer,17.975,31.475,18.425,31.475,0.2,,,"FG_ALRT|Pad R_AL-1(17.636mm,31.475mm) on L6 BOTTOM|Pad UP4-5(18.775mm,31.525mm) on L6 BOTTOM",0
TRACK,R308:NetC3_EN1_2,NetC3_EN1_2,Bottom Layer,60.075,38.025,60.575,38.025,0.2,,,"NetC3_EN1_2|Pad C3_EN1-2(59.89mm,37.95mm) on L6 BOTTOM|Pad U_EN1-7(61.18mm,37.975mm) on L6 BOTTOM",0
TRACK,R309:AFE_EN,AFE_EN,Bottom Layer,36.875,27.175,37.125,26.925,0.2,,,"AFE_EN|Pad UP3-3(36.3mm,27.387mm) on L6 BOTTOM|Pad R_EN_PD-1(37.444mm,26.668mm) on L6 BOTTOM",0
TRACK,R310:KILL_CTRL,KILL_CTRL,Bottom Layer,60.425,39.175,60.575,39.025,0.2,,,"KILL_CTRL|Pad R_KILL_PU-1(60.066mm,39.45mm) on L6 BOTTOM|Pad U_EN1-8(61.18mm,38.625mm) on L6 BOTTOM",0
TRACK,R310:KILL_CTRL,KILL_CTRL,Bottom Layer,60.575,39.025,60.575,38.825,0.2,,,"KILL_CTRL|Pad R_KILL_PU-1(60.066mm,39.45mm) on L6 BOTTOM|Pad U_EN1-8(61.18mm,38.625mm) on L6 BOTTOM",0
TRACK,R311:NetC2_EN1_1,NetC2_EN1_1,Bottom Layer,63.225,37.325,62.675,37.325,0.2,,,"NetC2_EN1_1|Pad U_EN1-3(63.8mm,37.325mm) on L6 BOTTOM|Pad C2_EN1-1(64.09mm,35.95mm) on L6 BOTTOM",0
TRACK,R311:NetC2_EN1_1,NetC2_EN1_1,Mid Layer 2,62.675,37.325,62.875,37.125,0.2,,,"NetC2_EN1_1|Pad U_EN1-3(63.8mm,37.325mm) on L6 BOTTOM|Pad C2_EN1-1(64.09mm,35.95mm) on L6 BOTTOM",0
TRACK,R311:NetC2_EN1_1,NetC2_EN1_1,Mid Layer 2,62.875,37.125,63.025,37.125,0.2,,,"NetC2_EN1_1|Pad U_EN1-3(63.8mm,37.325mm) on L6 BOTTOM|Pad C2_EN1-1(64.09mm,35.95mm) on L6 BOTTOM",0
TRACK,R311:NetC2_EN1_1,NetC2_EN1_1,Mid Layer 2,63.025,37.125,63.375,36.775,0.2,,,"NetC2_EN1_1|Pad U_EN1-3(63.8mm,37.325mm) on L6 BOTTOM|Pad C2_EN1-1(64.09mm,35.95mm) on L6 BOTTOM",0
TRACK,R311:NetC2_EN1_1,NetC2_EN1_1,Mid Layer 2,63.375,36.775,63.375,35.875,0.2,,,"NetC2_EN1_1|Pad U_EN1-3(63.8mm,37.325mm) on L6 BOTTOM|Pad C2_EN1-1(64.09mm,35.95mm) on L6 BOTTOM",0
TRACK,R311:NetC2_EN1_1,NetC2_EN1_1,Mid Layer 2,63.375,35.875,63.325,35.825,0.2,,,"NetC2_EN1_1|Pad U_EN1-3(63.8mm,37.325mm) on L6 BOTTOM|Pad C2_EN1-1(64.09mm,35.95mm) on L6 BOTTOM",0
TRACK,R311:NetC2_EN1_1,NetC2_EN1_1,Bottom Layer,63.325,35.825,63.875,35.825,0.2,,,"NetC2_EN1_1|Pad U_EN1-3(63.8mm,37.325mm) on L6 BOTTOM|Pad C2_EN1-1(64.09mm,35.95mm) on L6 BOTTOM",0
VIA,R311:NetC2_EN1_1,NetC2_EN1_1,Multi Layer,62.675,37.325,,,,0.6,0.3,"NetC2_EN1_1|Pad U_EN1-3(63.8mm,37.325mm) on L6 BOTTOM|Pad C2_EN1-1(64.09mm,35.95mm) on L6 BOTTOM",0
VIA,R311:NetC2_EN1_1,NetC2_EN1_1,Multi Layer,63.325,35.825,,,,0.6,0.3,"NetC2_EN1_1|Pad U_EN1-3(63.8mm,37.325mm) on L6 BOTTOM|Pad C2_EN1-1(64.09mm,35.95mm) on L6 BOTTOM",0
TRACK,R312:NetQ_SHDN_1,NetQ_SHDN_1,Bottom Layer,54.525,37.025,54.825,37.025,0.2,,,"NetQ_SHDN_1|Pad R_SHDN_G-1(54.166mm,37.25mm) on L6 BOTTOM|Pad Q_SHDN-1(55.58mm,37mm) on L6 BOTTOM",0
TRACK,R313:MCU_PWR_INT_N,MCU_PWR_INT_N,Bottom Layer,60.425,36.075,60.575,36.225,0.2,,,"MCU_PWR_INT_N|Pad R_INT_PULLUP-2(60.066mm,35.75mm) on L6 BOTTOM|Pad U_EN1-5(61.18mm,36.675mm) on L6 BOTTOM",0
TRACK,R313:MCU_PWR_INT_N,MCU_PWR_INT_N,Bottom Layer,60.575,36.225,60.575,36.525,0.2,,,"MCU_PWR_INT_N|Pad R_INT_PULLUP-2(60.066mm,35.75mm) on L6 BOTTOM|Pad U_EN1-5(61.18mm,36.675mm) on L6 BOTTOM",0
TRACK,R315:MCU_VCAP,MCU_VCAP,Top Layer,63.075,26.775,63.075,27.075,0.2,,,"MCU_VCAP|Pad MCU_VCAP-2(62.68mm,26.288mm) on L1 TOP|Pad U_MCU1-48(63.08mm,27.762mm) on L1 TOP [Unplated]",0
TRACK,R316:NetQ_SHDN_1 VIP,NetQ_SHDN_1,Mid Layer 2,53.175,38.425,54.275,37.325,0.2,,,"NetQ_SHDN_1|Pad R_SHDN_PD-2(53.19mm,38.45mm) on L6 BOTTOM|Pad R_SHDN_G-1(54.166mm,37.25mm) on L6 BOTTOM",0
VIA,R316:NetQ_SHDN_1 VIP,NetQ_SHDN_1,Multi Layer,53.175,38.425,,,,0.6,0.3,"NetQ_SHDN_1|Pad R_SHDN_PD-2(53.19mm,38.45mm) on L6 BOTTOM|Pad R_SHDN_G-1(54.166mm,37.25mm) on L6 BOTTOM",0
VIA,R316:NetQ_SHDN_1 VIP,NetQ_SHDN_1,Multi Layer,54.275,37.325,,,,0.6,0.3,"NetQ_SHDN_1|Pad R_SHDN_PD-2(53.19mm,38.45mm) on L6 BOTTOM|Pad R_SHDN_G-1(54.166mm,37.25mm) on L6 BOTTOM",0
TRACK,R317:WIFI_CHIP_EN,WIFI_CHIP_EN,Top Layer,43.975,35.075,43.975,35.325,0.2,,,"WIFI_CHIP_EN|Pad C_WIFI_EN-1(43.901mm,34.855mm) on L1 TOP|Pad TP_WIFI_CHIP_EN-TP(44.926mm,33.655mm) on L6 BOTTOM",0
TRACK,R317:WIFI_CHIP_EN,WIFI_CHIP_EN,Top Layer,43.975,35.325,45.025,36.375,0.2,,,"WIFI_CHIP_EN|Pad C_WIFI_EN-1(43.901mm,34.855mm) on L1 TOP|Pad TP_WIFI_CHIP_EN-TP(44.926mm,33.655mm) on L6 BOTTOM",0
TRACK,R317:WIFI_CHIP_EN,WIFI_CHIP_EN,Top Layer,45.025,36.375,45.125,36.375,0.2,,,"WIFI_CHIP_EN|Pad C_WIFI_EN-1(43.901mm,34.855mm) on L1 TOP|Pad TP_WIFI_CHIP_EN-TP(44.926mm,33.655mm) on L6 BOTTOM",0
TRACK,R317:WIFI_CHIP_EN,WIFI_CHIP_EN,Bottom Layer,45.125,36.375,45.125,34.225,0.2,,,"WIFI_CHIP_EN|Pad C_WIFI_EN-1(43.901mm,34.855mm) on L1 TOP|Pad TP_WIFI_CHIP_EN-TP(44.926mm,33.655mm) on L6 BOTTOM",0
VIA,R317:WIFI_CHIP_EN,WIFI_CHIP_EN,Multi Layer,45.125,36.375,,,,0.6,0.3,"WIFI_CHIP_EN|Pad C_WIFI_EN-1(43.901mm,34.855mm) on L1 TOP|Pad TP_WIFI_CHIP_EN-TP(44.926mm,33.655mm) on L6 BOTTOM",0
TRACK,R318:NetRISET_1,NetRISET_1,Bottom Layer,12.225,36.925,12.225,37.225,0.2,,,"NetRISET_1|Pad RISET-1(12.029mm,36.6mm) on L6 BOTTOM|Pad UP1-16(12.85mm,38mm) on L6 BOTTOM",0
TRACK,R318:NetRISET_1,NetRISET_1,Bottom Layer,12.225,37.225,12.725,37.725,0.2,,,"NetRISET_1|Pad RISET-1(12.029mm,36.6mm) on L6 BOTTOM|Pad UP1-16(12.85mm,38mm) on L6 BOTTOM",0
TRACK,R319:WIFI_UART_TX,WIFI_UART_TX,Bottom Layer,45.175,42.725,45.425,42.725,0.2,,,"WIFI_UART_TX|Pad R_WIFI_UART_RX_LINK-1(45.011mm,42.509mm) on L6 BOTTOM|Pad TP_WIFI_UART_TX-TP(46.307mm,43.653mm) on L6 BOTTOM",0
TRACK,R319:WIFI_UART_TX,WIFI_UART_TX,Bottom Layer,45.425,42.725,45.925,43.225,0.2,,,"WIFI_UART_TX|Pad R_WIFI_UART_RX_LINK-1(45.011mm,42.509mm) on L6 BOTTOM|Pad TP_WIFI_UART_TX-TP(46.307mm,43.653mm) on L6 BOTTOM",0
TRACK,R320:MCU_NRST,MCU_NRST,Top Layer,48.775,35.025,49.625,35.025,0.2,,,"MCU_NRST|Pad R_NRST-1(48.58mm,35mm) on L1 TOP|Pad U_MCU1-14(50.342mm,35mm) on L1 TOP [Unplated]",0
TRACK,R321:WIFI_CHIP_EN,WIFI_CHIP_EN,Top Layer,42.525,35.075,43.675,35.075,0.2,,,"WIFI_CHIP_EN|Pad U_WIFI1-17(42.126mm,34.855mm) on L1 TOP [Unplated]|Pad C_WIFI_EN-1(43.901mm,34.855mm) on L1 TOP",0
TRACK,R322:MCU_BOOT0,MCU_BOOT0,Top Layer,55.075,43.975,55.075,44.425,0.2,,,"MCU_BOOT0|Pad U_MCU1-94(55.08mm,43.238mm) on L1 TOP [Unplated]|Pad R_MCU_BOOT0_PD-2(55.58mm,45.06mm) on L1 TOP",0
TRACK,R322:MCU_BOOT0,MCU_BOOT0,Top Layer,55.075,44.425,55.475,44.825,0.2,,,"MCU_BOOT0|Pad U_MCU1-94(55.08mm,43.238mm) on L1 TOP [Unplated]|Pad R_MCU_BOOT0_PD-2(55.58mm,45.06mm) on L1 TOP",0
TRACK,R323:WIFI_BOOT,WIFI_BOOT,Top Layer,29.575,40.075,29.575,40.325,0.2,,,"WIFI_BOOT|Pad R_WIFI_BOOT_PD-2(29.38mm,39.8mm) on L1 TOP|Pad U_WIFI1-3(30.694mm,41.205mm) on L1 TOP [Unplated]",0
TRACK,R323:WIFI_BOOT,WIFI_BOOT,Top Layer,29.575,40.325,30.275,41.025,0.2,,,"WIFI_BOOT|Pad R_WIFI_BOOT_PD-2(29.38mm,39.8mm) on L1 TOP|Pad U_WIFI1-3(30.694mm,41.205mm) on L1 TOP [Unplated]",0
TRACK,R324:WIFI_UART_RX,WIFI_UART_RX,Top Layer,41.725,42.075,41.475,42.075,0.2,,,"WIFI_UART_RX|Pad U_WIFI1-23(42.126mm,42.475mm) on L1 TOP [Unplated]|Pad R_WIFI_UART_TX_LINK-1(43.226mm,40.805mm) on L6 BOTTOM",0
TRACK,R324:WIFI_UART_RX,WIFI_UART_RX,Top Layer,41.475,42.075,40.875,41.475,0.2,,,"WIFI_UART_RX|Pad U_WIFI1-23(42.126mm,42.475mm) on L1 TOP [Unplated]|Pad R_WIFI_UART_TX_LINK-1(43.226mm,40.805mm) on L6 BOTTOM",0
TRACK,R324:WIFI_UART_RX,WIFI_UART_RX,Top Layer,40.875,41.475,40.875,40.025,0.2,,,"WIFI_UART_RX|Pad U_WIFI1-23(42.126mm,42.475mm) on L1 TOP [Unplated]|Pad R_WIFI_UART_TX_LINK-1(43.226mm,40.805mm) on L6 BOTTOM",0
TRACK,R324:WIFI_UART_RX,WIFI_UART_RX,Bottom Layer,40.875,40.025,42.425,40.025,0.2,,,"WIFI_UART_RX|Pad U_WIFI1-23(42.126mm,42.475mm) on L1 TOP [Unplated]|Pad R_WIFI_UART_TX_LINK-1(43.226mm,40.805mm) on L6 BOTTOM",0
TRACK,R324:WIFI_UART_RX,WIFI_UART_RX,Bottom Layer,42.425,40.025,43.025,40.625,0.2,,,"WIFI_UART_RX|Pad U_WIFI1-23(42.126mm,42.475mm) on L1 TOP [Unplated]|Pad R_WIFI_UART_TX_LINK-1(43.226mm,40.805mm) on L6 BOTTOM",0
VIA,R324:WIFI_UART_RX,WIFI_UART_RX,Multi Layer,40.875,40.025,,,,0.6,0.3,"WIFI_UART_RX|Pad U_WIFI1-23(42.126mm,42.475mm) on L1 TOP [Unplated]|Pad R_WIFI_UART_TX_LINK-1(43.226mm,40.805mm) on L6 BOTTOM",0
TRACK,R325:WIFI_BOOT VIP,WIFI_BOOT,Top Layer,31.075,41.175,32.525,41.175,0.2,,,"WIFI_BOOT|Pad U_WIFI1-3(30.694mm,41.205mm) on L1 TOP [Unplated]|Pad TP_WIFI_BOOT-TP(32.693mm,41.141mm) on L6 BOTTOM",0
VIA,R325:WIFI_BOOT VIP,WIFI_BOOT,Multi Layer,32.525,41.175,,,,0.6,0.3,"WIFI_BOOT|Pad U_WIFI1-3(30.694mm,41.205mm) on L1 TOP [Unplated]|Pad TP_WIFI_BOOT-TP(32.693mm,41.141mm) on L6 BOTTOM",0
TRACK,R326:MCU_BOOT0,MCU_BOOT0,Top Layer,55.075,42.525,55.075,41.375,0.2,,,"MCU_BOOT0|Pad U_MCU1-94(55.08mm,43.238mm) on L1 TOP [Unplated]|Pad TP_MCU_BOOT0-TP(55.28mm,41.238mm) on L6 BOTTOM",0
TRACK,R326:MCU_BOOT0,MCU_BOOT0,Top Layer,55.075,41.375,56.625,39.825,0.2,,,"MCU_BOOT0|Pad U_MCU1-94(55.08mm,43.238mm) on L1 TOP [Unplated]|Pad TP_MCU_BOOT0-TP(55.28mm,41.238mm) on L6 BOTTOM",0
TRACK,R326:MCU_BOOT0,MCU_BOOT0,Top Layer,56.625,39.825,56.625,39.725,0.2,,,"MCU_BOOT0|Pad U_MCU1-94(55.08mm,43.238mm) on L1 TOP [Unplated]|Pad TP_MCU_BOOT0-TP(55.28mm,41.238mm) on L6 BOTTOM",0
TRACK,R326:MCU_BOOT0,MCU_BOOT0,Bottom Layer,56.625,39.725,56.625,39.825,0.2,,,"MCU_BOOT0|Pad U_MCU1-94(55.08mm,43.238mm) on L1 TOP [Unplated]|Pad TP_MCU_BOOT0-TP(55.28mm,41.238mm) on L6 BOTTOM",0
TRACK,R326:MCU_BOOT0,MCU_BOOT0,Bottom Layer,56.625,39.825,55.625,40.825,0.2,,,"MCU_BOOT0|Pad U_MCU1-94(55.08mm,43.238mm) on L1 TOP [Unplated]|Pad TP_MCU_BOOT0-TP(55.28mm,41.238mm) on L6 BOTTOM",0
VIA,R326:MCU_BOOT0,MCU_BOOT0,Multi Layer,56.625,39.725,,,,0.6,0.3,"MCU_BOOT0|Pad U_MCU1-94(55.08mm,43.238mm) on L1 TOP [Unplated]|Pad TP_MCU_BOOT0-TP(55.28mm,41.238mm) on L6 BOTTOM",0
TRACK,R327:MCU_NRST,MCU_NRST,Top Layer,46.775,35.225,46.775,35.425,0.2,,,"MCU_NRST|Pad C_NRST-1(46.559mm,35mm) on L1 TOP|Pad R_NRST-1(48.58mm,35mm) on L1 TOP",0
TRACK,R327:MCU_NRST,MCU_NRST,Top Layer,46.775,35.425,47.075,35.725,0.2,,,"MCU_NRST|Pad C_NRST-1(46.559mm,35mm) on L1 TOP|Pad R_NRST-1(48.58mm,35mm) on L1 TOP",0
TRACK,R327:MCU_NRST,MCU_NRST,Top Layer,47.075,35.725,47.075,38.375,0.2,,,"MCU_NRST|Pad C_NRST-1(46.559mm,35mm) on L1 TOP|Pad R_NRST-1(48.58mm,35mm) on L1 TOP",0
TRACK,R327:MCU_NRST,MCU_NRST,Top Layer,47.075,38.375,47.025,38.425,0.2,,,"MCU_NRST|Pad C_NRST-1(46.559mm,35mm) on L1 TOP|Pad R_NRST-1(48.58mm,35mm) on L1 TOP",0
TRACK,R327:MCU_NRST,MCU_NRST,Mid Layer 2,47.025,38.425,48.6045,36.8455,0.2,,,"MCU_NRST|Pad C_NRST-1(46.559mm,35mm) on L1 TOP|Pad R_NRST-1(48.58mm,35mm) on L1 TOP",0
TRACK,R327:MCU_NRST,MCU_NRST,Mid Layer 2,48.6045,36.8455,50.425,35.025,0.2,,,"MCU_NRST|Pad C_NRST-1(46.559mm,35mm) on L1 TOP|Pad R_NRST-1(48.58mm,35mm) on L1 TOP",0
TRACK,R327:MCU_NRST,MCU_NRST,Mid Layer 2,50.425,35.025,51.575,35.025,0.2,,,"MCU_NRST|Pad C_NRST-1(46.559mm,35mm) on L1 TOP|Pad R_NRST-1(48.58mm,35mm) on L1 TOP",0
TRACK,R327:MCU_NRST,MCU_NRST,Top Layer,51.575,35.025,51.025,35.025,0.2,,,"MCU_NRST|Pad C_NRST-1(46.559mm,35mm) on L1 TOP|Pad R_NRST-1(48.58mm,35mm) on L1 TOP",0
VIA,R327:MCU_NRST,MCU_NRST,Multi Layer,47.025,38.425,,,,0.6,0.3,"MCU_NRST|Pad C_NRST-1(46.559mm,35mm) on L1 TOP|Pad R_NRST-1(48.58mm,35mm) on L1 TOP",0
VIA,R327:MCU_NRST,MCU_NRST,Multi Layer,51.575,35.025,,,,0.6,0.3,"MCU_NRST|Pad C_NRST-1(46.559mm,35mm) on L1 TOP|Pad R_NRST-1(48.58mm,35mm) on L1 TOP",0
TRACK,R329:WIFI_BOOT VIP,WIFI_BOOT,Top Layer,31.725,39.425,31.725,41.125,0.2,,,"WIFI_BOOT|Pad JP_WIFI_BOOT-2(31.794mm,39.205mm) on L6 BOTTOM|Pad TP_WIFI_BOOT-TP(32.693mm,41.141mm) on L6 BOTTOM",0
VIA,R329:WIFI_BOOT VIP,WIFI_BOOT,Multi Layer,31.725,39.425,,,,0.6,0.3,"WIFI_BOOT|Pad JP_WIFI_BOOT-2(31.794mm,39.205mm) on L6 BOTTOM|Pad TP_WIFI_BOOT-TP(32.693mm,41.141mm) on L6 BOTTOM",0
TRACK,R330:NetJP_WIFI_BOOT_1,NetJP_WIFI_BOOT_1,Bottom Layer,30.925,38.625,30.925,38.275,0.2,,,"NetJP_WIFI_BOOT_1|Pad JP_WIFI_BOOT-1(30.594mm,39.205mm) on L6 BOTTOM|Pad R_WIFI_BOOT_OVR-2(31.629mm,37.205mm) on L6 BOTTOM",0
TRACK,R330:NetJP_WIFI_BOOT_1,NetJP_WIFI_BOOT_1,Bottom Layer,30.925,38.275,31.475,37.725,0.2,,,"NetJP_WIFI_BOOT_1|Pad JP_WIFI_BOOT-1(30.594mm,39.205mm) on L6 BOTTOM|Pad R_WIFI_BOOT_OVR-2(31.629mm,37.205mm) on L6 BOTTOM",0
TRACK,R330:NetJP_WIFI_BOOT_1,NetJP_WIFI_BOOT_1,Bottom Layer,31.475,37.725,31.475,37.475,0.2,,,"NetJP_WIFI_BOOT_1|Pad JP_WIFI_BOOT-1(30.594mm,39.205mm) on L6 BOTTOM|Pad R_WIFI_BOOT_OVR-2(31.629mm,37.205mm) on L6 BOTTOM",0
TRACK,R332:NetD_CC_ESD_2,NetD_CC_ESD_2,Top Layer,19.575,43.875,19.675,43.875,0.2,,,"NetD_CC_ESD_2|Pad RJ2-2(19.325mm,44.1mm) on L1 TOP|Pad D_CC_ESD-2(20.9mm,41.85mm) on L1 TOP [Unplated]",0
TRACK,R332:NetD_CC_ESD_2,NetD_CC_ESD_2,Top Layer,19.675,43.875,20.725,42.825,0.2,,,"NetD_CC_ESD_2|Pad RJ2-2(19.325mm,44.1mm) on L1 TOP|Pad D_CC_ESD-2(20.9mm,41.85mm) on L1 TOP [Unplated]",0
TRACK,R332:NetD_CC_ESD_2,NetD_CC_ESD_2,Top Layer,20.725,42.825,20.725,42.125,0.2,,,"NetD_CC_ESD_2|Pad RJ2-2(19.325mm,44.1mm) on L1 TOP|Pad D_CC_ESD-2(20.9mm,41.85mm) on L1 TOP [Unplated]",0
TRACK,R333:NetR_LIM_2,NetR_LIM_2,Bottom Layer,15.275,38.575,15.275,37.725,0.15,,,"NetR_LIM_2|Pad UP1-12(15mm,38.65mm) on L6 BOTTOM|Pad R_LIM-2(17.547mm,37.537mm) on L6 BOTTOM",0
TRACK,R333:NetR_LIM_2,NetR_LIM_2,Bottom Layer,15.275,37.725,15.675,37.325,0.15,,,"NetR_LIM_2|Pad UP1-12(15mm,38.65mm) on L6 BOTTOM|Pad R_LIM-2(17.547mm,37.537mm) on L6 BOTTOM",0
TRACK,R333:NetR_LIM_2,NetR_LIM_2,Mid Layer 2,15.675,37.325,16.3,37.325,0.15,,,"NetR_LIM_2|Pad UP1-12(15mm,38.65mm) on L6 BOTTOM|Pad R_LIM-2(17.547mm,37.537mm) on L6 BOTTOM",0
TRACK,R333:NetR_LIM_2,NetR_LIM_2,Mid Layer 2,16.3,37.325,19.575,37.325,0.15,,,"NetR_LIM_2|Pad UP1-12(15mm,38.65mm) on L6 BOTTOM|Pad R_LIM-2(17.547mm,37.537mm) on L6 BOTTOM",0
TRACK,R333:NetR_LIM_2,NetR_LIM_2,Bottom Layer,19.575,37.325,17.775,37.325,0.15,,,"NetR_LIM_2|Pad UP1-12(15mm,38.65mm) on L6 BOTTOM|Pad R_LIM-2(17.547mm,37.537mm) on L6 BOTTOM",0
VIA,R333:NetR_LIM_2,NetR_LIM_2,Multi Layer,15.675,37.325,,,,0.45,0.2,"NetR_LIM_2|Pad UP1-12(15mm,38.65mm) on L6 BOTTOM|Pad R_LIM-2(17.547mm,37.537mm) on L6 BOTTOM",0
VIA,R333:NetR_LIM_2,NetR_LIM_2,Multi Layer,19.575,37.325,,,,0.45,0.2,"NetR_LIM_2|Pad UP1-12(15mm,38.65mm) on L6 BOTTOM|Pad R_LIM-2(17.547mm,37.537mm) on L6 BOTTOM",0
TRACK,R334:BAT_TEMP,BAT_TEMP,Top Layer,25.025,38.325,25.725,38.325,0.2,,,"BAT_TEMP|Pad J_Li-Po-2(24.369mm,37.994mm) on Multi-Layer|Pad R_TH_BAT-2(26.939mm,39.123mm) on Multi-Layer",0
TRACK,R334:BAT_TEMP,BAT_TEMP,Top Layer,25.725,38.325,26.375,38.975,0.2,,,"BAT_TEMP|Pad J_Li-Po-2(24.369mm,37.994mm) on Multi-Layer|Pad R_TH_BAT-2(26.939mm,39.123mm) on Multi-Layer",0
TRACK,R335:KILL_CTRL VIP,KILL_CTRL,Mid Layer 2,57.875,37.975,58.625,37.975,0.2,,,"KILL_CTRL|Pad Q_SHDN-3(57.4mm,37.95mm) on L6 BOTTOM|Pad R_KILL_PU-1(60.066mm,39.45mm) on L6 BOTTOM",0
TRACK,R335:KILL_CTRL VIP,KILL_CTRL,Mid Layer 2,58.625,37.975,60.175,39.525,0.2,,,"KILL_CTRL|Pad Q_SHDN-3(57.4mm,37.95mm) on L6 BOTTOM|Pad R_KILL_PU-1(60.066mm,39.45mm) on L6 BOTTOM",0
VIA,R335:KILL_CTRL VIP,KILL_CTRL,Multi Layer,57.875,37.975,,,,0.6,0.3,"KILL_CTRL|Pad Q_SHDN-3(57.4mm,37.95mm) on L6 BOTTOM|Pad R_KILL_PU-1(60.066mm,39.45mm) on L6 BOTTOM",0
VIA,R335:KILL_CTRL VIP,KILL_CTRL,Multi Layer,60.175,39.525,,,,0.6,0.3,"KILL_CTRL|Pad Q_SHDN-3(57.4mm,37.95mm) on L6 BOTTOM|Pad R_KILL_PU-1(60.066mm,39.45mm) on L6 BOTTOM",0
TRACK,R336:WIFI_CHIP_EN,WIFI_CHIP_EN,Top Layer,45.225,36.675,45.725,37.175,0.2,,,"WIFI_CHIP_EN|Pad C_WIFI_EN-1(43.901mm,34.855mm) on L1 TOP|Pad R_WIFI_EN_PD-1(45.78mm,37.4mm) on L1 TOP",0
TRACK,R337:WIFI_UART_TX,WIFI_UART_TX,Top Layer,42.525,40.825,42.875,40.825,0.2,,,"WIFI_UART_TX|Pad U_WIFI1-22(42.126mm,41.205mm) on L1 TOP [Unplated]|Pad R_WIFI_UART_RX_LINK-1(45.011mm,42.509mm) on L6 BOTTOM",0
TRACK,R337:WIFI_UART_TX,WIFI_UART_TX,Top Layer,42.875,40.825,43.675,40.025,0.2,,,"WIFI_UART_TX|Pad U_WIFI1-22(42.126mm,41.205mm) on L1 TOP [Unplated]|Pad R_WIFI_UART_RX_LINK-1(45.011mm,42.509mm) on L6 BOTTOM",0
TRACK,R337:WIFI_UART_TX,WIFI_UART_TX,Top Layer,43.675,40.025,45.375,40.025,0.2,,,"WIFI_UART_TX|Pad U_WIFI1-22(42.126mm,41.205mm) on L1 TOP [Unplated]|Pad R_WIFI_UART_RX_LINK-1(45.011mm,42.509mm) on L6 BOTTOM",0
TRACK,R337:WIFI_UART_TX,WIFI_UART_TX,Top Layer,45.375,40.025,47.525,42.175,0.2,,,"WIFI_UART_TX|Pad U_WIFI1-22(42.126mm,41.205mm) on L1 TOP [Unplated]|Pad R_WIFI_UART_RX_LINK-1(45.011mm,42.509mm) on L6 BOTTOM",0
TRACK,R337:WIFI_UART_TX,WIFI_UART_TX,Top Layer,47.525,42.175,47.525,42.825,0.2,,,"WIFI_UART_TX|Pad U_WIFI1-22(42.126mm,41.205mm) on L1 TOP [Unplated]|Pad R_WIFI_UART_RX_LINK-1(45.011mm,42.509mm) on L6 BOTTOM",0
TRACK,R337:WIFI_UART_TX,WIFI_UART_TX,Bottom Layer,47.525,42.825,47.425,42.825,0.2,,,"WIFI_UART_TX|Pad U_WIFI1-22(42.126mm,41.205mm) on L1 TOP [Unplated]|Pad R_WIFI_UART_RX_LINK-1(45.011mm,42.509mm) on L6 BOTTOM",0
TRACK,R337:WIFI_UART_TX,WIFI_UART_TX,Bottom Layer,47.425,42.825,46.825,43.425,0.2,,,"WIFI_UART_TX|Pad U_WIFI1-22(42.126mm,41.205mm) on L1 TOP [Unplated]|Pad R_WIFI_UART_RX_LINK-1(45.011mm,42.509mm) on L6 BOTTOM",0
VIA,R337:WIFI_UART_TX,WIFI_UART_TX,Multi Layer,47.525,42.825,,,,0.6,0.3,"WIFI_UART_TX|Pad U_WIFI1-22(42.126mm,41.205mm) on L1 TOP [Unplated]|Pad R_WIFI_UART_RX_LINK-1(45.011mm,42.509mm) on L6 BOTTOM",0
TRACK,R339:NetD_CC_ESD_1,NetD_CC_ESD_1,Top Layer,16.575,40.675,16.375,40.675,0.15,,,"NetD_CC_ESD_1|Pad J_USB_C-A5(17.155mm,40.65mm) on L1 TOP|Pad RJ1-2(19.325mm,43.1mm) on L1 TOP",0
TRACK,R339:NetD_CC_ESD_1,NetD_CC_ESD_1,Top Layer,16.375,40.675,16.3,40.75,0.15,,,"NetD_CC_ESD_1|Pad J_USB_C-A5(17.155mm,40.65mm) on L1 TOP|Pad RJ1-2(19.325mm,43.1mm) on L1 TOP",0
TRACK,R339:NetD_CC_ESD_1,NetD_CC_ESD_1,Top Layer,16.3,40.75,16.025,41.025,0.15,,,"NetD_CC_ESD_1|Pad J_USB_C-A5(17.155mm,40.65mm) on L1 TOP|Pad RJ1-2(19.325mm,43.1mm) on L1 TOP",0
TRACK,R339:NetD_CC_ESD_1,NetD_CC_ESD_1,Top Layer,16.025,41.025,16.025,41.475,0.15,,,"NetD_CC_ESD_1|Pad J_USB_C-A5(17.155mm,40.65mm) on L1 TOP|Pad RJ1-2(19.325mm,43.1mm) on L1 TOP",0
TRACK,R339:NetD_CC_ESD_1,NetD_CC_ESD_1,Mid Layer 2,16.025,41.475,16.3,41.475,0.15,,,"NetD_CC_ESD_1|Pad J_USB_C-A5(17.155mm,40.65mm) on L1 TOP|Pad RJ1-2(19.325mm,43.1mm) on L1 TOP",0
TRACK,R339:NetD_CC_ESD_1,NetD_CC_ESD_1,Mid Layer 2,16.3,41.475,17.875,41.475,0.15,,,"NetD_CC_ESD_1|Pad J_USB_C-A5(17.155mm,40.65mm) on L1 TOP|Pad RJ1-2(19.325mm,43.1mm) on L1 TOP",0
TRACK,R339:NetD_CC_ESD_1,NetD_CC_ESD_1,Mid Layer 2,17.875,41.475,18.275,41.875,0.15,,,"NetD_CC_ESD_1|Pad J_USB_C-A5(17.155mm,40.65mm) on L1 TOP|Pad RJ1-2(19.325mm,43.1mm) on L1 TOP",0
TRACK,R339:NetD_CC_ESD_1,NetD_CC_ESD_1,Top Layer,18.275,41.875,19.275,42.875,0.15,,,"NetD_CC_ESD_1|Pad J_USB_C-A5(17.155mm,40.65mm) on L1 TOP|Pad RJ1-2(19.325mm,43.1mm) on L1 TOP",0
VIA,R339:NetD_CC_ESD_1,NetD_CC_ESD_1,Multi Layer,16.025,41.475,,,,0.45,0.2,"NetD_CC_ESD_1|Pad J_USB_C-A5(17.155mm,40.65mm) on L1 TOP|Pad RJ1-2(19.325mm,43.1mm) on L1 TOP",0
VIA,R339:NetD_CC_ESD_1,NetD_CC_ESD_1,Multi Layer,18.275,41.875,,,,0.45,0.2,"NetD_CC_ESD_1|Pad J_USB_C-A5(17.155mm,40.65mm) on L1 TOP|Pad RJ1-2(19.325mm,43.1mm) on L1 TOP",0
TRACK,R340:NetD_CC_ESD_1,NetD_CC_ESD_1,Top Layer,18.725,42.325,20.825,40.225,0.2,,,"NetD_CC_ESD_1|Pad J_USB_C-A5(17.155mm,40.65mm) on L1 TOP|Pad D_CC_ESD-1(20.9mm,39.95mm) on L1 TOP [Unplated]",0
TRACK,R342:SYS_EN,SYS_EN,Bottom Layer,41.025,41.575,40.175,40.725,0.2,,,"SYS_EN|Pad U_UV1-1(41.423mm,41.792mm) on L6 BOTTOM|Pad R_EN-2(44.198mm,38.442mm) on L6 BOTTOM",0
TRACK,R342:SYS_EN,SYS_EN,Bottom Layer,40.175,40.725,40.175,39.675,0.2,,,"SYS_EN|Pad U_UV1-1(41.423mm,41.792mm) on L6 BOTTOM|Pad R_EN-2(44.198mm,38.442mm) on L6 BOTTOM",0
TRACK,R342:SYS_EN,SYS_EN,Bottom Layer,40.175,39.675,40.625,39.225,0.2,,,"SYS_EN|Pad U_UV1-1(41.423mm,41.792mm) on L6 BOTTOM|Pad R_EN-2(44.198mm,38.442mm) on L6 BOTTOM",0
TRACK,R342:SYS_EN,SYS_EN,Bottom Layer,40.625,39.225,43.625,39.225,0.2,,,"SYS_EN|Pad U_UV1-1(41.423mm,41.792mm) on L6 BOTTOM|Pad R_EN-2(44.198mm,38.442mm) on L6 BOTTOM",0
TRACK,R342:SYS_EN,SYS_EN,Bottom Layer,43.625,39.225,43.975,38.875,0.2,,,"SYS_EN|Pad U_UV1-1(41.423mm,41.792mm) on L6 BOTTOM|Pad R_EN-2(44.198mm,38.442mm) on L6 BOTTOM",0
TRACK,R342:SYS_EN,SYS_EN,Bottom Layer,43.975,38.875,43.975,38.725,0.2,,,"SYS_EN|Pad U_UV1-1(41.423mm,41.792mm) on L6 BOTTOM|Pad R_EN-2(44.198mm,38.442mm) on L6 BOTTOM",0
TRACK,R343:WIFI_UART_RX,WIFI_UART_RX,Mid Layer 4,40.725,40.325,39.575,41.475,0.2,,,"WIFI_UART_RX|Pad R_WIFI_UART_TX_LINK-1(43.226mm,40.805mm) on L6 BOTTOM|Pad TP_WIFI_UART_RX-TP(47.268mm,37.227mm) on L6 BOTTOM",0
TRACK,R343:WIFI_UART_RX,WIFI_UART_RX,Mid Layer 4,39.575,41.475,39.575,43.225,0.2,,,"WIFI_UART_RX|Pad R_WIFI_UART_TX_LINK-1(43.226mm,40.805mm) on L6 BOTTOM|Pad TP_WIFI_UART_RX-TP(47.268mm,37.227mm) on L6 BOTTOM",0
TRACK,R343:WIFI_UART_RX,WIFI_UART_RX,Mid Layer 4,39.575,43.225,39.175,43.625,0.2,,,"WIFI_UART_RX|Pad R_WIFI_UART_TX_LINK-1(43.226mm,40.805mm) on L6 BOTTOM|Pad TP_WIFI_UART_RX-TP(47.268mm,37.227mm) on L6 BOTTOM",0
TRACK,R343:WIFI_UART_RX,WIFI_UART_RX,Mid Layer 4,39.175,43.625,38.375,43.625,0.2,,,"WIFI_UART_RX|Pad R_WIFI_UART_TX_LINK-1(43.226mm,40.805mm) on L6 BOTTOM|Pad TP_WIFI_UART_RX-TP(47.268mm,37.227mm) on L6 BOTTOM",0
TRACK,R343:WIFI_UART_RX,WIFI_UART_RX,Mid Layer 4,38.375,43.625,37.825,43.075,0.2,,,"WIFI_UART_RX|Pad R_WIFI_UART_TX_LINK-1(43.226mm,40.805mm) on L6 BOTTOM|Pad TP_WIFI_UART_RX-TP(47.268mm,37.227mm) on L6 BOTTOM",0
TRACK,R343:WIFI_UART_RX,WIFI_UART_RX,Bottom Layer,37.825,43.075,37.975,43.075,0.2,,,"WIFI_UART_RX|Pad R_WIFI_UART_TX_LINK-1(43.226mm,40.805mm) on L6 BOTTOM|Pad TP_WIFI_UART_RX-TP(47.268mm,37.227mm) on L6 BOTTOM",0
TRACK,R343:WIFI_UART_RX,WIFI_UART_RX,Bottom Layer,37.975,43.075,38.525,43.625,0.2,,,"WIFI_UART_RX|Pad R_WIFI_UART_TX_LINK-1(43.226mm,40.805mm) on L6 BOTTOM|Pad TP_WIFI_UART_RX-TP(47.268mm,37.227mm) on L6 BOTTOM",0
TRACK,R343:WIFI_UART_RX,WIFI_UART_RX,Bottom Layer,38.525,43.625,39.175,43.625,0.2,,,"WIFI_UART_RX|Pad R_WIFI_UART_TX_LINK-1(43.226mm,40.805mm) on L6 BOTTOM|Pad TP_WIFI_UART_RX-TP(47.268mm,37.227mm) on L6 BOTTOM",0
TRACK,R343:WIFI_UART_RX,WIFI_UART_RX,Bottom Layer,39.175,43.625,39.625,43.175,0.2,,,"WIFI_UART_RX|Pad R_WIFI_UART_TX_LINK-1(43.226mm,40.805mm) on L6 BOTTOM|Pad TP_WIFI_UART_RX-TP(47.268mm,37.227mm) on L6 BOTTOM",0
TRACK,R343:WIFI_UART_RX,WIFI_UART_RX,Bottom Layer,39.625,43.175,39.625,37.825,0.2,,,"WIFI_UART_RX|Pad R_WIFI_UART_TX_LINK-1(43.226mm,40.805mm) on L6 BOTTOM|Pad TP_WIFI_UART_RX-TP(47.268mm,37.227mm) on L6 BOTTOM",0
TRACK,R343:WIFI_UART_RX,WIFI_UART_RX,Bottom Layer,39.625,37.825,40.125,37.325,0.2,,,"WIFI_UART_RX|Pad R_WIFI_UART_TX_LINK-1(43.226mm,40.805mm) on L6 BOTTOM|Pad TP_WIFI_UART_RX-TP(47.268mm,37.227mm) on L6 BOTTOM",0
TRACK,R343:WIFI_UART_RX,WIFI_UART_RX,Mid Layer 2,40.125,37.325,40.125,35.575,0.2,,,"WIFI_UART_RX|Pad R_WIFI_UART_TX_LINK-1(43.226mm,40.805mm) on L6 BOTTOM|Pad TP_WIFI_UART_RX-TP(47.268mm,37.227mm) on L6 BOTTOM",0
TRACK,R343:WIFI_UART_RX,WIFI_UART_RX,Mid Layer 2,40.125,35.575,44.725,30.975,0.2,,,"WIFI_UART_RX|Pad R_WIFI_UART_TX_LINK-1(43.226mm,40.805mm) on L6 BOTTOM|Pad TP_WIFI_UART_RX-TP(47.268mm,37.227mm) on L6 BOTTOM",0
TRACK,R343:WIFI_UART_RX,WIFI_UART_RX,Mid Layer 2,44.725,30.975,45.525,30.975,0.2,,,"WIFI_UART_RX|Pad R_WIFI_UART_TX_LINK-1(43.226mm,40.805mm) on L6 BOTTOM|Pad TP_WIFI_UART_RX-TP(47.268mm,37.227mm) on L6 BOTTOM",0
TRACK,R343:WIFI_UART_RX,WIFI_UART_RX,Bottom Layer,45.525,30.975,45.725,30.975,0.2,,,"WIFI_UART_RX|Pad R_WIFI_UART_TX_LINK-1(43.226mm,40.805mm) on L6 BOTTOM|Pad TP_WIFI_UART_RX-TP(47.268mm,37.227mm) on L6 BOTTOM",0
TRACK,R343:WIFI_UART_RX,WIFI_UART_RX,Bottom Layer,45.725,30.975,46.725,31.975,0.2,,,"WIFI_UART_RX|Pad R_WIFI_UART_TX_LINK-1(43.226mm,40.805mm) on L6 BOTTOM|Pad TP_WIFI_UART_RX-TP(47.268mm,37.227mm) on L6 BOTTOM",0
TRACK,R343:WIFI_UART_RX,WIFI_UART_RX,Bottom Layer,46.725,31.975,46.725,35.375,0.2,,,"WIFI_UART_RX|Pad R_WIFI_UART_TX_LINK-1(43.226mm,40.805mm) on L6 BOTTOM|Pad TP_WIFI_UART_RX-TP(47.268mm,37.227mm) on L6 BOTTOM",0
TRACK,R343:WIFI_UART_RX,WIFI_UART_RX,Bottom Layer,46.725,35.375,47.075,35.725,0.2,,,"WIFI_UART_RX|Pad R_WIFI_UART_TX_LINK-1(43.226mm,40.805mm) on L6 BOTTOM|Pad TP_WIFI_UART_RX-TP(47.268mm,37.227mm) on L6 BOTTOM",0
TRACK,R343:WIFI_UART_RX,WIFI_UART_RX,Bottom Layer,47.075,35.725,47.075,36.675,0.2,,,"WIFI_UART_RX|Pad R_WIFI_UART_TX_LINK-1(43.226mm,40.805mm) on L6 BOTTOM|Pad TP_WIFI_UART_RX-TP(47.268mm,37.227mm) on L6 BOTTOM",0
VIA,R343:WIFI_UART_RX,WIFI_UART_RX,Multi Layer,37.825,43.075,,,,0.6,0.3,"WIFI_UART_RX|Pad R_WIFI_UART_TX_LINK-1(43.226mm,40.805mm) on L6 BOTTOM|Pad TP_WIFI_UART_RX-TP(47.268mm,37.227mm) on L6 BOTTOM",0
VIA,R343:WIFI_UART_RX,WIFI_UART_RX,Multi Layer,40.125,37.325,,,,0.6,0.3,"WIFI_UART_RX|Pad R_WIFI_UART_TX_LINK-1(43.226mm,40.805mm) on L6 BOTTOM|Pad TP_WIFI_UART_RX-TP(47.268mm,37.227mm) on L6 BOTTOM",0
VIA,R343:WIFI_UART_RX,WIFI_UART_RX,Multi Layer,45.525,30.975,,,,0.6,0.3,"WIFI_UART_RX|Pad R_WIFI_UART_TX_LINK-1(43.226mm,40.805mm) on L6 BOTTOM|Pad TP_WIFI_UART_RX-TP(47.268mm,37.227mm) on L6 BOTTOM",0
TRACK,R345:NetPWR_BTN_N_A,NetPWR_BTN_N_A,Top Layer,12.175,29.525,17.225,29.525,0.2,,,"NetPWR_BTN_N_A|Pad PWR_BTN_N-A(11.71mm,29.496mm) on L1 TOP|Pad PWR_BTN_N-B(17.71mm,29.496mm) on L1 TOP",0
TRACK,R346:MCU_PWR_INT_N VIP,MCU_PWR_INT_N,Top Layer,60.575,42.525,60.575,40.175,0.2,,,"MCU_PWR_INT_N|Pad U_MCU1-83(60.58mm,43.238mm) on L1 TOP [Unplated]|Pad U_EN1-5(61.18mm,36.675mm) on L6 BOTTOM",0
TRACK,R346:MCU_PWR_INT_N VIP,MCU_PWR_INT_N,Top Layer,60.575,40.175,60.825,39.925,0.2,,,"MCU_PWR_INT_N|Pad U_MCU1-83(60.58mm,43.238mm) on L1 TOP [Unplated]|Pad U_EN1-5(61.18mm,36.675mm) on L6 BOTTOM",0
TRACK,R346:MCU_PWR_INT_N VIP,MCU_PWR_INT_N,Top Layer,60.825,39.925,60.825,36.475,0.2,,,"MCU_PWR_INT_N|Pad U_MCU1-83(60.58mm,43.238mm) on L1 TOP [Unplated]|Pad U_EN1-5(61.18mm,36.675mm) on L6 BOTTOM",0
TRACK,R346:MCU_PWR_INT_N VIP,MCU_PWR_INT_N,Top Layer,60.825,36.475,60.175,35.825,0.2,,,"MCU_PWR_INT_N|Pad U_MCU1-83(60.58mm,43.238mm) on L1 TOP [Unplated]|Pad U_EN1-5(61.18mm,36.675mm) on L6 BOTTOM",0
VIA,R346:MCU_PWR_INT_N VIP,MCU_PWR_INT_N,Multi Layer,60.175,35.825,,,,0.6,0.3,"MCU_PWR_INT_N|Pad U_MCU1-83(60.58mm,43.238mm) on L1 TOP [Unplated]|Pad U_EN1-5(61.18mm,36.675mm) on L6 BOTTOM",0
TRACK,R347:SYS_EN VIP,SYS_EN,Mid Layer 2,44.175,38.475,45.875,40.175,0.15,,,"SYS_EN|Pad R_EN-2(44.198mm,38.442mm) on L6 BOTTOM|Pad UP2-5(51.562mm,39.699mm) on L6 BOTTOM",0
TRACK,R347:SYS_EN VIP,SYS_EN,Mid Layer 2,45.875,40.175,47.875,40.175,0.15,,,"SYS_EN|Pad R_EN-2(44.198mm,38.442mm) on L6 BOTTOM|Pad UP2-5(51.562mm,39.699mm) on L6 BOTTOM",0
TRACK,R347:SYS_EN VIP,SYS_EN,Mid Layer 2,47.875,40.175,48.6045,39.4455,0.15,,,"SYS_EN|Pad R_EN-2(44.198mm,38.442mm) on L6 BOTTOM|Pad UP2-5(51.562mm,39.699mm) on L6 BOTTOM",0
TRACK,R347:SYS_EN VIP,SYS_EN,Mid Layer 2,48.6045,39.4455,48.9019,39.1481,0.15,,,"SYS_EN|Pad R_EN-2(44.198mm,38.442mm) on L6 BOTTOM|Pad UP2-5(51.562mm,39.699mm) on L6 BOTTOM",0
TRACK,R347:SYS_EN VIP,SYS_EN,Mid Layer 2,48.9019,39.1481,49.6815,38.3685,0.15,,,"SYS_EN|Pad R_EN-2(44.198mm,38.442mm) on L6 BOTTOM|Pad UP2-5(51.562mm,39.699mm) on L6 BOTTOM",0
TRACK,R347:SYS_EN VIP,SYS_EN,Mid Layer 2,49.6815,38.3685,51.725,36.325,0.15,,,"SYS_EN|Pad R_EN-2(44.198mm,38.442mm) on L6 BOTTOM|Pad UP2-5(51.562mm,39.699mm) on L6 BOTTOM",0
TRACK,R347:SYS_EN VIP,SYS_EN,Bottom Layer,51.725,36.325,51.725,36.925,0.15,,,"SYS_EN|Pad R_EN-2(44.198mm,38.442mm) on L6 BOTTOM|Pad UP2-5(51.562mm,39.699mm) on L6 BOTTOM",0
TRACK,R347:SYS_EN VIP,SYS_EN,Bottom Layer,51.725,36.925,52.475,37.675,0.15,,,"SYS_EN|Pad R_EN-2(44.198mm,38.442mm) on L6 BOTTOM|Pad UP2-5(51.562mm,39.699mm) on L6 BOTTOM",0
TRACK,R347:SYS_EN VIP,SYS_EN,Bottom Layer,52.475,37.675,52.475,38.3685,0.15,,,"SYS_EN|Pad R_EN-2(44.198mm,38.442mm) on L6 BOTTOM|Pad UP2-5(51.562mm,39.699mm) on L6 BOTTOM",0
TRACK,R347:SYS_EN VIP,SYS_EN,Bottom Layer,52.475,38.3685,52.475,38.675,0.15,,,"SYS_EN|Pad R_EN-2(44.198mm,38.442mm) on L6 BOTTOM|Pad UP2-5(51.562mm,39.699mm) on L6 BOTTOM",0
TRACK,R347:SYS_EN VIP,SYS_EN,Bottom Layer,52.475,38.675,51.675,39.475,0.15,,,"SYS_EN|Pad R_EN-2(44.198mm,38.442mm) on L6 BOTTOM|Pad UP2-5(51.562mm,39.699mm) on L6 BOTTOM",0
VIA,R347:SYS_EN VIP,SYS_EN,Multi Layer,44.175,38.475,,,,0.6,0.3,"SYS_EN|Pad R_EN-2(44.198mm,38.442mm) on L6 BOTTOM|Pad UP2-5(51.562mm,39.699mm) on L6 BOTTOM",0
VIA,R347:SYS_EN VIP,SYS_EN,Multi Layer,51.725,36.325,,,,0.6,0.3,"SYS_EN|Pad R_EN-2(44.198mm,38.442mm) on L6 BOTTOM|Pad UP2-5(51.562mm,39.699mm) on L6 BOTTOM",0
TRACK,R348:NetLED_CHG_A,NetLED_CHG_A,Bottom Layer,18.475,40.425,18.525,40.375,0.2,,,"NetLED_CHG_A|Pad R_CHG_LED-2(18.2mm,40.65mm) on L6 BOTTOM|Pad LED_CHG-A(25.428mm,44.5mm) on L1 TOP",0
TRACK,R348:NetLED_CHG_A,NetLED_CHG_A,Bottom Layer,18.525,40.375,18.775,40.375,0.2,,,"NetLED_CHG_A|Pad R_CHG_LED-2(18.2mm,40.65mm) on L6 BOTTOM|Pad LED_CHG-A(25.428mm,44.5mm) on L1 TOP",0
TRACK,R348:NetLED_CHG_A,NetLED_CHG_A,Bottom Layer,18.775,40.375,19.125,40.025,0.2,,,"NetLED_CHG_A|Pad R_CHG_LED-2(18.2mm,40.65mm) on L6 BOTTOM|Pad LED_CHG-A(25.428mm,44.5mm) on L1 TOP",0
TRACK,R348:NetLED_CHG_A,NetLED_CHG_A,Mid Layer 2,19.125,40.025,20.125,41.025,0.2,,,"NetLED_CHG_A|Pad R_CHG_LED-2(18.2mm,40.65mm) on L6 BOTTOM|Pad LED_CHG-A(25.428mm,44.5mm) on L1 TOP",0
TRACK,R348:NetLED_CHG_A,NetLED_CHG_A,Mid Layer 2,20.125,41.025,21.525,41.025,0.2,,,"NetLED_CHG_A|Pad R_CHG_LED-2(18.2mm,40.65mm) on L6 BOTTOM|Pad LED_CHG-A(25.428mm,44.5mm) on L1 TOP",0
TRACK,R348:NetLED_CHG_A,NetLED_CHG_A,Top Layer,21.525,41.025,24.725,44.225,0.2,,,"NetLED_CHG_A|Pad R_CHG_LED-2(18.2mm,40.65mm) on L6 BOTTOM|Pad LED_CHG-A(25.428mm,44.5mm) on L1 TOP",0
VIA,R348:NetLED_CHG_A,NetLED_CHG_A,Multi Layer,19.125,40.025,,,,0.6,0.3,"NetLED_CHG_A|Pad R_CHG_LED-2(18.2mm,40.65mm) on L6 BOTTOM|Pad LED_CHG-A(25.428mm,44.5mm) on L1 TOP",0
VIA,R348:NetLED_CHG_A,NetLED_CHG_A,Multi Layer,21.525,41.025,,,,0.6,0.3,"NetLED_CHG_A|Pad R_CHG_LED-2(18.2mm,40.65mm) on L6 BOTTOM|Pad LED_CHG-A(25.428mm,44.5mm) on L1 TOP",0
TRACK,R349:MCU_SHUTDOWN VIP,MCU_SHUTDOWN,Top Layer,53.175,37.325,54.875,39.025,0.2,,,"MCU_SHUTDOWN|Pad R_SHDN_G-2(53.214mm,37.25mm) on L6 BOTTOM|Pad U_MCU1-86(59.08mm,43.238mm) on L1 TOP [Unplated]",0
TRACK,R349:MCU_SHUTDOWN VIP,MCU_SHUTDOWN,Top Layer,54.875,39.025,56.925,39.025,0.2,,,"MCU_SHUTDOWN|Pad R_SHDN_G-2(53.214mm,37.25mm) on L6 BOTTOM|Pad U_MCU1-86(59.08mm,43.238mm) on L1 TOP [Unplated]",0
TRACK,R349:MCU_SHUTDOWN VIP,MCU_SHUTDOWN,Top Layer,56.925,39.025,59.075,41.175,0.2,,,"MCU_SHUTDOWN|Pad R_SHDN_G-2(53.214mm,37.25mm) on L6 BOTTOM|Pad U_MCU1-86(59.08mm,43.238mm) on L1 TOP [Unplated]",0
TRACK,R349:MCU_SHUTDOWN VIP,MCU_SHUTDOWN,Top Layer,59.075,41.175,59.075,42.525,0.2,,,"MCU_SHUTDOWN|Pad R_SHDN_G-2(53.214mm,37.25mm) on L6 BOTTOM|Pad U_MCU1-86(59.08mm,43.238mm) on L1 TOP [Unplated]",0
VIA,R349:MCU_SHUTDOWN VIP,MCU_SHUTDOWN,Multi Layer,53.175,37.325,,,,0.6,0.3,"MCU_SHUTDOWN|Pad R_SHDN_G-2(53.214mm,37.25mm) on L6 BOTTOM|Pad U_MCU1-86(59.08mm,43.238mm) on L1 TOP [Unplated]",0
TRACK,R350:SYS_EN,SYS_EN,Mid Layer 4,51.975,36.475,58.225,36.475,0.2,,,"SYS_EN|Pad UP2-5(51.562mm,39.699mm) on L6 BOTTOM|Pad U_EN1-6(61.18mm,37.325mm) on L6 BOTTOM",0
TRACK,R350:SYS_EN,SYS_EN,Mid Layer 4,58.225,36.475,58.375,36.625,0.2,,,"SYS_EN|Pad UP2-5(51.562mm,39.699mm) on L6 BOTTOM|Pad U_EN1-6(61.18mm,37.325mm) on L6 BOTTOM",0
TRACK,R350:SYS_EN,SYS_EN,Bottom Layer,58.375,36.625,59.675,36.625,0.2,,,"SYS_EN|Pad UP2-5(51.562mm,39.699mm) on L6 BOTTOM|Pad U_EN1-6(61.18mm,37.325mm) on L6 BOTTOM",0
TRACK,R350:SYS_EN,SYS_EN,Bottom Layer,59.675,36.625,60.325,37.275,0.2,,,"SYS_EN|Pad UP2-5(51.562mm,39.699mm) on L6 BOTTOM|Pad U_EN1-6(61.18mm,37.325mm) on L6 BOTTOM",0
TRACK,R350:SYS_EN,SYS_EN,Bottom Layer,60.325,37.275,60.575,37.275,0.2,,,"SYS_EN|Pad UP2-5(51.562mm,39.699mm) on L6 BOTTOM|Pad U_EN1-6(61.18mm,37.325mm) on L6 BOTTOM",0
VIA,R350:SYS_EN,SYS_EN,Multi Layer,58.375,36.625,,,,0.6,0.3,"SYS_EN|Pad UP2-5(51.562mm,39.699mm) on L6 BOTTOM|Pad U_EN1-6(61.18mm,37.325mm) on L6 BOTTOM",0
TRACK,R351:NetLED_CHG_C,NetLED_CHG_C,Bottom Layer,15.275,40.275,15.425,40.425,0.15,,,"NetLED_CHG_C|Pad UP1-9(15mm,40.15mm) on L6 BOTTOM|Pad LED_CHG-C(25.428mm,42.7mm) on L1 TOP",0
TRACK,R351:NetLED_CHG_C,NetLED_CHG_C,Bottom Layer,15.425,40.425,15.425,40.975,0.15,,,"NetLED_CHG_C|Pad UP1-9(15mm,40.15mm) on L6 BOTTOM|Pad LED_CHG-C(25.428mm,42.7mm) on L1 TOP",0
TRACK,R351:NetLED_CHG_C,NetLED_CHG_C,Mid Layer 2,15.425,40.975,15.475,40.925,0.15,,,"NetLED_CHG_C|Pad UP1-9(15mm,40.15mm) on L6 BOTTOM|Pad LED_CHG-C(25.428mm,42.7mm) on L1 TOP",0
TRACK,R351:NetLED_CHG_C,NetLED_CHG_C,Mid Layer 2,15.475,40.925,16.3,40.925,0.15,,,"NetLED_CHG_C|Pad UP1-9(15mm,40.15mm) on L6 BOTTOM|Pad LED_CHG-C(25.428mm,42.7mm) on L1 TOP",0
TRACK,R351:NetLED_CHG_C,NetLED_CHG_C,Mid Layer 2,16.3,40.925,19.275,40.925,0.15,,,"NetLED_CHG_C|Pad UP1-9(15mm,40.15mm) on L6 BOTTOM|Pad LED_CHG-C(25.428mm,42.7mm) on L1 TOP",0
TRACK,R351:NetLED_CHG_C,NetLED_CHG_C,Mid Layer 2,19.275,40.925,20.525,42.175,0.15,,,"NetLED_CHG_C|Pad UP1-9(15mm,40.15mm) on L6 BOTTOM|Pad LED_CHG-C(25.428mm,42.7mm) on L1 TOP",0
TRACK,R351:NetLED_CHG_C,NetLED_CHG_C,Mid Layer 2,20.525,42.175,23.975,42.175,0.15,,,"NetLED_CHG_C|Pad UP1-9(15mm,40.15mm) on L6 BOTTOM|Pad LED_CHG-C(25.428mm,42.7mm) on L1 TOP",0
TRACK,R351:NetLED_CHG_C,NetLED_CHG_C,Top Layer,23.975,42.175,24.725,42.175,0.15,,,"NetLED_CHG_C|Pad UP1-9(15mm,40.15mm) on L6 BOTTOM|Pad LED_CHG-C(25.428mm,42.7mm) on L1 TOP",0
VIA,R351:NetLED_CHG_C,NetLED_CHG_C,Multi Layer,15.425,40.975,,,,0.45,0.2,"NetLED_CHG_C|Pad UP1-9(15mm,40.15mm) on L6 BOTTOM|Pad LED_CHG-C(25.428mm,42.7mm) on L1 TOP",0
VIA,R351:NetLED_CHG_C,NetLED_CHG_C,Multi Layer,23.975,42.175,,,,0.45,0.2,"NetLED_CHG_C|Pad UP1-9(15mm,40.15mm) on L6 BOTTOM|Pad LED_CHG-C(25.428mm,42.7mm) on L1 TOP",0
TRACK,R353:WIFI_CHIP_EN,WIFI_CHIP_EN,Mid Layer 2,45.375,36.525,45.625,36.775,0.2,,,"WIFI_CHIP_EN|Pad R_WIFI_EN_PD-1(45.78mm,37.4mm) on L1 TOP|Pad U_MCU1-87(58.58mm,43.238mm) on L1 TOP [Unplated]",0
TRACK,R353:WIFI_CHIP_EN,WIFI_CHIP_EN,Mid Layer 2,45.625,36.775,47.925,36.775,0.2,,,"WIFI_CHIP_EN|Pad R_WIFI_EN_PD-1(45.78mm,37.4mm) on L1 TOP|Pad U_MCU1-87(58.58mm,43.238mm) on L1 TOP [Unplated]",0
TRACK,R353:WIFI_CHIP_EN,WIFI_CHIP_EN,Mid Layer 2,47.925,36.775,48.275,36.425,0.2,,,"WIFI_CHIP_EN|Pad R_WIFI_EN_PD-1(45.78mm,37.4mm) on L1 TOP|Pad U_MCU1-87(58.58mm,43.238mm) on L1 TOP [Unplated]",0
TRACK,R353:WIFI_CHIP_EN,WIFI_CHIP_EN,Mid Layer 2,48.275,36.425,48.325,36.425,0.2,,,"WIFI_CHIP_EN|Pad R_WIFI_EN_PD-1(45.78mm,37.4mm) on L1 TOP|Pad U_MCU1-87(58.58mm,43.238mm) on L1 TOP [Unplated]",0
TRACK,R353:WIFI_CHIP_EN,WIFI_CHIP_EN,Mid Layer 2,48.325,36.425,48.325,36.375,0.2,,,"WIFI_CHIP_EN|Pad R_WIFI_EN_PD-1(45.78mm,37.4mm) on L1 TOP|Pad U_MCU1-87(58.58mm,43.238mm) on L1 TOP [Unplated]",0
TRACK,R353:WIFI_CHIP_EN,WIFI_CHIP_EN,Mid Layer 2,48.325,36.375,48.375,36.375,0.2,,,"WIFI_CHIP_EN|Pad R_WIFI_EN_PD-1(45.78mm,37.4mm) on L1 TOP|Pad U_MCU1-87(58.58mm,43.238mm) on L1 TOP [Unplated]",0
TRACK,R353:WIFI_CHIP_EN,WIFI_CHIP_EN,Mid Layer 2,48.375,36.375,48.375,36.325,0.2,,,"WIFI_CHIP_EN|Pad R_WIFI_EN_PD-1(45.78mm,37.4mm) on L1 TOP|Pad U_MCU1-87(58.58mm,43.238mm) on L1 TOP [Unplated]",0
TRACK,R353:WIFI_CHIP_EN,WIFI_CHIP_EN,Mid Layer 2,48.375,36.325,48.6045,36.0955,0.2,,,"WIFI_CHIP_EN|Pad R_WIFI_EN_PD-1(45.78mm,37.4mm) on L1 TOP|Pad U_MCU1-87(58.58mm,43.238mm) on L1 TOP [Unplated]",0
TRACK,R353:WIFI_CHIP_EN,WIFI_CHIP_EN,Mid Layer 2,48.6045,36.0955,50.325,34.375,0.2,,,"WIFI_CHIP_EN|Pad R_WIFI_EN_PD-1(45.78mm,37.4mm) on L1 TOP|Pad U_MCU1-87(58.58mm,43.238mm) on L1 TOP [Unplated]",0
TRACK,R353:WIFI_CHIP_EN,WIFI_CHIP_EN,Mid Layer 2,50.325,34.375,52.125,34.375,0.2,,,"WIFI_CHIP_EN|Pad R_WIFI_EN_PD-1(45.78mm,37.4mm) on L1 TOP|Pad U_MCU1-87(58.58mm,43.238mm) on L1 TOP [Unplated]",0
TRACK,R353:WIFI_CHIP_EN,WIFI_CHIP_EN,Top Layer,52.125,34.375,54.425,36.675,0.2,,,"WIFI_CHIP_EN|Pad R_WIFI_EN_PD-1(45.78mm,37.4mm) on L1 TOP|Pad U_MCU1-87(58.58mm,43.238mm) on L1 TOP [Unplated]",0
TRACK,R353:WIFI_CHIP_EN,WIFI_CHIP_EN,Top Layer,54.425,36.675,55.475,36.675,0.2,,,"WIFI_CHIP_EN|Pad R_WIFI_EN_PD-1(45.78mm,37.4mm) on L1 TOP|Pad U_MCU1-87(58.58mm,43.238mm) on L1 TOP [Unplated]",0
TRACK,R353:WIFI_CHIP_EN,WIFI_CHIP_EN,Top Layer,55.475,36.675,57.825,39.025,0.2,,,"WIFI_CHIP_EN|Pad R_WIFI_EN_PD-1(45.78mm,37.4mm) on L1 TOP|Pad U_MCU1-87(58.58mm,43.238mm) on L1 TOP [Unplated]",0
TRACK,R353:WIFI_CHIP_EN,WIFI_CHIP_EN,Mid Layer 2,57.825,39.025,57.825,43.775,0.2,,,"WIFI_CHIP_EN|Pad R_WIFI_EN_PD-1(45.78mm,37.4mm) on L1 TOP|Pad U_MCU1-87(58.58mm,43.238mm) on L1 TOP [Unplated]",0
TRACK,R353:WIFI_CHIP_EN,WIFI_CHIP_EN,Mid Layer 2,57.825,43.775,58.575,44.525,0.2,,,"WIFI_CHIP_EN|Pad R_WIFI_EN_PD-1(45.78mm,37.4mm) on L1 TOP|Pad U_MCU1-87(58.58mm,43.238mm) on L1 TOP [Unplated]",0
TRACK,R353:WIFI_CHIP_EN,WIFI_CHIP_EN,Top Layer,58.575,44.525,58.575,43.975,0.2,,,"WIFI_CHIP_EN|Pad R_WIFI_EN_PD-1(45.78mm,37.4mm) on L1 TOP|Pad U_MCU1-87(58.58mm,43.238mm) on L1 TOP [Unplated]",0
VIA,R353:WIFI_CHIP_EN,WIFI_CHIP_EN,Multi Layer,52.125,34.375,,,,0.6,0.3,"WIFI_CHIP_EN|Pad R_WIFI_EN_PD-1(45.78mm,37.4mm) on L1 TOP|Pad U_MCU1-87(58.58mm,43.238mm) on L1 TOP [Unplated]",0
VIA,R353:WIFI_CHIP_EN,WIFI_CHIP_EN,Multi Layer,57.825,39.025,,,,0.6,0.3,"WIFI_CHIP_EN|Pad R_WIFI_EN_PD-1(45.78mm,37.4mm) on L1 TOP|Pad U_MCU1-87(58.58mm,43.238mm) on L1 TOP [Unplated]",0
VIA,R353:WIFI_CHIP_EN,WIFI_CHIP_EN,Multi Layer,58.575,44.525,,,,0.6,0.3,"WIFI_CHIP_EN|Pad R_WIFI_EN_PD-1(45.78mm,37.4mm) on L1 TOP|Pad U_MCU1-87(58.58mm,43.238mm) on L1 TOP [Unplated]",0
TRACK,R355:MCU_WIFI_UART_RX,MCU_WIFI_UART_RX,Bottom Layer,44.825,43.525,44.825,44.225,0.15,,,"MCU_WIFI_UART_RX|Pad R_WIFI_UART_RX_LINK-2(45.011mm,43.309mm) on L6 BOTTOM|Pad U_MCU1-69(65.818mm,38.5mm) on L1 TOP [Unplated]",0
TRACK,R355:MCU_WIFI_UART_RX,MCU_WIFI_UART_RX,Bottom Layer,44.825,44.225,44.675,44.375,0.15,,,"MCU_WIFI_UART_RX|Pad R_WIFI_UART_RX_LINK-2(45.011mm,43.309mm) on L6 BOTTOM|Pad U_MCU1-69(65.818mm,38.5mm) on L1 TOP [Unplated]",0
TRACK,R355:MCU_WIFI_UART_RX,MCU_WIFI_UART_RX,Bottom Layer,44.675,44.375,44.675,45.025,0.15,,,"MCU_WIFI_UART_RX|Pad R_WIFI_UART_RX_LINK-2(45.011mm,43.309mm) on L6 BOTTOM|Pad U_MCU1-69(65.818mm,38.5mm) on L1 TOP [Unplated]",0
TRACK,R355:MCU_WIFI_UART_RX,MCU_WIFI_UART_RX,Bottom Layer,44.675,45.025,44.975,45.325,0.15,,,"MCU_WIFI_UART_RX|Pad R_WIFI_UART_RX_LINK-2(45.011mm,43.309mm) on L6 BOTTOM|Pad U_MCU1-69(65.818mm,38.5mm) on L1 TOP [Unplated]",0
TRACK,R355:MCU_WIFI_UART_RX,MCU_WIFI_UART_RX,Bottom Layer,44.975,45.325,46.575,45.325,0.15,,,"MCU_WIFI_UART_RX|Pad R_WIFI_UART_RX_LINK-2(45.011mm,43.309mm) on L6 BOTTOM|Pad U_MCU1-69(65.818mm,38.5mm) on L1 TOP [Unplated]",0
TRACK,R355:MCU_WIFI_UART_RX,MCU_WIFI_UART_RX,Bottom Layer,46.575,45.325,46.775,45.125,0.15,,,"MCU_WIFI_UART_RX|Pad R_WIFI_UART_RX_LINK-2(45.011mm,43.309mm) on L6 BOTTOM|Pad U_MCU1-69(65.818mm,38.5mm) on L1 TOP [Unplated]",0
TRACK,R355:MCU_WIFI_UART_RX,MCU_WIFI_UART_RX,Mid Layer 4,46.775,45.125,48.025,43.875,0.15,,,"MCU_WIFI_UART_RX|Pad R_WIFI_UART_RX_LINK-2(45.011mm,43.309mm) on L6 BOTTOM|Pad U_MCU1-69(65.818mm,38.5mm) on L1 TOP [Unplated]",0
TRACK,R355:MCU_WIFI_UART_RX,MCU_WIFI_UART_RX,Mid Layer 4,48.025,43.875,48.6045,43.875,0.15,,,"MCU_WIFI_UART_RX|Pad R_WIFI_UART_RX_LINK-2(45.011mm,43.309mm) on L6 BOTTOM|Pad U_MCU1-69(65.818mm,38.5mm) on L1 TOP [Unplated]",0
TRACK,R355:MCU_WIFI_UART_RX,MCU_WIFI_UART_RX,Mid Layer 4,48.6045,43.875,58.875,43.875,0.15,,,"MCU_WIFI_UART_RX|Pad R_WIFI_UART_RX_LINK-2(45.011mm,43.309mm) on L6 BOTTOM|Pad U_MCU1-69(65.818mm,38.5mm) on L1 TOP [Unplated]",0
TRACK,R355:MCU_WIFI_UART_RX,MCU_WIFI_UART_RX,Mid Layer 4,58.875,43.875,59.675,44.675,0.15,,,"MCU_WIFI_UART_RX|Pad R_WIFI_UART_RX_LINK-2(45.011mm,43.309mm) on L6 BOTTOM|Pad U_MCU1-69(65.818mm,38.5mm) on L1 TOP [Unplated]",0
TRACK,R355:MCU_WIFI_UART_RX,MCU_WIFI_UART_RX,Mid Layer 2,59.675,44.675,62.425,41.925,0.15,,,"MCU_WIFI_UART_RX|Pad R_WIFI_UART_RX_LINK-2(45.011mm,43.309mm) on L6 BOTTOM|Pad U_MCU1-69(65.818mm,38.5mm) on L1 TOP [Unplated]",0
TRACK,R355:MCU_WIFI_UART_RX,MCU_WIFI_UART_RX,Mid Layer 2,62.425,41.925,62.425,40.675,0.15,,,"MCU_WIFI_UART_RX|Pad R_WIFI_UART_RX_LINK-2(45.011mm,43.309mm) on L6 BOTTOM|Pad U_MCU1-69(65.818mm,38.5mm) on L1 TOP [Unplated]",0
TRACK,R355:MCU_WIFI_UART_RX,MCU_WIFI_UART_RX,Top Layer,62.425,40.675,64.525,38.575,0.15,,,"MCU_WIFI_UART_RX|Pad R_WIFI_UART_RX_LINK-2(45.011mm,43.309mm) on L6 BOTTOM|Pad U_MCU1-69(65.818mm,38.5mm) on L1 TOP [Unplated]",0
TRACK,R355:MCU_WIFI_UART_RX,MCU_WIFI_UART_RX,Top Layer,64.525,38.575,65.125,38.575,0.15,,,"MCU_WIFI_UART_RX|Pad R_WIFI_UART_RX_LINK-2(45.011mm,43.309mm) on L6 BOTTOM|Pad U_MCU1-69(65.818mm,38.5mm) on L1 TOP [Unplated]",0
VIA,R355:MCU_WIFI_UART_RX,MCU_WIFI_UART_RX,Multi Layer,46.775,45.125,,,,0.6,0.3,"MCU_WIFI_UART_RX|Pad R_WIFI_UART_RX_LINK-2(45.011mm,43.309mm) on L6 BOTTOM|Pad U_MCU1-69(65.818mm,38.5mm) on L1 TOP [Unplated]",0
VIA,R355:MCU_WIFI_UART_RX,MCU_WIFI_UART_RX,Multi Layer,59.675,44.675,,,,0.6,0.3,"MCU_WIFI_UART_RX|Pad R_WIFI_UART_RX_LINK-2(45.011mm,43.309mm) on L6 BOTTOM|Pad U_MCU1-69(65.818mm,38.5mm) on L1 TOP [Unplated]",0
VIA,R355:MCU_WIFI_UART_RX,MCU_WIFI_UART_RX,Multi Layer,62.425,40.675,,,,0.6,0.3,"MCU_WIFI_UART_RX|Pad R_WIFI_UART_RX_LINK-2(45.011mm,43.309mm) on L6 BOTTOM|Pad U_MCU1-69(65.818mm,38.5mm) on L1 TOP [Unplated]",0
TRACK,R356:MCU_NRST,MCU_NRST,Top Layer,26.375,29.125,26.775,29.525,0.2,,,"MCU_NRST|Pad J_SWD-5(26.063mm,28.9mm) on L1 TOP|Pad C_NRST-1(46.559mm,35mm) on L1 TOP",0
TRACK,R356:MCU_NRST,MCU_NRST,Mid Layer 4,26.775,29.525,27.175,29.525,0.2,,,"MCU_NRST|Pad J_SWD-5(26.063mm,28.9mm) on L1 TOP|Pad C_NRST-1(46.559mm,35mm) on L1 TOP",0
TRACK,R356:MCU_NRST,MCU_NRST,Mid Layer 4,27.175,29.525,33.125,35.475,0.2,,,"MCU_NRST|Pad J_SWD-5(26.063mm,28.9mm) on L1 TOP|Pad C_NRST-1(46.559mm,35mm) on L1 TOP",0
TRACK,R356:MCU_NRST,MCU_NRST,Mid Layer 4,33.125,35.475,43.125,35.475,0.2,,,"MCU_NRST|Pad J_SWD-5(26.063mm,28.9mm) on L1 TOP|Pad C_NRST-1(46.559mm,35mm) on L1 TOP",0
TRACK,R356:MCU_NRST,MCU_NRST,Mid Layer 4,43.125,35.475,45.825,38.175,0.2,,,"MCU_NRST|Pad J_SWD-5(26.063mm,28.9mm) on L1 TOP|Pad C_NRST-1(46.559mm,35mm) on L1 TOP",0
TRACK,R356:MCU_NRST,MCU_NRST,Mid Layer 4,45.825,38.175,46.875,38.175,0.2,,,"MCU_NRST|Pad J_SWD-5(26.063mm,28.9mm) on L1 TOP|Pad C_NRST-1(46.559mm,35mm) on L1 TOP",0
VIA,R356:MCU_NRST,MCU_NRST,Multi Layer,26.775,29.525,,,,0.6,0.3,"MCU_NRST|Pad J_SWD-5(26.063mm,28.9mm) on L1 TOP|Pad C_NRST-1(46.559mm,35mm) on L1 TOP",0
TRACK,R359:AFE_EN VIP,AFE_EN,Top Layer,37.425,26.775,38.025,27.375,0.2,,,"AFE_EN|Pad R_EN_PD-1(37.444mm,26.668mm) on L6 BOTTOM|Pad U_MCU1-85(59.58mm,43.238mm) on L1 TOP [Unplated]",0
TRACK,R359:AFE_EN VIP,AFE_EN,Top Layer,38.025,27.375,39.525,27.375,0.2,,,"AFE_EN|Pad R_EN_PD-1(37.444mm,26.668mm) on L6 BOTTOM|Pad U_MCU1-85(59.58mm,43.238mm) on L1 TOP [Unplated]",0
TRACK,R359:AFE_EN VIP,AFE_EN,Top Layer,39.525,27.375,41.075,28.925,0.2,,,"AFE_EN|Pad R_EN_PD-1(37.444mm,26.668mm) on L6 BOTTOM|Pad U_MCU1-85(59.58mm,43.238mm) on L1 TOP [Unplated]",0
TRACK,R359:AFE_EN VIP,AFE_EN,Top Layer,41.075,28.925,44.525,28.925,0.2,,,"AFE_EN|Pad R_EN_PD-1(37.444mm,26.668mm) on L6 BOTTOM|Pad U_MCU1-85(59.58mm,43.238mm) on L1 TOP [Unplated]",0
TRACK,R359:AFE_EN VIP,AFE_EN,Mid Layer 4,44.525,28.925,45.825,30.225,0.2,,,"AFE_EN|Pad R_EN_PD-1(37.444mm,26.668mm) on L6 BOTTOM|Pad U_MCU1-85(59.58mm,43.238mm) on L1 TOP [Unplated]",0
TRACK,R359:AFE_EN VIP,AFE_EN,Mid Layer 4,45.825,30.225,48.525,30.225,0.2,,,"AFE_EN|Pad R_EN_PD-1(37.444mm,26.668mm) on L6 BOTTOM|Pad U_MCU1-85(59.58mm,43.238mm) on L1 TOP [Unplated]",0
TRACK,R359:AFE_EN VIP,AFE_EN,Mid Layer 4,48.525,30.225,48.6045,30.3045,0.2,,,"AFE_EN|Pad R_EN_PD-1(37.444mm,26.668mm) on L6 BOTTOM|Pad U_MCU1-85(59.58mm,43.238mm) on L1 TOP [Unplated]",0
TRACK,R359:AFE_EN VIP,AFE_EN,Mid Layer 4,48.6045,30.3045,52.025,33.725,0.2,,,"AFE_EN|Pad R_EN_PD-1(37.444mm,26.668mm) on L6 BOTTOM|Pad U_MCU1-85(59.58mm,43.238mm) on L1 TOP [Unplated]",0
TRACK,R359:AFE_EN VIP,AFE_EN,Mid Layer 4,52.025,33.725,59.075,33.725,0.2,,,"AFE_EN|Pad R_EN_PD-1(37.444mm,26.668mm) on L6 BOTTOM|Pad U_MCU1-85(59.58mm,43.238mm) on L1 TOP [Unplated]",0
TRACK,R359:AFE_EN VIP,AFE_EN,Mid Layer 2,59.075,33.725,60.825,35.475,0.2,,,"AFE_EN|Pad R_EN_PD-1(37.444mm,26.668mm) on L6 BOTTOM|Pad U_MCU1-85(59.58mm,43.238mm) on L1 TOP [Unplated]",0
TRACK,R359:AFE_EN VIP,AFE_EN,Mid Layer 2,60.825,35.475,60.825,39.925,0.2,,,"AFE_EN|Pad R_EN_PD-1(37.444mm,26.668mm) on L6 BOTTOM|Pad U_MCU1-85(59.58mm,43.238mm) on L1 TOP [Unplated]",0
TRACK,R359:AFE_EN VIP,AFE_EN,Mid Layer 2,60.825,39.925,60.075,40.675,0.2,,,"AFE_EN|Pad R_EN_PD-1(37.444mm,26.668mm) on L6 BOTTOM|Pad U_MCU1-85(59.58mm,43.238mm) on L1 TOP [Unplated]",0
TRACK,R359:AFE_EN VIP,AFE_EN,Mid Layer 2,60.075,40.675,59.875,40.675,0.2,,,"AFE_EN|Pad R_EN_PD-1(37.444mm,26.668mm) on L6 BOTTOM|Pad U_MCU1-85(59.58mm,43.238mm) on L1 TOP [Unplated]",0
TRACK,R359:AFE_EN VIP,AFE_EN,Top Layer,59.875,40.675,59.875,42.075,0.2,,,"AFE_EN|Pad R_EN_PD-1(37.444mm,26.668mm) on L6 BOTTOM|Pad U_MCU1-85(59.58mm,43.238mm) on L1 TOP [Unplated]",0
TRACK,R359:AFE_EN VIP,AFE_EN,Top Layer,59.875,42.075,59.575,42.375,0.2,,,"AFE_EN|Pad R_EN_PD-1(37.444mm,26.668mm) on L6 BOTTOM|Pad U_MCU1-85(59.58mm,43.238mm) on L1 TOP [Unplated]",0
TRACK,R359:AFE_EN VIP,AFE_EN,Top Layer,59.575,42.375,59.575,42.525,0.2,,,"AFE_EN|Pad R_EN_PD-1(37.444mm,26.668mm) on L6 BOTTOM|Pad U_MCU1-85(59.58mm,43.238mm) on L1 TOP [Unplated]",0
VIA,R359:AFE_EN VIP,AFE_EN,Multi Layer,37.425,26.775,,,,0.6,0.3,"AFE_EN|Pad R_EN_PD-1(37.444mm,26.668mm) on L6 BOTTOM|Pad U_MCU1-85(59.58mm,43.238mm) on L1 TOP [Unplated]",0
VIA,R359:AFE_EN VIP,AFE_EN,Multi Layer,44.525,28.925,,,,0.6,0.3,"AFE_EN|Pad R_EN_PD-1(37.444mm,26.668mm) on L6 BOTTOM|Pad U_MCU1-85(59.58mm,43.238mm) on L1 TOP [Unplated]",0
VIA,R359:AFE_EN VIP,AFE_EN,Multi Layer,59.075,33.725,,,,0.6,0.3,"AFE_EN|Pad R_EN_PD-1(37.444mm,26.668mm) on L6 BOTTOM|Pad U_MCU1-85(59.58mm,43.238mm) on L1 TOP [Unplated]",0
VIA,R359:AFE_EN VIP,AFE_EN,Multi Layer,59.875,40.675,,,,0.6,0.3,"AFE_EN|Pad R_EN_PD-1(37.444mm,26.668mm) on L6 BOTTOM|Pad U_MCU1-85(59.58mm,43.238mm) on L1 TOP [Unplated]",0
TRACK,R360:I2C_SDA,I2C_SDA,Bottom Layer,19.025,33.125,19.025,33.175,0.15,,,"I2C_SDA|Pad UP4-8(18.775mm,33.025mm) on L6 BOTTOM|Pad U_MCU1-96(54.08mm,43.238mm) on L1 TOP [Unplated]",0
TRACK,R360:I2C_SDA,I2C_SDA,Bottom Layer,19.025,33.175,19.325,33.475,0.15,,,"I2C_SDA|Pad UP4-8(18.775mm,33.025mm) on L6 BOTTOM|Pad U_MCU1-96(54.08mm,43.238mm) on L1 TOP [Unplated]",0
TRACK,R360:I2C_SDA,I2C_SDA,Bottom Layer,19.325,33.475,19.475,33.475,0.15,,,"I2C_SDA|Pad UP4-8(18.775mm,33.025mm) on L6 BOTTOM|Pad U_MCU1-96(54.08mm,43.238mm) on L1 TOP [Unplated]",0
TRACK,R360:I2C_SDA,I2C_SDA,Mid Layer 2,19.475,33.475,20.16,34.16,0.15,,,"I2C_SDA|Pad UP4-8(18.775mm,33.025mm) on L6 BOTTOM|Pad U_MCU1-96(54.08mm,43.238mm) on L1 TOP [Unplated]",0
TRACK,R360:I2C_SDA,I2C_SDA,Mid Layer 2,20.16,34.16,20.375,34.375,0.15,,,"I2C_SDA|Pad UP4-8(18.775mm,33.025mm) on L6 BOTTOM|Pad U_MCU1-96(54.08mm,43.238mm) on L1 TOP [Unplated]",0
TRACK,R360:I2C_SDA,I2C_SDA,Mid Layer 2,20.375,34.375,38.825,34.375,0.15,,,"I2C_SDA|Pad UP4-8(18.775mm,33.025mm) on L6 BOTTOM|Pad U_MCU1-96(54.08mm,43.238mm) on L1 TOP [Unplated]",0
TRACK,R360:I2C_SDA,I2C_SDA,Mid Layer 2,38.825,34.375,38.925,34.475,0.15,,,"I2C_SDA|Pad UP4-8(18.775mm,33.025mm) on L6 BOTTOM|Pad U_MCU1-96(54.08mm,43.238mm) on L1 TOP [Unplated]",0
TRACK,R360:I2C_SDA,I2C_SDA,Mid Layer 4,38.925,34.475,41.275,34.475,0.15,,,"I2C_SDA|Pad UP4-8(18.775mm,33.025mm) on L6 BOTTOM|Pad U_MCU1-96(54.08mm,43.238mm) on L1 TOP [Unplated]",0
TRACK,R360:I2C_SDA,I2C_SDA,Mid Layer 4,41.275,34.475,43.625,32.125,0.15,,,"I2C_SDA|Pad UP4-8(18.775mm,33.025mm) on L6 BOTTOM|Pad U_MCU1-96(54.08mm,43.238mm) on L1 TOP [Unplated]",0
TRACK,R360:I2C_SDA,I2C_SDA,Mid Layer 4,43.625,32.125,44.375,32.125,0.15,,,"I2C_SDA|Pad UP4-8(18.775mm,33.025mm) on L6 BOTTOM|Pad U_MCU1-96(54.08mm,43.238mm) on L1 TOP [Unplated]",0
TRACK,R360:I2C_SDA,I2C_SDA,Mid Layer 4,44.375,32.125,44.775,32.525,0.15,,,"I2C_SDA|Pad UP4-8(18.775mm,33.025mm) on L6 BOTTOM|Pad U_MCU1-96(54.08mm,43.238mm) on L1 TOP [Unplated]",0
TRACK,R360:I2C_SDA,I2C_SDA,Mid Layer 4,44.775,32.525,44.775,32.725,0.15,,,"I2C_SDA|Pad UP4-8(18.775mm,33.025mm) on L6 BOTTOM|Pad U_MCU1-96(54.08mm,43.238mm) on L1 TOP [Unplated]",0
TRACK,R360:I2C_SDA,I2C_SDA,Mid Layer 4,44.775,32.725,44.875,32.825,0.15,,,"I2C_SDA|Pad UP4-8(18.775mm,33.025mm) on L6 BOTTOM|Pad U_MCU1-96(54.08mm,43.238mm) on L1 TOP [Unplated]",0
TRACK,R360:I2C_SDA,I2C_SDA,Mid Layer 4,44.875,32.825,44.875,32.875,0.15,,,"I2C_SDA|Pad UP4-8(18.775mm,33.025mm) on L6 BOTTOM|Pad U_MCU1-96(54.08mm,43.238mm) on L1 TOP [Unplated]",0
TRACK,R360:I2C_SDA,I2C_SDA,Mid Layer 4,44.875,32.875,44.925,32.875,0.15,,,"I2C_SDA|Pad UP4-8(18.775mm,33.025mm) on L6 BOTTOM|Pad U_MCU1-96(54.08mm,43.238mm) on L1 TOP [Unplated]",0
TRACK,R360:I2C_SDA,I2C_SDA,Mid Layer 4,44.925,32.875,44.925,32.925,0.15,,,"I2C_SDA|Pad UP4-8(18.775mm,33.025mm) on L6 BOTTOM|Pad U_MCU1-96(54.08mm,43.238mm) on L1 TOP [Unplated]",0
TRACK,R360:I2C_SDA,I2C_SDA,Mid Layer 4,44.925,32.925,44.975,32.925,0.15,,,"I2C_SDA|Pad UP4-8(18.775mm,33.025mm) on L6 BOTTOM|Pad U_MCU1-96(54.08mm,43.238mm) on L1 TOP [Unplated]",0
TRACK,R360:I2C_SDA,I2C_SDA,Mid Layer 4,44.975,32.925,44.975,32.975,0.15,,,"I2C_SDA|Pad UP4-8(18.775mm,33.025mm) on L6 BOTTOM|Pad U_MCU1-96(54.08mm,43.238mm) on L1 TOP [Unplated]",0
TRACK,R360:I2C_SDA,I2C_SDA,Mid Layer 4,44.975,32.975,45.025,32.975,0.15,,,"I2C_SDA|Pad UP4-8(18.775mm,33.025mm) on L6 BOTTOM|Pad U_MCU1-96(54.08mm,43.238mm) on L1 TOP [Unplated]",0
TRACK,R360:I2C_SDA,I2C_SDA,Mid Layer 4,45.025,32.975,45.325,33.275,0.15,,,"I2C_SDA|Pad UP4-8(18.775mm,33.025mm) on L6 BOTTOM|Pad U_MCU1-96(54.08mm,43.238mm) on L1 TOP [Unplated]",0
TRACK,R360:I2C_SDA,I2C_SDA,Mid Layer 4,45.325,33.275,48.6045,33.275,0.15,,,"I2C_SDA|Pad UP4-8(18.775mm,33.025mm) on L6 BOTTOM|Pad U_MCU1-96(54.08mm,43.238mm) on L1 TOP [Unplated]",0
TRACK,R360:I2C_SDA,I2C_SDA,Mid Layer 4,48.6045,33.275,48.875,33.275,0.15,,,"I2C_SDA|Pad UP4-8(18.775mm,33.025mm) on L6 BOTTOM|Pad U_MCU1-96(54.08mm,43.238mm) on L1 TOP [Unplated]",0
TRACK,R360:I2C_SDA,I2C_SDA,Mid Layer 4,48.875,33.275,50.975,35.375,0.15,,,"I2C_SDA|Pad UP4-8(18.775mm,33.025mm) on L6 BOTTOM|Pad U_MCU1-96(54.08mm,43.238mm) on L1 TOP [Unplated]",0
TRACK,R360:I2C_SDA,I2C_SDA,Mid Layer 4,50.975,35.375,50.975,35.475,0.15,,,"I2C_SDA|Pad UP4-8(18.775mm,33.025mm) on L6 BOTTOM|Pad U_MCU1-96(54.08mm,43.238mm) on L1 TOP [Unplated]",0
TRACK,R360:I2C_SDA,I2C_SDA,Mid Layer 4,50.975,35.475,51.175,35.675,0.15,,,"I2C_SDA|Pad UP4-8(18.775mm,33.025mm) on L6 BOTTOM|Pad U_MCU1-96(54.08mm,43.238mm) on L1 TOP [Unplated]",0
TRACK,R360:I2C_SDA,I2C_SDA,Mid Layer 4,51.175,35.675,52.125,35.675,0.15,,,"I2C_SDA|Pad UP4-8(18.775mm,33.025mm) on L6 BOTTOM|Pad U_MCU1-96(54.08mm,43.238mm) on L1 TOP [Unplated]",0
TRACK,R360:I2C_SDA,I2C_SDA,Top Layer,52.125,35.675,52.125,35.775,0.15,,,"I2C_SDA|Pad UP4-8(18.775mm,33.025mm) on L6 BOTTOM|Pad U_MCU1-96(54.08mm,43.238mm) on L1 TOP [Unplated]",0
TRACK,R360:I2C_SDA,I2C_SDA,Top Layer,52.125,35.775,52.525,36.175,0.15,,,"I2C_SDA|Pad UP4-8(18.775mm,33.025mm) on L6 BOTTOM|Pad U_MCU1-96(54.08mm,43.238mm) on L1 TOP [Unplated]",0
TRACK,R360:I2C_SDA,I2C_SDA,Top Layer,52.525,36.175,52.525,38.3685,0.15,,,"I2C_SDA|Pad UP4-8(18.775mm,33.025mm) on L6 BOTTOM|Pad U_MCU1-96(54.08mm,43.238mm) on L1 TOP [Unplated]",0
TRACK,R360:I2C_SDA,I2C_SDA,Top Layer,52.525,38.3685,52.525,38.825,0.15,,,"I2C_SDA|Pad UP4-8(18.775mm,33.025mm) on L6 BOTTOM|Pad U_MCU1-96(54.08mm,43.238mm) on L1 TOP [Unplated]",0
TRACK,R360:I2C_SDA,I2C_SDA,Top Layer,52.525,38.825,52.7219,39.0219,0.15,,,"I2C_SDA|Pad UP4-8(18.775mm,33.025mm) on L6 BOTTOM|Pad U_MCU1-96(54.08mm,43.238mm) on L1 TOP [Unplated]",0
TRACK,R360:I2C_SDA,I2C_SDA,Top Layer,52.7219,39.0219,53.175,39.475,0.15,,,"I2C_SDA|Pad UP4-8(18.775mm,33.025mm) on L6 BOTTOM|Pad U_MCU1-96(54.08mm,43.238mm) on L1 TOP [Unplated]",0
TRACK,R360:I2C_SDA,I2C_SDA,Top Layer,53.175,39.475,53.525,39.475,0.15,,,"I2C_SDA|Pad UP4-8(18.775mm,33.025mm) on L6 BOTTOM|Pad U_MCU1-96(54.08mm,43.238mm) on L1 TOP [Unplated]",0
TRACK,R360:I2C_SDA,I2C_SDA,Top Layer,53.525,39.475,54.025,39.975,0.15,,,"I2C_SDA|Pad UP4-8(18.775mm,33.025mm) on L6 BOTTOM|Pad U_MCU1-96(54.08mm,43.238mm) on L1 TOP [Unplated]",0
TRACK,R360:I2C_SDA,I2C_SDA,Top Layer,54.025,39.975,54.025,42.525,0.15,,,"I2C_SDA|Pad UP4-8(18.775mm,33.025mm) on L6 BOTTOM|Pad U_MCU1-96(54.08mm,43.238mm) on L1 TOP [Unplated]",0
VIA,R360:I2C_SDA,I2C_SDA,Multi Layer,19.475,33.475,,,,0.45,0.2,"I2C_SDA|Pad UP4-8(18.775mm,33.025mm) on L6 BOTTOM|Pad U_MCU1-96(54.08mm,43.238mm) on L1 TOP [Unplated]",0
VIA,R360:I2C_SDA,I2C_SDA,Multi Layer,38.925,34.475,,,,0.45,0.2,"I2C_SDA|Pad UP4-8(18.775mm,33.025mm) on L6 BOTTOM|Pad U_MCU1-96(54.08mm,43.238mm) on L1 TOP [Unplated]",0
VIA,R360:I2C_SDA,I2C_SDA,Multi Layer,52.125,35.675,,,,0.45,0.2,"I2C_SDA|Pad UP4-8(18.775mm,33.025mm) on L6 BOTTOM|Pad U_MCU1-96(54.08mm,43.238mm) on L1 TOP [Unplated]",0
TRACK,R362:MCU_SWCLK,MCU_SWCLK,Top Layer,24.525,29.225,22.975,30.775,0.2,,,"MCU_SWCLK|Pad J_SWD-4(24.793mm,28.9mm) on L1 TOP|Pad U_MCU1-76(64.08mm,43.238mm) on L1 TOP [Unplated]",0
TRACK,R362:MCU_SWCLK,MCU_SWCLK,Top Layer,22.975,30.775,23.475,31.275,0.2,,,"MCU_SWCLK|Pad J_SWD-4(24.793mm,28.9mm) on L1 TOP|Pad U_MCU1-76(64.08mm,43.238mm) on L1 TOP [Unplated]",0
TRACK,R362:MCU_SWCLK,MCU_SWCLK,Top Layer,23.475,31.275,23.475,31.875,0.2,,,"MCU_SWCLK|Pad J_SWD-4(24.793mm,28.9mm) on L1 TOP|Pad U_MCU1-76(64.08mm,43.238mm) on L1 TOP [Unplated]",0
TRACK,R362:MCU_SWCLK,MCU_SWCLK,Top Layer,23.475,31.875,27.225,35.625,0.2,,,"MCU_SWCLK|Pad J_SWD-4(24.793mm,28.9mm) on L1 TOP|Pad U_MCU1-76(64.08mm,43.238mm) on L1 TOP [Unplated]",0
TRACK,R362:MCU_SWCLK,MCU_SWCLK,Top Layer,27.225,35.625,27.675,35.625,0.2,,,"MCU_SWCLK|Pad J_SWD-4(24.793mm,28.9mm) on L1 TOP|Pad U_MCU1-76(64.08mm,43.238mm) on L1 TOP [Unplated]",0
TRACK,R362:MCU_SWCLK,MCU_SWCLK,Top Layer,27.675,35.625,29.525,37.475,0.2,,,"MCU_SWCLK|Pad J_SWD-4(24.793mm,28.9mm) on L1 TOP|Pad U_MCU1-76(64.08mm,43.238mm) on L1 TOP [Unplated]",0
TRACK,R362:MCU_SWCLK,MCU_SWCLK,Top Layer,29.525,37.475,29.525,38.925,0.2,,,"MCU_SWCLK|Pad J_SWD-4(24.793mm,28.9mm) on L1 TOP|Pad U_MCU1-76(64.08mm,43.238mm) on L1 TOP [Unplated]",0
TRACK,R362:MCU_SWCLK,MCU_SWCLK,Mid Layer 2,29.525,38.925,29.525,41.275,0.2,,,"MCU_SWCLK|Pad J_SWD-4(24.793mm,28.9mm) on L1 TOP|Pad U_MCU1-76(64.08mm,43.238mm) on L1 TOP [Unplated]",0
TRACK,R362:MCU_SWCLK,MCU_SWCLK,Mid Layer 4,29.525,41.275,31.525,41.275,0.2,,,"MCU_SWCLK|Pad J_SWD-4(24.793mm,28.9mm) on L1 TOP|Pad U_MCU1-76(64.08mm,43.238mm) on L1 TOP [Unplated]",0
TRACK,R362:MCU_SWCLK,MCU_SWCLK,Mid Layer 4,31.525,41.275,33.675,43.425,0.2,,,"MCU_SWCLK|Pad J_SWD-4(24.793mm,28.9mm) on L1 TOP|Pad U_MCU1-76(64.08mm,43.238mm) on L1 TOP [Unplated]",0
TRACK,R362:MCU_SWCLK,MCU_SWCLK,Mid Layer 4,33.675,43.425,37.075,43.425,0.2,,,"MCU_SWCLK|Pad J_SWD-4(24.793mm,28.9mm) on L1 TOP|Pad U_MCU1-76(64.08mm,43.238mm) on L1 TOP [Unplated]",0
TRACK,R362:MCU_SWCLK,MCU_SWCLK,Mid Layer 4,37.075,43.425,38.575,44.925,0.2,,,"MCU_SWCLK|Pad J_SWD-4(24.793mm,28.9mm) on L1 TOP|Pad U_MCU1-76(64.08mm,43.238mm) on L1 TOP [Unplated]",0
TRACK,R362:MCU_SWCLK,MCU_SWCLK,Mid Layer 4,38.575,44.925,44.075,44.925,0.2,,,"MCU_SWCLK|Pad J_SWD-4(24.793mm,28.9mm) on L1 TOP|Pad U_MCU1-76(64.08mm,43.238mm) on L1 TOP [Unplated]",0
TRACK,R362:MCU_SWCLK,MCU_SWCLK,Mid Layer 4,44.075,44.925,45.475,43.525,0.2,,,"MCU_SWCLK|Pad J_SWD-4(24.793mm,28.9mm) on L1 TOP|Pad U_MCU1-76(64.08mm,43.238mm) on L1 TOP [Unplated]",0
TRACK,R362:MCU_SWCLK,MCU_SWCLK,Mid Layer 4,45.475,43.525,47.725,43.525,0.2,,,"MCU_SWCLK|Pad J_SWD-4(24.793mm,28.9mm) on L1 TOP|Pad U_MCU1-76(64.08mm,43.238mm) on L1 TOP [Unplated]",0
TRACK,R362:MCU_SWCLK,MCU_SWCLK,Mid Layer 4,47.725,43.525,47.725,43.475,0.2,,,"MCU_SWCLK|Pad J_SWD-4(24.793mm,28.9mm) on L1 TOP|Pad U_MCU1-76(64.08mm,43.238mm) on L1 TOP [Unplated]",0
TRACK,R362:MCU_SWCLK,MCU_SWCLK,Mid Layer 4,47.725,43.475,47.825,43.475,0.2,,,"MCU_SWCLK|Pad J_SWD-4(24.793mm,28.9mm) on L1 TOP|Pad U_MCU1-76(64.08mm,43.238mm) on L1 TOP [Unplated]",0
TRACK,R362:MCU_SWCLK,MCU_SWCLK,Mid Layer 4,47.825,43.475,47.825,43.425,0.2,,,"MCU_SWCLK|Pad J_SWD-4(24.793mm,28.9mm) on L1 TOP|Pad U_MCU1-76(64.08mm,43.238mm) on L1 TOP [Unplated]",0
TRACK,R362:MCU_SWCLK,MCU_SWCLK,Mid Layer 4,47.825,43.425,48.6045,43.425,0.2,,,"MCU_SWCLK|Pad J_SWD-4(24.793mm,28.9mm) on L1 TOP|Pad U_MCU1-76(64.08mm,43.238mm) on L1 TOP [Unplated]",0
TRACK,R362:MCU_SWCLK,MCU_SWCLK,Mid Layer 4,48.6045,43.425,64.725,43.425,0.2,,,"MCU_SWCLK|Pad J_SWD-4(24.793mm,28.9mm) on L1 TOP|Pad U_MCU1-76(64.08mm,43.238mm) on L1 TOP [Unplated]",0
TRACK,R362:MCU_SWCLK,MCU_SWCLK,Top Layer,64.725,43.425,64.175,43.425,0.2,,,"MCU_SWCLK|Pad J_SWD-4(24.793mm,28.9mm) on L1 TOP|Pad U_MCU1-76(64.08mm,43.238mm) on L1 TOP [Unplated]",0
VIA,R362:MCU_SWCLK,MCU_SWCLK,Multi Layer,29.525,38.925,,,,0.6,0.3,"MCU_SWCLK|Pad J_SWD-4(24.793mm,28.9mm) on L1 TOP|Pad U_MCU1-76(64.08mm,43.238mm) on L1 TOP [Unplated]",0
VIA,R362:MCU_SWCLK,MCU_SWCLK,Multi Layer,29.525,41.275,,,,0.6,0.3,"MCU_SWCLK|Pad J_SWD-4(24.793mm,28.9mm) on L1 TOP|Pad U_MCU1-76(64.08mm,43.238mm) on L1 TOP [Unplated]",0
VIA,R362:MCU_SWCLK,MCU_SWCLK,Multi Layer,64.725,43.425,,,,0.6,0.3,"MCU_SWCLK|Pad J_SWD-4(24.793mm,28.9mm) on L1 TOP|Pad U_MCU1-76(64.08mm,43.238mm) on L1 TOP [Unplated]",0
TRACK,R363:MCU_SWDIO VIP,MCU_SWDIO,Mid Layer 4,24.925,27.725,28.625,27.725,0.15,,,"MCU_SWDIO|Pad J_SWD-2(24.793mm,27.63mm) on L1 TOP|Pad U_MCU1-72(65.818mm,40mm) on L1 TOP [Unplated]",0
TRACK,R363:MCU_SWDIO VIP,MCU_SWDIO,Mid Layer 4,28.625,27.725,31.725,30.825,0.15,,,"MCU_SWDIO|Pad J_SWD-2(24.793mm,27.63mm) on L1 TOP|Pad U_MCU1-72(65.818mm,40mm) on L1 TOP [Unplated]",0
TRACK,R363:MCU_SWDIO VIP,MCU_SWDIO,Mid Layer 4,31.725,30.825,40.875,30.825,0.15,,,"MCU_SWDIO|Pad J_SWD-2(24.793mm,27.63mm) on L1 TOP|Pad U_MCU1-72(65.818mm,40mm) on L1 TOP [Unplated]",0
TRACK,R363:MCU_SWDIO VIP,MCU_SWDIO,Mid Layer 4,40.875,30.825,43.425,28.275,0.15,,,"MCU_SWDIO|Pad J_SWD-2(24.793mm,27.63mm) on L1 TOP|Pad U_MCU1-72(65.818mm,40mm) on L1 TOP [Unplated]",0
TRACK,R363:MCU_SWDIO VIP,MCU_SWDIO,Mid Layer 4,43.425,28.275,44.875,28.275,0.15,,,"MCU_SWDIO|Pad J_SWD-2(24.793mm,27.63mm) on L1 TOP|Pad U_MCU1-72(65.818mm,40mm) on L1 TOP [Unplated]",0
TRACK,R363:MCU_SWDIO VIP,MCU_SWDIO,Mid Layer 4,44.875,28.275,45.725,29.125,0.15,,,"MCU_SWDIO|Pad J_SWD-2(24.793mm,27.63mm) on L1 TOP|Pad U_MCU1-72(65.818mm,40mm) on L1 TOP [Unplated]",0
TRACK,R363:MCU_SWDIO VIP,MCU_SWDIO,Mid Layer 4,45.725,29.125,48.6045,29.125,0.15,,,"MCU_SWDIO|Pad J_SWD-2(24.793mm,27.63mm) on L1 TOP|Pad U_MCU1-72(65.818mm,40mm) on L1 TOP [Unplated]",0
TRACK,R363:MCU_SWDIO VIP,MCU_SWDIO,Mid Layer 4,48.6045,29.125,49.075,29.125,0.15,,,"MCU_SWDIO|Pad J_SWD-2(24.793mm,27.63mm) on L1 TOP|Pad U_MCU1-72(65.818mm,40mm) on L1 TOP [Unplated]",0
TRACK,R363:MCU_SWDIO VIP,MCU_SWDIO,Mid Layer 4,49.075,29.125,50.875,27.325,0.15,,,"MCU_SWDIO|Pad J_SWD-2(24.793mm,27.63mm) on L1 TOP|Pad U_MCU1-72(65.818mm,40mm) on L1 TOP [Unplated]",0
TRACK,R363:MCU_SWDIO VIP,MCU_SWDIO,Top Layer,50.875,27.325,51.625,28.075,0.15,,,"MCU_SWDIO|Pad J_SWD-2(24.793mm,27.63mm) on L1 TOP|Pad U_MCU1-72(65.818mm,40mm) on L1 TOP [Unplated]",0
TRACK,R363:MCU_SWDIO VIP,MCU_SWDIO,Top Layer,51.625,28.075,51.625,28.725,0.15,,,"MCU_SWDIO|Pad J_SWD-2(24.793mm,27.63mm) on L1 TOP|Pad U_MCU1-72(65.818mm,40mm) on L1 TOP [Unplated]",0
TRACK,R363:MCU_SWDIO VIP,MCU_SWDIO,Top Layer,51.625,28.725,51.875,28.975,0.15,,,"MCU_SWDIO|Pad J_SWD-2(24.793mm,27.63mm) on L1 TOP|Pad U_MCU1-72(65.818mm,40mm) on L1 TOP [Unplated]",0
TRACK,R363:MCU_SWDIO VIP,MCU_SWDIO,Top Layer,51.875,28.975,51.875,29.325,0.15,,,"MCU_SWDIO|Pad J_SWD-2(24.793mm,27.63mm) on L1 TOP|Pad U_MCU1-72(65.818mm,40mm) on L1 TOP [Unplated]",0
TRACK,R363:MCU_SWDIO VIP,MCU_SWDIO,Top Layer,51.875,29.325,57.725,35.175,0.15,,,"MCU_SWDIO|Pad J_SWD-2(24.793mm,27.63mm) on L1 TOP|Pad U_MCU1-72(65.818mm,40mm) on L1 TOP [Unplated]",0
TRACK,R363:MCU_SWDIO VIP,MCU_SWDIO,Top Layer,57.725,35.175,60.475,35.175,0.15,,,"MCU_SWDIO|Pad J_SWD-2(24.793mm,27.63mm) on L1 TOP|Pad U_MCU1-72(65.818mm,40mm) on L1 TOP [Unplated]",0
TRACK,R363:MCU_SWDIO VIP,MCU_SWDIO,Top Layer,60.475,35.175,61.775,36.475,0.15,,,"MCU_SWDIO|Pad J_SWD-2(24.793mm,27.63mm) on L1 TOP|Pad U_MCU1-72(65.818mm,40mm) on L1 TOP [Unplated]",0
TRACK,R363:MCU_SWDIO VIP,MCU_SWDIO,Top Layer,61.775,36.475,61.775,41.075,0.15,,,"MCU_SWDIO|Pad J_SWD-2(24.793mm,27.63mm) on L1 TOP|Pad U_MCU1-72(65.818mm,40mm) on L1 TOP [Unplated]",0
TRACK,R363:MCU_SWDIO VIP,MCU_SWDIO,Top Layer,61.775,41.075,62.025,41.325,0.15,,,"MCU_SWDIO|Pad J_SWD-2(24.793mm,27.63mm) on L1 TOP|Pad U_MCU1-72(65.818mm,40mm) on L1 TOP [Unplated]",0
TRACK,R363:MCU_SWDIO VIP,MCU_SWDIO,Top Layer,62.025,41.325,63.625,41.325,0.15,,,"MCU_SWDIO|Pad J_SWD-2(24.793mm,27.63mm) on L1 TOP|Pad U_MCU1-72(65.818mm,40mm) on L1 TOP [Unplated]",0
TRACK,R363:MCU_SWDIO VIP,MCU_SWDIO,Top Layer,63.625,41.325,64.875,40.075,0.15,,,"MCU_SWDIO|Pad J_SWD-2(24.793mm,27.63mm) on L1 TOP|Pad U_MCU1-72(65.818mm,40mm) on L1 TOP [Unplated]",0
TRACK,R363:MCU_SWDIO VIP,MCU_SWDIO,Top Layer,64.875,40.075,65.125,40.075,0.15,,,"MCU_SWDIO|Pad J_SWD-2(24.793mm,27.63mm) on L1 TOP|Pad U_MCU1-72(65.818mm,40mm) on L1 TOP [Unplated]",0
VIA,R363:MCU_SWDIO VIP,MCU_SWDIO,Multi Layer,24.925,27.725,,,,0.45,0.2,"MCU_SWDIO|Pad J_SWD-2(24.793mm,27.63mm) on L1 TOP|Pad U_MCU1-72(65.818mm,40mm) on L1 TOP [Unplated]",0
VIA,R363:MCU_SWDIO VIP,MCU_SWDIO,Multi Layer,50.875,27.325,,,,0.45,0.2,"MCU_SWDIO|Pad J_SWD-2(24.793mm,27.63mm) on L1 TOP|Pad U_MCU1-72(65.818mm,40mm) on L1 TOP [Unplated]",0
TRACK,R364:FG_ALRT,FG_ALRT,Bottom Layer,17.825,31.175,17.825,30.775,0.15,,,"FG_ALRT|Pad UP4-5(18.775mm,31.525mm) on L6 BOTTOM|Pad U_MCU1-81(61.58mm,43.238mm) on L1 TOP [Unplated]",0
TRACK,R364:FG_ALRT,FG_ALRT,Mid Layer 2,17.825,30.775,19.125,32.075,0.15,,,"FG_ALRT|Pad UP4-5(18.775mm,31.525mm) on L6 BOTTOM|Pad U_MCU1-81(61.58mm,43.238mm) on L1 TOP [Unplated]",0
TRACK,R364:FG_ALRT,FG_ALRT,Mid Layer 2,19.125,32.075,22.1249,32.075,0.15,,,"FG_ALRT|Pad UP4-5(18.775mm,31.525mm) on L6 BOTTOM|Pad U_MCU1-81(61.58mm,43.238mm) on L1 TOP [Unplated]",0
TRACK,R364:FG_ALRT,FG_ALRT,Mid Layer 2,22.1249,32.075,23.725,32.075,0.15,,,"FG_ALRT|Pad UP4-5(18.775mm,31.525mm) on L6 BOTTOM|Pad U_MCU1-81(61.58mm,43.238mm) on L1 TOP [Unplated]",0
TRACK,R364:FG_ALRT,FG_ALRT,Mid Layer 2,23.725,32.075,23.975,32.325,0.15,,,"FG_ALRT|Pad UP4-5(18.775mm,31.525mm) on L6 BOTTOM|Pad U_MCU1-81(61.58mm,43.238mm) on L1 TOP [Unplated]",0
TRACK,R364:FG_ALRT,FG_ALRT,Mid Layer 2,23.975,32.325,28.025,32.325,0.15,,,"FG_ALRT|Pad UP4-5(18.775mm,31.525mm) on L6 BOTTOM|Pad U_MCU1-81(61.58mm,43.238mm) on L1 TOP [Unplated]",0
TRACK,R364:FG_ALRT,FG_ALRT,Mid Layer 2,28.025,32.325,29.675,30.675,0.15,,,"FG_ALRT|Pad UP4-5(18.775mm,31.525mm) on L6 BOTTOM|Pad U_MCU1-81(61.58mm,43.238mm) on L1 TOP [Unplated]",0
TRACK,R364:FG_ALRT,FG_ALRT,Mid Layer 2,29.675,30.675,31.575,30.675,0.15,,,"FG_ALRT|Pad UP4-5(18.775mm,31.525mm) on L6 BOTTOM|Pad U_MCU1-81(61.58mm,43.238mm) on L1 TOP [Unplated]",0
TRACK,R364:FG_ALRT,FG_ALRT,Mid Layer 2,31.575,30.675,31.725,30.825,0.15,,,"FG_ALRT|Pad UP4-5(18.775mm,31.525mm) on L6 BOTTOM|Pad U_MCU1-81(61.58mm,43.238mm) on L1 TOP [Unplated]",0
TRACK,R364:FG_ALRT,FG_ALRT,Mid Layer 2,31.725,30.825,43.975,30.825,0.15,,,"FG_ALRT|Pad UP4-5(18.775mm,31.525mm) on L6 BOTTOM|Pad U_MCU1-81(61.58mm,43.238mm) on L1 TOP [Unplated]",0
TRACK,R364:FG_ALRT,FG_ALRT,Mid Layer 2,43.975,30.825,44.425,30.375,0.15,,,"FG_ALRT|Pad UP4-5(18.775mm,31.525mm) on L6 BOTTOM|Pad U_MCU1-81(61.58mm,43.238mm) on L1 TOP [Unplated]",0
TRACK,R364:FG_ALRT,FG_ALRT,Bottom Layer,44.425,30.375,46.425,30.375,0.15,,,"FG_ALRT|Pad UP4-5(18.775mm,31.525mm) on L6 BOTTOM|Pad U_MCU1-81(61.58mm,43.238mm) on L1 TOP [Unplated]",0
TRACK,R364:FG_ALRT,FG_ALRT,Bottom Layer,46.425,30.375,46.525,30.275,0.15,,,"FG_ALRT|Pad UP4-5(18.775mm,31.525mm) on L6 BOTTOM|Pad U_MCU1-81(61.58mm,43.238mm) on L1 TOP [Unplated]",0
TRACK,R364:FG_ALRT,FG_ALRT,Bottom Layer,46.525,30.275,48.6045,30.275,0.15,,,"FG_ALRT|Pad UP4-5(18.775mm,31.525mm) on L6 BOTTOM|Pad U_MCU1-81(61.58mm,43.238mm) on L1 TOP [Unplated]",0
TRACK,R364:FG_ALRT,FG_ALRT,Bottom Layer,48.6045,30.275,48.625,30.275,0.15,,,"FG_ALRT|Pad UP4-5(18.775mm,31.525mm) on L6 BOTTOM|Pad U_MCU1-81(61.58mm,43.238mm) on L1 TOP [Unplated]",0
TRACK,R364:FG_ALRT,FG_ALRT,Bottom Layer,48.625,30.275,51.175,32.825,0.15,,,"FG_ALRT|Pad UP4-5(18.775mm,31.525mm) on L6 BOTTOM|Pad U_MCU1-81(61.58mm,43.238mm) on L1 TOP [Unplated]",0
TRACK,R364:FG_ALRT,FG_ALRT,Bottom Layer,51.175,32.825,51.925,32.825,0.15,,,"FG_ALRT|Pad UP4-5(18.775mm,31.525mm) on L6 BOTTOM|Pad U_MCU1-81(61.58mm,43.238mm) on L1 TOP [Unplated]",0
TRACK,R364:FG_ALRT,FG_ALRT,Mid Layer 4,51.925,32.825,59.125,32.825,0.15,,,"FG_ALRT|Pad UP4-5(18.775mm,31.525mm) on L6 BOTTOM|Pad U_MCU1-81(61.58mm,43.238mm) on L1 TOP [Unplated]",0
TRACK,R364:FG_ALRT,FG_ALRT,Mid Layer 2,59.125,32.825,61.275,34.975,0.15,,,"FG_ALRT|Pad UP4-5(18.775mm,31.525mm) on L6 BOTTOM|Pad U_MCU1-81(61.58mm,43.238mm) on L1 TOP [Unplated]",0
TRACK,R364:FG_ALRT,FG_ALRT,Mid Layer 2,61.275,34.975,61.275,40.325,0.15,,,"FG_ALRT|Pad UP4-5(18.775mm,31.525mm) on L6 BOTTOM|Pad U_MCU1-81(61.58mm,43.238mm) on L1 TOP [Unplated]",0
TRACK,R364:FG_ALRT,FG_ALRT,Mid Layer 2,61.275,40.325,61.175,40.425,0.15,,,"FG_ALRT|Pad UP4-5(18.775mm,31.525mm) on L6 BOTTOM|Pad U_MCU1-81(61.58mm,43.238mm) on L1 TOP [Unplated]",0
TRACK,R364:FG_ALRT,FG_ALRT,Top Layer,61.175,40.425,61.175,41.975,0.15,,,"FG_ALRT|Pad UP4-5(18.775mm,31.525mm) on L6 BOTTOM|Pad U_MCU1-81(61.58mm,43.238mm) on L1 TOP [Unplated]",0
TRACK,R364:FG_ALRT,FG_ALRT,Top Layer,61.175,41.975,61.525,42.325,0.15,,,"FG_ALRT|Pad UP4-5(18.775mm,31.525mm) on L6 BOTTOM|Pad U_MCU1-81(61.58mm,43.238mm) on L1 TOP [Unplated]",0
TRACK,R364:FG_ALRT,FG_ALRT,Top Layer,61.525,42.325,61.525,42.525,0.15,,,"FG_ALRT|Pad UP4-5(18.775mm,31.525mm) on L6 BOTTOM|Pad U_MCU1-81(61.58mm,43.238mm) on L1 TOP [Unplated]",0
VIA,R364:FG_ALRT,FG_ALRT,Multi Layer,17.825,30.775,,,,0.45,0.2,"FG_ALRT|Pad UP4-5(18.775mm,31.525mm) on L6 BOTTOM|Pad U_MCU1-81(61.58mm,43.238mm) on L1 TOP [Unplated]",0
VIA,R364:FG_ALRT,FG_ALRT,Multi Layer,44.425,30.375,,,,0.45,0.2,"FG_ALRT|Pad UP4-5(18.775mm,31.525mm) on L6 BOTTOM|Pad U_MCU1-81(61.58mm,43.238mm) on L1 TOP [Unplated]",0
VIA,R364:FG_ALRT,FG_ALRT,Multi Layer,51.925,32.825,,,,0.45,0.2,"FG_ALRT|Pad UP4-5(18.775mm,31.525mm) on L6 BOTTOM|Pad U_MCU1-81(61.58mm,43.238mm) on L1 TOP [Unplated]",0
VIA,R364:FG_ALRT,FG_ALRT,Multi Layer,59.125,32.825,,,,0.45,0.2,"FG_ALRT|Pad UP4-5(18.775mm,31.525mm) on L6 BOTTOM|Pad U_MCU1-81(61.58mm,43.238mm) on L1 TOP [Unplated]",0
VIA,R364:FG_ALRT,FG_ALRT,Multi Layer,61.175,40.425,,,,0.45,0.2,"FG_ALRT|Pad UP4-5(18.775mm,31.525mm) on L6 BOTTOM|Pad U_MCU1-81(61.58mm,43.238mm) on L1 TOP [Unplated]",0
TRACK,R365:NetPWR_BTN_N_A,NetPWR_BTN_N_A,Top Layer,18.175,29.325,23.575,29.325,0.15,,,"NetPWR_BTN_N_A|Pad PWR_BTN_N-B(17.71mm,29.496mm) on L1 TOP|Pad U_EN1-2(63.8mm,37.975mm) on L6 BOTTOM",0
TRACK,R365:NetPWR_BTN_N_A,NetPWR_BTN_N_A,Mid Layer 2,23.575,29.325,25.225,29.325,0.15,,,"NetPWR_BTN_N_A|Pad PWR_BTN_N-B(17.71mm,29.496mm) on L1 TOP|Pad U_EN1-2(63.8mm,37.975mm) on L6 BOTTOM",0
TRACK,R365:NetPWR_BTN_N_A,NetPWR_BTN_N_A,Mid Layer 2,25.225,29.325,27.125,27.425,0.15,,,"NetPWR_BTN_N_A|Pad PWR_BTN_N-B(17.71mm,29.496mm) on L1 TOP|Pad U_EN1-2(63.8mm,37.975mm) on L6 BOTTOM",0
TRACK,R365:NetPWR_BTN_N_A,NetPWR_BTN_N_A,Mid Layer 2,27.125,27.425,35.775,27.425,0.15,,,"NetPWR_BTN_N_A|Pad PWR_BTN_N-B(17.71mm,29.496mm) on L1 TOP|Pad U_EN1-2(63.8mm,37.975mm) on L6 BOTTOM",0
TRACK,R365:NetPWR_BTN_N_A,NetPWR_BTN_N_A,Mid Layer 2,35.775,27.425,37.725,29.375,0.15,,,"NetPWR_BTN_N_A|Pad PWR_BTN_N-B(17.71mm,29.496mm) on L1 TOP|Pad U_EN1-2(63.8mm,37.975mm) on L6 BOTTOM",0
TRACK,R365:NetPWR_BTN_N_A,NetPWR_BTN_N_A,Mid Layer 2,37.725,29.375,42.325,29.375,0.15,,,"NetPWR_BTN_N_A|Pad PWR_BTN_N-B(17.71mm,29.496mm) on L1 TOP|Pad U_EN1-2(63.8mm,37.975mm) on L6 BOTTOM",0
TRACK,R365:NetPWR_BTN_N_A,NetPWR_BTN_N_A,Mid Layer 2,42.325,29.375,42.525,29.175,0.15,,,"NetPWR_BTN_N_A|Pad PWR_BTN_N-B(17.71mm,29.496mm) on L1 TOP|Pad U_EN1-2(63.8mm,37.975mm) on L6 BOTTOM",0
TRACK,R365:NetPWR_BTN_N_A,NetPWR_BTN_N_A,Mid Layer 2,42.525,29.175,43.675,29.175,0.15,,,"NetPWR_BTN_N_A|Pad PWR_BTN_N-B(17.71mm,29.496mm) on L1 TOP|Pad U_EN1-2(63.8mm,37.975mm) on L6 BOTTOM",0
TRACK,R365:NetPWR_BTN_N_A,NetPWR_BTN_N_A,Mid Layer 2,43.675,29.175,44.175,29.675,0.15,,,"NetPWR_BTN_N_A|Pad PWR_BTN_N-B(17.71mm,29.496mm) on L1 TOP|Pad U_EN1-2(63.8mm,37.975mm) on L6 BOTTOM",0
TRACK,R365:NetPWR_BTN_N_A,NetPWR_BTN_N_A,Bottom Layer,44.175,29.675,48.6045,29.675,0.15,,,"NetPWR_BTN_N_A|Pad PWR_BTN_N-B(17.71mm,29.496mm) on L1 TOP|Pad U_EN1-2(63.8mm,37.975mm) on L6 BOTTOM",0
TRACK,R365:NetPWR_BTN_N_A,NetPWR_BTN_N_A,Bottom Layer,48.6045,29.675,51.525,29.675,0.15,,,"NetPWR_BTN_N_A|Pad PWR_BTN_N-B(17.71mm,29.496mm) on L1 TOP|Pad U_EN1-2(63.8mm,37.975mm) on L6 BOTTOM",0
TRACK,R365:NetPWR_BTN_N_A,NetPWR_BTN_N_A,Bottom Layer,51.525,29.675,52.475,30.625,0.15,,,"NetPWR_BTN_N_A|Pad PWR_BTN_N-B(17.71mm,29.496mm) on L1 TOP|Pad U_EN1-2(63.8mm,37.975mm) on L6 BOTTOM",0
TRACK,R365:NetPWR_BTN_N_A,NetPWR_BTN_N_A,Bottom Layer,52.475,30.625,52.475,30.825,0.15,,,"NetPWR_BTN_N_A|Pad PWR_BTN_N-B(17.71mm,29.496mm) on L1 TOP|Pad U_EN1-2(63.8mm,37.975mm) on L6 BOTTOM",0
TRACK,R365:NetPWR_BTN_N_A,NetPWR_BTN_N_A,Mid Layer 4,52.475,30.825,53.925,32.275,0.15,,,"NetPWR_BTN_N_A|Pad PWR_BTN_N-B(17.71mm,29.496mm) on L1 TOP|Pad U_EN1-2(63.8mm,37.975mm) on L6 BOTTOM",0
TRACK,R365:NetPWR_BTN_N_A,NetPWR_BTN_N_A,Mid Layer 4,53.925,32.275,59.425,32.275,0.15,,,"NetPWR_BTN_N_A|Pad PWR_BTN_N-B(17.71mm,29.496mm) on L1 TOP|Pad U_EN1-2(63.8mm,37.975mm) on L6 BOTTOM",0
TRACK,R365:NetPWR_BTN_N_A,NetPWR_BTN_N_A,Mid Layer 4,59.425,32.275,62.025,34.875,0.15,,,"NetPWR_BTN_N_A|Pad PWR_BTN_N-B(17.71mm,29.496mm) on L1 TOP|Pad U_EN1-2(63.8mm,37.975mm) on L6 BOTTOM",0
TRACK,R365:NetPWR_BTN_N_A,NetPWR_BTN_N_A,Mid Layer 4,62.025,34.875,62.025,37.725,0.15,,,"NetPWR_BTN_N_A|Pad PWR_BTN_N-B(17.71mm,29.496mm) on L1 TOP|Pad U_EN1-2(63.8mm,37.975mm) on L6 BOTTOM",0
TRACK,R365:NetPWR_BTN_N_A,NetPWR_BTN_N_A,Mid Layer 4,62.025,37.725,62.425,38.125,0.15,,,"NetPWR_BTN_N_A|Pad PWR_BTN_N-B(17.71mm,29.496mm) on L1 TOP|Pad U_EN1-2(63.8mm,37.975mm) on L6 BOTTOM",0
TRACK,R365:NetPWR_BTN_N_A,NetPWR_BTN_N_A,Mid Layer 4,62.425,38.125,62.775,38.125,0.15,,,"NetPWR_BTN_N_A|Pad PWR_BTN_N-B(17.71mm,29.496mm) on L1 TOP|Pad U_EN1-2(63.8mm,37.975mm) on L6 BOTTOM",0
TRACK,R365:NetPWR_BTN_N_A,NetPWR_BTN_N_A,Bottom Layer,62.775,38.125,62.825,38.075,0.15,,,"NetPWR_BTN_N_A|Pad PWR_BTN_N-B(17.71mm,29.496mm) on L1 TOP|Pad U_EN1-2(63.8mm,37.975mm) on L6 BOTTOM",0
TRACK,R365:NetPWR_BTN_N_A,NetPWR_BTN_N_A,Bottom Layer,62.825,38.075,63.225,38.075,0.15,,,"NetPWR_BTN_N_A|Pad PWR_BTN_N-B(17.71mm,29.496mm) on L1 TOP|Pad U_EN1-2(63.8mm,37.975mm) on L6 BOTTOM",0
VIA,R365:NetPWR_BTN_N_A,NetPWR_BTN_N_A,Multi Layer,23.575,29.325,,,,0.45,0.2,"NetPWR_BTN_N_A|Pad PWR_BTN_N-B(17.71mm,29.496mm) on L1 TOP|Pad U_EN1-2(63.8mm,37.975mm) on L6 BOTTOM",0
VIA,R365:NetPWR_BTN_N_A,NetPWR_BTN_N_A,Multi Layer,44.175,29.675,,,,0.45,0.2,"NetPWR_BTN_N_A|Pad PWR_BTN_N-B(17.71mm,29.496mm) on L1 TOP|Pad U_EN1-2(63.8mm,37.975mm) on L6 BOTTOM",0
VIA,R365:NetPWR_BTN_N_A,NetPWR_BTN_N_A,Multi Layer,52.475,30.825,,,,0.45,0.2,"NetPWR_BTN_N_A|Pad PWR_BTN_N-B(17.71mm,29.496mm) on L1 TOP|Pad U_EN1-2(63.8mm,37.975mm) on L6 BOTTOM",0
VIA,R365:NetPWR_BTN_N_A,NetPWR_BTN_N_A,Multi Layer,62.775,38.125,,,,0.45,0.2,"NetPWR_BTN_N_A|Pad PWR_BTN_N-B(17.71mm,29.496mm) on L1 TOP|Pad U_EN1-2(63.8mm,37.975mm) on L6 BOTTOM",0
TRACK,R371:GND,GND,Bottom Layer,12.475,40.175,12.775,40.175,0.3,,,"GND|Pad UP1-4(12.2mm,40.15mm) on L6 BOTTOM|Via (13.1mm,39.9mm) from L1 TOP to L6 BOTTOM",0
TRACK,R372:GND,GND,Top Layer,45.475,42.225,45.725,42.225,0.3,,,"GND|Pad C_WIFI_VDDIO2-1(45.18mm,42.8mm) on L1 TOP|Via (45.924mm,42.215mm) from L1 TOP to L6 BOTTOM",0
TRACK,R373:GND,GND,Top Layer,54.075,20.375,54.075,19.775,0.3,,,"GND|Pad CCU8-2(54.029mm,20.55mm) on L1 TOP|Pad CCU7-1(54.05mm,19.55mm) on L1 TOP",0
TRACK,R374:GND,GND,Top Layer,64.825,20.375,64.825,19.775,0.3,,,"GND|Pad CCU10-2(64.829mm,20.55mm) on L1 TOP|Pad CCU9-1(64.85mm,19.55mm) on L1 TOP",0
TRACK,R375:GND,GND,Top Layer,32.475,20.375,32.475,19.775,0.3,,,"GND|Pad CCU4-2(32.429mm,20.55mm) on L1 TOP|Pad CCU3-1(32.45mm,19.55mm) on L1 TOP",0
TRACK,R376:GND,GND,Top Layer,12.175,25.525,12.425,25.525,0.3,,,"GND|Pad PWR_BTN_N-C(11.71mm,25.746mm) on L1 TOP|Via (12.705mm,25.512mm) from L1 TOP to L6 BOTTOM",0
TRACK,R377:GND,GND,Top Layer,45.825,35.225,45.825,35.875,0.3,,,"GND|Pad C_NRST-2(45.801mm,35mm) on L1 TOP|Via (45.906mm,36.07mm) from L1 TOP to L6 BOTTOM",0
TRACK,R378:GND,GND,Top Layer,52.025,24.675,52.775,24.675,0.3,,,"GND|Pad C_ADC4-2(51.68mm,24.923mm) on L1 TOP|Via (53.031mm,24.652mm) from L1 TOP to L6 BOTTOM",0
TRACK,R379:GND,GND,Top Layer,28.425,14.475,28.425,15.325,0.3,,,"GND|Via (28.5mm,14.2mm) from L1 TOP to L6 BOTTOM|Pad INA2-1(28.525mm,15.85mm) on L1 TOP",0
TRACK,R380:GND,GND,Top Layer,39.225,14.475,39.225,15.325,0.3,,,"GND|Via (39.3mm,14.2mm) from L1 TOP to L6 BOTTOM|Pad INA3-1(39.325mm,15.85mm) on L1 TOP",0
TRACK,R381:GND,GND,Top Layer,50.025,14.475,50.025,15.325,0.3,,,"GND|Via (50.1mm,14.2mm) from L1 TOP to L6 BOTTOM|Pad INA4-1(50.125mm,15.85mm) on L1 TOP",0
TRACK,R382:GND,GND,Top Layer,60.825,14.475,60.825,15.325,0.3,,,"GND|Via (60.9mm,14.2mm) from L1 TOP to L6 BOTTOM|Pad INA5-1(60.925mm,15.85mm) on L1 TOP",0
TRACK,R383:GND,GND,Top Layer,52.575,44.825,52.575,43.975,0.15,,,"GND|Track (52.459mm,45.03mm)(53.053mm,45.088mm) on L1 TOP|Pad U_MCU1-99(52.58mm,43.238mm) on L1 TOP [Unplated]",0
TRACK,R388:GND,GND,Top Layer,60.775,16.375,60.725,16.375,0.3,,,"GND|Pad INA5-1(60.925mm,15.85mm) on L1 TOP|Pad INA5-4(62.875mm,15.85mm) on L1 TOP",0
TRACK,R388:GND,GND,Top Layer,60.725,16.375,60.375,16.725,0.3,,,"GND|Pad INA5-1(60.925mm,15.85mm) on L1 TOP|Pad INA5-4(62.875mm,15.85mm) on L1 TOP",0
TRACK,R388:GND,GND,Top Layer,60.375,16.725,60.375,17.475,0.3,,,"GND|Pad INA5-1(60.925mm,15.85mm) on L1 TOP|Pad INA5-4(62.875mm,15.85mm) on L1 TOP",0
TRACK,R388:GND,GND,Top Layer,60.375,17.475,60.775,17.875,0.3,,,"GND|Pad INA5-1(60.925mm,15.85mm) on L1 TOP|Pad INA5-4(62.875mm,15.85mm) on L1 TOP",0
TRACK,R388:GND,GND,Top Layer,60.775,17.875,61.425,17.875,0.3,,,"GND|Pad INA5-1(60.925mm,15.85mm) on L1 TOP|Pad INA5-4(62.875mm,15.85mm) on L1 TOP",0
TRACK,R388:GND,GND,Top Layer,61.425,17.875,61.475,17.825,0.3,,,"GND|Pad INA5-1(60.925mm,15.85mm) on L1 TOP|Pad INA5-4(62.875mm,15.85mm) on L1 TOP",0
TRACK,R388:GND,GND,Top Layer,61.475,17.825,61.575,17.825,0.3,,,"GND|Pad INA5-1(60.925mm,15.85mm) on L1 TOP|Pad INA5-4(62.875mm,15.85mm) on L1 TOP",0
TRACK,R388:GND,GND,Top Layer,61.575,17.825,61.675,17.725,0.3,,,"GND|Pad INA5-1(60.925mm,15.85mm) on L1 TOP|Pad INA5-4(62.875mm,15.85mm) on L1 TOP",0
TRACK,R388:GND,GND,Top Layer,61.675,17.725,61.975,17.725,0.3,,,"GND|Pad INA5-1(60.925mm,15.85mm) on L1 TOP|Pad INA5-4(62.875mm,15.85mm) on L1 TOP",0
TRACK,R388:GND,GND,Top Layer,61.975,17.725,62.025,17.775,0.3,,,"GND|Pad INA5-1(60.925mm,15.85mm) on L1 TOP|Pad INA5-4(62.875mm,15.85mm) on L1 TOP",0
TRACK,R388:GND,GND,Top Layer,62.025,17.775,62.425,17.775,0.3,,,"GND|Pad INA5-1(60.925mm,15.85mm) on L1 TOP|Pad INA5-4(62.875mm,15.85mm) on L1 TOP",0
TRACK,R388:GND,GND,Top Layer,62.425,17.775,62.875,17.325,0.3,,,"GND|Pad INA5-1(60.925mm,15.85mm) on L1 TOP|Pad INA5-4(62.875mm,15.85mm) on L1 TOP",0
TRACK,R388:GND,GND,Top Layer,62.875,17.325,62.875,16.375,0.3,,,"GND|Pad INA5-1(60.925mm,15.85mm) on L1 TOP|Pad INA5-4(62.875mm,15.85mm) on L1 TOP",0
TRACK,R392:GND,GND,Mid Layer 4,17.925,43.125,19.875,41.175,0.15,,,"GND|Via (17.838mm,43.283mm) from L1 TOP to L6 BOTTOM|Pad D_CC_ESD-3(18.7mm,40.9mm) on L1 TOP [Unplated]",0
TRACK,R392:GND,GND,Mid Layer 4,19.875,41.175,19.875,39.825,0.15,,,"GND|Via (17.838mm,43.283mm) from L1 TOP to L6 BOTTOM|Pad D_CC_ESD-3(18.7mm,40.9mm) on L1 TOP [Unplated]",0
TRACK,R392:GND,GND,Top Layer,19.875,39.825,19.775,39.925,0.15,,,"GND|Via (17.838mm,43.283mm) from L1 TOP to L6 BOTTOM|Pad D_CC_ESD-3(18.7mm,40.9mm) on L1 TOP [Unplated]",0
TRACK,R392:GND,GND,Top Layer,19.775,39.925,19.775,40.375,0.15,,,"GND|Via (17.838mm,43.283mm) from L1 TOP to L6 BOTTOM|Pad D_CC_ESD-3(18.7mm,40.9mm) on L1 TOP [Unplated]",0
TRACK,R392:GND,GND,Top Layer,19.775,40.375,19.475,40.675,0.15,,,"GND|Via (17.838mm,43.283mm) from L1 TOP to L6 BOTTOM|Pad D_CC_ESD-3(18.7mm,40.9mm) on L1 TOP [Unplated]",0
TRACK,R392:GND,GND,Top Layer,19.475,40.675,19.175,40.675,0.15,,,"GND|Via (17.838mm,43.283mm) from L1 TOP to L6 BOTTOM|Pad D_CC_ESD-3(18.7mm,40.9mm) on L1 TOP [Unplated]",0
VIA,R392:GND,GND,Multi Layer,19.875,39.825,,,,0.45,0.2,"GND|Via (17.838mm,43.283mm) from L1 TOP to L6 BOTTOM|Pad D_CC_ESD-3(18.7mm,40.9mm) on L1 TOP [Unplated]",0
