t_s,ch1_code
295.518000,2037
295.518500,2189
295.519000,2064
295.519500,1988
295.520000,2150
295.520500,2040
295.521000,2187
295.521500,2061
295.522000,1983
295.522500,2152
295.523000,2041
295.523500,2191
295.524000,2067
295.524500,1993
295.525000,2154
295.525500,2044
295.526000,2190
295.526500,2064
295.527000,1988
295.527500,2151
295.528000,2038
295.528500,2192
295.529000,2068
295.529500,1991
295.530000,2150
295.530500,2039
295.531000,2185
295.531500,2059
295.532000,1980
295.532500,2145
295.533000,2037
295.533500,2188
295.534000,2062
295.534500,1983
295.535000,2152
295.535500,2040
295.536000,2188
295.536500,2062
295.537000,1983
295.537500,2151
295.538000,2044
295.538500,2190
295.539000,2065
295.539500,1989
295.540000,2151
295.540500,2041
295.541000,2188
295.541500,2062
295.542000,1984
295.542500,2147
295.543000,2038
295.543500,2191
295.544000,2068
295.544500,1993
295.545000,2153
295.545500,2044
295.546000,2190
295.546500,2064
295.547000,1988
295.547500,2151
295.548000,2038
295.548500,2189
295.549000,2064
295.549500,1987
295.550000,2149
295.550500,2038
295.551000,2184
295.551500,2058
295.552000,1980
295.552500,2145
295.553000,2033
295.553500,2187
295.554000,2062
295.554500,1983
295.555000,2151
295.555500,2040
295.556000,2186
295.556500,2060
295.557000,1982
295.557500,2150
295.558000,2041
295.558500,2193
295.559000,2071
295.559500,1993
295.560000,2153
295.560500,2042
295.561000,2188
295.561500,2062
295.562000,1984
295.562500,2147
295.563000,2042
295.563500,2193
295.564000,2073
295.564500,1996
295.565000,2156
295.565500,2046
295.566000,2191
295.566500,2065
295.567000,1989
295.567500,2151
295.568000,2041
295.568500,2192
295.569000,2068
295.569500,1991
295.570000,2151
295.570500,2039
295.571000,2186
295.571500,2060
295.572000,1981
295.572500,2146
295.573000,2036
295.573500,2186
295.574000,2061
295.574500,1983
295.575000,2151
295.575500,2040
295.576000,2186
295.576500,2061
295.577000,1982
295.577500,2150
295.578000,2037
295.578500,2189
295.579000,2064
295.579500,1988
295.580000,2150
295.580500,2040
295.581000,2187
295.581500,2061
295.582000,1983
295.582500,2152
295.583000,2043
295.583500,2191
295.584000,2067
295.584500,1992
295.585000,2153
295.585500,2044
295.586000,2190
295.586500,2065
295.587000,1989
295.587500,2151
295.588000,2038
295.588500,2189
295.589000,2064
295.589500,1987
295.590000,2149
295.590500,2039
295.591000,2185
295.591500,2059
295.592000,1980
295.592500,2146
295.593000,2039
295.593500,2189
295.594000,2066
295.594500,1990
295.595000,2151
295.595500,2040
295.596000,2186
295.596500,2061
295.597000,1983
295.597500,2151
295.598000,2039
295.598500,2190
295.599000,2065
295.599500,1990
295.600000,2151
295.600500,2041
295.601000,2188
295.601500,2062
295.602000,1984
295.602500,2148
295.603000,2036
295.603500,2190
295.604000,2066
295.604500,1992
295.605000,2154
295.605500,2045
295.606000,2191
295.606500,2065
295.607000,1989
295.607500,2152
295.608000,2040
295.608500,2192
295.609000,2068
295.609500,1991
295.610000,2151
295.610500,2039
295.611000,2185
295.611500,2059
295.612000,1980
295.612500,2146
295.613000,2034
295.613500,2186
295.614000,2061
295.614500,1983
295.615000,2151
295.615500,2040
295.616000,2186
295.616500,2060
295.617000,1982
295.617500,2150
295.618000,2040
295.618500,2188
295.619000,2063
295.619500,1985
295.620000,2149
295.620500,2040
295.621000,2187
295.621500,2061
295.622000,1983
295.622500,2152
295.623000,2042
295.623500,2191
295.624000,2068
295.624500,1993
295.625000,2154
295.625500,2044
295.626000,2190
295.626500,2064
295.627000,1988
295.627500,2150
295.628000,2042
295.628500,2192
295.629000,2068
295.629500,1991
295.630000,2151
295.630500,2039
295.631000,2186
295.631500,2060
295.632000,1981
295.632500,2147
295.633000,2038
295.633500,2186
295.634000,2061
295.634500,1983
295.635000,2151
295.635500,2040
295.636000,2186
295.636500,2061
295.637000,1982
295.637500,2149
295.638000,2037
295.638500,2190
295.639000,2065
295.639500,1989
295.640000,2151
295.640500,2040
295.641000,2187
295.641500,2061
295.642000,1983
295.642500,2152
295.643000,2043
295.643500,2193
295.644000,2071
295.644500,1995
295.645000,2156
295.645500,2045
295.646000,2191
295.646500,2066
295.647000,1991
295.647500,2152
295.648000,2042
295.648500,2191
295.649000,2065
295.649500,1988
295.650000,2149
295.650500,2038
295.651000,2185
295.651500,2058
295.652000,1980
295.652500,2145
295.653000,2035
295.653500,2187
295.654000,2062
295.654500,1984
295.655000,2146
295.655500,2037
295.656000,2185
295.656500,2060
295.657000,1983
295.657500,2150
295.658000,2039
295.658500,2188
295.659000,2063
295.659500,1985
295.660000,2149
295.660500,2039
295.661000,2187
295.661500,2062
295.662000,1984
295.662500,2147
295.663000,2038
295.663500,2190
295.664000,2068
295.664500,1993
295.665000,2153
295.665500,2043
295.666000,2189
295.666500,2064
295.667000,1988
295.667500,2150
295.668000,2041
295.668500,2191
295.669000,2065
295.669500,1989
295.670000,2150
295.670500,2039
295.671000,2186
295.671500,2060
295.672000,1980
295.672500,2146
295.673000,2039
295.673500,2188
295.674000,2062
295.674500,1984
295.675000,2146
295.675500,2038
295.676000,2186
295.676500,2060
295.677000,1983
295.677500,2150
295.678000,2041
295.678500,2190
295.679000,2065
295.679500,1989
295.680000,2151
295.680500,2041
295.681000,2187
295.681500,2062
295.682000,1984
295.682500,2147
295.683000,2042
295.683500,2191
295.684000,2067
295.684500,1993
295.685000,2153
295.685500,2045
295.686000,2191
295.686500,2065
295.687000,1990
295.687500,2151
295.688000,2042
295.688500,2192
295.689000,2068
295.689500,1990
295.690000,2150
295.690500,2038
295.691000,2186
295.691500,2059
295.692000,1980
295.692500,2146
295.693000,2039
295.693500,2189
295.694000,2065
295.694500,1988
295.695000,2150
295.695500,2040
295.696000,2186
295.696500,2061
295.697000,1982
295.697500,2150
295.698000,2040
295.698500,2191
295.699000,2065
295.699500,1989
295.700000,2151
295.700500,2041
295.701000,2187
295.701500,2062
295.702000,1984
295.702500,2147
295.703000,2040
295.703500,2190
295.704000,2066
295.704500,1992
295.705000,2153
295.705500,2043
295.706000,2190
295.706500,2065
295.707000,1989
295.707500,2152
295.708000,2038
295.708500,2190
295.709000,2065
295.709500,1988
295.710000,2149
295.710500,2039
295.711000,2185
295.711500,2059
295.712000,1980
295.712500,2146
295.713000,2035
295.713500,2189
295.714000,2063
295.714500,1985
295.715000,2147
295.715500,2039
295.716000,2186
295.716500,2060
295.717000,1982
295.717500,2150
295.718000,2039
295.718500,2190
295.719000,2065
295.719500,1990
295.720000,2150
295.720500,2040
295.721000,2187
295.721500,2061
295.722000,1984
295.722500,2147
295.723000,2039
295.723500,2190
295.724000,2066
295.724500,1991
295.725000,2153
295.725500,2043
295.726000,2191
295.726500,2065
295.727000,1989
295.727500,2152
295.728000,2040
295.728500,2192
295.729000,2070
295.729500,1991
295.730000,2151
295.730500,2039
295.731000,2186
295.731500,2059
295.732000,1980
295.732500,2146
295.733000,2038
295.733500,2188
295.734000,2063
295.734500,1984
295.735000,2146
295.735500,2038
295.736000,2186
295.736500,2060
295.737000,1982
295.737500,2150
295.738000,2038
295.738500,2189
295.739000,2064
295.739500,1988
295.740000,2150
295.740500,2041
295.741000,2187
295.741500,2061
295.742000,1984
295.742500,2147
295.743000,2038
295.743500,2190
295.744000,2066
295.744500,1992
295.745000,2153
295.745500,2043
295.746000,2190
295.746500,2065
295.747000,1989
295.747500,2152
295.748000,2041
295.748500,2192
295.749000,2068
295.749500,1991
295.750000,2151
295.750500,2040
295.751000,2185
295.751500,2058
295.752000,1980
295.752500,2146
295.753000,2038
295.753500,2190
295.754000,2066
295.754500,1990
295.755000,2151
295.755500,2040
295.756000,2186
295.756500,2060
295.757000,1982
295.757500,2150
295.758000,2039
295.758500,2190
295.759000,2065
295.759500,1989
295.760000,2151
295.760500,2041
295.761000,2188
295.761500,2062
295.762000,1984
295.762500,2146
295.763000,2039
295.763500,2189
295.764000,2065
295.764500,1991
295.765000,2153
295.765500,2043
295.766000,2190
295.766500,2065
295.767000,1989
295.767500,2151
295.768000,2040
295.768500,2187
295.769000,2062
295.769500,1984
295.770000,2145
295.770500,2036
295.771000,2184
295.771500,2058
295.772000,1979
295.772500,2146
295.773000,2037
295.773500,2188
295.774000,2062
295.774500,1984
295.775000,2146
295.775500,2037
295.776000,2185
295.776500,2060
295.777000,1982
295.777500,2150
295.778000,2042
295.778500,2191
295.779000,2066
295.779500,1990
295.780000,2151
295.780500,2041
295.781000,2188
295.781500,2062
295.782000,1984
295.782500,2147
295.783000,2041
295.783500,2192
295.784000,2070
295.784500,1994
295.785000,2154
295.785500,2044
295.786000,2190
295.786500,2065
295.787000,1989
295.787500,2151
295.788000,2038
295.788500,2190
295.789000,2065
295.789500,1988
295.790000,2149
295.790500,2039
295.791000,2186
295.791500,2059
295.792000,1980
295.792500,2146
295.793000,2038
295.793500,2188
295.794000,2063
295.794500,1984
295.795000,2146
295.795500,2037
295.796000,2185
295.796500,2060
295.797000,1982
295.797500,2150
295.798000,2039
295.798500,2190
295.799000,2065
295.799500,1990
295.800000,2150
295.800500,2039
295.801000,2187
295.801500,2061
295.802000,1983
295.802500,2152
295.803000,2042
295.803500,2194
295.804000,2072
295.804500,1995
295.805000,2156
295.805500,2045
295.806000,2192
295.806500,2067
295.807000,1992
295.807500,2152
295.808000,2040
295.808500,2192
295.809000,2068
295.809500,1991
295.810000,2150
295.810500,2039
295.811000,2184
295.811500,2059
295.812000,1980
295.812500,2146
295.813000,2035
295.813500,2188
295.814000,2063
295.814500,1985
295.815000,2148
295.815500,2038
295.816000,2186
295.816500,2060
295.817000,1982
295.817500,2150
295.818000,2038
295.818500,2191
295.819000,2067
295.819500,1991
295.820000,2153
295.820500,2042
295.821000,2189
295.821500,2062
295.822000,1984
295.822500,2147
295.823000,2040
295.823500,2189
295.824000,2065
295.824500,1991
295.825000,2152
295.825500,2043
295.826000,2189
295.826500,2064
295.827000,1988
295.827500,2150
295.828000,2037
295.828500,2189
295.829000,2064
295.829500,1987
295.830000,2148
295.830500,2038
295.831000,2185
295.831500,2059
295.832000,1980
295.832500,2145
295.833000,2034
295.833500,2185
295.834000,2062
295.834500,1983
295.835000,2151
295.835500,2040
295.836000,2186
295.836500,2060
295.837000,1983
295.837500,2151
295.838000,2038
295.838500,2189
295.839000,2064
295.839500,1987
295.840000,2150
295.840500,2040
295.841000,2187
295.841500,2061
295.842000,1983
295.842500,2152
295.843000,2040
295.843500,2191
295.844000,2068
295.844500,1993
295.845000,2153
295.845500,2044
295.846000,2190
295.846500,2064
295.847000,1988
295.847500,2151
295.848000,2041
295.848500,2188
295.849000,2063
295.849500,1984
295.850000,2145
295.850500,2036
295.851000,2184
295.851500,2058
295.852000,1979
295.852500,2146
295.853000,2037
295.853500,2189
295.854000,2064
295.854500,1987
295.855000,2149
295.855500,2039
295.856000,2187
295.856500,2061
295.857000,1983
295.857500,2151
295.858000,2039
295.858500,2192
295.859000,2070
295.859500,1992
295.860000,2152
295.860500,2042
295.861000,2188
295.861500,2062
295.862000,1984
295.862500,2147
295.863000,2041
295.863500,2192
295.864000,2070
295.864500,1994
295.865000,2154
295.865500,2044
295.866000,2190
295.866500,2064
295.867000,1988
295.867500,2150
295.868000,2039
295.868500,2191
295.869000,2066
295.869500,1989
295.870000,2149
295.870500,2038
295.871000,2184
295.871500,2058
295.872000,1980
295.872500,2145
295.873000,2035
295.873500,2187
295.874000,2062
295.874500,1984
295.875000,2146
295.875500,2037
295.876000,2185
295.876500,2060
295.877000,1982
295.877500,2150
295.878000,2037
295.878500,2189
295.879000,2064
295.879500,1988
295.880000,2150
295.880500,2040
295.881000,2187
295.881500,2061
295.882000,1983
295.882500,2152
295.883000,2041
295.883500,2191
295.884000,2067
295.884500,1993
295.885000,2154
295.885500,2044
295.886000,2190
295.886500,2064
295.887000,1988
295.887500,2150
295.888000,2038
295.888500,2189
295.889000,2064
295.889500,1987
295.890000,2148
295.890500,2038
295.891000,2185
295.891500,2058
295.892000,1980
295.892500,2146
295.893000,2039
295.893500,2188
295.894000,2063
295.894500,1984
295.895000,2147
295.895500,2038
295.896000,2186
295.896500,2060
295.897000,1982
295.897500,2149
295.898000,2043
295.898500,2191
295.899000,2066
295.899500,1990
295.900000,2151
295.900500,2041
295.901000,2188
295.901500,2062
295.902000,1984
295.902500,2147
295.903000,2039
295.903500,2190
295.904000,2066
295.904500,1991
295.905000,2152
295.905500,2043
295.906000,2190
295.906500,2064
295.907000,1988
295.907500,2150
295.908000,2043
295.908500,2189
295.909000,2064
295.909500,1987
295.910000,2149
295.910500,2038
295.911000,2185
295.911500,2058
295.912000,1979
295.912500,2145
295.913000,2037
295.913500,2188
295.914000,2063
295.914500,1985
295.915000,2148
295.915500,2039
295.916000,2185
295.916500,2060
295.917000,1982
295.917500,2150
295.918000,2041
295.918500,2190
295.919000,2064
295.919500,1989
295.920000,2150
295.920500,2040
295.921000,2188
295.921500,2062
295.922000,1984
295.922500,2147
295.923000,2042
295.923500,2192
295.924000,2069
295.924500,1994
295.925000,2153
295.925500,2044
295.926000,2190
295.926500,2063
295.927000,1986
295.927500,2149
295.928000,2038
295.928500,2189
295.929000,2064
295.929500,1986
295.930000,2148
295.930500,2038
295.931000,2185
295.931500,2059
295.932000,1980
295.932500,2146
295.933000,2036
295.933500,2187
295.934000,2062
295.934500,1983
295.935000,2151
295.935500,2040
295.936000,2186
295.936500,2060
295.937000,1982
295.937500,2150
295.938000,2041
295.938500,2191
295.939000,2066
295.939500,1990
295.940000,2151
295.940500,2041
295.941000,2188
295.941500,2062
295.942000,1984
295.942500,2148
295.943000,2042
295.943500,2193
295.944000,2073
295.944500,1996
295.945000,2155
295.945500,2045
295.946000,2191
295.946500,2065
295.947000,1989
295.947500,2151
295.948000,2042
295.948500,2192
295.949000,2067
295.949500,1990
295.950000,2150
295.950500,2040
295.951000,2185
295.951500,2059
295.952000,1980
295.952500,2145
295.953000,2037
295.953500,2189
295.954000,2063
295.954500,1984
295.955000,2146
295.955500,2038
295.956000,2186
295.956500,2060
295.957000,1982
295.957500,2150
295.958000,2040
295.958500,2189
295.959000,2064
295.959500,1987
295.960000,2150
295.960500,2040
295.961000,2187
295.961500,2061
295.962000,1983
295.962500,2152
295.963000,2042
295.963500,2190
295.964000,2066
295.964500,1992
295.965000,2153
295.965500,2043
295.966000,2190
295.966500,2064
295.967000,1988
295.967500,2150
295.968000,2039
295.968500,2190
295.969000,2064
295.969500,1987
295.970000,2148
295.970500,2039
295.971000,2185
295.971500,2059
295.972000,1980
295.972500,2146
295.973000,2038
295.973500,2190
295.974000,2066
295.974500,1989
295.975000,2150
295.975500,2039
295.976000,2187
295.976500,2061
295.977000,1983
295.977500,2152
295.978000,2042
295.978500,2192
295.979000,2068
295.979500,1991
295.980000,2152
295.980500,2042
295.981000,2188
295.981500,2062
295.982000,1984
295.982500,2147
295.983000,2040
295.983500,2192
295.984000,2070
295.984500,1993
295.985000,2153
295.985500,2044
295.986000,2190
295.986500,2065
295.987000,1989
295.987500,2151
295.988000,2039
295.988500,2190
295.989000,2065
295.989500,1988
295.990000,2148
295.990500,2038
295.991000,2185
295.991500,2059
295.992000,1980
295.992500,2145
295.993000,2037
295.993500,2188
295.994000,2063
295.994500,1984
295.995000,2146
295.995500,2038
295.996000,2186
295.996500,2060
295.997000,1982
295.997500,2150
295.998000,2038
295.998500,2190
295.999000,2065
295.999500,1989
296.000000,2151
296.000500,2041
296.001000,2188
296.001500,2062
296.002000,1984
296.002500,2147
296.003000,2038
296.003500,2189
296.004000,2065
296.004500,1990
296.005000,2152
296.005500,2042
296.006000,2190
296.006500,2064
296.007000,1988
296.007500,2150
296.008000,2039
296.008500,2193
296.009000,2071
296.009500,1992
296.010000,2151
296.010500,2039
296.011000,2186
296.011500,2059
296.012000,1980
296.012500,2146
296.013000,2034
296.013500,2189
296.014000,2065
296.014500,1989
296.015000,2151
296.015500,2040
296.016000,2186
296.016500,2060
296.017000,1982
296.017500,2150
296.018000,2041
296.018500,2190
296.019000,2065
296.019500,1989
296.020000,2151
296.020500,2042
296.021000,2188
296.021500,2062
296.022000,1984
296.022500,2147
296.023000,2040
296.023500,2192
296.024000,2069
296.024500,1992
296.025000,2153
296.025500,2043
296.026000,2190
296.026500,2064
296.027000,1988
296.027500,2150
296.028000,2041
296.028500,2191
296.029000,2065
296.029500,1988
296.030000,2149
296.030500,2038
296.031000,2184
296.031500,2058
296.032000,1980
296.032500,2146
296.033000,2040
296.033500,2188
296.034000,2062
296.034500,1984
296.035000,2146
296.035500,2038
296.036000,2187
296.036500,2061
296.037000,1983
296.037500,2151
296.038000,2041
296.038500,2189
296.039000,2064
296.039500,1988
296.040000,2150
296.040500,2040
296.041000,2187
296.041500,2062
296.042000,1983
296.042500,2152
296.043000,2039
296.043500,2191
296.044000,2068
296.044500,1993
296.045000,2153
296.045500,2044
296.046000,2190
296.046500,2065
296.047000,1989
296.047500,2151
296.048000,2039
296.048500,2191
296.049000,2065
296.049500,1988
296.050000,2149
296.050500,2039
296.051000,2186
296.051500,2059
296.052000,1980
296.052500,2145
296.053000,2036
296.053500,2185
296.054000,2061
296.054500,1983
296.055000,2151
296.055500,2040
296.056000,2186
296.056500,2060
296.057000,1982
296.057500,2150
296.058000,2041
296.058500,2191
296.059000,2065
296.059500,1989
296.060000,2151
296.060500,2041
296.061000,2188
296.061500,2062
296.062000,1984
296.062500,2148
296.063000,2038
296.063500,2189
296.064000,2066
296.064500,1992
296.065000,2153
296.065500,2044
296.066000,2190
296.066500,2064
296.067000,1988
296.067500,2150
296.068000,2037
296.068500,2190
296.069000,2064
296.069500,1988
296.070000,2149
296.070500,2038
296.071000,2185
296.071500,2059
296.072000,1980
296.072500,2146
296.073000,2037
296.073500,2189
296.074000,2064
296.074500,1987
296.075000,2149
296.075500,2039
296.076000,2187
296.076500,2060
296.077000,1982
296.077500,2150
296.078000,2038
296.078500,2193
296.079000,2071
296.079500,1993
296.080000,2153
296.080500,2042
296.081000,2188
296.081500,2062
296.082000,1985
296.082500,2148
296.083000,2037
296.083500,2190
296.084000,2067
296.084500,1992
296.085000,2153
296.085500,2044
296.086000,2190
296.086500,2064
296.087000,1988
296.087500,2150
296.088000,2039
296.088500,2191
296.089000,2066
296.089500,1989
296.090000,2150
296.090500,2038
296.091000,2186
296.091500,2059
296.092000,1980
296.092500,2146
296.093000,2038
296.093500,2188
296.094000,2063
296.094500,1984
296.095000,2146
296.095500,2037
296.096000,2185
296.096500,2060
296.097000,1982
296.097500,2150
296.098000,2043
296.098500,2190
296.099000,2064
296.099500,1988
296.100000,2150
296.100500,2040
296.101000,2186
296.101500,2061
296.102000,1983
296.102500,2152
296.103000,2043
296.103500,2190
296.104000,2066
296.104500,1992
296.105000,2153
296.105500,2042
296.106000,2189
296.106500,2064
296.107000,1988
296.107500,2150
296.108000,2038
296.108500,2190
296.109000,2065
296.109500,1988
296.110000,2149
296.110500,2038
296.111000,2185
296.111500,2059
296.112000,1980
296.112500,2146
296.113000,2039
296.113500,2190
296.114000,2066
296.114500,1989
296.115000,2150
296.115500,2040
296.116000,2187
296.116500,2061
296.117000,1984
296.117500,2146
296.118000,2035
296.118500,2189
296.119000,2064
296.119500,1987
296.120000,2150
296.120500,2040
296.121000,2187
296.121500,2061
296.122000,1983
296.122500,2152
296.123000,2041
296.123500,2192
296.124000,2069
296.124500,1994
296.125000,2153
296.125500,2044
296.126000,2190
296.126500,2064
296.127000,1988
296.127500,2150
296.128000,2040
296.128500,2189
296.129000,2064
296.129500,1987
296.130000,2148
296.130500,2039
296.131000,2185
296.131500,2058
296.132000,1979
296.132500,2146
296.133000,2037
296.133500,2189
296.134000,2064
296.134500,1987
296.135000,2149
296.135500,2040
296.136000,2186
296.136500,2060
296.137000,1982
296.137500,2150
296.138000,2037
296.138500,2190
296.139000,2064
296.139500,1988
296.140000,2150
296.140500,2041
296.141000,2187
296.141500,2062
296.142000,1984
296.142500,2147
296.143000,2039
296.143500,2189
296.144000,2066
296.144500,1992
296.145000,2153
296.145500,2043
296.146000,2190
296.146500,2064
296.147000,1988
296.147500,2150
296.148000,2037
296.148500,2192
296.149000,2068
296.149500,1991
296.150000,2150
296.150500,2038
296.151000,2186
296.151500,2059
296.152000,1980
296.152500,2146
296.153000,2037
296.153500,2185
296.154000,2061
296.154500,1982
296.155000,2151
296.155500,2040
296.156000,2186
296.156500,2061
296.157000,1983
296.157500,2151
296.158000,2038
296.158500,2189
296.159000,2064
296.159500,1988
296.160000,2150
296.160500,2040
296.161000,2187
296.161500,2061
296.162000,1983
296.162500,2151
296.163000,2042
296.163500,2193
296.164000,2071
296.164500,1994
296.165000,2154
296.165500,2044
296.166000,2190
296.166500,2064
296.167000,1988
296.167500,2151
296.168000,2041
296.168500,2192
296.169000,2067
296.169500,1990
296.170000,2150
296.170500,2039
296.171000,2185
296.171500,2058
296.172000,1979
296.172500,2146
296.173000,2036
296.173500,2188
296.174000,2064
296.174500,1986
296.175000,2150
296.175500,2040
296.176000,2186
296.176500,2060
296.177000,1983
296.177500,2150
296.178000,2041
296.178500,2190
296.179000,2065
296.179500,1989
296.180000,2151
296.180500,2041
296.181000,2188
296.181500,2062
296.182000,1984
296.182500,2147
296.183000,2040
296.183500,2191
296.184000,2068
296.184500,1992
296.185000,2154
296.185500,2044
296.186000,2190
296.186500,2065
296.187000,1989
296.187500,2151
296.188000,2040
296.188500,2189
296.189000,2064
296.189500,1986
296.190000,2148
296.190500,2038
296.191000,2185
296.191500,2058
296.192000,1979
296.192500,2146
296.193000,2034
296.193500,2186
296.194000,2061
296.194500,1983
296.195000,2151
296.195500,2040
296.196000,2186
296.196500,2060
296.197000,1982
296.197500,2150
296.198000,2037
296.198500,2190
296.199000,2065
296.199500,1989
296.200000,2151
296.200500,2041
296.201000,2188
296.201500,2061
296.202000,1983
296.202500,2152
296.203000,2041
296.203500,2192
296.204000,2072
296.204500,1995
296.205000,2156
296.205500,2045
296.206000,2191
296.206500,2066
296.207000,1990
296.207500,2152
296.208000,2040
296.208500,2193
296.209000,2071
296.209500,1993
296.210000,2152
296.210500,2040
296.211000,2187
296.211500,2059
296.212000,1980
296.212500,2146
296.213000,2039
296.213500,2188
296.214000,2063
296.214500,1985
296.215000,2148
296.215500,2039
296.216000,2186
296.216500,2060
296.217000,1982
296.217500,2150
296.218000,2041
296.218500,2192
296.219000,2068
296.219500,1990
296.220000,2152
296.220500,2041
296.221000,2188
296.221500,2063
296.222000,1984
296.222500,2146
296.223000,2038
296.223500,2190
296.224000,2066
296.224500,1991
296.225000,2153
296.225500,2044
296.226000,2190
296.226500,2064
296.227000,1987
296.227500,2150
296.228000,2041
296.228500,2192
296.229000,2068
296.229500,1991
296.230000,2150
296.230500,2039
296.231000,2185
296.231500,2058
296.232000,1979
296.232500,2146
296.233000,2035
296.233500,2188
296.234000,2063
296.234500,1984
296.235000,2147
296.235500,2037
296.236000,2186
296.236500,2060
296.237000,1982
296.237500,2150
296.238000,2037
296.238500,2190
296.239000,2064
296.239500,1988
296.240000,2150
296.240500,2040
296.241000,2187
296.241500,2061
296.242000,1983
296.242500,2152
296.243000,2043
296.243500,2193
296.244000,2071
296.244500,1995
296.245000,2154
296.245500,2044
296.246000,2190
296.246500,2065
296.247000,1990
296.247500,2151
296.248000,2042
296.248500,2191
296.249000,2066
296.249500,1989
296.250000,2149
296.250500,2038
296.251000,2185
296.251500,2058
296.252000,1980
296.252500,2146
296.253000,2035
296.253500,2188
296.254000,2063
296.254500,1985
296.255000,2148
296.255500,2038
296.256000,2186
296.256500,2060
296.257000,1982
296.257500,2150
296.258000,2037
296.258500,2190
296.259000,2064
296.259500,1988
296.260000,2150
296.260500,2040
296.261000,2187
296.261500,2061
296.262000,1983
296.262500,2152
296.263000,2043
296.263500,2191
296.264000,2068
296.264500,1993
296.265000,2153
296.265500,2043
296.266000,2190
296.266500,2064
296.267000,1988
296.267500,2150
296.268000,2042
296.268500,2192
296.269000,2068
296.269500,1990
296.270000,2151
296.270500,2039
296.271000,2185
296.271500,2059
296.272000,1980
296.272500,2146
296.273000,2034
296.273500,2188
296.274000,2063
296.274500,1985
296.275000,2148
296.275500,2038
296.276000,2186
296.276500,2060
296.277000,1982
296.277500,2150
296.278000,2038
296.278500,2190
296.279000,2064
296.279500,1987
296.280000,2150
296.280500,2040
296.281000,2187
296.281500,2061
296.282000,1983
296.282500,2152
296.283000,2044
296.283500,2193
296.284000,2071
296.284500,1995
296.285000,2154
296.285500,2044
296.286000,2190
296.286500,2064
296.287000,1988
296.287500,2150
296.288000,2041
296.288500,2191
296.289000,2065
296.289500,1989
296.290000,2149
296.290500,2039
296.291000,2186
296.291500,2059
296.292000,1980
296.292500,2146
296.293000,2036
296.293500,2187
296.294000,2062
296.294500,1984
296.295000,2146
296.295500,2038
296.296000,2185
296.296500,2060
296.297000,1982
296.297500,2149
296.298000,2041
296.298500,2189
296.299000,2064
296.299500,1988
296.300000,2150
296.300500,2040
296.301000,2186
296.301500,2061
296.302000,1983
296.302500,2152
296.303000,2038
296.303500,2191
296.304000,2068
296.304500,1993
296.305000,2153
296.305500,2044
296.306000,2190
296.306500,2065
296.307000,1989
296.307500,2151
296.308000,2040
296.308500,2189
296.309000,2064
296.309500,1986
296.310000,2149
296.310500,2038
296.311000,2185
296.311500,2059
296.312000,1980
296.312500,2146
296.313000,2035
296.313500,2186
296.314000,2061
296.314500,1983
296.315000,2151
296.315500,2040
296.316000,2186
296.316500,2060
296.317000,1981
296.317500,2150
296.318000,2041
296.318500,2190
296.319000,2065
296.319500,1990
296.320000,2150
296.320500,2040
296.321000,2186
296.321500,2061
296.322000,1983
296.322500,2152
296.323000,2045
296.323500,2192
296.324000,2070
296.324500,1993
296.325000,2153
296.325500,2044
296.326000,2189
296.326500,2064
296.327000,1988
296.327500,2151
296.328000,2037
296.328500,2190
296.329000,2065
296.329500,1988
296.330000,2149
296.330500,2039
296.331000,2185
296.331500,2059
296.332000,1980
296.332500,2146
296.333000,2037
296.333500,2188
296.334000,2063
296.334500,1985
296.335000,2148
296.335500,2038
296.336000,2186
296.336500,2060
296.337000,1982
296.337500,2150
296.338000,2042
296.338500,2193
296.339000,2071
296.339500,1993
296.340000,2152
296.340500,2041
296.341000,2188
296.341500,2062
296.342000,1984
296.342500,2147
296.343000,2039
296.343500,2190
296.344000,2066
296.344500,1991
296.345000,2153
296.345500,2044
296.346000,2190
296.346500,2064
296.347000,1988
296.347500,2150
296.348000,2040
296.348500,2191
296.349000,2066
296.349500,1989
296.350000,2149
296.350500,2038
296.351000,2185
296.351500,2059
296.352000,1980
296.352500,2146
296.353000,2039
296.353500,2189
296.354000,2063
296.354500,1985
296.355000,2148
296.355500,2039
296.356000,2185
296.356500,2059
296.357000,1982
296.357500,2149
296.358000,2038
296.358500,2191
296.359000,2066
296.359500,1990
296.360000,2151
296.360500,2041
296.361000,2188
296.361500,2062
296.362000,1985
296.362500,2148
296.363000,2037
296.363500,2190
296.364000,2066
296.364500,1991
296.365000,2152
296.365500,2043
296.366000,2190
296.366500,2065
296.367000,1989
296.367500,2152
296.368000,2038
296.368500,2189
296.369000,2064
296.369500,1986
296.370000,2148
296.370500,2038
296.371000,2184
296.371500,2058
296.372000,1979
296.372500,2147
296.373000,2039
296.373500,2189
296.374000,2063
296.374500,1985
296.375000,2148
296.375500,2038
296.376000,2186
296.376500,2060
296.377000,1982
296.377500,2150
296.378000,2038
296.378500,2192
296.379000,2070
296.379500,1992
296.380000,2151
296.380500,2041
296.381000,2188
296.381500,2062
296.382000,1984
296.382500,2147
296.383000,2041
296.383500,2192
296.384000,2070
296.384500,1993
296.385000,2154
296.385500,2044
296.386000,2190
296.386500,2064
296.387000,1988
296.387500,2150
296.388000,2039
296.388500,2190
296.389000,2065
296.389500,1988
296.390000,2149
296.390500,2038
296.391000,2185
296.391500,2058
296.392000,1980
296.392500,2146
296.393000,2037
296.393500,2187
296.394000,2062
296.394500,1983
296.395000,2151
296.395500,2040
296.396000,2186
296.396500,2061
296.397000,1982
296.397500,2150
296.398000,2041
296.398500,2192
296.399000,2069
296.399500,1992
296.400000,2153
296.400500,2041
296.401000,2188
296.401500,2062
296.402000,1984
296.402500,2148
296.403000,2043
296.403500,2190
296.404000,2066
296.404500,1992
296.405000,2153
296.405500,2043
296.406000,2191
296.406500,2065
296.407000,1989
296.407500,2151
296.408000,2042
296.408500,2189
296.409000,2064
296.409500,1986
296.410000,2148
296.410500,2038
296.411000,2184
296.411500,2058
296.412000,1980
296.412500,2146
296.413000,2037
296.413500,2189
296.414000,2064
296.414500,1986
296.415000,2149
296.415500,2039
296.416000,2186
296.416500,2060
296.417000,1982
296.417500,2150
296.418000,2042
296.418500,2190
296.419000,2064
296.419500,1988
296.420000,2150
296.420500,2040
296.421000,2187
296.421500,2062
296.422000,1984
296.422500,2147
296.423000,2042
296.423500,2190
296.424000,2067
296.424500,1992
296.425000,2153
296.425500,2044
296.426000,2190
296.426500,2064
296.427000,1988
296.427500,2151
296.428000,2038
296.428500,2189
296.429000,2063
296.429500,1984
296.430000,2145
296.430500,2036
296.431000,2184
296.431500,2058
296.432000,1979
296.432500,2146
296.433000,2034
296.433500,2188
296.434000,2063
296.434500,1985
296.435000,2148
296.435500,2038
296.436000,2186
296.436500,2061
296.437000,1982
296.437500,2150
296.438000,2043
296.438500,2190
296.439000,2065
296.439500,1989
296.440000,2151
296.440500,2041
296.441000,2188
296.441500,2062
296.442000,1984
296.442500,2147
296.443000,2040
296.443500,2192
296.444000,2069
296.444500,1994
296.445000,2153
296.445500,2044
296.446000,2190
296.446500,2064
296.447000,1988
296.447500,2151
296.448000,2042
296.448500,2191
296.449000,2066
296.449500,1989
296.450000,2149
296.450500,2039
296.451000,2185
296.451500,2058
296.452000,1980
296.452500,2146
296.453000,2036
296.453500,2186
296.454000,2062
296.454500,1983
296.455000,2152
296.455500,2041
296.456000,2188
296.456500,2062
296.457000,1983
296.457500,2151
296.458000,2038
296.458500,2190
296.459000,2065
296.459500,1989
296.460000,2151
296.460500,2041
296.461000,2187
296.461500,2062
296.462000,1984
296.462500,2147
296.463000,2039
296.463500,2193
296.464000,2073
296.464500,1996
296.465000,2155
296.465500,2045
296.466000,2191
296.466500,2066
296.467000,1990
296.467500,2151
296.468000,2039
296.468500,2191
296.469000,2066
296.469500,1989
296.470000,2149
296.470500,2038
296.471000,2184
296.471500,2058
296.472000,1980
296.472500,2146
296.473000,2036
296.473500,2185
296.474000,2061
296.474500,1982
296.475000,2150
296.475500,2039
296.476000,2187
296.476500,2061
296.477000,1983
296.477500,2151
296.478000,2039
296.478500,2191
296.479000,2066
296.479500,1990
296.480000,2151
296.480500,2041
296.481000,2188
296.481500,2062
296.482000,1983
296.482500,2152
296.483000,2041
296.483500,2191
296.484000,2068
296.484500,1993
296.485000,2153
296.485500,2044
296.486000,2190
296.486500,2064
296.487000,1988
296.487500,2150
296.488000,2039
296.488500,2189
296.489000,2064
296.489500,1987
296.490000,2148
296.490500,2038
296.491000,2185
296.491500,2059
296.492000,1980
296.492500,2146
296.493000,2034
296.493500,2189
296.494000,2066
296.494500,1990
296.495000,2151
296.495500,2040
296.496000,2186
296.496500,2061
296.497000,1982
296.497500,2150
296.498000,2038
296.498500,2189
296.499000,2064
296.499500,1987
296.500000,2150
296.500500,2040
296.501000,2187
296.501500,2061
296.502000,1984
296.502500,2147
296.503000,2038
296.503500,2189
296.504000,2065
296.504500,1990
296.505000,2152
296.505500,2042
296.506000,2189
296.506500,2064
296.507000,1988
296.507500,2150
296.508000,2041
296.508500,2192
296.509000,2070
296.509500,1991
296.510000,2150
296.510500,2039
296.511000,2186
296.511500,2060
296.512000,1980
296.512500,2146
296.513000,2035
296.513500,2188
296.514000,2063
296.514500,1984
296.515000,2146
296.515500,2037
296.516000,2185
296.516500,2060
296.517000,1982
296.517500,2150
296.518000,2038
296.518500,2191
296.519000,2066
296.519500,1990
296.520000,2151
296.520500,2041
296.521000,2187
296.521500,2062
296.522000,1983
296.522500,2152
296.523000,2041
296.523500,2190
296.524000,2066
296.524500,1992
296.525000,2153
296.525500,2044
296.526000,2190
296.526500,2064
296.527000,1988
296.527500,2150
296.528000,2039
296.528500,2190
296.529000,2065
296.529500,1988
296.530000,2149
296.530500,2038
296.531000,2184
296.531500,2058
296.532000,1979
296.532500,2146
296.533000,2037
296.533500,2189
296.534000,2063
296.534500,1985
296.535000,2148
296.535500,2039
296.536000,2186
296.536500,2060
296.537000,1982
296.537500,2150
296.538000,2037
296.538500,2190
296.539000,2065
296.539500,1990
296.540000,2150
296.540500,2040
296.541000,2186
296.541500,2061
296.542000,1984
296.542500,2146
296.543000,2038
296.543500,2188
296.544000,2064
296.544500,1989
296.545000,2152
296.545500,2043
296.546000,2189
296.546500,2064
296.547000,1988
296.547500,2150
296.548000,2041
296.548500,2189
296.549000,2063
296.549500,1985
296.550000,2147
296.550500,2038
296.551000,2184
296.551500,2057
296.552000,1979
296.552500,2146
296.553000,2036
296.553500,2186
296.554000,2062
296.554500,1983
296.555000,2151
296.555500,2040
296.556000,2186
296.556500,2061
296.557000,1982
296.557500,2150
296.558000,2038
296.558500,2190
296.559000,2065
296.559500,1989
296.560000,2151
296.560500,2041
296.561000,2188
296.561500,2062
296.562000,1983
296.562500,2152
296.563000,2043
296.563500,2193
296.564000,2071
296.564500,1994
296.565000,2153
296.565500,2044
296.566000,2190
296.566500,2064
296.567000,1988
296.567500,2150
296.568000,2041
296.568500,2189
296.569000,2064
296.569500,1987
296.570000,2148
296.570500,2038
296.571000,2184
296.571500,2058
296.572000,1979
296.572500,2146
296.573000,2036
296.573500,2187
296.574000,2062
296.574500,1983
296.575000,2150
296.575500,2040
296.576000,2186
296.576500,2061
296.577000,1982
296.577500,2151
296.578000,2040
296.578500,2188
296.579000,2064
296.579500,1988
296.580000,2150
296.580500,2040
296.581000,2187
296.581500,2061
296.582000,1983
296.582500,2152
296.583000,2039
296.583500,2191
296.584000,2067
296.584500,1992
296.585000,2153
296.585500,2044
296.586000,2190
296.586500,2064
296.587000,1988
296.587500,2149
296.588000,2037
296.588500,2190
296.589000,2065
296.589500,1988
296.590000,2149
296.590500,2038
296.591000,2184
296.591500,2058
296.592000,1979
296.592500,2146
296.593000,2034
296.593500,2187
296.594000,2063
296.594500,1985
296.595000,2148
296.595500,2038
296.596000,2186
296.596500,2060
296.597000,1982
296.597500,2150
296.598000,2040
296.598500,2191
296.599000,2066
296.599500,1990
296.600000,2150
296.600500,2040
296.601000,2187
296.601500,2061
296.602000,1984
296.602500,2147
296.603000,2038
296.603500,2191
296.604000,2067
296.604500,1992
296.605000,2153
296.605500,2044
296.606000,2190
296.606500,2064
296.607000,1988
296.607500,2151
296.608000,2038
296.608500,2190
296.609000,2065
296.609500,1988
296.610000,2148
296.610500,2038
296.611000,2185
296.611500,2058
296.612000,1980
296.612500,2146
296.613000,2039
296.613500,2188
296.614000,2063
296.614500,1984
296.615000,2146
296.615500,2037
296.616000,2185
296.616500,2060
296.617000,1982
296.617500,2150
296.618000,2039
296.618500,2190
296.619000,2065
296.619500,1989
296.620000,2151
296.620500,2041
296.621000,2187
296.621500,2062
296.622000,1984
296.622500,2147
296.623000,2037
296.623500,2192
296.624000,2071
296.624500,1994
296.625000,2154
296.625500,2044
296.626000,2190
296.626500,2064
296.627000,1988
296.627500,2151
296.628000,2038
296.628500,2190
296.629000,2064
296.629500,1986
296.630000,2148
296.630500,2038
296.631000,2184
296.631500,2058
296.632000,1979
296.632500,2146
296.633000,2033
296.633500,2187
296.634000,2062
296.634500,1984
296.635000,2146
296.635500,2037
296.636000,2185
296.636500,2060
296.637000,1982
296.637500,2150
296.638000,2037
296.638500,2190
296.639000,2066
296.639500,1990
296.640000,2151
296.640500,2041
296.641000,2188
296.641500,2062
296.642000,1983
296.642500,2152
296.643000,2041
296.643500,2192
296.644000,2071
296.644500,1995
296.645000,2155
296.645500,2045
296.646000,2190
296.646500,2064
296.647000,1988
296.647500,2150
296.648000,2041
296.648500,2191
296.649000,2066
296.649500,1989
296.650000,2149
296.650500,2038
296.651000,2185
296.651500,2058
296.652000,1980
296.652500,2146
296.653000,2039
296.653500,2187
296.654000,2062
296.654500,1984
296.655000,2146
296.655500,2037
296.656000,2185
296.656500,2060
296.657000,1982
296.657500,2149
296.658000,2041
296.658500,2189
296.659000,2064
296.659500,1988
296.660000,2150
296.660500,2040
296.661000,2187
296.661500,2061
296.662000,1983
296.662500,2152
296.663000,2041
296.663500,2191
296.664000,2068
296.664500,1992
296.665000,2153
296.665500,2044
296.666000,2189
296.666500,2064
296.667000,1988
296.667500,2150
296.668000,2038
296.668500,2190
296.669000,2065
296.669500,1988
296.670000,2149
296.670500,2039
296.671000,2185
296.671500,2059
296.672000,1980
296.672500,2146
296.673000,2034
296.673500,2187
296.674000,2063
296.674500,1985
296.675000,2147
296.675500,2038
296.676000,2186
296.676500,2060
296.677000,1981
296.677500,2150
296.678000,2039
296.678500,2189
296.679000,2064
296.679500,1987
296.680000,2150
296.680500,2040
296.681000,2186
296.681500,2060
296.682000,1983
296.682500,2151
296.683000,2040
296.683500,2190
296.684000,2066
296.684500,1992
296.685000,2153
296.685500,2043
296.686000,2190
296.686500,2064
296.687000,1989
296.687500,2151
296.688000,2044
296.688500,2190
296.689000,2065
296.689500,1988
296.690000,2149
296.690500,2038
296.691000,2185
296.691500,2059
296.692000,1979
296.692500,2146
296.693000,2034
296.693500,2187
296.694000,2061
296.694500,1983
296.695000,2151
296.695500,2040
296.696000,2186
296.696500,2060
296.697000,1982
296.697500,2150
296.698000,2040
296.698500,2190
296.699000,2065
296.699500,1989
296.700000,2151
296.700500,2040
296.701000,2187
296.701500,2061
296.702000,1983
296.702500,2152
296.703000,2044
296.703500,2193
296.704000,2071
296.704500,1994
296.705000,2154
296.705500,2044
296.706000,2190
296.706500,2064
296.707000,1988
296.707500,2150
296.708000,2037
296.708500,2189
296.709000,2064
296.709500,1986
296.710000,2148
296.710500,2038
296.711000,2185
296.711500,2058
296.712000,1979
296.712500,2145
296.713000,2038
296.713500,2187
296.714000,2062
296.714500,1983
296.715000,2151
296.715500,2040
296.716000,2186
296.716500,2060
296.717000,1982
296.717500,2150
296.718000,2043
296.718500,2190
296.719000,2065
296.719500,1989
296.720000,2151
296.720500,2041
296.721000,2187
296.721500,2061
296.722000,1983
296.722500,2151
296.723000,2041
296.723500,2191
296.724000,2068
296.724500,1992
296.725000,2153
296.725500,2043
296.726000,2190
296.726500,2064
296.727000,1988
296.727500,2150
296.728000,2040
296.728500,2189
296.729000,2063
296.729500,1984
296.730000,2145
296.730500,2036
296.731000,2183
296.731500,2057
296.732000,1979
296.732500,2146
296.733000,2036
296.733500,2185
296.734000,2061
296.734500,1983
296.735000,2150
296.735500,2040
296.736000,2186
296.736500,2060
296.737000,1982
296.737500,2150
296.738000,2040
296.738500,2190
296.739000,2065
296.739500,1989
296.740000,2151
296.740500,2041
296.741000,2188
296.741500,2062
296.742000,1984
296.742500,2148
296.743000,2042
296.743500,2192
296.744000,2070
296.744500,1994
296.745000,2154
296.745500,2044
296.746000,2190
296.746500,2064
296.747000,1988
296.747500,2150
296.748000,2040
296.748500,2191
296.749000,2065
296.749500,1989
296.750000,2150
296.750500,2038
296.751000,2185
296.751500,2059
296.752000,1979
296.752500,2146
296.753000,2040
296.753500,2188
296.754000,2062
296.754500,1984
296.755000,2146
296.755500,2037
296.756000,2184
296.756500,2060
296.757000,1982
296.757500,2149
296.758000,2039
296.758500,2192
296.759000,2069
296.759500,1992
296.760000,2152
296.760500,2042
296.761000,2189
296.761500,2062
296.762000,1984
296.762500,2147
296.763000,2037
296.763500,2190
296.764000,2066
296.764500,1991
296.765000,2152
296.765500,2043
296.766000,2190
296.766500,2064
296.767000,1988
296.767500,2150
296.768000,2041
296.768500,2192
296.769000,2070
296.769500,1991
296.770000,2151
296.770500,2039
296.771000,2185
296.771500,2060
296.772000,1980
296.772500,2147
296.773000,2039
296.773500,2190
296.774000,2065
296.774500,1988
296.775000,2149
296.775500,2039
296.776000,2187
296.776500,2060
296.777000,1981
296.777500,2150
296.778000,2039
296.778500,2189
296.779000,2064
296.779500,1987
296.780000,2150
296.780500,2040
296.781000,2187
296.781500,2061
296.782000,1983
296.782500,2151
296.783000,2044
296.783500,2193
296.784000,2071
296.784500,1995
296.785000,2155
296.785500,2045
296.786000,2191
296.786500,2065
296.787000,1990
296.787500,2151
296.788000,2038
296.788500,2192
296.789000,2069
296.789500,1992
296.790000,2150
296.790500,2039
296.791000,2185
296.791500,2059
296.792000,1979
296.792500,2146
296.793000,2036
296.793500,2185
296.794000,2061
296.794500,1983
296.795000,2151
296.795500,2040
296.796000,2186
296.796500,2060
296.797000,1982
296.797500,2149
296.798000,2040
296.798500,2191
296.799000,2066
296.799500,1990
296.800000,2151
296.800500,2041
296.801000,2187
296.801500,2061
296.802000,1983
296.802500,2152
296.803000,2042
296.803500,2191
296.804000,2067
296.804500,1993
296.805000,2153
296.805500,2044
296.806000,2190
296.806500,2065
296.807000,1989
296.807500,2151
296.808000,2041
296.808500,2191
296.809000,2065
296.809500,1988
296.810000,2149
296.810500,2038
296.811000,2184
296.811500,2058
296.812000,1979
296.812500,2145
296.813000,2035
296.813500,2186
296.814000,2062
296.814500,1983
296.815000,2151
296.815500,2040
296.816000,2186
296.816500,2060
296.817000,1982
296.817500,2150
296.818000,2041
296.818500,2191
296.819000,2066
296.819500,1990
296.820000,2151
296.820500,2041
296.821000,2187
296.821500,2061
296.822000,1983
296.822500,2151
296.823000,2042
296.823500,2190
296.824000,2067
296.824500,1993
296.825000,2153
296.825500,2044
296.826000,2190
296.826500,2064
296.827000,1988
296.827500,2150
296.828000,2039
296.828500,2190
296.829000,2064
296.829500,1986
296.830000,2148
296.830500,2037
296.831000,2184
296.831500,2058
296.832000,1979
296.832500,2146
296.833000,2038
296.833500,2188
296.834000,2063
296.834500,1985
296.835000,2147
296.835500,2039
296.836000,2186
296.836500,2060
296.837000,1982
296.837500,2150
296.838000,2041
296.838500,2190
296.839000,2065
296.839500,1989
296.840000,2151
296.840500,2040
296.841000,2186
296.841500,2061
296.842000,1983
296.842500,2152
296.843000,2039
296.843500,2191
296.844000,2068
296.844500,1993
296.845000,2153
296.845500,2044
296.846000,2190
296.846500,2064
296.847000,1988
296.847500,2150
296.848000,2040
296.848500,2191
296.849000,2065
296.849500,1988
296.850000,2149
296.850500,2038
296.851000,2184
296.851500,2058
296.852000,1979
296.852500,2146
296.853000,2037
296.853500,2187
296.854000,2062
296.854500,1984
296.855000,2146
296.855500,2037
296.856000,2185
296.856500,2059
296.857000,1982
296.857500,2149
296.858000,2037
296.858500,2189
296.859000,2064
296.859500,1988
296.860000,2150
296.860500,2040
296.861000,2187
296.861500,2061
296.862000,1983
296.862500,2152
296.863000,2040
296.863500,2193
296.864000,2071
296.864500,1995
296.865000,2155
296.865500,2044
296.866000,2190
296.866500,2064
296.867000,1988
296.867500,2150
296.868000,2041
296.868500,2189
296.869000,2064
296.869500,1986
296.870000,2148
296.870500,2037
296.871000,2185
296.871500,2058
296.872000,1980
296.872500,2146
296.873000,2040
296.873500,2187
296.874000,2062
296.874500,1983
296.875000,2151
296.875500,2041
296.876000,2187
296.876500,2060
296.877000,1982
296.877500,2149
296.878000,2037
296.878500,2189
296.879000,2064
296.879500,1987
296.880000,2150
296.880500,2040
296.881000,2186
296.881500,2061
296.882000,1983
296.882500,2151
296.883000,2039
296.883500,2191
296.884000,2067
296.884500,1992
296.885000,2153
296.885500,2043
296.886000,2190
296.886500,2063
296.887000,1986
296.887500,2149
296.888000,2039
296.888500,2192
296.889000,2069
296.889500,1991
296.890000,2151
296.890500,2039
296.891000,2186
296.891500,2059
296.892000,1980
296.892500,2146
296.893000,2038
296.893500,2188
296.894000,2062
296.894500,1984
296.895000,2146
296.895500,2038
296.896000,2186
296.896500,2060
296.897000,1982
296.897500,2150
296.898000,2042
296.898500,2190
296.899000,2065
296.899500,1989
296.900000,2151
296.900500,2041
296.901000,2188
296.901500,2063
296.902000,1985
296.902500,2148
296.903000,2039
296.903500,2191
296.904000,2069
296.904500,1993
296.905000,2154
296.905500,2044
296.906000,2189
296.906500,2064
296.907000,1988
296.907500,2150
296.908000,2040
296.908500,2191
296.909000,2066
296.909500,1989
296.910000,2149
296.910500,2038
296.911000,2185
296.911500,2058
296.912000,1980
296.912500,2146
296.913000,2036
296.913500,2187
296.914000,2062
296.914500,1983
296.915000,2150
296.915500,2040
296.916000,2186
296.916500,2060
296.917000,1982
296.917500,2149
296.918000,2040
296.918500,2191
296.919000,2066
296.919500,1990
296.920000,2151
296.920500,2041
296.921000,2188
296.921500,2062
296.922000,1983
296.922500,2152
296.923000,2041
296.923500,2192
296.924000,2069
296.924500,1993
296.925000,2154
296.925500,2044
296.926000,2189
296.926500,2064
296.927000,1988
296.927500,2150
296.928000,2038
296.928500,2191
296.929000,2065
296.929500,1989
296.930000,2150
296.930500,2038
296.931000,2186
296.931500,2059
296.932000,1980
296.932500,2146
296.933000,2038
296.933500,2188
296.934000,2063
296.934500,1984
296.935000,2146
296.935500,2038
296.936000,2185
296.936500,2060
296.937000,1982
296.937500,2150
296.938000,2038
296.938500,2188
296.939000,2063
296.939500,1985
296.940000,2148
296.940500,2039
296.941000,2186
296.941500,2060
296.942000,1983
296.942500,2152
296.943000,2043
296.943500,2193
296.944000,2071
296.944500,1995
296.945000,2155
296.945500,2044
296.946000,2190
296.946500,2064
296.947000,1987
296.947500,2150
296.948000,2040
296.948500,2193
296.949000,2071
296.949500,1992
296.950000,2150
296.950500,2039
296.951000,2186
296.951500,2059
296.952000,1980
296.952500,2146
296.953000,2036
296.953500,2187
296.954000,2062
296.954500,1983
296.955000,2152
296.955500,2041
296.956000,2188
296.956500,2061
296.957000,1983
296.957500,2151
296.958000,2042
296.958500,2191
296.959000,2066
296.959500,1990
296.960000,2152
296.960500,2041
296.961000,2188
296.961500,2062
296.962000,1984
296.962500,2147
296.963000,2041
296.963500,2191
296.964000,2068
296.964500,1993
296.965000,2153
296.965500,2044
296.966000,2190
296.966500,2064
296.967000,1988
296.967500,2150
296.968000,2037
296.968500,2190
296.969000,2065
296.969500,1988
296.970000,2149
296.970500,2038
296.971000,2184
296.971500,2058
296.972000,1979
296.972500,2146
296.973000,2037
296.973500,2186
296.974000,2061
296.974500,1983
296.975000,2151
296.975500,2040
296.976000,2186
296.976500,2061
296.977000,1983
296.977500,2151
296.978000,2042
296.978500,2191
296.979000,2066
296.979500,1991
296.980000,2151
296.980500,2041
296.981000,2188
296.981500,2062
296.982000,1983
296.982500,2152
296.983000,2041
296.983500,2190
296.984000,2067
296.984500,1992
296.985000,2152
296.985500,2043
296.986000,2189
296.986500,2064
296.987000,1988
296.987500,2150
296.988000,2040
296.988500,2191
296.989000,2067
296.989500,1990
296.990000,2150
296.990500,2039
296.991000,2185
296.991500,2059
296.992000,1980
296.992500,2146
296.993000,2034
296.993500,2188
296.994000,2063
296.994500,1984
296.995000,2146
296.995500,2038
296.996000,2185
296.996500,2060
296.997000,1982
296.997500,2149
296.998000,2040
296.998500,2191
296.999000,2066
296.999500,1990
297.000000,2151
297.000500,2041
297.001000,2187
297.001500,2062
297.002000,1983
297.002500,2151
297.003000,2041
297.003500,2191
297.004000,2068
297.004500,1993
297.005000,2153
297.005500,2044
297.006000,2190
297.006500,2065
297.007000,1989
297.007500,2151
297.008000,2039
297.008500,2191
297.009000,2066
297.009500,1989
297.010000,2150
297.010500,2038
297.011000,2185
297.011500,2058
297.012000,1978
297.012500,2146
297.013000,2040
297.013500,2188
297.014000,2063
297.014500,1984
297.015000,2146
297.015500,2037
297.016000,2185
297.016500,2060
297.017000,1981
297.017500,2150
297.018000,2039
297.018500,2191
297.019000,2066
297.019500,1990
297.020000,2151
297.020500,2041
297.021000,2188
297.021500,2062
297.022000,1984
297.022500,2147
297.023000,2041
297.023500,2190
297.024000,2066
297.024500,1991
297.025000,2153
297.025500,2043
297.026000,2190
297.026500,2064
297.027000,1987
297.027500,2150
297.028000,2039
297.028500,2192
297.029000,2070
297.029500,1991
297.030000,2151
297.030500,2039
297.031000,2185
297.031500,2060
297.032000,1979
297.032500,2146
297.033000,2036
297.033500,2187
297.034000,2064
297.034500,1988
297.035000,2149
297.035500,2039
297.036000,2186
297.036500,2060
297.037000,1982
297.037500,2150
297.038000,2039
297.038500,2189
297.039000,2064
297.039500,1986
297.040000,2149
297.040500,2040
297.041000,2187
297.041500,2063
297.042000,1985
297.042500,2149
297.043000,2040
297.043500,2190
297.044000,2066
297.044500,1991
297.045000,2153
297.045500,2043
297.046000,2190
297.046500,2064
297.047000,1988
297.047500,2150
297.048000,2040
297.048500,2189
297.049000,2064
297.049500,1987
297.050000,2148
297.050500,2038
297.051000,2184
297.051500,2058
297.052000,1979
297.052500,2146
297.053000,2036
297.053500,2187
297.054000,2062
297.054500,1983
297.055000,2151
297.055500,2040
297.056000,2185
297.056500,2060
297.057000,1982
297.057500,2150
297.058000,2040
297.058500,2191
297.059000,2065
297.059500,1989
297.060000,2151
297.060500,2041
297.061000,2188
297.061500,2062
297.062000,1984
297.062500,2147
297.063000,2039
297.063500,2190
297.064000,2067
297.064500,1992
297.065000,2152
297.065500,2043
297.066000,2189
297.066500,2064
297.067000,1988
297.067500,2150
297.068000,2041
297.068500,2191
297.069000,2066
297.069500,1989
297.070000,2149
297.070500,2038
297.071000,2184
297.071500,2058
297.072000,1979
297.072500,2146
297.073000,2037
297.073500,2189
297.074000,2063
297.074500,1985
297.075000,2148
297.075500,2038
297.076000,2185
297.076500,2060
297.077000,1983
297.077500,2150
297.078000,2040
297.078500,2191
297.079000,2066
297.079500,1990
297.080000,2151
297.080500,2040
297.081000,2187
297.081500,2061
297.082000,1983
297.082500,2152
297.083000,2039
297.083500,2191
297.084000,2067
297.084500,1992
297.085000,2152
297.085500,2043
297.086000,2189
297.086500,2064
297.087000,1988
297.087500,2150
297.088000,2040
297.088500,2191
297.089000,2065
297.089500,1989
297.090000,2149
297.090500,2038
297.091000,2185
297.091500,2058
297.092000,1979
297.092500,2146
297.093000,2034
297.093500,2187
297.094000,2062
297.094500,1984
297.095000,2146
297.095500,2038
297.096000,2186
297.096500,2061
297.097000,1982
297.097500,2150
297.098000,2037
297.098500,2192
297.099000,2069
297.099500,1992
297.100000,2152
297.100500,2041
297.101000,2188
297.101500,2062
297.102000,1984
297.102500,2146
297.103000,2039
297.103500,2192
297.104000,2069
297.104500,1993
297.105000,2154
297.105500,2044
297.106000,2190
297.106500,2064
297.107000,1988
297.107500,2149
297.108000,2038
297.108500,2190
297.109000,2064
297.109500,1986
297.110000,2148
297.110500,2038
297.111000,2184
297.111500,2058
297.112000,1978
297.112500,2146
297.113000,2038
297.113500,2187
297.114000,2062
297.114500,1983
297.115000,2150
297.115500,2040
297.116000,2186
297.116500,2060
297.117000,1982
297.117500,2150
297.118000,2040
297.118500,2191
297.119000,2066
297.119500,1990
297.120000,2150
297.120500,2040
297.121000,2187
297.121500,2061
297.122000,1983
297.122500,2151
297.123000,2039
297.123500,2192
297.124000,2069
297.124500,1994
297.125000,2153
297.125500,2044
297.126000,2189
297.126500,2064
297.127000,1987
297.127500,2150
297.128000,2039
297.128500,2188
297.129000,2063
297.129500,1984
297.130000,2145
297.130500,2036
297.131000,2183
297.131500,2058
297.132000,1978
297.132500,2146
297.133000,2038
297.133500,2188
297.134000,2063
297.134500,1984
297.135000,2146
297.135500,2038
297.136000,2185
297.136500,2059
297.137000,1981
297.137500,2149
297.138000,2042
297.138500,2190
297.139000,2064
297.139500,1988
297.140000,2150
297.140500,2040
297.141000,2187
297.141500,2062
297.142000,1984
297.142500,2147
297.143000,2041
297.143500,2192
297.144000,2069
297.144500,1994
297.145000,2153
297.145500,2044
297.146000,2190
297.146500,2064
297.147000,1988
297.147500,2150
297.148000,2041
297.148500,2191
297.149000,2066
297.149500,1989
297.150000,2149
297.150500,2038
297.151000,2184
297.151500,2058
297.152000,1979
297.152500,2145
297.153000,2036
297.153500,2186
297.154000,2061
297.154500,1984
297.155000,2146
297.155500,2038
297.156000,2185
297.156500,2060
297.157000,1982
297.157500,2150
297.158000,2041
297.158500,2190
297.159000,2065
297.159500,1988
297.160000,2150
297.160500,2040
297.161000,2187
297.161500,2062
297.162000,1984
297.162500,2147
297.163000,2038
297.163500,2189
297.164000,2066
297.164500,1991
297.165000,2152
297.165500,2043
297.166000,2189
297.166500,2064
297.167000,1988
297.167500,2150
297.168000,2038
297.168500,2190
297.169000,2064
297.169500,1987
297.170000,2148
297.170500,2037
297.171000,2185
297.171500,2058
297.172000,1980
297.172500,2146
297.173000,2035
297.173500,2186
297.174000,2061
297.174500,1983
297.175000,2151
297.175500,2040
297.176000,2186
297.176500,2060
297.177000,1982
297.177500,2150
297.178000,2038
297.178500,2189
297.179000,2063
297.179500,1985
297.180000,2148
297.180500,2039
297.181000,2187
297.181500,2061
297.182000,1983
297.182500,2152
297.183000,2041
297.183500,2192
297.184000,2070
297.184500,1993
297.185000,2153
297.185500,2044
297.186000,2190
297.186500,2064
297.187000,1988
297.187500,2150
297.188000,2037
297.188500,2189
297.189000,2064
297.189500,1986
297.190000,2148
297.190500,2038
297.191000,2184
297.191500,2059
297.192000,1979
297.192500,2146
297.193000,2038
297.193500,2187
297.194000,2062
297.194500,1983
297.195000,2151
297.195500,2040
297.196000,2186
297.196500,2060
297.197000,1983
297.197500,2150
297.198000,2038
297.198500,2190
297.199000,2064
297.199500,1988
297.200000,2150
297.200500,2040
297.201000,2187
297.201500,2061
297.202000,1983
297.202500,2152
297.203000,2039
297.203500,2192
297.204000,2069
297.204500,1993
297.205000,2154
297.205500,2043
297.206000,2190
297.206500,2064
297.207000,1987
297.207500,2150
297.208000,2043
297.208500,2190
297.209000,2064
297.209500,1987
297.210000,2149
297.210500,2038
297.211000,2184
297.211500,2058
297.212000,1979
297.212500,2146
297.213000,2036
297.213500,2188
297.214000,2062
297.214500,1983
297.215000,2151
297.215500,2040
297.216000,2186
297.216500,2060
297.217000,1982
297.217500,2149
297.218000,2039
297.218500,2191
297.219000,2066
297.219500,1990
297.220000,2151
297.220500,2041
297.221000,2187
297.221500,2061
297.222000,1983
297.222500,2152
297.223000,2039
297.223500,2190
297.224000,2066
297.224500,1991
297.225000,2153
297.225500,2044
297.226000,2189
297.226500,2063
297.227000,1985
297.227500,2148
297.228000,2039
297.228500,2193
297.229000,2071
297.229500,1992
297.230000,2149
297.230500,2039
297.231000,2185
297.231500,2059
297.232000,1979
297.232500,2147
297.233000,2037
297.233500,2188
297.234000,2062
297.234500,1983
297.235000,2152
297.235500,2040
297.236000,2188
297.236500,2061
297.237000,1983
297.237500,2151
297.238000,2038
297.238500,2189
297.239000,2064
297.239500,1987
297.240000,2150
297.240500,2040
297.241000,2187
297.241500,2062
297.242000,1984
297.242500,2147
297.243000,2039
297.243500,2190
297.244000,2066
297.244500,1991
297.245000,2153
297.245500,2044
297.246000,2189
297.246500,2064
297.247000,1988
297.247500,2150
297.248000,2041
297.248500,2190
297.249000,2065
297.249500,1988
297.250000,2149
297.250500,2038
297.251000,2185
297.251500,2058
297.252000,1979
297.252500,2146
297.253000,2034
297.253500,2188
297.254000,2063
297.254500,1985
297.255000,2148
297.255500,2038
297.256000,2186
297.256500,2060
297.257000,1982
297.257500,2150
297.258000,2039
297.258500,2190
297.259000,2064
297.259500,1987
297.260000,2150
297.260500,2040
297.261000,2187
297.261500,2061
297.262000,1983
297.262500,2152
297.263000,2043
297.263500,2194
297.264000,2072
297.264500,1994
297.265000,2154
297.265500,2044
297.266000,2189
297.266500,2064
297.267000,1988
297.267500,2150
297.268000,2037
297.268500,2189
297.269000,2064
297.269500,1987
297.270000,2148
297.270500,2038
297.271000,2184
297.271500,2058
297.272000,1979
297.272500,2146
297.273000,2038
297.273500,2189
297.274000,2063
297.274500,1985
297.275000,2148
297.275500,2038
297.276000,2186
297.276500,2060
297.277000,1982
297.277500,2150
297.278000,2038
297.278500,2192
297.279000,2070
297.279500,1992
297.280000,2152
297.280500,2041
297.281000,2188
297.281500,2062
297.282000,1984
297.282500,2147
297.283000,2039
297.283500,2192
297.284000,2071
297.284500,1994
297.285000,2154
297.285500,2044
297.286000,2190
297.286500,2064
297.287000,1988
297.287500,2150
297.288000,2038
297.288500,2191
297.289000,2068
297.289500,1990
297.290000,2150
297.290500,2038
297.291000,2185
297.291500,2059
297.292000,1980
297.292500,2146
297.293000,2036
297.293500,2187
297.294000,2064
297.294500,1987
297.295000,2149
297.295500,2039
297.296000,2187
297.296500,2061
297.297000,1983
297.297500,2151
297.298000,2038
297.298500,2190
297.299000,2065
297.299500,1989
297.300000,2151
297.300500,2041
297.301000,2187
297.301500,2063
297.302000,1984
297.302500,2147
297.303000,2037
297.303500,2189
297.304000,2066
297.304500,1991
297.305000,2152
297.305500,2043
297.306000,2189
297.306500,2064
297.307000,1988
297.307500,2150
297.308000,2040
297.308500,2192
297.309000,2067
297.309500,1990
297.310000,2150
297.310500,2039
297.311000,2185
297.311500,2059
297.312000,1980
297.312500,2146
297.313000,2034
297.313500,2186
297.314000,2062
297.314500,1983
297.315000,2152
297.315500,2041
297.316000,2188
297.316500,2061
297.317000,1982
297.317500,2150
297.318000,2039
297.318500,2188
297.319000,2063
297.319500,1985
297.320000,2148
297.320500,2040
297.321000,2187
297.321500,2061
297.322000,1983
297.322500,2151
297.323000,2043
297.323500,2193
297.324000,2072
297.324500,1994
297.325000,2154
297.325500,2044
297.326000,2190
297.326500,2064
297.327000,1988
297.327500,2150
297.328000,2042
297.328500,2191
297.329000,2065
297.329500,1989
297.330000,2149
297.330500,2039
297.331000,2185
297.331500,2058
297.332000,1979
297.332500,2146
297.333000,2035
297.333500,2188
297.334000,2062
297.334500,1984
297.335000,2146
297.335500,2037
297.336000,2185
297.336500,2060
297.337000,1982
297.337500,2150
297.338000,2040
297.338500,2191
297.339000,2066
297.339500,1990
297.340000,2151
297.340500,2041
297.341000,2188
297.341500,2063
297.342000,1985
297.342500,2149
297.343000,2039
297.343500,2190
297.344000,2066
297.344500,1992
297.345000,2152
297.345500,2043
297.346000,2189
297.346500,2064
297.347000,1988
297.347500,2150
297.348000,2039
297.348500,2192
297.349000,2069
297.349500,1991
297.350000,2151
297.350500,2039
297.351000,2186
297.351500,2059
297.352000,1980
297.352500,2146
297.353000,2034
297.353500,2186
297.354000,2061
297.354500,1983
297.355000,2151
297.355500,2039
297.356000,2188
297.356500,2061
297.357000,1983
297.357500,2150
297.358000,2039
297.358500,2189
297.359000,2063
297.359500,1985
297.360000,2148
297.360500,2039
297.361000,2186
297.361500,2062
297.362000,1984
297.362500,2147
297.363000,2037
297.363500,2189
297.364000,2066
297.364500,1992
297.365000,2152
297.365500,2043
297.366000,2189
297.366500,2063
297.367000,1985
297.367500,2148
297.368000,2041
297.368500,2190
297.369000,2064
297.369500,1987
297.370000,2148
297.370500,2037
297.371000,2184
297.371500,2058
297.372000,1979
297.372500,2146
297.373000,2036
297.373500,2186
297.374000,2062
297.374500,1983
297.375000,2151
297.375500,2040
297.376000,2187
297.376500,2061
297.377000,1982
297.377500,2149
297.378000,2037
297.378500,2189
297.379000,2064
297.379500,1987
297.380000,2150
297.380500,2040
297.381000,2186
297.381500,2062
297.382000,1983
297.382500,2152
297.383000,2042
297.383500,2194
297.384000,2072
297.384500,1995
297.385000,2155
297.385500,2045
297.386000,2190
297.386500,2064
297.387000,1988
297.387500,2150
297.388000,2038
297.388500,2189
297.389000,2064
297.389500,1987
297.390000,2148
297.390500,2038
297.391000,2184
297.391500,2058
297.392000,1979
297.392500,2146
297.393000,2038
297.393500,2188
297.394000,2063
297.394500,1985
297.395000,2148
297.395500,2039
297.396000,2186
297.396500,2060
297.397000,1983
297.397500,2150
297.398000,2039
297.398500,2191
297.399000,2066
297.399500,1990
297.400000,2151
297.400500,2041
297.401000,2187
297.401500,2062
297.402000,1983
297.402500,2152
297.403000,2045
297.403500,2192
297.404000,2069
297.404500,1994
297.405000,2153
297.405500,2044
297.406000,2190
297.406500,2064
297.407000,1988
297.407500,2150
297.408000,2041
297.408500,2192
297.409000,2070
297.409500,1991
297.410000,2151
297.410500,2039
297.411000,2186
297.411500,2059
297.412000,1979
297.412500,2147
297.413000,2036
297.413500,2188
297.414000,2062
297.414500,1984
297.415000,2146
297.415500,2038
297.416000,2186
297.416500,2060
297.417000,1982
297.417500,2150
297.418000,2041
297.418500,2192
297.419000,2070
297.419500,1992
297.420000,2151
297.420500,2041
297.421000,2188
297.421500,2061
297.422000,1983
297.422500,2151
297.423000,2041
297.423500,2192
297.424000,2071
297.424500,1995
297.425000,2154
297.425500,2045
297.426000,2190
297.426500,2064
297.427000,1988
297.427500,2150
297.428000,2039
297.428500,2189
297.429000,2064
297.429500,1986
297.430000,2148
297.430500,2038
297.431000,2184
297.431500,2058
297.432000,1979
297.432500,2147
297.433000,2034
297.433500,2188
297.434000,2062
297.434500,1983
297.435000,2151
297.435500,2040
297.436000,2185
297.436500,2060
297.437000,1982
297.437500,2150
297.438000,2039
297.438500,2190
297.439000,2064
297.439500,1988
297.440000,2150
297.440500,2041
297.441000,2187
297.441500,2061
297.442000,1983
297.442500,2151
297.443000,2043
297.443500,2193
297.444000,2071
297.444500,1994
297.445000,2154
297.445500,2044
297.446000,2189
297.446500,2064
297.447000,1988
297.447500,2150
297.448000,2040
297.448500,2191
297.449000,2066
297.449500,1989
297.450000,2149
297.450500,2038
297.451000,2185
297.451500,2059
297.452000,1979
297.452500,2147
297.453000,2037
297.453500,2190
297.454000,2064
297.454500,1988
297.455000,2149
297.455500,2040
297.456000,2187
297.456500,2061
297.457000,1983
297.457500,2151
297.458000,2041
297.458500,2192
297.459000,2068
297.459500,1991
297.460000,2152
297.460500,2041
297.461000,2188
297.461500,2062
297.462000,1983
297.462500,2153
297.463000,2040
297.463500,2192
297.464000,2070
297.464500,1993
297.465000,2154
297.465500,2044
297.466000,2190
297.466500,2064
297.467000,1988
297.467500,2150
297.468000,2038
297.468500,2190
297.469000,2064
297.469500,1987
297.470000,2148
297.470500,2038
297.471000,2185
297.471500,2058
297.472000,1979
297.472500,2146
297.473000,2034
297.473500,2187
297.474000,2062
297.474500,1984
297.475000,2147
297.475500,2038
297.476000,2185
297.476500,2060
297.477000,1982
297.477500,2150
297.478000,2039
297.478500,2190
297.479000,2064
297.479500,1988
297.480000,2150
297.480500,2040
297.481000,2187
297.481500,2061
297.482000,1983
297.482500,2152
297.483000,2042
297.483500,2192
297.484000,2069
297.484500,1993
297.485000,2154
297.485500,2044
297.486000,2190
297.486500,2064
297.487000,1988
297.487500,2150
297.488000,2041
297.488500,2191
297.489000,2066
297.489500,1989
297.490000,2149
297.490500,2038
297.491000,2185
297.491500,2058
297.492000,1978
297.492500,2146
297.493000,2036
297.493500,2187
297.494000,2062
297.494500,1983
297.495000,2151
297.495500,2040
297.496000,2186
297.496500,2060
297.497000,1982
297.497500,2150
297.498000,2038
297.498500,2190
297.499000,2065
297.499500,1989
297.500000,2151
297.500500,2040
297.501000,2186
297.501500,2061
297.502000,1983
297.502500,2151
297.503000,2041
297.503500,2190
297.504000,2067
297.504500,1992
297.505000,2153
297.505500,2044
297.506000,2189
297.506500,2064
297.507000,1987
297.507500,2150
297.508000,2037
297.508500,2190
297.509000,2064
297.509500,1986
297.510000,2148
297.510500,2038
297.511000,2184
297.511500,2057
297.512000,1979
297.512500,2146
297.513000,2039
297.513500,2190
297.514000,2065
297.514500,1989
297.515000,2150
297.515500,2040
297.516000,2186
297.516500,2060
297.517000,1982
297.517500,2150
297.518000,2041
297.518500,2191
297.519000,2066
297.519500,1990
297.520000,2151
297.520500,2041
297.521000,2187
297.521500,2062
297.522000,1984
297.522500,2147
297.523000,2037
297.523500,2190
297.524000,2066
297.524500,1992
297.525000,2152
297.525500,2043
297.526000,2189
297.526500,2064
297.527000,1989
297.527500,2150
297.528000,2039
297.528500,2190
297.529000,2064
297.529500,1986
297.530000,2148
297.530500,2038
297.531000,2184
297.531500,2058
297.532000,1978
297.532500,2146
297.533000,2037
297.533500,2186
297.534000,2061
297.534500,1983
297.535000,2151
297.535500,2040
297.536000,2186
297.536500,2060
297.537000,1982
297.537500,2150
297.538000,2043
297.538500,2190
297.539000,2065
297.539500,1988
297.540000,2150
297.540500,2041
297.541000,2188
297.541500,2062
297.542000,1984
297.542500,2147
297.543000,2038
297.543500,2191
297.544000,2068
297.544500,1993
297.545000,2154
297.545500,2045
297.546000,2190
297.546500,2063
297.547000,1986
297.547500,2149
297.548000,2037
297.548500,2189
297.549000,2064
297.549500,1987
297.550000,2148
297.550500,2038
297.551000,2185
297.551500,2059
297.552000,1979
297.552500,2147
297.553000,2036
297.553500,2187
297.554000,2064
297.554500,1987
297.555000,2150
297.555500,2039
297.556000,2187
297.556500,2061
297.557000,1982
297.557500,2150
297.558000,2040
297.558500,2189
297.559000,2064
297.559500,1988
297.560000,2149
297.560500,2040
297.561000,2187
297.561500,2060
297.562000,1983
297.562500,2151
297.563000,2042
297.563500,2193
297.564000,2071
297.564500,1994
297.565000,2154
297.565500,2045
297.566000,2190
297.566500,2064
297.567000,1988
297.567500,2150
297.568000,2040
297.568500,2191
297.569000,2066
297.569500,1989
297.570000,2149
297.570500,2038
297.571000,2184
297.571500,2058
297.572000,1978
297.572500,2146
297.573000,2038
297.573500,2189
297.574000,2063
297.574500,1985
297.575000,2148
297.575500,2039
297.576000,2186
297.576500,2060
297.577000,1982
297.577500,2150
297.578000,2039
297.578500,2189
297.579000,2065
297.579500,1989
297.580000,2152
297.580500,2041
297.581000,2188
297.581500,2062
297.582000,1983
297.582500,2152
297.583000,2039
297.583500,2191
297.584000,2068
297.584500,1992
297.585000,2153
297.585500,2044
297.586000,2190
297.586500,2064
297.587000,1988
297.587500,2150
297.588000,2040
297.588500,2191
297.589000,2066
297.589500,1989
297.590000,2149
297.590500,2038
297.591000,2184
297.591500,2058
297.592000,1979
297.592500,2146
297.593000,2037
297.593500,2187
297.594000,2062
297.594500,1983
297.595000,2152
297.595500,2040
297.596000,2187
297.596500,2061
297.597000,1983
297.597500,2151
297.598000,2041
297.598500,2192
297.599000,2068
297.599500,1991
297.600000,2152
297.600500,2041
297.601000,2188
297.601500,2062
297.602000,1984
297.602500,2147
297.603000,2037
297.603500,2189
297.604000,2066
297.604500,1991
297.605000,2152
297.605500,2042
297.606000,2189
297.606500,2063
297.607000,1986
297.607500,2149
297.608000,2039
297.608500,2189
297.609000,2063
297.609500,1985
297.610000,2146
297.610500,2037
297.611000,2184
297.611500,2058
297.612000,1978
297.612500,2146
297.613000,2037
297.613500,2189
297.614000,2065
297.614500,1989
297.615000,2150
297.615500,2039
297.616000,2187
297.616500,2061
297.617000,1983
297.617500,2151
297.618000,2041
297.618500,2191
297.619000,2066
297.619500,1990
297.620000,2151
297.620500,2041
297.621000,2188
297.621500,2062
297.622000,1983
297.622500,2152
297.623000,2042
297.623500,2192
297.624000,2070
297.624500,1993
297.625000,2153
297.625500,2044
297.626000,2190
297.626500,2064
297.627000,1988
297.627500,2150
297.628000,2038
297.628500,2189
297.629000,2064
297.629500,1986
297.630000,2148
297.630500,2037
297.631000,2185
297.631500,2058
297.632000,1979
297.632500,2146
297.633000,2035
297.633500,2188
297.634000,2063
297.634500,1984
297.635000,2146
297.635500,2037
297.636000,2185
297.636500,2060
297.637000,1982
297.637500,2149
297.638000,2038
297.638500,2190
297.639000,2064
297.639500,1988
297.640000,2150
297.640500,2040
297.641000,2186
297.641500,2061
297.642000,1983
297.642500,2152
297.643000,2040
297.643500,2191
297.644000,2068
297.644500,1993
297.645000,2153
297.645500,2043
297.646000,2190
297.646500,2064
297.647000,1988
297.647500,2150
297.648000,2041
297.648500,2190
297.649000,2064
297.649500,1987
297.650000,2148
297.650500,2038
297.651000,2185
297.651500,2059
297.652000,1979
297.652500,2147
297.653000,2038
297.653500,2188
297.654000,2063
297.654500,1985
297.655000,2147
297.655500,2038
297.656000,2186
297.656500,2060
297.657000,1982
297.657500,2150
297.658000,2039
297.658500,2191
297.659000,2065
297.659500,1989
297.660000,2150
297.660500,2040
297.661000,2186
297.661500,2060
297.662000,1982
297.662500,2150
297.663000,2042
297.663500,2190
297.664000,2066
297.664500,1992
297.665000,2153
297.665500,2044
297.666000,2189
297.666500,2064
297.667000,1987
297.667500,2149
297.668000,2040
297.668500,2190
297.669000,2064
297.669500,1986
297.670000,2148
297.670500,2037
297.671000,2185
297.671500,2058
297.672000,1979
297.672500,2146
297.673000,2036
297.673500,2186
297.674000,2061
297.674500,1983
297.675000,2150
297.675500,2040
297.676000,2186
297.676500,2060
297.677000,1982
297.677500,2150
297.678000,2041
297.678500,2187
297.679000,2063
297.679500,1985
297.680000,2148
297.680500,2039
297.681000,2187
297.681500,2061
297.682000,1983
297.682500,2152
297.683000,2039
297.683500,2191
297.684000,2068
297.684500,1992
297.685000,2153
297.685500,2044
297.686000,2189
297.686500,2063
297.687000,1986
297.687500,2149
297.688000,2038
297.688500,2188
297.689000,2063
297.689500,1984
297.690000,2145
297.690500,2036
297.691000,2183
297.691500,2058
297.692000,1978
297.692500,2146
297.693000,2036
297.693500,2188
297.694000,2062
297.694500,1984
297.695000,2146
297.695500,2038
297.696000,2186
297.696500,2060
297.697000,1982
297.697500,2150
297.698000,2041
297.698500,2189
297.699000,2064
297.699500,1987
297.700000,2150
297.700500,2040
297.701000,2187
297.701500,2061
297.702000,1983
297.702500,2152
297.703000,2045
297.703500,2192
297.704000,2070
297.704500,1992
297.705000,2153
297.705500,2044
297.706000,2190
297.706500,2064
297.707000,1988
297.707500,2150
297.708000,2038
297.708500,2189
297.709000,2065
297.709500,1988
297.710000,2148
297.710500,2038
297.711000,2184
297.711500,2058
297.712000,1978
297.712500,2146
297.713000,2036
297.713500,2187
297.714000,2062
297.714500,1983
297.715000,2151
297.715500,2040
297.716000,2186
297.716500,2060
297.717000,1982
297.717500,2150
297.718000,2037
297.718500,2189
297.719000,2064
297.719500,1987
297.720000,2150
297.720500,2040
297.721000,2187
297.721500,2061
297.722000,1983
297.722500,2151
297.723000,2042
297.723500,2191
297.724000,2066
297.724500,1991
297.725000,2153
297.725500,2044
297.726000,2190
297.726500,2064
297.727000,1988
297.727500,2149
297.728000,2037
297.728500,2191
297.729000,2067
297.729500,1990
297.730000,2149
297.730500,2038
297.731000,2185
297.731500,2058
297.732000,1979
297.732500,2145
297.733000,2038
297.733500,2188
297.734000,2063
297.734500,1984
297.735000,2146
297.735500,2037
297.736000,2185
297.736500,2060
297.737000,1982
297.737500,2150
297.738000,2039
297.738500,2191
297.739000,2066
297.739500,1990
297.740000,2151
297.740500,2041
297.741000,2187
297.741500,2062
297.742000,1983
297.742500,2152
297.743000,2044
297.743500,2191
297.744000,2068
297.744500,1993
297.745000,2153
297.745500,2044
297.746000,2189
297.746500,2063
297.747000,1986
297.747500,2149
297.748000,2037
297.748500,2190
297.749000,2064
297.749500,1986
297.750000,2148
297.750500,2038
297.751000,2185
297.751500,2058
297.752000,1978
297.752500,2146
297.753000,2036
297.753500,2187
297.754000,2062
297.754500,1984
297.755000,2146
297.755500,2037
297.756000,2185
297.756500,2060
297.757000,1982
297.757500,2150
297.758000,2037
297.758500,2190
297.759000,2065
297.759500,1988
297.760000,2151
297.760500,2041
297.761000,2188
297.761500,2062
297.762000,1984
297.762500,2147
297.763000,2038
297.763500,2190
297.764000,2067
297.764500,1992
297.765000,2153
297.765500,2043
297.766000,2190
297.766500,2064
297.767000,1988
297.767500,2150
297.768000,2041
297.768500,2189
297.769000,2064
297.769500,1986
297.770000,2148
297.770500,2038
297.771000,2184
297.771500,2059
297.772000,1979
297.772500,2146
297.773000,2040
297.773500,2190
297.774000,2066
297.774500,1990
297.775000,2151
297.775500,2040
297.776000,2186
297.776500,2060
297.777000,1982
297.777500,2150
297.778000,2039
297.778500,2189
297.779000,2064
297.779500,1988
297.780000,2150
297.780500,2039
297.781000,2188
297.781500,2061
297.782000,1983
297.782500,2152
297.783000,2044
297.783500,2193
297.784000,2071
297.784500,1995
297.785000,2155
297.785500,2045
297.786000,2190
297.786500,2064
297.787000,1988
297.787500,2150
297.788000,2042
297.788500,2191
297.789000,2065
297.789500,1989
297.790000,2149
297.790500,2039
297.791000,2185
297.791500,2058
297.792000,1978
297.792500,2146
297.793000,2034
297.793500,2188
297.794000,2063
297.794500,1985
297.795000,2148
297.795500,2039
297.796000,2186
297.796500,2060
297.797000,1981
297.797500,2150
297.798000,2041
297.798500,2190
297.799000,2065
297.799500,1989
297.800000,2150
297.800500,2041
297.801000,2187
297.801500,2061
297.802000,1983
297.802500,2152
297.803000,2044
297.803500,2193
297.804000,2072
297.804500,1995
297.805000,2155
297.805500,2045
297.806000,2191
297.806500,2065
297.807000,1989
297.807500,2151
297.808000,2042
297.808500,2191
297.809000,2065
297.809500,1988
297.810000,2149
297.810500,2037
297.811000,2185
297.811500,2058
297.812000,1979
297.812500,2146
297.813000,2036
297.813500,2186
297.814000,2061
297.814500,1983
297.815000,2151
297.815500,2040
297.816000,2186
297.816500,2060
297.817000,1983
297.817500,2150
297.818000,2037
297.818500,2189
297.819000,2064
297.819500,1988
297.820000,2150
297.820500,2039
297.821000,2188
297.821500,2061
297.822000,1983
297.822500,2152
297.823000,2041
297.823500,2193
297.824000,2071
297.824500,1994
297.825000,2154
297.825500,2044
297.826000,2190
297.826500,2064
297.827000,1987
297.827500,2150
297.828000,2037
297.828500,2190
297.829000,2064
297.829500,1986
297.830000,2148
297.830500,2038
297.831000,2185
297.831500,2059
297.832000,1980
297.832500,2146
297.833000,2039
297.833500,2188
297.834000,2063
297.834500,1985
297.835000,2148
297.835500,2038
297.836000,2186
297.836500,2060
297.837000,1981
297.837500,2149
297.838000,2041
297.838500,2192
297.839000,2068
297.839500,1991
297.840000,2151
297.840500,2040
297.841000,2187
297.841500,2061
297.842000,1983
297.842500,2151
297.843000,2041
297.843500,2190
297.844000,2067
297.844500,1992
297.845000,2153
297.845500,2043
297.846000,2190
297.846500,2064
297.847000,1987
297.847500,2150
297.848000,2044
297.848500,2192
297.849000,2068
297.849500,1990
297.850000,2150
297.850500,2038
297.851000,2185
297.851500,2059
297.852000,1979
297.852500,2148
297.853000,2036
297.853500,2189
297.854000,2063
297.854500,1985
297.855000,2148
297.855500,2038
297.856000,2186
297.856500,2060
297.857000,1981
297.857500,2150
297.858000,2038
297.858500,2191
297.859000,2065
297.859500,1989
297.860000,2151
297.860500,2041
297.861000,2188
297.861500,2062
297.862000,1984
297.862500,2147
297.863000,2037
297.863500,2191
297.864000,2068
297.864500,1991
297.865000,2153
297.865500,2044
297.866000,2189
297.866500,2063
297.867000,1986
297.867500,2148
297.868000,2039
297.868500,2191
297.869000,2067
297.869500,1990
297.870000,2149
297.870500,2038
297.871000,2184
297.871500,2059
297.872000,1980
297.872500,2147
297.873000,2036
297.873500,2188
297.874000,2064
297.874500,1987
297.875000,2149
297.875500,2039
297.876000,2187
297.876500,2061
297.877000,1983
297.877500,2152
297.878000,2042
297.878500,2191
297.879000,2066
297.879500,1990
297.880000,2151
297.880500,2041
297.881000,2187
297.881500,2061
297.882000,1983
297.882500,2151
297.883000,2041
297.883500,2191
297.884000,2067
297.884500,1992
297.885000,2152
297.885500,2043
297.886000,2189
297.886500,2063
297.887000,1986
297.887500,2149
297.888000,2036
297.888500,2189
297.889000,2063
297.889500,1984
297.890000,2145
297.890500,2036
297.891000,2184
297.891500,2058
297.892000,1979
297.892500,2146
297.893000,2037
297.893500,2189
297.894000,2064
297.894500,1987
297.895000,2149
297.895500,2039
297.896000,2186
297.896500,2061
297.897000,1982
297.897500,2150
297.898000,2037
297.898500,2189
297.899000,2064
297.899500,1987
297.900000,2150
297.900500,2040
297.901000,2186
297.901500,2061
297.902000,1983
297.902500,2151
297.903000,2043
297.903500,2193
297.904000,2071
297.904500,1994
297.905000,2154
297.905500,2044
297.906000,2189
297.906500,2064
297.907000,1988
297.907500,2150
297.908000,2040
297.908500,2191
297.909000,2065
297.909500,1988
297.910000,2149
297.910500,2038
297.911000,2184
297.911500,2059
297.912000,1979
297.912500,2146
297.913000,2035
297.913500,2187
297.914000,2062
297.914500,1984
297.915000,2145
297.915500,2036
297.916000,2185
297.916500,2060
297.917000,1982
297.917500,2150
297.918000,2039
297.918500,2191
297.919000,2065
297.919500,1989
297.920000,2151
297.920500,2040
297.921000,2187
297.921500,2061
297.922000,1983
297.922500,2152
297.923000,2040
297.923500,2192
297.924000,2070
297.924500,1993
297.925000,2154
297.925500,2044
297.926000,2189
297.926500,2064
297.927000,1987
297.927500,2150
297.928000,2039
297.928500,2192
297.929000,2070
297.929500,1991
297.930000,2151
297.930500,2039
297.931000,2185
297.931500,2060
297.932000,1980
297.932500,2147
297.933000,2038
297.933500,2190
297.934000,2064
297.934500,1987
297.935000,2149
297.935500,2039
297.936000,2187
297.936500,2061
297.937000,1983
297.937500,2151
297.938000,2039
297.938500,2189
297.939000,2064
297.939500,1988
297.940000,2150
297.940500,2040
297.941000,2186
297.941500,2061
297.942000,1983
297.942500,2151
297.943000,2038
297.943500,2191
297.944000,2067
297.944500,1992
297.945000,2152
297.945500,2043
297.946000,2189
297.946500,2064
297.947000,1988
297.947500,2150
297.948000,2040
297.948500,2190
297.949000,2064
297.949500,1987
297.950000,2148
297.950500,2038
297.951000,2184
297.951500,2058
297.952000,1979
297.952500,2146
297.953000,2037
297.953500,2188
297.954000,2062
297.954500,1984
297.955000,2146
297.955500,2037
297.956000,2185
297.956500,2060
297.957000,1981
297.957500,2150
297.958000,2042
297.958500,2190
297.959000,2064
297.959500,1988
297.960000,2150
297.960500,2040
297.961000,2187
297.961500,2062
297.962000,1984
297.962500,2147
297.963000,2041
297.963500,2189
297.964000,2066
297.964500,1991
297.965000,2152
297.965500,2043
297.966000,2190
297.966500,2064
297.967000,1988
297.967500,2149
297.968000,2039
297.968500,2189
297.969000,2064
297.969500,1987
297.970000,2149
297.970500,2038
297.971000,2184
297.971500,2058
297.972000,1978
297.972500,2146
297.973000,2038
297.973500,2190
297.974000,2064
297.974500,1987
297.975000,2149
297.975500,2039
297.976000,2187
297.976500,2060
297.977000,1982
297.977500,2149
297.978000,2043
297.978500,2191
297.979000,2066
297.979500,1990
297.980000,2151
297.980500,2041
297.981000,2187
297.981500,2062
297.982000,1984
297.982500,2146
297.983000,2036
297.983500,2189
297.984000,2066
297.984500,1992
297.985000,2153
297.985500,2043
297.986000,2190
297.986500,2064
297.987000,1988
297.987500,2149
297.988000,2038
297.988500,2191
297.989000,2068
297.989500,1989
297.990000,2150
297.990500,2038
297.991000,2185
297.991500,2059
297.992000,1980
297.992500,2146
297.993000,2037
297.993500,2189
297.994000,2064
297.994500,1987
297.995000,2149
297.995500,2039
297.996000,2186
297.996500,2060
297.997000,1982
297.997500,2150
297.998000,2037
297.998500,2192
297.999000,2069
297.999500,1992
298.000000,2152
298.000500,2041
298.001000,2188
298.001500,2062
298.002000,1984
298.002500,2147
298.003000,2042
298.003500,2192
298.004000,2070
298.004500,1994
298.005000,2154
298.005500,2044
298.006000,2190
298.006500,2063
298.007000,1986
298.007500,2149
298.008000,2041
298.008500,2191
298.009000,2065
298.009500,1988
298.010000,2149
298.010500,2039
298.011000,2185
298.011500,2059
298.012000,1980
298.012500,2146
298.013000,2036
298.013500,2186
298.014000,2062
298.014500,1983
298.015000,2151
298.015500,2040
298.016000,2186
298.016500,2060
298.017000,1982
298.017500,2150
298.018000,2043
298.018500,2191
298.019000,2065
298.019500,1989
298.020000,2151
298.020500,2041
298.021000,2187
298.021500,2062
298.022000,1984
298.022500,2148
298.023000,2041
298.023500,2189
298.024000,2066
298.024500,1991
298.025000,2152
298.025500,2043
298.026000,2189
298.026500,2064
298.027000,1988
298.027500,2150
298.028000,2037
298.028500,2189
298.029000,2063
298.029500,1985
298.030000,2147
298.030500,2037
298.031000,2184
298.031500,2059
298.032000,1979
298.032500,2147
298.033000,2038
298.033500,2188
298.034000,2064
298.034500,1988
298.035000,2149
298.035500,2039
298.036000,2187
298.036500,2061
298.037000,1983
298.037500,2151
298.038000,2040
298.038500,2189
298.039000,2064
298.039500,1987
298.040000,2150
298.040500,2040
298.041000,2187
298.041500,2062
298.042000,1984
298.042500,2147
298.043000,2039
298.043500,2191
298.044000,2068
298.044500,1992
298.045000,2152
298.045500,2043
298.046000,2190
298.046500,2064
298.047000,1988
298.047500,2150
298.048000,2041
298.048500,2191
298.049000,2065
298.049500,1989
298.050000,2150
298.050500,2039
298.051000,2185
298.051500,2059
298.052000,1979
298.052500,2148
298.053000,2035
298.053500,2187
298.054000,2062
298.054500,1983
298.055000,2151
298.055500,2040
298.056000,2186
298.056500,2061
298.057000,1983
298.057500,2150
298.058000,2041
298.058500,2188
298.059000,2063
298.059500,1986
298.060000,2149
298.060500,2040
298.061000,2187
298.061500,2061
298.062000,1983
298.062500,2152
298.063000,2042
298.063500,2190
298.064000,2066
298.064500,1992
298.065000,2152
298.065500,2043
298.066000,2189
298.066500,2064
298.067000,1988
298.067500,2150
298.068000,2038
298.068500,2191
298.069000,2065
298.069500,1988
298.070000,2149
298.070500,2039
298.071000,2186
298.071500,2059
298.072000,1979
298.072500,2147
298.073000,2039
298.073500,2188
298.074000,2063
298.074500,1985
298.075000,2148
298.075500,2038
298.076000,2186
298.076500,2060
298.077000,1982
298.077500,2150
298.078000,2041
298.078500,2190
298.079000,2064
298.079500,1988
298.080000,2150
298.080500,2040
298.081000,2187
298.081500,2062
298.082000,1984
298.082500,2147
298.083000,2041
298.083500,2192
298.084000,2070
298.084500,1994
298.085000,2154
298.085500,2044
298.086000,2190
298.086500,2064
298.087000,1988
298.087500,2150
298.088000,2037
298.088500,2188
298.089000,2063
298.089500,1983
298.090000,2151
298.090500,2039
298.091000,2186
298.091500,2059
298.092000,1980
298.092500,2146
298.093000,2036
298.093500,2187
298.094000,2062
298.094500,1983
298.095000,2150
298.095500,2040
298.096000,2186
298.096500,2060
298.097000,1982
298.097500,2150
298.098000,2040
298.098500,2190
298.099000,2065
298.099500,1989
298.100000,2150
298.100500,2040
298.101000,2187
298.101500,2061
298.102000,1983
298.102500,2151
298.103000,2044
298.103500,2193
298.104000,2071
298.104500,1994
298.105000,2154
298.105500,2044
298.106000,2189
298.106500,2064
298.107000,1988
298.107500,2150
298.108000,2039
298.108500,2189
298.109000,2064
298.109500,1987
298.110000,2148
298.110500,2038
298.111000,2185
298.111500,2058
298.112000,1979
298.112500,2146
298.113000,2034
298.113500,2187
298.114000,2062
298.114500,1983
298.115000,2151
298.115500,2040
298.116000,2186
298.116500,2060
298.117000,1982
298.117500,2151
298.118000,2039
298.118500,2192
298.119000,2070
298.119500,1992
298.120000,2152
298.120500,2041
298.121000,2188
298.121500,2062
298.122000,1984
298.122500,2146
298.123000,2037
298.123500,2190
298.124000,2066
298.124500,1991
298.125000,2152
298.125500,2043
298.126000,2189
298.126500,2063
298.127000,1985
298.127500,2148
298.128000,2040
298.128500,2193
298.129000,2071
298.129500,1992
298.130000,2150
298.130500,2038
298.131000,2185
298.131500,2059
298.132000,1979
298.132500,2148
298.133000,2042
298.133500,2190
298.134000,2064
298.134500,1987
298.135000,2149
298.135500,2039
298.136000,2187
298.136500,2061
298.137000,1983
298.137500,2151
298.138000,2037
298.138500,2192
298.139000,2069
298.139500,1992
298.140000,2151
298.140500,2042
298.141000,2188
298.141500,2062
298.142000,1984
298.142500,2146
298.143000,2043
298.143500,2191
298.144000,2068
298.144500,1993
298.145000,2153
298.145500,2043
298.146000,2190
298.146500,2064
298.147000,1988
298.147500,2150
298.148000,2042
298.148500,2190
298.149000,2064
298.149500,1986
298.150000,2148
298.150500,2038
298.151000,2185
298.151500,2059
298.152000,1979
298.152500,2146
298.153000,2037
298.153500,2189
298.154000,2064
298.154500,1987
298.155000,2149
298.155500,2039
298.156000,2187
298.156500,2061
298.157000,1982
298.157500,2150
298.158000,2041
298.158500,2192
298.159000,2068
298.159500,1991
298.160000,2152
298.160500,2041
298.161000,2188
298.161500,2062
298.162000,1984
298.162500,2147
298.163000,2037
298.163500,2189
298.164000,2065
298.164500,1991
298.165000,2152
298.165500,2043
298.166000,2189
298.166500,2063
298.167000,1986
298.167500,2149
298.168000,2040
298.168500,2190
298.169000,2064
298.169500,1986
298.170000,2148
298.170500,2038
298.171000,2185
298.171500,2059
298.172000,1978
298.172500,2146
298.173000,2035
298.173500,2188
298.174000,2063
298.174500,1985
298.175000,2147
298.175500,2038
298.176000,2186
298.176500,2060
298.177000,1981
298.177500,2149
298.178000,2037
298.178500,2189
298.179000,2064
298.179500,1988
298.180000,2150
298.180500,2040
298.181000,2187
298.181500,2062
298.182000,1984
298.182500,2147
298.183000,2036
298.183500,2191
298.184000,2067
298.184500,1992
298.185000,2153
298.185500,2044
298.186000,2190
298.186500,2064
298.187000,1988
298.187500,2150
298.188000,2041
298.188500,2192
298.189000,2068
298.189500,1990
298.190000,2150
298.190500,2039
298.191000,2185
298.191500,2059
298.192000,1979
298.192500,2147
298.193000,2035
298.193500,2188
298.194000,2062
298.194500,1984
298.195000,2146
298.195500,2037
298.196000,2186
298.196500,2060
298.197000,1982
298.197500,2150
298.198000,2040
298.198500,2189
298.199000,2065
298.199500,1989
298.200000,2151
298.200500,2041
298.201000,2187
298.201500,2061
298.202000,1983
298.202500,2152
298.203000,2042
298.203500,2194
298.204000,2072
298.204500,1995
298.205000,2155
298.205500,2044
298.206000,2190
298.206500,2064
298.207000,1988
298.207500,2150
298.208000,2038
298.208500,2189
298.209000,2063
298.209500,1984
298.210000,2145
298.210500,2035
298.211000,2183
298.211500,2058
298.212000,1977
298.212500,2145
298.213000,2037
298.213500,2189
298.214000,2063
298.214500,1985
298.215000,2147
298.215500,2038
298.216000,2186
298.216500,2060
298.217000,1982
298.217500,2150
298.218000,2040
298.218500,2191
298.219000,2066
298.219500,1990
298.220000,2151
298.220500,2041
298.221000,2188
298.221500,2062
298.222000,1984
298.222500,2146
298.223000,2040
298.223500,2191
298.224000,2068
298.224500,1993
298.225000,2153
298.225500,2043
298.226000,2190
298.226500,2064
298.227000,1988
298.227500,2149
298.228000,2039
298.228500,2190
298.229000,2065
298.229500,1988
298.230000,2148
298.230500,2038
298.231000,2184
298.231500,2058
298.232000,1978
298.232500,2145
298.233000,2037
298.233500,2189
298.234000,2064
298.234500,1987
298.235000,2149
298.235500,2039
298.236000,2187
298.236500,2061
298.237000,1982
298.237500,2150
298.238000,2037
298.238500,2188
298.239000,2063
298.239500,1985
298.240000,2148
298.240500,2039
298.241000,2186
298.241500,2061
298.242000,1983
298.242500,2152
298.243000,2042
298.243500,2194
298.244000,2072
298.244500,1995
298.245000,2155
298.245500,2045
298.246000,2191
298.246500,2065
298.247000,1989
298.247500,2151
298.248000,2038
298.248500,2189
298.249000,2064
298.249500,1986
298.250000,2148
298.250500,2037
298.251000,2184
298.251500,2058
298.252000,1978
298.252500,2146
298.253000,2036
298.253500,2188
298.254000,2062
298.254500,1983
298.255000,2151
298.255500,2040
298.256000,2186
298.256500,2060
298.257000,1981
298.257500,2150
298.258000,2038
298.258500,2192
298.259000,2069
298.259500,1992
298.260000,2152
298.260500,2041
298.261000,2188
298.261500,2062
298.262000,1984
298.262500,2147
298.263000,2040
298.263500,2188
298.264000,2065
298.264500,1990
298.265000,2151
298.265500,2043
298.266000,2189
298.266500,2064
298.267000,1988
298.267500,2149
298.268000,2041
298.268500,2193
298.269000,2071
298.269500,1992
298.270000,2150
298.270500,2039
298.271000,2185
298.271500,2060
298.272000,1979
298.272500,2146
298.273000,2038
298.273500,2189
298.274000,2063
298.274500,1985
298.275000,2148
298.275500,2039
298.276000,2186
298.276500,2061
298.277000,1983
298.277500,2151
298.278000,2038
298.278500,2190
298.279000,2065
298.279500,1989
298.280000,2151
298.280500,2040
298.281000,2186
298.281500,2061
298.282000,1983
298.282500,2152
298.283000,2042
298.283500,2194
298.284000,2073
298.284500,1995
298.285000,2156
298.285500,2045
298.286000,2190
298.286500,2065
298.287000,1990
298.287500,2150
298.288000,2039
298.288500,2190
298.289000,2066
298.289500,1989
298.290000,2149
298.290500,2038
298.291000,2184
298.291500,2059
298.292000,1978
298.292500,2146
298.293000,2035
298.293500,2187
298.294000,2062
298.294500,1983
298.295000,2152
298.295500,2040
298.296000,2187
298.296500,2061
298.297000,1983
298.297500,2151
298.298000,2039
298.298500,2191
298.299000,2066
298.299500,1990
298.300000,2150
298.300500,2041
298.301000,2186
298.301500,2061
298.302000,1983
298.302500,2151
298.303000,2042
298.303500,2190
298.304000,2066
298.304500,1991
298.305000,2152
298.305500,2043
298.306000,2190
298.306500,2064
298.307000,1988
298.307500,2150
298.308000,2039
298.308500,2189
298.309000,2064
298.309500,1986
298.310000,2148
298.310500,2038
298.311000,2185
298.311500,2059
298.312000,1978
298.312500,2146
298.313000,2037
298.313500,2191
298.314000,2066
298.314500,1990
298.315000,2150
298.315500,2039
298.316000,2186
298.316500,2060
298.317000,1982
298.317500,2150
298.318000,2039
298.318500,2191
298.319000,2066
298.319500,1990
298.320000,2151
298.320500,2041
298.321000,2187
298.321500,2061
298.322000,1984
298.322500,2146
298.323000,2042
298.323500,2193
298.324000,2073
298.324500,1995
298.325000,2155
298.325500,2045
298.326000,2191
298.326500,2066
298.327000,1990
298.327500,2150
298.328000,2039
298.328500,2189
298.329000,2063
298.329500,1984
298.330000,2145
298.330500,2036
298.331000,2183
298.331500,2057
298.332000,1978
298.332500,2146
298.333000,2032
298.333500,2185
298.334000,2061
298.334500,1983
298.335000,2150
298.335500,2040
298.336000,2186
298.336500,2060
298.337000,1982
298.337500,2150
298.338000,2043
298.338500,2189
298.339000,2065
298.339500,1989
298.340000,2151
298.340500,2041
298.341000,2188
298.341500,2062
298.342000,1984
298.342500,2147
298.343000,2037
298.343500,2190
298.344000,2067
298.344500,1992
298.345000,2152
298.345500,2043
298.346000,2189
298.346500,2064
298.347000,1988
298.347500,2150
298.348000,2040
298.348500,2187
298.349000,2062
298.349500,1983
298.350000,2150
298.350500,2038
298.351000,2185
298.351500,2059
298.352000,1979
298.352500,2145
298.353000,2039
298.353500,2188
298.354000,2063
298.354500,1984
298.355000,2146
298.355500,2037
298.356000,2185
298.356500,2060
298.357000,1982
298.357500,2149
298.358000,2038
298.358500,2190
298.359000,2065
298.359500,1989
298.360000,2151
298.360500,2040
298.361000,2187
298.361500,2061
298.362000,1984
298.362500,2146
298.363000,2038
298.363500,2190
298.364000,2066
298.364500,1991
298.365000,2153
298.365500,2043
298.366000,2190
298.366500,2064
298.367000,1988
298.367500,2150
298.368000,2041
298.368500,2190
298.369000,2064
298.369500,1986
298.370000,2148
298.370500,2038
298.371000,2185
298.371500,2058
298.372000,1978
298.372500,2146
298.373000,2034
298.373500,2187
298.374000,2062
298.374500,1983
298.375000,2151
298.375500,2040
298.376000,2186
298.376500,2060
298.377000,1982
298.377500,2149
298.378000,2037
298.378500,2191
298.379000,2068
298.379500,1991
298.380000,2151
298.380500,2041
298.381000,2187
298.381500,2061
298.382000,1984
298.382500,2147
298.383000,2038
298.383500,2191
298.384000,2069
298.384500,1993
298.385000,2154
298.385500,2044
298.386000,2190
298.386500,2064
298.387000,1988
298.387500,2150
298.388000,2039
298.388500,2189
298.389000,2063
298.389500,1985
298.390000,2147
298.390500,2037
298.391000,2184
298.391500,2058
298.392000,1978
298.392500,2146
298.393000,2035
298.393500,2187
298.394000,2063
298.394500,1985
298.395000,2147
298.395500,2039
298.396000,2186
298.396500,2060
298.397000,1981
298.397500,2149
298.398000,2041
298.398500,2191
298.399000,2066
298.399500,1989
298.400000,2150
298.400500,2040
298.401000,2187
298.401500,2062
298.402000,1984
298.402500,2147
298.403000,2040
298.403500,2189
298.404000,2065
298.404500,1990
298.405000,2151
298.405500,2042
298.406000,2188
298.406500,2063
298.407000,1985
298.407500,2148
298.408000,2038
298.408500,2190
298.409000,2064
298.409500,1986
298.410000,2148
298.410500,2038
298.411000,2184
298.411500,2059
298.412000,1979
298.412500,2147
298.413000,2036
298.413500,2188
298.414000,2064
298.414500,1986
298.415000,2149
298.415500,2039
298.416000,2186
298.416500,2060
298.417000,1982
298.417500,2150
298.418000,2039
298.418500,2192
298.419000,2070
298.419500,1992
298.420000,2152
298.420500,2042
298.421000,2188
298.421500,2062
298.422000,1984
298.422500,2146
298.423000,2038
298.423500,2191
298.424000,2068
298.424500,1992
298.425000,2153
298.425500,2043
298.426000,2190
298.426500,2064
298.427000,1987
298.427500,2150
298.428000,2039
298.428500,2189
298.429000,2064
298.429500,1986
298.430000,2148
298.430500,2038
298.431000,2184
298.431500,2058
298.432000,1979
298.432500,2146
298.433000,2037
298.433500,2189
298.434000,2064
298.434500,1986
298.435000,2149
298.435500,2040
298.436000,2186
298.436500,2060
298.437000,1982
298.437500,2150
298.438000,2037
298.438500,2189
298.439000,2064
298.439500,1988
298.440000,2150
298.440500,2040
298.441000,2186
298.441500,2061
298.442000,1983
298.442500,2152
298.443000,2045
298.443500,2193
298.444000,2072
298.444500,1994
298.445000,2154
298.445500,2044
298.446000,2190
298.446500,2064
298.447000,1988
298.447500,2150
298.448000,2042
298.448500,2191
298.449000,2065
298.449500,1988
298.450000,2149
298.450500,2038
298.451000,2184
298.451500,2059
298.452000,1979
298.452500,2146
298.453000,2039
298.453500,2188
298.454000,2062
298.454500,1984
298.455000,2147
298.455500,2037
298.456000,2185
298.456500,2060
298.457000,1982
298.457500,2150
298.458000,2041
298.458500,2189
298.459000,2064
298.459500,1988
298.460000,2150
298.460500,2040
298.461000,2186
298.461500,2061
298.462000,1983
298.462500,2151
298.463000,2043
298.463500,2190
298.464000,2067
298.464500,1992
298.465000,2152
298.465500,2043
298.466000,2190
298.466500,2063
298.467000,1986
298.467500,2148
298.468000,2038
298.468500,2189
298.469000,2064
298.469500,1986
298.470000,2148
298.470500,2037
298.471000,2184
298.471500,2058
298.472000,1978
298.472500,2146
298.473000,2037
298.473500,2189
298.474000,2063
298.474500,1985
298.475000,2147
298.475500,2039
298.476000,2186
298.476500,2060
298.477000,1982
298.477500,2150
298.478000,2038
298.478500,2191
298.479000,2066
298.479500,1990
298.480000,2151
298.480500,2041
298.481000,2187
298.481500,2062
298.482000,1983
298.482500,2152
298.483000,2044
298.483500,2193
298.484000,2071
298.484500,1994
298.485000,2154
298.485500,2044
298.486000,2190
298.486500,2064
298.487000,1988
298.487500,2150
298.488000,2038
298.488500,2189
298.489000,2064
298.489500,1986
298.490000,2148
298.490500,2037
298.491000,2184
298.491500,2058
298.492000,1978
298.492500,2146
298.493000,2034
298.493500,2186
298.494000,2062
298.494500,1984
298.495000,2146
298.495500,2037
298.496000,2185
298.496500,2059
298.497000,1981
298.497500,2148
298.498000,2039
298.498500,2189
298.499000,2064
298.499500,1987
298.500000,2149
298.500500,2040
298.501000,2186
298.501500,2061
298.502000,1984
298.502500,2146
298.503000,2038
298.503500,2190
298.504000,2066
298.504500,1991
298.505000,2153
298.505500,2044
298.506000,2189
298.506500,2063
298.507000,1986
298.507500,2148
298.508000,2040
298.508500,2192
298.509000,2069
298.509500,1990
298.510000,2150
298.510500,2038
298.511000,2185
298.511500,2059
298.512000,1979
298.512500,2147
298.513000,2037
298.513500,2188
298.514000,2062
298.514500,1984
298.515000,2146
298.515500,2038
298.516000,2186
298.516500,2060
298.517000,1982
298.517500,2150
298.518000,2040
298.518500,2189
298.519000,2064
298.519500,1988
298.520000,2150
298.520500,2040
298.521000,2186
298.521500,2061
298.522000,1983
298.522500,2151
298.523000,2046
298.523500,2195
298.524000,2073
298.524500,1996
298.525000,2156
298.525500,2045
298.526000,2191
298.526500,2065
298.527000,1989
298.527500,2150
298.528000,2037
298.528500,2191
298.529000,2066
298.529500,1989
298.530000,2149
298.530500,2039
298.531000,2185
298.531500,2059
298.532000,1979
298.532500,2147
298.533000,2037
298.533500,2188
298.534000,2063
298.534500,1984
298.535000,2146
298.535500,2037
298.536000,2184
298.536500,2060
298.537000,1981
298.537500,2149
298.538000,2038
298.538500,2189
298.539000,2064
298.539500,1988
298.540000,2150
298.540500,2040
298.541000,2187
298.541500,2061
298.542000,1984
298.542500,2146
298.543000,2036
298.543500,2190
298.544000,2067
298.544500,1992
298.545000,2152
298.545500,2043
298.546000,2189
298.546500,2063
298.547000,1985
298.547500,2148
298.548000,2038
298.548500,2192
298.549000,2069
298.549500,1991
298.550000,2150
298.550500,2038
298.551000,2185
298.551500,2058
298.552000,1978
298.552500,2146
298.553000,2038
298.553500,2189
298.554000,2063
298.554500,1985
298.555000,2148
298.555500,2039
298.556000,2186
298.556500,2060
298.557000,1982
298.557500,2150
298.558000,2037
298.558500,2188
298.559000,2063
298.559500,1986
298.560000,2148
298.560500,2039
298.561000,2186
298.561500,2061
298.562000,1983
298.562500,2151
298.563000,2045
298.563500,2193
298.564000,2071
298.564500,1994
298.565000,2154
298.565500,2044
298.566000,2189
298.566500,2064
298.567000,1988
298.567500,2150
298.568000,2041
298.568500,2190
298.569000,2064
298.569500,1987
298.570000,2148
298.570500,2036
298.571000,2185
298.571500,2058
298.572000,1978
298.572500,2146
298.573000,2036
298.573500,2189
298.574000,2065
298.574500,1989
298.575000,2150
298.575500,2040
298.576000,2186
298.576500,2060
298.577000,1982
298.577500,2150
298.578000,2041
298.578500,2188
298.579000,2063
298.579500,1986
298.580000,2149
298.580500,2040
298.581000,2187
298.581500,2061
298.582000,1983
298.582500,2152
298.583000,2044
298.583500,2194
298.584000,2072
298.584500,1995
298.585000,2155
298.585500,2044
298.586000,2190
298.586500,2064
298.587000,1988
298.587500,2150
298.588000,2041
298.588500,2191
298.589000,2065
298.589500,1988
298.590000,2149
298.590500,2038
298.591000,2184
298.591500,2058
298.592000,1979
298.592500,2145
298.593000,2039
298.593500,2187
298.594000,2062
298.594500,1983
298.595000,2151
298.595500,2040
298.596000,2186
298.596500,2060
298.597000,1982
298.597500,2150
298.598000,2040
298.598500,2189
298.599000,2064
298.599500,1987
298.600000,2150
298.600500,2040
298.601000,2187
298.601500,2061
298.602000,1984
298.602500,2147
298.603000,2040
298.603500,2192
298.604000,2069
298.604500,1993
298.605000,2154
298.605500,2043
298.606000,2190
298.606500,2064
298.607000,1988
298.607500,2149
298.608000,2043
298.608500,2190
298.609000,2064
298.609500,1986
298.610000,2148
298.610500,2037
298.611000,2184
298.611500,2058
298.612000,1978
298.612500,2146
298.613000,2036
298.613500,2187
298.614000,2062
298.614500,1983
298.615000,2150
298.615500,2039
298.616000,2186
298.616500,2061
298.617000,1982
298.617500,2150
298.618000,2039
298.618500,2189
298.619000,2064
298.619500,1987
298.620000,2149
298.620500,2040
298.621000,2187
298.621500,2062
298.622000,1983
298.622500,2152
298.623000,2041
298.623500,2192
298.624000,2070
298.624500,1994
298.625000,2154
298.625500,2044
298.626000,2189
298.626500,2064
298.627000,1987
298.627500,2149
298.628000,2039
298.628500,2191
298.629000,2065
298.629500,1988
298.630000,2148
298.630500,2038
298.631000,2184
298.631500,2058
298.632000,1978
298.632500,2146
298.633000,2037
298.633500,2187
298.634000,2062
298.634500,1983
298.635000,2150
298.635500,2039
298.636000,2187
298.636500,2061
298.637000,1982
298.637500,2149
298.638000,2037
298.638500,2189
298.639000,2064
298.639500,1988
298.640000,2150
298.640500,2040
298.641000,2186
298.641500,2061
298.642000,1983
298.642500,2152
298.643000,2043
298.643500,2193
298.644000,2071
298.644500,1994
298.645000,2154
298.645500,2044
298.646000,2190
298.646500,2064
298.647000,1988
298.647500,2150
298.648000,2038
298.648500,2189
298.649000,2064
298.649500,1987
298.650000,2148
298.650500,2038
298.651000,2184
298.651500,2058
298.652000,1978
298.652500,2146
298.653000,2035
298.653500,2187
298.654000,2062
298.654500,1983
298.655000,2150
298.655500,2041
298.656000,2186
298.656500,2060
298.657000,1982
298.657500,2150
298.658000,2039
298.658500,2188
298.659000,2062
298.659500,1984
298.660000,2146
298.660500,2038
298.661000,2186
298.661500,2060
298.662000,1983
298.662500,2151
298.663000,2042
298.663500,2193
298.664000,2071
298.664500,1995
298.665000,2155
298.665500,2044
298.666000,2190
298.666500,2064
298.667000,1988
298.667500,2149
298.668000,2041
298.668500,2190
298.669000,2064
298.669500,1986
298.670000,2148
298.670500,2038
298.671000,2185
298.671500,2059
298.672000,1979
298.672500,2147
298.673000,2040
298.673500,2189
298.674000,2066
298.674500,1990
298.675000,2150
298.675500,2040
298.676000,2186
298.676500,2060
298.677000,1982
298.677500,2150
298.678000,2036
298.678500,2189
298.679000,2064
298.679500,1988
298.680000,2150
298.680500,2040
298.681000,2187
298.681500,2061
298.682000,1984
298.682500,2146
298.683000,2036
298.683500,2190
298.684000,2066
298.684500,1992
298.685000,2153
298.685500,2043
298.686000,2190
298.686500,2064
298.687000,1987
298.687500,2149
298.688000,2041
298.688500,2191
298.689000,2066
298.689500,1989
298.690000,2148
298.690500,2038
298.691000,2184
298.691500,2058
298.692000,1978
298.692500,2146
298.693000,2038
298.693500,2189
298.694000,2064
298.694500,1987
298.695000,2149
298.695500,2040
298.696000,2186
298.696500,2060
298.697000,1981
298.697500,2149
298.698000,2037
298.698500,2189
298.699000,2064
298.699500,1989
298.700000,2150
298.700500,2040
298.701000,2187
298.701500,2062
298.702000,1984
298.702500,2147
298.703000,2041
298.703500,2192
298.704000,2070
298.704500,1993
298.705000,2153
298.705500,2043
298.706000,2190
298.706500,2064
298.707000,1988
298.707500,2150
298.708000,2039
298.708500,2191
298.709000,2067
298.709500,1990
298.710000,2149
298.710500,2038
298.711000,2184
298.711500,2058
298.712000,1978
298.712500,2146
298.713000,2037
298.713500,2187
298.714000,2062
298.714500,1984
298.715000,2146
298.715500,2037
298.716000,2185
298.716500,2060
298.717000,1982
298.717500,2150
298.718000,2041
298.718500,2190
298.719000,2065
298.719500,1989
298.720000,2150
298.720500,2040
298.721000,2186
298.721500,2061
298.722000,1983
298.722500,2151
298.723000,2044
298.723500,2192
298.724000,2070
298.724500,1993
298.725000,2153
298.725500,2042
298.726000,2189
298.726500,2063
298.727000,1985
298.727500,2148
298.728000,2038
298.728500,2190
298.729000,2064
298.729500,1986
298.730000,2148
298.730500,2037
298.731000,2185
298.731500,2059
298.732000,1978
298.732500,2146
298.733000,2034
298.733500,2187
298.734000,2062
298.734500,1984
298.735000,2147
298.735500,2037
298.736000,2185
298.736500,2060
298.737000,1982
298.737500,2150
298.738000,2038
298.738500,2190
298.739000,2065
298.739500,1990
298.740000,2150
298.740500,2040
298.741000,2186
298.741500,2061
298.742000,1983
298.742500,2152
298.743000,2040
298.743500,2192
298.744000,2070
298.744500,1993
298.745000,2152
298.745500,2043
298.746000,2190
298.746500,2064
298.747000,1988
298.747500,2150
298.748000,2038
298.748500,2190
298.749000,2064
298.749500,1987
298.750000,2148
298.750500,2038
298.751000,2184
298.751500,2058
298.752000,1978
298.752500,2146
298.753000,2038
298.753500,2188
298.754000,2063
298.754500,1985
298.755000,2147
298.755500,2039
298.756000,2186
298.756500,2061
298.757000,1983
298.757500,2150
298.758000,2038
298.758500,2190
298.759000,2065
298.759500,1989
298.760000,2151
298.760500,2040
298.761000,2186
298.761500,2061
298.762000,1983
298.762500,2151
298.763000,2041
298.763500,2189
298.764000,2066
298.764500,1991
298.765000,2153
298.765500,2043
298.766000,2190
298.766500,2064
298.767000,1988
298.767500,2150
298.768000,2041
298.768500,2193
298.769000,2070
298.769500,1992
298.770000,2150
298.770500,2040
298.771000,2185
298.771500,2059
298.772000,1978
298.772500,2147
298.773000,2034
298.773500,2186
298.774000,2061
298.774500,1983
298.775000,2150
298.775500,2040
298.776000,2186
298.776500,2060
298.777000,1982
298.777500,2150
298.778000,2037
298.778500,2191
298.779000,2068
298.779500,1992
298.780000,2152
298.780500,2041
298.781000,2188
298.781500,2062
298.782000,1984
298.782500,2147
298.783000,2041
298.783500,2192
298.784000,2069
298.784500,1993
298.785000,2154
298.785500,2044
298.786000,2190
298.786500,2064
298.787000,1987
298.787500,2150
298.788000,2039
298.788500,2188
298.789000,2063
298.789500,1984
298.790000,2145
298.790500,2036
298.791000,2184
298.791500,2058
298.792000,1978
298.792500,2146
298.793000,2035
298.793500,2188
298.794000,2063
298.794500,1985
298.795000,2148
298.795500,2038
298.796000,2186
298.796500,2060
298.797000,1982
298.797500,2150
298.798000,2041
298.798500,2190
298.799000,2065
298.799500,1989
298.800000,2150
298.800500,2040
298.801000,2187
298.801500,2061
298.802000,1983
298.802500,2152
298.803000,2045
298.803500,2193
298.804000,2072
298.804500,1994
298.805000,2155
298.805500,2044
298.806000,2189
298.806500,2064
298.807000,1988
298.807500,2149
298.808000,2038
298.808500,2192
298.809000,2069
298.809500,1991
298.810000,2150
298.810500,2039
298.811000,2185
298.811500,2059
298.812000,1978
298.812500,2146
298.813000,2036
298.813500,2187
298.814000,2062
298.814500,1983
298.815000,2151
298.815500,2040
298.816000,2187
298.816500,2061
298.817000,1982
298.817500,2149
298.818000,2038
298.818500,2188
298.819000,2063
298.819500,1985
298.820000,2148
298.820500,2038
298.821000,2186
298.821500,2061
298.822000,1983
298.822500,2151
298.823000,2044
298.823500,2193
298.824000,2071
298.824500,1994
298.825000,2154
298.825500,2043
298.826000,2190
298.826500,2064
298.827000,1988
298.827500,2149
298.828000,2039
298.828500,2190
298.829000,2064
298.829500,1986
298.830000,2149
298.830500,2038
298.831000,2184
298.831500,2058
298.832000,1978
298.832500,2147
298.833000,2038
298.833500,2186
298.834000,2061
298.834500,1982
298.835000,2149
298.835500,2040
298.836000,2186
298.836500,2060
298.837000,1982
298.837500,2150
298.838000,2041
298.838500,2189
298.839000,2064
298.839500,1987
298.840000,2150
298.840500,2040
298.841000,2187
298.841500,2061
298.842000,1983
298.842500,2151
298.843000,2043
298.843500,2194
298.844000,2072
298.844500,1995
298.845000,2154
298.845500,2044
298.846000,2190
298.846500,2064
298.847000,1987
298.847500,2150
298.848000,2042
298.848500,2191
298.849000,2065
298.849500,1988
298.850000,2149
298.850500,2038
298.851000,2184
298.851500,2058
298.852000,1978
298.852500,2146
298.853000,2034
298.853500,2188
298.854000,2062
298.854500,1984
298.855000,2146
298.855500,2037
298.856000,2185
298.856500,2060
298.857000,1981
298.857500,2149
298.858000,2041
298.858500,2190
298.859000,2065
298.859500,1989
298.860000,2151
298.860500,2041
298.861000,2187
298.861500,2061
298.862000,1984
298.862500,2146
298.863000,2039
298.863500,2192
298.864000,2070
298.864500,1993
298.865000,2153
298.865500,2043
298.866000,2190
298.866500,2064
298.867000,1987
298.867500,2149
298.868000,2037
298.868500,2189
298.869000,2063
298.869500,1984
298.870000,2145
298.870500,2036
298.871000,2183
298.871500,2057
298.872000,1978
298.872500,2145
298.873000,2037
298.873500,2188
298.874000,2063
298.874500,1985
298.875000,2148
298.875500,2039
298.876000,2185
298.876500,2060
298.877000,1982
298.877500,2150
298.878000,2038
298.878500,2190
298.879000,2065
298.879500,1989
298.880000,2150
298.880500,2041
298.881000,2187
298.881500,2062
298.882000,1984
298.882500,2146
298.883000,2040
298.883500,2189
298.884000,2066
298.884500,1991
298.885000,2152
298.885500,2043
298.886000,2189
298.886500,2064
298.887000,1987
298.887500,2150
298.888000,2039
298.888500,2190
298.889000,2064
298.889500,1986
298.890000,2148
298.890500,2038
298.891000,2184
298.891500,2058
298.892000,1978
298.892500,2146
298.893000,2034
298.893500,2188
298.894000,2063
298.894500,1985
298.895000,2147
298.895500,2038
298.896000,2185
298.896500,2060
298.897000,1982
298.897500,2150
298.898000,2038
298.898500,2189
298.899000,2064
298.899500,1987
298.900000,2149
298.900500,2040
298.901000,2186
298.901500,2061
298.902000,1983
298.902500,2152
298.903000,2041
298.903500,2190
298.904000,2066
298.904500,1991
298.905000,2153
298.905500,2043
298.906000,2190
298.906500,2064
298.907000,1988
298.907500,2150
298.908000,2041
298.908500,2190
298.909000,2064
298.909500,1986
298.910000,2149
298.910500,2038
298.911000,2184
298.911500,2058
298.912000,1978
298.912500,2146
298.913000,2038
298.913500,2187
298.914000,2062
298.914500,1983
298.915000,2151
298.915500,2040
298.916000,2186
298.916500,2060
298.917000,1982
298.917500,2149
298.918000,2040
298.918500,2191
298.919000,2066
298.919500,1990
298.920000,2151
298.920500,2041
298.921000,2187
298.921500,2061
298.922000,1983
298.922500,2151
298.923000,2042
298.923500,2193
298.924000,2071
298.924500,1995
298.925000,2154
298.925500,2044
298.926000,2190
298.926500,2064
298.927000,1988
298.927500,2150
298.928000,2040
298.928500,2191
298.929000,2065
298.929500,1988
298.930000,2149
298.930500,2038
298.931000,2184
298.931500,2058
298.932000,1978
298.932500,2146
298.933000,2038
298.933500,2186
298.934000,2062
298.934500,1983
298.935000,2151
298.935500,2040
298.936000,2186
298.936500,2060
298.937000,1982
298.937500,2149
298.938000,2041
298.938500,2192
298.939000,2070
298.939500,1992
298.940000,2152
298.940500,2041
298.941000,2188
298.941500,2062
298.942000,1984
298.942500,2147
298.943000,2038
298.943500,2190
298.944000,2067
298.944500,1992
298.945000,2153
298.945500,2043
298.946000,2190
298.946500,2064
298.947000,1988
298.947500,2149
298.948000,2038
298.948500,2189
298.949000,2064
298.949500,1986
298.950000,2148
298.950500,2038
298.951000,2184
298.951500,2058
298.952000,1978
298.952500,2146
298.953000,2040
298.953500,2188
298.954000,2063
298.954500,1985
298.955000,2147
298.955500,2039
298.956000,2186
298.956500,2060
298.957000,1983
298.957500,2150
298.958000,2037
298.958500,2189
298.959000,2064
298.959500,1988
298.960000,2150
298.960500,2040
298.961000,2187
298.961500,2061
298.962000,1984
298.962500,2147
298.963000,2041
298.963500,2195
298.964000,2075
298.964500,1997
298.965000,2156
298.965500,2045
298.966000,2191
298.966500,2066
298.967000,1990
298.967500,2151
298.968000,2040
298.968500,2189
298.969000,2063
298.969500,1984
298.970000,2144
298.970500,2034
298.971000,2182
298.971500,2057
298.972000,1977
298.972500,2146
298.973000,2037
298.973500,2189
298.974000,2064
298.974500,1987
298.975000,2148
298.975500,2039
298.976000,2186
298.976500,2060
298.977000,1982
298.977500,2150
298.978000,2041
298.978500,2189
298.979000,2064
298.979500,1988
298.980000,2149
298.980500,2040
298.981000,2186
298.981500,2061
298.982000,1983
298.982500,2151
298.983000,2041
298.983500,2191
298.984000,2068
298.984500,1991
298.985000,2153
298.985500,2043
298.986000,2190
298.986500,2064
298.987000,1988
298.987500,2149
298.988000,2039
298.988500,2188
298.989000,2063
298.989500,1984
298.990000,2145
298.990500,2036
298.991000,2183
298.991500,2057
298.992000,1978
298.992500,2145
298.993000,2036
298.993500,2188
298.994000,2063
298.994500,1985
298.995000,2147
298.995500,2038
298.996000,2186
298.996500,2060
298.997000,1982
298.997500,2150
298.998000,2037
298.998500,2189
298.999000,2065
298.999500,1988
299.000000,2151
299.000500,2041
299.001000,2187
299.001500,2062
299.002000,1984
299.002500,2147
299.003000,2041
299.003500,2192
299.004000,2070
299.004500,1993
299.005000,2154
299.005500,2043
299.006000,2190
299.006500,2064
299.007000,1988
299.007500,2150
299.008000,2038
299.008500,2189
299.009000,2063
299.009500,1984
299.010000,2145
299.010500,2036
299.011000,2183
299.011500,2058
299.012000,1978
299.012500,2146
299.013000,2035
299.013500,2187
299.014000,2062
299.014500,1983
299.015000,2151
299.015500,2040
299.016000,2187
299.016500,2061
299.017000,1982
299.017500,2150
299.018000,2039
299.018500,2190
299.019000,2065
299.019500,1989
299.020000,2151
299.020500,2041
299.021000,2187
299.021500,2062
299.022000,1983
299.022500,2152
299.023000,2043
299.023500,2191
299.024000,2067
299.024500,1992
299.025000,2153
299.025500,2043
299.026000,2189
299.026500,2064
299.027000,1987
299.027500,2150
299.028000,2038
299.028500,2190
299.029000,2064
299.029500,1986
299.030000,2148
299.030500,2037
299.031000,2184
299.031500,2058
299.032000,1978
299.032500,2146
299.033000,2037
299.033500,2186
299.034000,2061
299.034500,1983
299.035000,2151
299.035500,2041
299.036000,2186
299.036500,2061
299.037000,1982
299.037500,2150
299.038000,2038
299.038500,2191
299.039000,2066
299.039500,1990
299.040000,2151
299.040500,2041
299.041000,2188
299.041500,2062
299.042000,1984
299.042500,2147
299.043000,2040
299.043500,2191
299.044000,2068
299.044500,1992
299.045000,2154
299.045500,2044
299.046000,2189
299.046500,2064
299.047000,1988
299.047500,2150
299.048000,2040
299.048500,2190
299.049000,2064
299.049500,1986
299.050000,2148
299.050500,2038
299.051000,2184
299.051500,2058
299.052000,1978
299.052500,2146
299.053000,2034
299.053500,2188
299.054000,2063
299.054500,1985
299.055000,2148
299.055500,2039
299.056000,2186
299.056500,2060
299.057000,1982
299.057500,2150
299.058000,2038
299.058500,2188
299.059000,2064
299.059500,1987
299.060000,2149
299.060500,2040
299.061000,2186
299.061500,2061
299.062000,1983
299.062500,2152
299.063000,2044
299.063500,2193
299.064000,2071
299.064500,1994
299.065000,2154
299.065500,2043
299.066000,2190
299.066500,2064
299.067000,1988
299.067500,2149
299.068000,2041
299.068500,2190
299.069000,2064
299.069500,1986
299.070000,2148
299.070500,2038
299.071000,2184
299.071500,2058
299.072000,1978
299.072500,2146
299.073000,2034
299.073500,2188
299.074000,2063
299.074500,1985
299.075000,2148
299.075500,2038
299.076000,2186
299.076500,2060
299.077000,1982
299.077500,2150
299.078000,2040
299.078500,2190
299.079000,2065
299.079500,1989
299.080000,2150
299.080500,2040
299.081000,2187
299.081500,2061
299.082000,1984
299.082500,2146
299.083000,2041
299.083500,2191
299.084000,2068
299.084500,1992
299.085000,2153
299.085500,2043
299.086000,2190
299.086500,2063
299.087000,1986
299.087500,2149
299.088000,2039
299.088500,2189
299.089000,2064
299.089500,1986
299.090000,2148
299.090500,2037
299.091000,2184
299.091500,2058
299.092000,1978
299.092500,2146
299.093000,2034
299.093500,2188
299.094000,2063
299.094500,1984
299.095000,2146
299.095500,2037
299.096000,2184
299.096500,2060
299.097000,1981
299.097500,2149
299.098000,2039
299.098500,2189
299.099000,2064
299.099500,1988
299.100000,2150
299.100500,2040
299.101000,2186
299.101500,2060
299.102000,1983
299.102500,2151
299.103000,2042
299.103500,2193
299.104000,2071
299.104500,1994
299.105000,2154
299.105500,2044
299.106000,2190
299.106500,2064
299.107000,1988
299.107500,2150
299.108000,2042
299.108500,2191
299.109000,2066
299.109500,1989
299.110000,2149
299.110500,2038
299.111000,2184
299.111500,2058
299.112000,1978
299.112500,2145
299.113000,2034
299.113500,2186
299.114000,2062
299.114500,1983
299.115000,2151
299.115500,2040
299.116000,2186
299.116500,2060
299.117000,1982
299.117500,2149
299.118000,2039
299.118500,2190
299.119000,2065
299.119500,1989
299.120000,2151
299.120500,2042
299.121000,2188
299.121500,2062
299.122000,1984
299.122500,2147
299.123000,2038
299.123500,2191
299.124000,2067
299.124500,1992
299.125000,2153
299.125500,2043
299.126000,2189
299.126500,2064
299.127000,1988
299.127500,2150
299.128000,2043
299.128500,2190
299.129000,2064
299.129500,1986
299.130000,2148
299.130500,2038
299.131000,2184
299.131500,2058
299.132000,1978
299.132500,2147
299.133000,2038
299.133500,2187
299.134000,2061
299.134500,1983
299.135000,2151
299.135500,2040
299.136000,2186
299.136500,2060
299.137000,1982
299.137500,2150
299.138000,2039
299.138500,2191
299.139000,2068
299.139500,1992
299.140000,2151
299.140500,2041
299.141000,2187
299.141500,2061
299.142000,1984
299.142500,2146
299.143000,2038
299.143500,2191
299.144000,2067
299.144500,1992
299.145000,2152
299.145500,2043
299.146000,2189
299.146500,2063
299.147000,1986
299.147500,2148
299.148000,2036
299.148500,2189
299.149000,2063
299.149500,1984
299.150000,2145
299.150500,2036
299.151000,2183
299.151500,2057
299.152000,1978
299.152500,2146
299.153000,2039
299.153500,2188
299.154000,2063
299.154500,1985
299.155000,2147
299.155500,2038
299.156000,2185
299.156500,2060
299.157000,1982
299.157500,2150
299.158000,2040
299.158500,2189
299.159000,2064
299.159500,1988
299.160000,2149
299.160500,2040
299.161000,2187
299.161500,2061
299.162000,1983
299.162500,2152
299.163000,2043
299.163500,2193
299.164000,2071
299.164500,1994
299.165000,2154
299.165500,2044
299.166000,2189
299.166500,2063
299.167000,1985
299.167500,2148
299.168000,2036
299.168500,2188
299.169000,2062
299.169500,1983
299.170000,2150
299.170500,2038
299.171000,2185
299.171500,2058
299.172000,1978
299.172500,2146
299.173000,2034
299.173500,2187
299.174000,2062
299.174500,1984
299.175000,2145
299.175500,2037
299.176000,2185
299.176500,2060
299.177000,1982
299.177500,2150
299.178000,2041
299.178500,2190
299.179000,2065
299.179500,1989
299.180000,2150
299.180500,2041
299.181000,2186
299.181500,2061
299.182000,1983
299.182500,2152
299.183000,2041
299.183500,2191
299.184000,2068
299.184500,1992
299.185000,2153
299.185500,2043
299.186000,2189
299.186500,2063
299.187000,1985
299.187500,2148
299.188000,2040
299.188500,2190
299.189000,2064
299.189500,1986
299.190000,2148
299.190500,2038
299.191000,2184
299.191500,2058
299.192000,1978
299.192500,2146
299.193000,2037
299.193500,2189
299.194000,2064
299.194500,1987
299.195000,2149
299.195500,2040
299.196000,2186
299.196500,2061
299.197000,1983
299.197500,2150
299.198000,2037
299.198500,2188
299.199000,2063
299.199500,1986
299.200000,2148
299.200500,2039
299.201000,2187
299.201500,2061
299.202000,1983
299.202500,2152
299.203000,2042
299.203500,2195
299.204000,2075
299.204500,1996
299.205000,2155
299.205500,2045
299.206000,2190
299.206500,2064
299.207000,1987
299.207500,2150
299.208000,2041
299.208500,2190
299.209000,2064
299.209500,1986
299.210000,2148
299.210500,2037
299.211000,2185
299.211500,2058
299.212000,1979
299.212500,2146
299.213000,2036
299.213500,2185
299.214000,2061
299.214500,1983
299.215000,2150
299.215500,2040
299.216000,2186
299.216500,2061
299.217000,1982
299.217500,2150
299.218000,2040
299.218500,2188
299.219000,2063
299.219500,1986
299.220000,2148
299.220500,2039
299.221000,2186
299.221500,2060
299.222000,1983
299.222500,2151
299.223000,2041
299.223500,2190
299.224000,2067
299.224500,1992
299.225000,2152
299.225500,2042
299.226000,2189
299.226500,2064
299.227000,1987
299.227500,2149
299.228000,2039
299.228500,2189
299.229000,2063
299.229500,1984
299.230000,2144
299.230500,2034
299.231000,2183
299.231500,2057
299.232000,1978
299.232500,2145
299.233000,2037
299.233500,2188
299.234000,2063
299.234500,1985
299.235000,2147
299.235500,2038
299.236000,2185
299.236500,2060
299.237000,1982
299.237500,2150
299.238000,2041
299.238500,2189
299.239000,2064
299.239500,1988
299.240000,2150
299.240500,2041
299.241000,2187
299.241500,2061
299.242000,1982
299.242500,2150
299.243000,2041
299.243500,2190
299.244000,2067
299.244500,1991
299.245000,2153
299.245500,2043
299.246000,2190
299.246500,2064
299.247000,1987
299.247500,2150
299.248000,2040
299.248500,2190
299.249000,2064
299.249500,1987
299.250000,2148
299.250500,2037
299.251000,2184
299.251500,2058
299.252000,1978
299.252500,2146
299.253000,2034
299.253500,2186
299.254000,2061
299.254500,1983
299.255000,2150
299.255500,2040
299.256000,2186
299.256500,2060
299.257000,1982
299.257500,2149
299.258000,2037
299.258500,2190
299.259000,2065
299.259500,1989
299.260000,2151
299.260500,2040
299.261000,2186
299.261500,2061
299.262000,1983
299.262500,2152
299.263000,2041
299.263500,2193
299.264000,2071
299.264500,1994
299.265000,2154
299.265500,2043
299.266000,2190
299.266500,2064
299.267000,1987
299.267500,2150
299.268000,2039
299.268500,2189
299.269000,2064
299.269500,1986
299.270000,2148
299.270500,2038
299.271000,2184
299.271500,2058
299.272000,1978
299.272500,2146
299.273000,2035
299.273500,2187
299.274000,2061
299.274500,1983
299.275000,2151
299.275500,2040
299.276000,2185
299.276500,2060
299.277000,1982
299.277500,2150
299.278000,2039
299.278500,2190
299.279000,2064
299.279500,1987
299.280000,2149
299.280500,2040
299.281000,2186
299.281500,2061
299.282000,1983
299.282500,2152
299.283000,2041
299.283500,2192
299.284000,2070
299.284500,1993
299.285000,2153
299.285500,2043
299.286000,2190
299.286500,2064
299.287000,1987
299.287500,2149
299.288000,2042
299.288500,2189
299.289000,2063
299.289500,1984
299.290000,2145
299.290500,2036
299.291000,2183
299.291500,2057
299.292000,1977
299.292500,2146
299.293000,2035
299.293500,2186
299.294000,2061
299.294500,1983
299.295000,2151
299.295500,2040
299.296000,2186
299.296500,2061
299.297000,1983
299.297500,2151
299.298000,2039
299.298500,2193
299.299000,2071
299.299500,1993
299.300000,2152
299.300500,2041
299.301000,2188
299.301500,2062
299.302000,1984
299.302500,2147
299.303000,2037
299.303500,2190
299.304000,2065
299.304500,1990
299.305000,2152
299.305500,2042
299.306000,2189
299.306500,2064
299.307000,1987
299.307500,2149
299.308000,2037
299.308500,2192
299.309000,2068
299.309500,1990
299.310000,2150
299.310500,2038
299.311000,2185
299.311500,2059
299.312000,1979
299.312500,2146
299.313000,2038
299.313500,2188
299.314000,2062
299.314500,1984
299.315000,2146
299.315500,2038
299.316000,2185
299.316500,2060
299.317000,1982
299.317500,2149
299.318000,2038
299.318500,2190
299.319000,2064
299.319500,1987
299.320000,2150
299.320500,2040
299.321000,2186
299.321500,2061
299.322000,1983
299.322500,2152
299.323000,2039
299.323500,2191
299.324000,2067
299.324500,1992
299.325000,2153
299.325500,2044
299.326000,2190
299.326500,2064
299.327000,1987
299.327500,2150
299.328000,2041
299.328500,2190
299.329000,2064
299.329500,1986
299.330000,2148
299.330500,2037
299.331000,2184
299.331500,2058
299.332000,1978
299.332500,2146
299.333000,2037
299.333500,2189
299.334000,2064
299.334500,1987
299.335000,2149
299.335500,2039
299.336000,2186
299.336500,2061
299.337000,1982
299.337500,2149
299.338000,2037
299.338500,2189
299.339000,2064
299.339500,1987
299.340000,2150
299.340500,2040
299.341000,2186
299.341500,2060
299.342000,1982
299.342500,2150
299.343000,2044
299.343500,2192
299.344000,2070
299.344500,1993
299.345000,2153
299.345500,2043
299.346000,2189
299.346500,2064
299.347000,1987
299.347500,2150
299.348000,2041
299.348500,2191
299.349000,2065
299.349500,1988
299.350000,2148
299.350500,2038
299.351000,2184
299.351500,2058
299.352000,1978
299.352500,2146
299.353000,2037
299.353500,2188
299.354000,2062
299.354500,1984
299.355000,2146
299.355500,2037
299.356000,2185
299.356500,2059
299.357000,1981
299.357500,2149
299.358000,2038
299.358500,2188
299.359000,2063
299.359500,1985
299.360000,2148
299.360500,2039
299.361000,2187
299.361500,2061
299.362000,1984
299.362500,2146
299.363000,2036
299.363500,2190
299.364000,2066
299.364500,1991
299.365000,2152
299.365500,2043
299.366000,2189
299.366500,2063
299.367000,1985
299.367500,2148
299.368000,2041
299.368500,2189
299.369000,2064
299.369500,1986
299.370000,2149
299.370500,2038
299.371000,2183
299.371500,2058
299.372000,1978
299.372500,2146
299.373000,2035
299.373500,2188
299.374000,2064
299.374500,1988
299.375000,2149
299.375500,2039
299.376000,2186
299.376500,2060
299.377000,1982
299.377500,2150
299.378000,2040
299.378500,2189
299.379000,2064
299.379500,1987
299.380000,2149
299.380500,2040
299.381000,2187
299.381500,2061
299.382000,1983
299.382500,2152
299.383000,2044
299.383500,2193
299.384000,2071
299.384500,1994
299.385000,2154
299.385500,2043
299.386000,2190
299.386500,2064
299.387000,1988
299.387500,2149
299.388000,2037
299.388500,2189
299.389000,2063
299.389500,1985
299.390000,2147
299.390500,2037
299.391000,2184
299.391500,2058
299.392000,1978
299.392500,2147
299.393000,2036
299.393500,2188
299.394000,2062
299.394500,1984
299.395000,2145
299.395500,2037
299.396000,2185
299.396500,2059
299.397000,1982
299.397500,2149
299.398000,2037
299.398500,2190
299.399000,2065
299.399500,1988
299.400000,2150
299.400500,2040
299.401000,2186
299.401500,2061
299.402000,1983
299.402500,2151
299.403000,2045
299.403500,2192
299.404000,2070
299.404500,1993
299.405000,2154
299.405500,2043
299.406000,2190
299.406500,2064
299.407000,1988
299.407500,2149
299.408000,2041
299.408500,2191
299.409000,2065
299.409500,1988
299.410000,2148
299.410500,2037
299.411000,2185
299.411500,2058
299.412000,1978
299.412500,2146
299.413000,2040
299.413500,2187
299.414000,2062
299.414500,1983
299.415000,2151
299.415500,2041
299.416000,2186
299.416500,2060
299.417000,1982
299.417500,2150
299.418000,2041
299.418500,2192
299.419000,2070
299.419500,1993
299.420000,2152
299.420500,2042
299.421000,2188
299.421500,2062
299.422000,1985
299.422500,2148
299.423000,2037
299.423500,2192
299.424000,2069
299.424500,1992
299.425000,2154
299.425500,2043
299.426000,2190
299.426500,2064
299.427000,1988
299.427500,2150
299.428000,2042
299.428500,2190
299.429000,2064
299.429500,1985
299.430000,2148
299.430500,2037
299.431000,2184
299.431500,2058
299.432000,1978
299.432500,2146
299.433000,2037
299.433500,2189
299.434000,2066
299.434500,1989
299.435000,2149
299.435500,2040
299.436000,2186
299.436500,2060
299.437000,1982
299.437500,2150
299.438000,2037
299.438500,2189
299.439000,2064
299.439500,1988
299.440000,2150
299.440500,2040
299.441000,2186
299.441500,2061
299.442000,1983
299.442500,2151
299.443000,2040
299.443500,2190
299.444000,2066
299.444500,1991
299.445000,2153
299.445500,2042
299.446000,2189
299.446500,2063
299.447000,1985
299.447500,2148
299.448000,2036
299.448500,2189
299.449000,2064
299.449500,1986
299.450000,2148
299.450500,2037
299.451000,2184
299.451500,2058
299.452000,1978
299.452500,2146
299.453000,2039
299.453500,2189
299.454000,2063
299.454500,1985
299.455000,2147
299.455500,2038
299.456000,2185
299.456500,2060
299.457000,1982
299.457500,2150
299.458000,2037
299.458500,2188
299.459000,2064
299.459500,1987
299.460000,2149
299.460500,2040
299.461000,2187
299.461500,2061
299.462000,1983
299.462500,2152
299.463000,2043
299.463500,2193
299.464000,2073
299.464500,1995
299.465000,2155
299.465500,2044
299.466000,2190
299.466500,2064
299.467000,1987
299.467500,2149
299.468000,2040
299.468500,2190
299.469000,2064
299.469500,1986
299.470000,2148
299.470500,2038
299.471000,2184
299.471500,2058
299.472000,1978
299.472500,2146
299.473000,2036
299.473500,2188
299.474000,2063
299.474500,1985
299.475000,2147
299.475500,2038
299.476000,2185
299.476500,2060
299.477000,1982
299.477500,2149
299.478000,2038
299.478500,2190
299.479000,2064
299.479500,1988
299.480000,2150
299.480500,2041
299.481000,2187
299.481500,2061
299.482000,1984
299.482500,2146
299.483000,2040
299.483500,2190
299.484000,2066
299.484500,1991
299.485000,2153
299.485500,2043
299.486000,2189
299.486500,2063
299.487000,1985
299.487500,2148
299.488000,2037
299.488500,2188
299.489000,2063
299.489500,1984
299.490000,2145
299.490500,2035
299.491000,2183
299.491500,2057
299.492000,1978
299.492500,2145
299.493000,2035
299.493500,2186
299.494000,2061
299.494500,1983
299.495000,2150
299.495500,2040
299.496000,2186
299.496500,2060
299.497000,1981
299.497500,2149
299.498000,2041
299.498500,2189
299.499000,2064
299.499500,1988
299.500000,2151
299.500500,2041
299.501000,2186
299.501500,2060
299.502000,1983
299.502500,2151
299.503000,2040
299.503500,2190
299.504000,2066
299.504500,1992
299.505000,2152
299.505500,2042
299.506000,2189
299.506500,2064
299.507000,1987
299.507500,2149
299.508000,2038
299.508500,2188
299.509000,2062
299.509500,1983
299.510000,2150
299.510500,2039
299.511000,2185
299.511500,2059
299.512000,1979
299.512500,2147
299.513000,2036
299.513500,2186
299.514000,2062
299.514500,1983
299.515000,2150
299.515500,2040
299.516000,2185
299.516500,2060
299.517000,1982
299.517500,2150
299.518000,2038
299.518500,2190
299.519000,2065
299.519500,1989
299.520000,2150
299.520500,2041
299.521000,2186
299.521500,2061
299.522000,1983
299.522500,2152
299.523000,2045
299.523500,2193
299.524000,2071
299.524500,1995
299.525000,2155
299.525500,2044
299.526000,2189
299.526500,2064
299.527000,1987
299.527500,2149
299.528000,2038
299.528500,2188
299.529000,2063
299.529500,1983
299.530000,2151
299.530500,2039
299.531000,2186
299.531500,2059
299.532000,1978
299.532500,2146
299.533000,2038
299.533500,2189
299.534000,2063
299.534500,1985
299.535000,2148
299.535500,2039
299.536000,2186
299.536500,2060
299.537000,1982
299.537500,2150
299.538000,2041
299.538500,2190
299.539000,2065
299.539500,1989
299.540000,2150
299.540500,2041
299.541000,2187
299.541500,2061
299.542000,1983
299.542500,2151
299.543000,2043
299.543500,2191
299.544000,2067
299.544500,1992
299.545000,2153
299.545500,2042
299.546000,2189
299.546500,2063
299.547000,1985
299.547500,2148
299.548000,2040
299.548500,2190
299.549000,2064
299.549500,1986
299.550000,2148
299.550500,2037
299.551000,2184
299.551500,2058
299.552000,1978
299.552500,2146
299.553000,2038
299.553500,2189
299.554000,2063
299.554500,1985
299.555000,2148
299.555500,2039
299.556000,2186
299.556500,2060
299.557000,1982
299.557500,2150
299.558000,2037
299.558500,2189
299.559000,2064
299.559500,1987
299.560000,2150
299.560500,2040
299.561000,2186
299.561500,2060
299.562000,1983
299.562500,2151
299.563000,2040
299.563500,2190
299.564000,2069
299.564500,1993
299.565000,2153
299.565500,2043
299.566000,2190
299.566500,2064
299.567000,1987
299.567500,2149
299.568000,2037
299.568500,2192
299.569000,2069
299.569500,1991
299.570000,2150
299.570500,2039
299.571000,2185
299.571500,2058
299.572000,1978
299.572500,2146
299.573000,2039
299.573500,2189
299.574000,2064
299.574500,1987
299.575000,2149
299.575500,2039
299.576000,2186
299.576500,2060
299.577000,1983
299.577500,2150
299.578000,2039
299.578500,2191
299.579000,2065
299.579500,1990
299.580000,2150
299.580500,2040
299.581000,2187
299.581500,2061
299.582000,1983
299.582500,2152
299.583000,2040
299.583500,2191
299.584000,2067
299.584500,1992
299.585000,2153
299.585500,2042
299.586000,2189
299.586500,2063
299.587000,1985
299.587500,2148
299.588000,2038
299.588500,2188
299.589000,2062
299.589500,1984
299.590000,2145
299.590500,2035
299.591000,2184
299.591500,2058
299.592000,1977
299.592500,2146
299.593000,2040
299.593500,2189
299.594000,2066
299.594500,1990
299.595000,2150
299.595500,2040
299.596000,2186
299.596500,2060
299.597000,1982
299.597500,2150
299.598000,2039
299.598500,2190
299.599000,2064
299.599500,1988
299.600000,2150
299.600500,2040
299.601000,2186
299.601500,2061
299.602000,1983
299.602500,2151
299.603000,2042
299.603500,2190
299.604000,2066
299.604500,1991
299.605000,2153
299.605500,2042
299.606000,2189
299.606500,2063
299.607000,1986
299.607500,2149
299.608000,2038
299.608500,2188
299.609000,2062
299.609500,1983
299.610000,2149
299.610500,2038
299.611000,2184
299.611500,2058
299.612000,1978
299.612500,2146
299.613000,2039
299.613500,2188
299.614000,2062
299.614500,1983
299.615000,2151
299.615500,2039
299.616000,2187
299.616500,2061
299.617000,1982
299.617500,2150
299.618000,2039
299.618500,2188
299.619000,2063
299.619500,1985
299.620000,2148
299.620500,2039
299.621000,2186
299.621500,2061
299.622000,1983
299.622500,2151
299.623000,2043
299.623500,2191
299.624000,2068
299.624500,1992
299.625000,2153
299.625500,2042
299.626000,2190
299.626500,2064
299.627000,1987
299.627500,2151
299.628000,2040
299.628500,2190
299.629000,2064
299.629500,1986
299.630000,2148
299.630500,2037
299.631000,2184
299.631500,2058
299.632000,1979
299.632500,2146
299.633000,2036
299.633500,2188
299.634000,2063
299.634500,1984
299.635000,2146
299.635500,2037
299.636000,2185
299.636500,2060
299.637000,1982
299.637500,2150
299.638000,2041
299.638500,2191
299.639000,2066
299.639500,1990
299.640000,2150
299.640500,2040
299.641000,2186
299.641500,2061
299.642000,1983
299.642500,2152
299.643000,2045
299.643500,2193
299.644000,2071
299.644500,1994
299.645000,2154
299.645500,2043
299.646000,2190
299.646500,2064
299.647000,1988
299.647500,2149
299.648000,2039
299.648500,2189
299.649000,2063
299.649500,1984
299.650000,2145
299.650500,2034
299.651000,2183
299.651500,2057
299.652000,1978
299.652500,2145
299.653000,2037
299.653500,2189
299.654000,2064
299.654500,1986
299.655000,2149
299.655500,2039
299.656000,2186
299.656500,2061
299.657000,1982
299.657500,2150
299.658000,2041
299.658500,2190
299.659000,2065
299.659500,1989
299.660000,2150
299.660500,2041
299.661000,2186
299.661500,2061
299.662000,1983
299.662500,2152
299.663000,2041
299.663500,2191
299.664000,2068
299.664500,1991
299.665000,2153
299.665500,2043
299.666000,2190
299.666500,2064
299.667000,1987
299.667500,2151
299.668000,2040
299.668500,2190
299.669000,2064
299.669500,1986
299.670000,2148
299.670500,2038
299.671000,2184
299.671500,2058
299.672000,1979
299.672500,2146
299.673000,2037
299.673500,2187
299.674000,2062
299.674500,1983
299.675000,2150
299.675500,2040
299.676000,2186
299.676500,2060
299.677000,1982
299.677500,2149
299.678000,2037
299.678500,2190
299.679000,2066
299.679500,1990
299.680000,2151
299.680500,2041
299.681000,2187
299.681500,2062
299.682000,1984
299.682500,2147
299.683000,2040
299.683500,2192
299.684000,2069
299.684500,1993
299.685000,2154
299.685500,2043
299.686000,2189
299.686500,2064
299.687000,1987
299.687500,2149
299.688000,2039
299.688500,2187
299.689000,2062
299.689500,1983
299.690000,2149
299.690500,2038
299.691000,2184
299.691500,2058
299.692000,1978
299.692500,2146
299.693000,2039
299.693500,2189
299.694000,2065
299.694500,1988
299.695000,2149
299.695500,2039
299.696000,2187
299.696500,2061
299.697000,1982
299.697500,2149
299.698000,2037
299.698500,2191
299.699000,2068
299.699500,1991
299.700000,2151
299.700500,2041
299.701000,2187
299.701500,2062
299.702000,1984
299.702500,2147
299.703000,2042
299.703500,2191
299.704000,2067
299.704500,1992
299.705000,2153
299.705500,2043
299.706000,2189
299.706500,2064
299.707000,1988
299.707500,2150
299.708000,2039
299.708500,2189
299.709000,2063
299.709500,1984
299.710000,2145
299.710500,2035
299.711000,2183
299.711500,2058
299.712000,1978
299.712500,2146
299.713000,2037
299.713500,2188
299.714000,2063
299.714500,1985
299.715000,2148
299.715500,2038
299.716000,2186
299.716500,2061
299.717000,1982
299.717500,2149
299.718000,2038
299.718500,2190
299.719000,2065
299.719500,1989
299.720000,2150
299.720500,2040
299.721000,2188
299.721500,2061
299.722000,1983
299.722500,2152
299.723000,2043
299.723500,2192
299.724000,2070
299.724500,1993
299.725000,2153
299.725500,2042
299.726000,2189
299.726500,2064
299.727000,1987
299.727500,2150
299.728000,2037
299.728500,2189
299.729000,2064
299.729500,1986
299.730000,2148
299.730500,2038
299.731000,2184
299.731500,2058
299.732000,1978
299.732500,2146
299.733000,2038
299.733500,2188
299.734000,2062
299.734500,1983
299.735000,2151
299.735500,2040
299.736000,2185
299.736500,2061
299.737000,1983
299.737500,2150
299.738000,2039
299.738500,2189
299.739000,2064
299.739500,1988
299.740000,2149
299.740500,2040
299.741000,2186
299.741500,2061
299.742000,1983
299.742500,2152
299.743000,2043
299.743500,2191
299.744000,2068
299.744500,1992
299.745000,2153
299.745500,2043
299.746000,2190
299.746500,2064
299.747000,1988
299.747500,2150
299.748000,2040
299.748500,2190
299.749000,2064
299.749500,1986
299.750000,2148
299.750500,2037
299.751000,2185
299.751500,2058
299.752000,1978
299.752500,2147
299.753000,2036
299.753500,2186
299.754000,2061
299.754500,1983
299.755000,2151
299.755500,2040
299.756000,2186
299.756500,2061
299.757000,1982
299.757500,2150
299.758000,2038
299.758500,2190
299.759000,2065
299.759500,1989
299.760000,2150
299.760500,2040
299.761000,2186
299.761500,2061
299.762000,1983
299.762500,2152
299.763000,2042
299.763500,2192
299.764000,2069
299.764500,1993
299.765000,2154
299.765500,2043
299.766000,2190
299.766500,2064
299.767000,1988
299.767500,2150
299.768000,2044
299.768500,2190
299.769000,2064
299.769500,1986
299.770000,2147
299.770500,2037
299.771000,2184
299.771500,2058
299.772000,1978
299.772500,2146
299.773000,2036
299.773500,2186
299.774000,2061
299.774500,1983
299.775000,2150
299.775500,2040
299.776000,2186
299.776500,2061
299.777000,1982
299.777500,2150
299.778000,2039
299.778500,2190
299.779000,2065
299.779500,1989
299.780000,2151
299.780500,2041
299.781000,2187
299.781500,2061
299.782000,1983
299.782500,2151
299.783000,2041
299.783500,2191
299.784000,2068
299.784500,1992
299.785000,2153
299.785500,2043
299.786000,2190
299.786500,2064
299.787000,1988
299.787500,2150
299.788000,2038
299.788500,2190
299.789000,2064
299.789500,1986
299.790000,2148
299.790500,2037
299.791000,2184
299.791500,2058
299.792000,1979
299.792500,2147
299.793000,2038
299.793500,2189
299.794000,2063
299.794500,1985
299.795000,2147
299.795500,2038
299.796000,2185
299.796500,2060
299.797000,1981
299.797500,2149
299.798000,2039
299.798500,2189
299.799000,2064
299.799500,1988
299.800000,2150
299.800500,2040
299.801000,2186
299.801500,2061
299.802000,1983
299.802500,2152
299.803000,2044
299.803500,2193
299.804000,2071
299.804500,1993
299.805000,2154
299.805500,2044
299.806000,2190
299.806500,2065
299.807000,1988
299.807500,2150
299.808000,2040
299.808500,2190
299.809000,2064
299.809500,1986
299.810000,2148
299.810500,2038
299.811000,2184
299.811500,2058
299.812000,1978
299.812500,2146
299.813000,2039
299.813500,2189
299.814000,2064
299.814500,1987
299.815000,2149
299.815500,2039
299.816000,2187
299.816500,2061
299.817000,1982
299.817500,2150
299.818000,2038
299.818500,2189
299.819000,2064
299.819500,1988
299.820000,2149
299.820500,2040
299.821000,2186
299.821500,2062
299.822000,1984
299.822500,2147
299.823000,2038
299.823500,2190
299.824000,2066
299.824500,1991
299.825000,2153
299.825500,2042
299.826000,2189
299.826500,2064
299.827000,1986
299.827500,2149
299.828000,2040
299.828500,2190
299.829000,2064
299.829500,1987
299.830000,2149
299.830500,2037
299.831000,2185
299.831500,2058
299.832000,1978
299.832500,2147
299.833000,2035
299.833500,2188
299.834000,2063
299.834500,1985
299.835000,2148
299.835500,2039
299.836000,2186
299.836500,2061
299.837000,1983
299.837500,2151
299.838000,2038
299.838500,2190
299.839000,2064
299.839500,1988
299.840000,2150
299.840500,2040
299.841000,2186
299.841500,2060
299.842000,1982
299.842500,2151
299.843000,2038
299.843500,2191
299.844000,2068
299.844500,1992
299.845000,2153
299.845500,2043
299.846000,2189
299.846500,2063
299.847000,1985
299.847500,2148
299.848000,2037
299.848500,2190
299.849000,2066
299.849500,1988
299.850000,2149
299.850500,2037
299.851000,2185
299.851500,2057
299.852000,1979
299.852500,2146
299.853000,2038
299.853500,2189
299.854000,2064
299.854500,1987
299.855000,2148
299.855500,2039
299.856000,2186
299.856500,2060
299.857000,1982
299.857500,2150
299.858000,2039
299.858500,2189
299.859000,2064
299.859500,1988
299.860000,2149
299.860500,2040
299.861000,2186
299.861500,2061
299.862000,1983
299.862500,2151
299.863000,2040
299.863500,2191
299.864000,2067
299.864500,1991
299.865000,2153
299.865500,2043
299.866000,2189
299.866500,2063
299.867000,1985
299.867500,2148
299.868000,2040
299.868500,2190
299.869000,2064
299.869500,1986
299.870000,2148
299.870500,2037
299.871000,2184
299.871500,2058
299.872000,1978
299.872500,2146
299.873000,2038
299.873500,2189
299.874000,2063
299.874500,1985
299.875000,2148
299.875500,2038
299.876000,2185
299.876500,2060
299.877000,1981
299.877500,2149
299.878000,2038
299.878500,2189
299.879000,2064
299.879500,1988
299.880000,2150
299.880500,2040
299.881000,2186
299.881500,2061
299.882000,1983
299.882500,2151
299.883000,2041
299.883500,2190
299.884000,2066
299.884500,1991
299.885000,2153
299.885500,2043
299.886000,2190
299.886500,2064
299.887000,1987
299.887500,2150
299.888000,2038
299.888500,2189
299.889000,2064
299.889500,1986
299.890000,2148
299.890500,2037
299.891000,2185
299.891500,2059
299.892000,1979
299.892500,2147
299.893000,2039
299.893500,2189
299.894000,2064
299.894500,1987
299.895000,2149
299.895500,2039
299.896000,2186
299.896500,2060
299.897000,1982
299.897500,2150
299.898000,2039
299.898500,2189
299.899000,2064
299.899500,1988
299.900000,2150
299.900500,2040
299.901000,2187
299.901500,2060
299.902000,1983
299.902500,2151
299.903000,2038
299.903500,2191
299.904000,2068
299.904500,1992
299.905000,2154
299.905500,2043
299.906000,2189
299.906500,2063
299.907000,1985
299.907500,2148
299.908000,2041
299.908500,2190
299.909000,2063
299.909500,1984
299.910000,2145
299.910500,2035
299.911000,2183
299.911500,2057
299.912000,1977
299.912500,2146
299.913000,2034
299.913500,2188
299.914000,2062
299.914500,1984
299.915000,2146
299.915500,2038
299.916000,2185
299.916500,2060
299.917000,1982
299.917500,2149
299.918000,2037
299.918500,2191
299.919000,2068
299.919500,1991
299.920000,2152
299.920500,2041
299.921000,2186
299.921500,2061
299.922000,1984
299.922500,2147
299.923000,2041
299.923500,2192
299.924000,2069
299.924500,1993
299.925000,2154
299.925500,2043
299.926000,2190
299.926500,2064
299.927000,1987
299.927500,2149
299.928000,2043
299.928500,2190
299.929000,2065
299.929500,1987
299.930000,2149
299.930500,2038
299.931000,2185
299.931500,2058
299.932000,1978
299.932500,2146
299.933000,2037
299.933500,2185
299.934000,2061
299.934500,1983
299.935000,2150
299.935500,2041
299.936000,2186
299.936500,2061
299.937000,1983
299.937500,2150
299.938000,2042
299.938500,2191
299.939000,2065
299.939500,1989
299.940000,2150
299.940500,2040
299.941000,2187
299.941500,2062
299.942000,1984
299.942500,2147
299.943000,2040
299.943500,2192
299.944000,2069
299.944500,1993
299.945000,2154
299.945500,2043
299.946000,2189
299.946500,2063
299.947000,1985
299.947500,2148
299.948000,2038
299.948500,2190
299.949000,2064
299.949500,1986
299.950000,2147
299.950500,2037
299.951000,2184
299.951500,2058
299.952000,1978
299.952500,2147
299.953000,2039
299.953500,2190
299.954000,2067
299.954500,1990
299.955000,2150
299.955500,2040
299.956000,2185
299.956500,2060
299.957000,1982
299.957500,2149
299.958000,2040
299.958500,2191
299.959000,2065
299.959500,1990
299.960000,2150
299.960500,2040
299.961000,2187
299.961500,2061
299.962000,1984
299.962500,2146
299.963000,2039
299.963500,2192
299.964000,2070
299.964500,1993
299.965000,2153
299.965500,2043
299.966000,2191
299.966500,2065
299.967000,1989
299.967500,2150
299.968000,2037
299.968500,2188
299.969000,2062
299.969500,1983
299.970000,2150
299.970500,2038
299.971000,2184
299.971500,2058
299.972000,1978
299.972500,2146
299.973000,2036
299.973500,2187
299.974000,2062
299.974500,1984
299.975000,2145
299.975500,2037
299.976000,2185
299.976500,2059
299.977000,1981
299.977500,2149
299.978000,2041
299.978500,2193
299.979000,2072
299.979500,1993
299.980000,2153
299.980500,2041
299.981000,2188
299.981500,2062
299.982000,1984
299.982500,2147
299.983000,2039
299.983500,2189
299.984000,2065
299.984500,1990
299.985000,2152
299.985500,2042
299.986000,2189
299.986500,2063
299.987000,1985
299.987500,2148
299.988000,2040
299.988500,2190
299.989000,2064
299.989500,1986
299.990000,2148
299.990500,2037
299.991000,2184
299.991500,2058
299.992000,1978
299.992500,2146
299.993000,2040
299.993500,2188
299.994000,2062
299.994500,1984
299.995000,2146
299.995500,2038
299.996000,2185
299.996500,2060
299.997000,1982
299.997500,2150
299.998000,2040
299.998500,2190
299.999000,2064
299.999500,1988
300.000000,2150
300.000500,2040
300.001000,2187
300.001500,2062
300.002000,1984
300.002500,2147
300.003000,2040
300.003500,2189
300.004000,2066
300.004500,1991
300.005000,2153
300.005500,2042
300.006000,2189
300.006500,2063
300.007000,1985
300.007500,2148
300.008000,2038
300.008500,2188
300.009000,2063
300.009500,1984
300.010000,2146
300.010500,2036
300.011000,2183
300.011500,2057
300.012000,1978
300.012500,2146
300.013000,2036
300.013500,2186
300.014000,2061
300.014500,1983
300.015000,2151
300.015500,2040
300.016000,2185
300.016500,2060
300.017000,1982
300.017500,2150
300.018000,2040
300.018500,2192
300.019000,2070
300.019500,1992
300.020000,2152
300.020500,2041
300.021000,2188
300.021500,2061
300.022000,1984
300.022500,2147
300.023000,2039
300.023500,2191
300.024000,2067
300.024500,1992
300.025000,2153
300.025500,2043
300.026000,2190
300.026500,2064
300.027000,1987
300.027500,2149
300.028000,2040
300.028500,2190
300.029000,2064
300.029500,1987
300.030000,2148
300.030500,2038
300.031000,2184
300.031500,2058
300.032000,1978
300.032500,2146
300.033000,2038
300.033500,2189
300.034000,2064
300.034500,1986
300.035000,2149
300.035500,2040
300.036000,2186
300.036500,2060
300.037000,1982
300.037500,2150
300.038000,2040
300.038500,2190
300.039000,2065
300.039500,1989
300.040000,2151
300.040500,2041
300.041000,2187
300.041500,2061
300.042000,1983
300.042500,2151
300.043000,2039
300.043500,2194
300.044000,2074
300.044500,1995
300.045000,2156
300.045500,2044
300.046000,2191
300.046500,2065
300.047000,1989
300.047500,2150
300.048000,2037
300.048500,2192
300.049000,2069
300.049500,1991
300.050000,2151
300.050500,2039
300.051000,2185
300.051500,2058
300.052000,1978
300.052500,2147
300.053000,2040
300.053500,2189
300.054000,2063
300.054500,1985
300.055000,2148
300.055500,2039
300.056000,2186
300.056500,2060
300.057000,1982
300.057500,2150
300.058000,2041
300.058500,2190
300.059000,2065
300.059500,1989
300.060000,2150
300.060500,2040
300.061000,2187
300.061500,2061
300.062000,1983
300.062500,2152
300.063000,2041
300.063500,2193
300.064000,2071
300.064500,1994
300.065000,2154
300.065500,2042
300.066000,2189
300.066500,2064
300.067000,1987
300.067500,2149
300.068000,2037
300.068500,2189
300.069000,2063
300.069500,1984
300.070000,2145
300.070500,2036
300.071000,2182
300.071500,2057
300.072000,1977
300.072500,2146
300.073000,2036
300.073500,2187
300.074000,2062
300.074500,1983
300.075000,2151
300.075500,2040
300.076000,2186
300.076500,2060
300.077000,1982
300.077500,2150
300.078000,2038
300.078500,2191
300.079000,2066
300.079500,1990
300.080000,2151
300.080500,2040
300.081000,2186
300.081500,2061
300.082000,1983
300.082500,2151
300.083000,2043
300.083500,2193
300.084000,2071
300.084500,1994
300.085000,2154
300.085500,2043
300.086000,2190
300.086500,2064
300.087000,1987
300.087500,2149
300.088000,2037
300.088500,2188
300.089000,2063
300.089500,1984
300.090000,2145
300.090500,2035
300.091000,2183
300.091500,2057
300.092000,1978
300.092500,2145
300.093000,2039
300.093500,2187
300.094000,2062
300.094500,1983
300.095000,2150
300.095500,2040
300.096000,2186
300.096500,2060
300.097000,1982
300.097500,2149
300.098000,2041
300.098500,2188
300.099000,2064
300.099500,1987
300.100000,2150
300.100500,2040
300.101000,2186
300.101500,2061
300.102000,1983
300.102500,2152
300.103000,2042
300.103500,2194
300.104000,2074
300.104500,1995
300.105000,2156
300.105500,2045
300.106000,2191
300.106500,2065
300.107000,1989
300.107500,2150
300.108000,2040
300.108500,2190
300.109000,2064
300.109500,1986
300.110000,2148
300.110500,2037
300.111000,2184
300.111500,2057
300.112000,1979
300.112500,2146
300.113000,2040
300.113500,2190
300.114000,2066
300.114500,1989
300.115000,2150
300.115500,2040
300.116000,2186
300.116500,2060
300.117000,1982
300.117500,2149
300.118000,2039
300.118500,2189
300.119000,2064
300.119500,1988
300.120000,2149
300.120500,2040
300.121000,2186
300.121500,2061
300.122000,1983
300.122500,2151
300.123000,2039
300.123500,2192
300.124000,2070
300.124500,1993
300.125000,2154
300.125500,2043
300.126000,2190
300.126500,2064
300.127000,1987
300.127500,2150
300.128000,2041
300.128500,2190
300.129000,2064
300.129500,1986
300.130000,2148
300.130500,2037
300.131000,2184
300.131500,2057
300.132000,1978
300.132500,2145
300.133000,2036
300.133500,2185
300.134000,2061
300.134500,1982
300.135000,2149
300.135500,2040
300.136000,2186
300.136500,2060
300.137000,1982
300.137500,2150
300.138000,2039
300.138500,2189
300.139000,2064
300.139500,1988
300.140000,2149
300.140500,2040
300.141000,2186
300.141500,2061
300.142000,1983
300.142500,2152
300.143000,2043
300.143500,2195
300.144000,2073
300.144500,1996
300.145000,2155
300.145500,2044
300.146000,2190
300.146500,2065
300.147000,1988
300.147500,2150
300.148000,2041
300.148500,2190
300.149000,2064
300.149500,1986
300.150000,2148
300.150500,2038
300.151000,2184
300.151500,2058
300.152000,1979
300.152500,2147
300.153000,2041
300.153500,2188
300.154000,2063
300.154500,1985
300.155000,2147
300.155500,2038
300.156000,2185
300.156500,2060
300.157000,1982
300.157500,2149
300.158000,2037
300.158500,2189
300.159000,2064
300.159500,1988
300.160000,2151
300.160500,2040
300.161000,2186
300.161500,2061
300.162000,1983
300.162500,2152
300.163000,2040
300.163500,2191
300.164000,2067
300.164500,1992
300.165000,2153
300.165500,2042
300.166000,2188
300.166500,2063
300.167000,1986
300.167500,2149
300.168000,2037
300.168500,2188
300.169000,2063
300.169500,1983
300.170000,2150
300.170500,2039
300.171000,2185
300.171500,2058
300.172000,1979
300.172500,2146
300.173000,2034
300.173500,2189
300.174000,2066
300.174500,1990
300.175000,2150
300.175500,2040
300.176000,2186
300.176500,2061
300.177000,1983
300.177500,2151
300.178000,2042
300.178500,2190
300.179000,2065
300.179500,1989
300.180000,2150
300.180500,2041
300.181000,2186
300.181500,2061
300.182000,1984
300.182500,2146
300.183000,2040
300.183500,2189
300.184000,2066
300.184500,1991
300.185000,2153
300.185500,2042
300.186000,2189
300.186500,2063
300.187000,1985
300.187500,2148
300.188000,2039
300.188500,2190
300.189000,2064
300.189500,1987
300.190000,2148
300.190500,2038
300.191000,2184
300.191500,2058
300.192000,1978
300.192500,2146
300.193000,2038
300.193500,2189
300.194000,2063
300.194500,1985
300.195000,2147
300.195500,2038
300.196000,2185
300.196500,2060
300.197000,1982
300.197500,2150
300.198000,2041
300.198500,2190
300.199000,2065
300.199500,1989
300.200000,2150
300.200500,2041
300.201000,2187
300.201500,2061
300.202000,1983
300.202500,2152
300.203000,2041
300.203500,2192
300.204000,2070
300.204500,1993
300.205000,2153
300.205500,2043
300.206000,2190
300.206500,2063
300.207000,1985
300.207500,2148
300.208000,2036
300.208500,2188
300.209000,2062
300.209500,1983
300.210000,2150
300.210500,2039
300.211000,2184
300.211500,2058
300.212000,1978
300.212500,2146
300.213000,2039
300.213500,2187
300.214000,2062
300.214500,1983
300.215000,2150
300.215500,2039
300.216000,2187
300.216500,2061
300.217000,1982
300.217500,2150
300.218000,2037
300.218500,2191
300.219000,2068
300.219500,1991
300.220000,2151
300.220500,2040
300.221000,2186
300.221500,2061
300.222000,1983
300.222500,2152
300.223000,2045
300.223500,2193
300.224000,2071
300.224500,1994
300.225000,2154
300.225500,2044
300.226000,2190
300.226500,2064
300.227000,1987
300.227500,2149
300.228000,2038
300.228500,2190
300.229000,2064
300.229500,1987
300.230000,2148
300.230500,2038
300.231000,2184
300.231500,2058
300.232000,1978
300.232500,2146
300.233000,2039
300.233500,2190
300.234000,2066
300.234500,1989
300.235000,2150
300.235500,2040
300.236000,2186
300.236500,2060
300.237000,1982
300.237500,2149
300.238000,2039
300.238500,2193
300.239000,2071
300.239500,1992
300.240000,2152
300.240500,2041
300.241000,2188
300.241500,2062
300.242000,1984
300.242500,2147
300.243000,2040
300.243500,2190
300.244000,2068
300.244500,1992
300.245000,2153
300.245500,2042
300.246000,2188
300.246500,2064
300.247000,1986
300.247500,2149
300.248000,2042
300.248500,2189
300.249000,2063
300.249500,1984
300.250000,2145
300.250500,2036
300.251000,2183
300.251500,2057
300.252000,1978
300.252500,2145
300.253000,2038
300.253500,2186
300.254000,2061
300.254500,1983
300.255000,2151
300.255500,2041
300.256000,2186
300.256500,2061
300.257000,1982
300.257500,2150
300.258000,2039
300.258500,2189
300.259000,2064
300.259500,1987
300.260000,2149
300.260500,2040
300.261000,2186
300.261500,2061
300.262000,1983
300.262500,2151
300.263000,2045
300.263500,2193
300.264000,2070
300.264500,1994
300.265000,2154
300.265500,2043
300.266000,2190
300.266500,2064
300.267000,1988
300.267500,2149
300.268000,2037
300.268500,2189
300.269000,2063
300.269500,1984
300.270000,2145
300.270500,2035
300.271000,2183
300.271500,2057
300.272000,1978
300.272500,2145
300.273000,2034
300.273500,2186
300.274000,2061
300.274500,1983
300.275000,2150
300.275500,2040
300.276000,2186
300.276500,2060
300.277000,1982
300.277500,2150
300.278000,2038
300.278500,2190
300.279000,2065
300.279500,1989
300.280000,2150
300.280500,2040
300.281000,2187
300.281500,2061
300.282000,1984
300.282500,2148
300.283000,2040
300.283500,2192
300.284000,2070
300.284500,1993
300.285000,2154
300.285500,2043
300.286000,2190
300.286500,2065
300.287000,1989
300.287500,2151
300.288000,2041
300.288500,2189
300.289000,2064
300.289500,1986
300.290000,2148
300.290500,2037
300.291000,2184
300.291500,2057
300.292000,1978
300.292500,2146
300.293000,2034
300.293500,2187
300.294000,2062
300.294500,1984
300.295000,2146
300.295500,2038
300.296000,2185
300.296500,2060
300.297000,1982
300.297500,2150
300.298000,2037
300.298500,2188
300.299000,2063
300.299500,1985
300.300000,2148
300.300500,2039
300.301000,2186
300.301500,2061
300.302000,1983
300.302500,2152
300.303000,2043
300.303500,2191
300.304000,2067
300.304500,1992
300.305000,2153
300.305500,2043
300.306000,2189
300.306500,2063
300.307000,1985
300.307500,2148
300.308000,2037
300.308500,2190
300.309000,2063
300.309500,1984
300.310000,2145
300.310500,2035
300.311000,2183
300.311500,2057
300.312000,1978
300.312500,2145
300.313000,2037
300.313500,2187
300.314000,2062
300.314500,1983
300.315000,2150
300.315500,2040
300.316000,2186
300.316500,2060
300.317000,1982
300.317500,2150
300.318000,2041
300.318500,2190
300.319000,2065
300.319500,1989
300.320000,2151
300.320500,2040
300.321000,2186
300.321500,2061
300.322000,1983
300.322500,2151
300.323000,2044
300.323500,2193
300.324000,2071
300.324500,1994
300.325000,2154
300.325500,2043
300.326000,2189
300.326500,2063
300.327000,1985
300.327500,2148
300.328000,2038
300.328500,2188
300.329000,2062
300.329500,1983
300.330000,2149
300.330500,2038
300.331000,2184
300.331500,2057
300.332000,1978
300.332500,2146
300.333000,2035
300.333500,2188
300.334000,2062
300.334500,1984
300.335000,2145
300.335500,2037
300.336000,2185
300.336500,2060
300.337000,1982
300.337500,2149
300.338000,2041
300.338500,2192
300.339000,2069
300.339500,1992
300.340000,2151
300.340500,2041
300.341000,2188
300.341500,2062
300.342000,1984
300.342500,2147
300.343000,2038
300.343500,2189
300.344000,2065
300.344500,1990
300.345000,2152
300.345500,2042
300.346000,2188
300.346500,2063
300.347000,1985
300.347500,2148
300.348000,2036
300.348500,2191
300.349000,2067
300.349500,1989
300.350000,2149
300.350500,2039
300.351000,2185
300.351500,2058
300.352000,1979
300.352500,2146
300.353000,2035
300.353500,2187
300.354000,2062
300.354500,1984
300.355000,2145
300.355500,2037
300.356000,2185
300.356500,2060
300.357000,1982
300.357500,2149
300.358000,2038
300.358500,2189
300.359000,2064
300.359500,1988
300.360000,2149
300.360500,2040
300.361000,2186
300.361500,2061
300.362000,1983
300.362500,2152
300.363000,2041
300.363500,2193
300.364000,2073
300.364500,1995
300.365000,2155
300.365500,2044
300.366000,2190
300.366500,2064
300.367000,1988
300.367500,2149
300.368000,2038
300.368500,2188
300.369000,2062
300.369500,1983
300.370000,2149
300.370500,2038
300.371000,2184
300.371500,2058
300.372000,1978
300.372500,2146
300.373000,2036
300.373500,2186
300.374000,2061
300.374500,1983
300.375000,2150
300.375500,2040
300.376000,2187
300.376500,2061
300.377000,1983
300.377500,2150
300.378000,2039
300.378500,2188
300.379000,2063
300.379500,1986
300.380000,2148
300.380500,2040
300.381000,2186
300.381500,2061
300.382000,1983
300.382500,2152
300.383000,2044
300.383500,2191
300.384000,2067
300.384500,1992
300.385000,2153
300.385500,2042
300.386000,2188
300.386500,2063
300.387000,1985
300.387500,2148
300.388000,2038
300.388500,2189
300.389000,2063
300.389500,1984
300.390000,2144
300.390500,2034
300.391000,2182
300.391500,2056
300.392000,1978
300.392500,2146
300.393000,2036
300.393500,2187
300.394000,2062
300.394500,1984
300.395000,2146
300.395500,2037
300.396000,2184
300.396500,2060
300.397000,1981
300.397500,2148
300.398000,2040
300.398500,2193
300.399000,2071
300.399500,1993
300.400000,2152
300.400500,2041
300.401000,2188
300.401500,2062
300.402000,1984
300.402500,2148
300.403000,2041
300.403500,2189
300.404000,2066
300.404500,1991
300.405000,2153
300.405500,2042
300.406000,2188
300.406500,2063
300.407000,1985
300.407500,2148
300.408000,2041
300.408500,2189
300.409000,2064
300.409500,1986
300.410000,2148
300.410500,2037
300.411000,2184
300.411500,2057
300.412000,1978
300.412500,2145
300.413000,2037
300.413500,2188
300.414000,2062
300.414500,1984
300.415000,2146
300.415500,2037
300.416000,2185
300.416500,2060
300.417000,1981
300.417500,2150
300.418000,2037
300.418500,2189
300.419000,2064
300.419500,1987
300.420000,2149
300.420500,2040
300.421000,2187
300.421500,2061
300.422000,1983
300.422500,2152
300.423000,2042
300.423500,2192
300.424000,2069
300.424500,1993
300.425000,2154
300.425500,2043
300.426000,2190
300.426500,2064
300.427000,1987
300.427500,2149
300.428000,2038
300.428500,2189
300.429000,2063
300.429500,1984
300.430000,2145
300.430500,2035
300.431000,2183
300.431500,2056
300.432000,1978
300.432500,2146
300.433000,2035
300.433500,2188
300.434000,2063
300.434500,1984
300.435000,2145
300.435500,2037
300.436000,2185
300.436500,2060
300.437000,1981
300.437500,2149
300.438000,2041
300.438500,2190
300.439000,2065
300.439500,1989
300.440000,2150
300.440500,2041
300.441000,2186
300.441500,2061
300.442000,1983
300.442500,2152
300.443000,2042
300.443500,2192
300.444000,2069
300.444500,1992
300.445000,2153
300.445500,2043
300.446000,2189
300.446500,2064
300.447000,1987
300.447500,2150
300.448000,2038
300.448500,2189
300.449000,2063
300.449500,1984
300.450000,2144
300.450500,2034
300.451000,2182
300.451500,2056
300.452000,1978
300.452500,2145
300.453000,2037
300.453500,2189
300.454000,2064
300.454500,1987
300.455000,2148
300.455500,2039
300.456000,2187
300.456500,2061
300.457000,1982
300.457500,2150
300.458000,2038
300.458500,2189
300.459000,2064
300.459500,1988
300.460000,2149
300.460500,2040
300.461000,2186
300.461500,2061
300.462000,1984
300.462500,2147
300.463000,2041
300.463500,2193
300.464000,2071
300.464500,1994
300.465000,2153
300.465500,2043
300.466000,2190
300.466500,2064
300.467000,1988
300.467500,2149
300.468000,2040
300.468500,2190
300.469000,2064
300.469500,1986
300.470000,2148
300.470500,2037
300.471000,2184
300.471500,2057
300.472000,1978
300.472500,2145
300.473000,2038
300.473500,2187
300.474000,2062
300.474500,1984
300.475000,2145
300.475500,2037
300.476000,2185
300.476500,2060
300.477000,1982
300.477500,2150
300.478000,2041
300.478500,2193
300.479000,2071
300.479500,1993
300.480000,2152
300.480500,2041
300.481000,2188
300.481500,2062
300.482000,1984
300.482500,2147
300.483000,2040
300.483500,2192
300.484000,2069
300.484500,1993
300.485000,2155
300.485500,2043
300.486000,2190
300.486500,2064
300.487000,1987
300.487500,2150
300.488000,2038
300.488500,2190
300.489000,2063
300.489500,1984
300.490000,2145
300.490500,2035
300.491000,2183
300.491500,2057
300.492000,1978
300.492500,2145
300.493000,2036
300.493500,2186
300.494000,2061
300.494500,1983
300.495000,2150
300.495500,2040
300.496000,2186
300.496500,2060
300.497000,1982
300.497500,2150
300.498000,2040
300.498500,2189
300.499000,2064
300.499500,1988
300.500000,2149
300.500500,2040
300.501000,2187
300.501500,2062
300.502000,1984
300.502500,2147
300.503000,2040
300.503500,2192
300.504000,2069
300.504500,1993
300.505000,2155
300.505500,2044
300.506000,2189
300.506500,2064
300.507000,1987
300.507500,2150
300.508000,2042
300.508500,2189
300.509000,2063
300.509500,1984
300.510000,2144
300.510500,2034
300.511000,2182
300.511500,2056
300.512000,1978
300.512500,2146
300.513000,2037
300.513500,2189
300.514000,2064
300.514500,1987
300.515000,2149
300.515500,2040
300.516000,2186
300.516500,2060
300.517000,1981
300.517500,2150
300.518000,2043
300.518500,2190
300.519000,2064
300.519500,1988
300.520000,2150
300.520500,2040
300.521000,2187
300.521500,2061
300.522000,1983
300.522500,2152
300.523000,2043
300.523500,2191
300.524000,2068
300.524500,1992
300.525000,2153
300.525500,2043
300.526000,2190
300.526500,2064
300.527000,1987
300.527500,2149
300.528000,2041
300.528500,2190
300.529000,2064
300.529500,1986
300.530000,2148
300.530500,2037
300.531000,2184
300.531500,2057
300.532000,1978
300.532500,2146
300.533000,2038
300.533500,2186
300.534000,2062
300.534500,1983
300.535000,2150
300.535500,2040
300.536000,2187
300.536500,2061
300.537000,1983
300.537500,2151
300.538000,2042
300.538500,2191
300.539000,2065
300.539500,1989
300.540000,2150
300.540500,2040
300.541000,2186
300.541500,2061
300.542000,1983
300.542500,2152
300.543000,2039
300.543500,2192
300.544000,2070
300.544500,1993
300.545000,2153
300.545500,2042
300.546000,2189
300.546500,2063
300.547000,1985
300.547500,2148
300.548000,2036
300.548500,2188
300.549000,2062
300.549500,1983
300.550000,2149
300.550500,2038
300.551000,2184
300.551500,2057
300.552000,1978
300.552500,2146
300.553000,2034
300.553500,2187
300.554000,2062
300.554500,1984
300.555000,2145
300.555500,2036
300.556000,2184
300.556500,2059
300.557000,1981
300.557500,2149
300.558000,2039
300.558500,2191
300.559000,2068
300.559500,1991
300.560000,2151
300.560500,2041
300.561000,2187
300.561500,2061
300.562000,1984
300.562500,2147
300.563000,2039
300.563500,2190
300.564000,2066
300.564500,1991
300.565000,2153
300.565500,2042
300.566000,2189
300.566500,2063
300.567000,1985
300.567500,2147
300.568000,2038
300.568500,2189
300.569000,2064
300.569500,1986
300.570000,2148
300.570500,2037
300.571000,2184
300.571500,2057
300.572000,1978
300.572500,2146
300.573000,2036
300.573500,2186
300.574000,2061
300.574500,1983
300.575000,2150
300.575500,2040
300.576000,2186
300.576500,2061
300.577000,1982
300.577500,2149
300.578000,2042
300.578500,2189
300.579000,2064
300.579500,1987
300.580000,2149
300.580500,2039
300.581000,2187
300.581500,2062
300.582000,1984
300.582500,2147
300.583000,2041
300.583500,2192
300.584000,2070
300.584500,1994
300.585000,2154
300.585500,2043
300.586000,2189
300.586500,2064
300.587000,1987
300.587500,2149
300.588000,2040
300.588500,2192
300.589000,2069
300.589500,1991
300.590000,2150
300.590500,2039
300.591000,2185
300.591500,2058
300.592000,1979
300.592500,2146
300.593000,2035
300.593500,2187
300.594000,2062
300.594500,1984
300.595000,2146
300.595500,2037
300.596000,2184
300.596500,2060
300.597000,1982
300.597500,2149
300.598000,2041
300.598500,2191
300.599000,2066
300.599500,1991
300.600000,2151
300.600500,2041
300.601000,2187
300.601500,2062
300.602000,1984
300.602500,2147
300.603000,2043
300.603500,2192
300.604000,2069
300.604500,1993
300.605000,2154
300.605500,2042
300.606000,2189
300.606500,2063
300.607000,1985
300.607500,2148
300.608000,2040
300.608500,2191
300.609000,2067
300.609500,1990
300.610000,2148
300.610500,2038
300.611000,2185
300.611500,2058
300.612000,1978
300.612500,2146
300.613000,2035
300.613500,2187
300.614000,2062
300.614500,1983
300.615000,2150
300.615500,2040
300.616000,2186
300.616500,2060
300.617000,1982
300.617500,2149
300.618000,2039
300.618500,2188
300.619000,2063
300.619500,1985
300.620000,2148
300.620500,2039
300.621000,2187
300.621500,2061
300.622000,1983
300.622500,2152
300.623000,2041
300.623500,2191
300.624000,2067
300.624500,1992
300.625000,2153
300.625500,2042
300.626000,2189
300.626500,2063
300.627000,1985
300.627500,2148
300.628000,2040
300.628500,2190
300.629000,2064
300.629500,1986
300.630000,2147
300.630500,2037
300.631000,2184
300.631500,2057
300.632000,1978
300.632500,2146
300.633000,2036
300.633500,2185
300.634000,2061
300.634500,1983
300.635000,2150
300.635500,2040
300.636000,2185
300.636500,2060
300.637000,1982
300.637500,2149
300.638000,2039
300.638500,2190
300.639000,2064
300.639500,1988
300.640000,2149
300.640500,2040
300.641000,2187
300.641500,2061
300.642000,1984
300.642500,2146
300.643000,2042
300.643500,2192
300.644000,2070
300.644500,1994
300.645000,2154
300.645500,2044
300.646000,2190
300.646500,2064
300.647000,1987
300.647500,2149
300.648000,2040
300.648500,2189
300.649000,2063
300.649500,1985
300.650000,2147
300.650500,2037
300.651000,2184
300.651500,2057
300.652000,1978
300.652500,2146
300.653000,2034
300.653500,2186
300.654000,2062
300.654500,1983
300.655000,2150
300.655500,2040
300.656000,2186
300.656500,2061
300.657000,1982
300.657500,2149
300.658000,2037
300.658500,2188
300.659000,2064
300.659500,1987
300.660000,2149
300.660500,2040
300.661000,2186
300.661500,2061
300.662000,1983
300.662500,2152
300.663000,2043
300.663500,2191
300.664000,2067
300.664500,1992
300.665000,2153
300.665500,2043
300.666000,2189
300.666500,2063
300.667000,1985
300.667500,2148
300.668000,2040
300.668500,2190
300.669000,2064
300.669500,1986
300.670000,2148
300.670500,2037
300.671000,2184
300.671500,2057
300.672000,1979
300.672500,2146
300.673000,2035
300.673500,2188
300.674000,2063
300.674500,1984
300.675000,2146
300.675500,2038
300.676000,2185
300.676500,2060
300.677000,1982
300.677500,2150
300.678000,2037
300.678500,2189
300.679000,2064
300.679500,1988
300.680000,2149
300.680500,2039
300.681000,2187
300.681500,2061
300.682000,1983
300.682500,2151
300.683000,2041
300.683500,2191
300.684000,2068
300.684500,1992
300.685000,2153
300.685500,2042
300.686000,2188
300.686500,2063
300.687000,1985
300.687500,2148
300.688000,2039
300.688500,2193
300.689000,2070
300.689500,1991
300.690000,2150
300.690500,2038
300.691000,2185
300.691500,2058
300.692000,1979
300.692500,2146
300.693000,2037
300.693500,2185
300.694000,2061
300.694500,1982
300.695000,2149
300.695500,2039
300.696000,2186
300.696500,2060
300.697000,1982
300.697500,2149
300.698000,2037
300.698500,2191
300.699000,2068
300.699500,1991
300.700000,2152
300.700500,2042
300.701000,2187
300.701500,2062
300.702000,1984
300.702500,2147
300.703000,2039
300.703500,2190
300.704000,2066
300.704500,1991
300.705000,2152
300.705500,2042
300.706000,2188
300.706500,2063
300.707000,1985
300.707500,2147
300.708000,2037
300.708500,2188
300.709000,2062
300.709500,1983
300.710000,2149
300.710500,2038
300.711000,2184
300.711500,2057
300.712000,1978
300.712500,2146
300.713000,2036
300.713500,2187
300.714000,2062
300.714500,1983
300.715000,2150
300.715500,2040
300.716000,2186
300.716500,2060
300.717000,1982
300.717500,2149
300.718000,2038
300.718500,2192
300.719000,2070
300.719500,1992
300.720000,2152
300.720500,2041
300.721000,2188
300.721500,2062
300.722000,1983
300.722500,2152
300.723000,2044
300.723500,2195
300.724000,2073
300.724500,1995
300.725000,2156
300.725500,2044
300.726000,2190
300.726500,2064
300.727000,1987
300.727500,2150
300.728000,2040
300.728500,2192
300.729000,2069
300.729500,1991
300.730000,2149
300.730500,2038
300.731000,2184
300.731500,2057
300.732000,1978
300.732500,2146
300.733000,2038
300.733500,2188
300.734000,2063
300.734500,1985
300.735000,2146
300.735500,2038
300.736000,2185
300.736500,2060
300.737000,1982
300.737500,2149
300.738000,2039
300.738500,2188
300.739000,2063
300.739500,1985
300.740000,2148
300.740500,2039
300.741000,2186
300.741500,2061
300.742000,1983
300.742500,2151
300.743000,2042
300.743500,2192
300.744000,2069
300.744500,1993
300.745000,2154
300.745500,2043
300.746000,2189
300.746500,2063
300.747000,1985
300.747500,2149
300.748000,2040
300.748500,2189
300.749000,2063
300.749500,1984
300.750000,2144
300.750500,2033
300.751000,2182
300.751500,2056
300.752000,1978
300.752500,2146
300.753000,2036
300.753500,2188
300.754000,2065
300.754500,1988
300.755000,2149
300.755500,2039
300.756000,2186
300.756500,2061
300.757000,1982
300.757500,2150
300.758000,2037
300.758500,2188
300.759000,2063
300.759500,1986
300.760000,2148
300.760500,2040
300.761000,2186
300.761500,2061
300.762000,1983
300.762500,2152
300.763000,2039
300.763500,2191
300.764000,2068
300.764500,1992
300.765000,2153
300.765500,2042
300.766000,2188
300.766500,2062
300.767000,1984
300.767500,2146
300.768000,2039
300.768500,2189
300.769000,2063
300.769500,1984
300.770000,2145
300.770500,2036
300.771000,2183
300.771500,2056
300.772000,1978
300.772500,2145
300.773000,2039
300.773500,2189
300.774000,2063
300.774500,1985
300.775000,2147
300.775500,2038
300.776000,2185
300.776500,2060
300.777000,1981
300.777500,2150
300.778000,2043
300.778500,2189
300.779000,2064
300.779500,1988
300.780000,2150
300.780500,2040
300.781000,2186
300.781500,2061
300.782000,1983
300.782500,2152
300.783000,2041
300.783500,2192
300.784000,2069
300.784500,1993
300.785000,2153
300.785500,2043
300.786000,2190
300.786500,2064
300.787000,1987
300.787500,2149
300.788000,2037
300.788500,2189
300.789000,2063
300.789500,1985
300.790000,2146
300.790500,2036
300.791000,2183
300.791500,2056
300.792000,1978
300.792500,2146
300.793000,2037
300.793500,2186
300.794000,2062
300.794500,1983
300.795000,2150
300.795500,2040
300.796000,2186
300.796500,2060
300.797000,1982
300.797500,2149
300.798000,2037
300.798500,2190
300.799000,2067
300.799500,1991
300.800000,2151
300.800500,2041
300.801000,2187
300.801500,2061
300.802000,1983
300.802500,2152
300.803000,2044
300.803500,2192
300.804000,2069
300.804500,1993
300.805000,2154
300.805500,2044
300.806000,2189
300.806500,2064
300.807000,1987
300.807500,2149
300.808000,2040
300.808500,2188
300.809000,2063
300.809500,1984
300.810000,2144
300.810500,2034
300.811000,2182
300.811500,2056
300.812000,1978
300.812500,2146
300.813000,2036
300.813500,2185
300.814000,2061
300.814500,1984
300.815000,2145
300.815500,2036
300.816000,2184
300.816500,2059
300.817000,1981
300.817500,2149
300.818000,2036
300.818500,2191
300.819000,2067
300.819500,1991
300.820000,2152
300.820500,2041
300.821000,2188
300.821500,2062
300.822000,1984
300.822500,2147
300.823000,2043
300.823500,2192
300.824000,2070
300.824500,1993
300.825000,2154
300.825500,2043
300.826000,2189
300.826500,2064
300.827000,1987
300.827500,2149
300.828000,2037
300.828500,2188
300.829000,2063
300.829500,1983
300.830000,2151
300.830500,2039
300.831000,2184
300.831500,2057
300.832000,1978
300.832500,2145
300.833000,2034
300.833500,2187
300.834000,2062
300.834500,1984
300.835000,2145
300.835500,2036
300.836000,2184
300.836500,2061
300.837000,1982
300.837500,2149
300.838000,2038
300.838500,2189
300.839000,2063
300.839500,1985
300.840000,2148
300.840500,2039
300.841000,2186
300.841500,2061
300.842000,1983
300.842500,2152
300.843000,2041
300.843500,2192
300.844000,2069
300.844500,1993
300.845000,2153
300.845500,2042
300.846000,2189
300.846500,2064
300.847000,1987
300.847500,2149
300.848000,2037
300.848500,2191
300.849000,2067
300.849500,1990
300.850000,2148
300.850500,2037
300.851000,2184
300.851500,2057
300.852000,1979
300.852500,2146
300.853000,2038
300.853500,2186
300.854000,2061
300.854500,1983
300.855000,2150
300.855500,2040
300.856000,2186
300.856500,2060
300.857000,1982
300.857500,2149
300.858000,2039
300.858500,2192
300.859000,2069
300.859500,1992
300.860000,2151
300.860500,2041
300.861000,2186
300.861500,2061
300.862000,1983
300.862500,2152
300.863000,2044
300.863500,2193
300.864000,2071
300.864500,1994
300.865000,2154
300.865500,2043
300.866000,2190
300.866500,2063
300.867000,1985
300.867500,2148
300.868000,2038
300.868500,2188
300.869000,2062
300.869500,1983
300.870000,2149
300.870500,2038
300.871000,2184
300.871500,2057
300.872000,1978
300.872500,2145
300.873000,2034
300.873500,2187
300.874000,2062
300.874500,1984
300.875000,2145
300.875500,2037
300.876000,2185
300.876500,2060
300.877000,1982
300.877500,2150
300.878000,2041
300.878500,2190
300.879000,2065
300.879500,1989
300.880000,2150
300.880500,2040
300.881000,2186
300.881500,2061
300.882000,1983
300.882500,2152
300.883000,2045
300.883500,2196
300.884000,2075
300.884500,1996
300.885000,2155
300.885500,2044
300.886000,2190
300.886500,2064
300.887000,1987
300.887500,2149
300.888000,2039
300.888500,2188
300.889000,2062
300.889500,1983
300.890000,2149
300.890500,2038
300.891000,2185
300.891500,2057
300.892000,1978
300.892500,2146
300.893000,2034
300.893500,2186
300.894000,2062
300.894500,1984
300.895000,2146
300.895500,2038
300.896000,2184
300.896500,2059
300.897000,1981
300.897500,2149
300.898000,2039
300.898500,2188
300.899000,2063
300.899500,1986
300.900000,2148
300.900500,2039
300.901000,2186
300.901500,2061
300.902000,1983
300.902500,2152
300.903000,2045
300.903500,2194
300.904000,2072
300.904500,1994
300.905000,2155
300.905500,2044
300.906000,2189
300.906500,2064
300.907000,1987
300.907500,2150
300.908000,2039
300.908500,2189
300.909000,2063
300.909500,1984
300.910000,2144
300.910500,2034
300.911000,2182
300.911500,2056
300.912000,1977
300.912500,2146
300.913000,2035
300.913500,2188
300.914000,2062
300.914500,1984
300.915000,2145
300.915500,2036
300.916000,2184
300.916500,2060
300.917000,1982
300.917500,2149
300.918000,2037
300.918500,2189
300.919000,2064
300.919500,1987
300.920000,2150
300.920500,2040
300.921000,2186
300.921500,2061
300.922000,1983
300.922500,2153
300.923000,2045
300.923500,2194
300.924000,2073
300.924500,1995
300.925000,2156
300.925500,2045
300.926000,2190
300.926500,2064
300.927000,1988
300.927500,2150
300.928000,2037
300.928500,2191
300.929000,2067
300.929500,1991
300.930000,2150
300.930500,2038
300.931000,2185
300.931500,2058
300.932000,1978
300.932500,2146
300.933000,2038
300.933500,2189
300.934000,2063
300.934500,1985
300.935000,2146
300.935500,2038
300.936000,2185
300.936500,2061
300.937000,1982
300.937500,2149
300.938000,2038
300.938500,2189
300.939000,2064
300.939500,1987
300.940000,2150
300.940500,2040
300.941000,2186
300.941500,2060
300.942000,1983
300.942500,2151
300.943000,2044
300.943500,2193
300.944000,2071
300.944500,1993
300.945000,2154
300.945500,2043
300.946000,2190
300.946500,2064
300.947000,1988
300.947500,2149
300.948000,2039
300.948500,2189
300.949000,2063
300.949500,1984
300.950000,2144
300.950500,2034
300.951000,2182
300.951500,2056
300.952000,1978
300.952500,2145
300.953000,2038
300.953500,2186
300.954000,2061
300.954500,1983
300.955000,2150
300.955500,2040
300.956000,2186
300.956500,2060
300.957000,1982
300.957500,2149
300.958000,2037
300.958500,2192
300.959000,2070
300.959500,1992
300.960000,2151
300.960500,2041
300.961000,2187
300.961500,2061
300.962000,1983
300.962500,2152
300.963000,2044
300.963500,2193
300.964000,2071
300.964500,1994
300.965000,2154
300.965500,2043
300.966000,2189
300.966500,2064
300.967000,1987
300.967500,2149
300.968000,2039
300.968500,2189
300.969000,2063
300.969500,1984
300.970000,2144
300.970500,2033
300.971000,2182
300.971500,2055
300.972000,1977
300.972500,2145
300.973000,2038
300.973500,2187
300.974000,2062
300.974500,1983
300.975000,2151
300.975500,2040
300.976000,2186
300.976500,2060
300.977000,1982
300.977500,2150
300.978000,2036
300.978500,2189
300.979000,2064
300.979500,1987
300.980000,2149
300.980500,2040
300.981000,2186
300.981500,2061
300.982000,1983
300.982500,2152
300.983000,2040
300.983500,2191
300.984000,2068
300.984500,1992
300.985000,2153
300.985500,2043
300.986000,2190
300.986500,2064
300.987000,1987
300.987500,2149
300.988000,2038
300.988500,2189
300.989000,2063
300.989500,1984
300.990000,2145
300.990500,2036
300.991000,2183
300.991500,2057
300.992000,1978
300.992500,2145
300.993000,2034
300.993500,2186
300.994000,2061
300.994500,1983
300.995000,2150
300.995500,2040
300.996000,2185
300.996500,2061
300.997000,1983
300.997500,2150
300.998000,2039
300.998500,2191
300.999000,2068
300.999500,1991
301.000000,2151
301.000500,2041
301.001000,2188
301.001500,2062
301.002000,1984
301.002500,2147
301.003000,2040
301.003500,2189
301.004000,2066
301.004500,1991
301.005000,2153
301.005500,2042
301.006000,2189
301.006500,2063
301.007000,1985
301.007500,2148
301.008000,2038
301.008500,2189
301.009000,2063
301.009500,1984
301.010000,2144
301.010500,2034
301.011000,2182
301.011500,2056
301.012000,1978
301.012500,2146
301.013000,2036
301.013500,2186
301.014000,2061
301.014500,1983
301.015000,2150
301.015500,2041
301.016000,2186
301.016500,2060
301.017000,1982
301.017500,2149
301.018000,2043
301.018500,2190
301.019000,2064
301.019500,1987
301.020000,2149
301.020500,2040
301.021000,2186
301.021500,2061
301.022000,1983
301.022500,2152
301.023000,2040
301.023500,2192
301.024000,2070
301.024500,1993
301.025000,2154
301.025500,2044
301.026000,2189
301.026500,2064
301.027000,1987
301.027500,2149
301.028000,2039
301.028500,2188
301.029000,2062
301.029500,1982
301.030000,2148
301.030500,2038
301.031000,2184
301.031500,2057
301.032000,1979
301.032500,2146
301.033000,2036
301.033500,2187
301.034000,2062
301.034500,1983
301.035000,2150
301.035500,2041
301.036000,2187
301.036500,2061
301.037000,1983
301.037500,2150
301.038000,2041
301.038500,2190
301.039000,2064
301.039500,1988
301.040000,2149
301.040500,2040
301.041000,2186
301.041500,2061
301.042000,1983
301.042500,2152
301.043000,2040
301.043500,2193
301.044000,2071
301.044500,1994
301.045000,2154
301.045500,2043
301.046000,2190
301.046500,2064
301.047000,1988
301.047500,2149
301.048000,2042
301.048500,2188
301.049000,2062
301.049500,1983
301.050000,2149
301.050500,2038
301.051000,2184
301.051500,2057
301.052000,1978
301.052500,2146
301.053000,2037
301.053500,2185
301.054000,2060
301.054500,1983
301.055000,2150
301.055500,2039
301.056000,2186
301.056500,2060
301.057000,1982
301.057500,2150
301.058000,2037
301.058500,2189
301.059000,2065
301.059500,1989
301.060000,2150
301.060500,2040
301.061000,2187
301.061500,2062
301.062000,1984
301.062500,2147
301.063000,2039
301.063500,2193
301.064000,2071
301.064500,1994
301.065000,2154
301.065500,2044
301.066000,2189
301.066500,2063
301.067000,1985
301.067500,2148
301.068000,2038
301.068500,2188
301.069000,2063
301.069500,1984
301.070000,2145
301.070500,2035
301.071000,2183
301.071500,2056
301.072000,1978
301.072500,2145
301.073000,2034
301.073500,2186
301.074000,2061
301.074500,1983
301.075000,2150
301.075500,2040
301.076000,2186
301.076500,2060
301.077000,1982
301.077500,2150
301.078000,2037
301.078500,2188
301.079000,2064
301.079500,1987
301.080000,2149
301.080500,2040
301.081000,2187
301.081500,2061
301.082000,1984
301.082500,2146
301.083000,2042
301.083500,2192
301.084000,2069
301.084500,1993
301.085000,2153
301.085500,2043
301.086000,2190
301.086500,2064
301.087000,1987
301.087500,2149
301.088000,2040
301.088500,2190
301.089000,2064
301.089500,1986
301.090000,2148
301.090500,2037
301.091000,2184
301.091500,2057
301.092000,1979
301.092500,2147
301.093000,2039
301.093500,2189
301.094000,2064
301.094500,1988
301.095000,2149
301.095500,2039
301.096000,2186
301.096500,2060
301.097000,1982
301.097500,2149
301.098000,2040
301.098500,2191
301.099000,2066
301.099500,1991
301.100000,2151
301.100500,2041
301.101000,2187
301.101500,2061
301.102000,1983
301.102500,2152
301.103000,2043
301.103500,2194
301.104000,2072
301.104500,1994
301.105000,2155
301.105500,2044
301.106000,2189
301.106500,2064
301.107000,1987
301.107500,2150
301.108000,2040
301.108500,2192
301.109000,2069
301.109500,1990
301.110000,2149
301.110500,2038
301.111000,2184
301.111500,2057
301.112000,1978
301.112500,2145
301.113000,2036
301.113500,2186
301.114000,2062
301.114500,1983
301.115000,2150
301.115500,2040
301.116000,2186
301.116500,2061
301.117000,1982
301.117500,2149
301.118000,2041
301.118500,2192
301.119000,2070
301.119500,1992
301.120000,2151
301.120500,2041
301.121000,2187
301.121500,2062
301.122000,1984
301.122500,2147
301.123000,2043
301.123500,2194
301.124000,2074
301.124500,1996
301.125000,2155
301.125500,2044
301.126000,2189
301.126500,2064
301.127000,1987
301.127500,2149
301.128000,2036
301.128500,2190
301.129000,2066
301.129500,1989
301.130000,2148
301.130500,2037
301.131000,2184
301.131500,2057
301.132000,1978
301.132500,2145
301.133000,2038
301.133500,2188
301.134000,2062
301.134500,1984
301.135000,2146
301.135500,2038
301.136000,2185
301.136500,2060
301.137000,1982
301.137500,2150
301.138000,2041
301.138500,2189
301.139000,2064
301.139500,1987
301.140000,2149
301.140500,2040
301.141000,2186
301.141500,2061
301.142000,1984
301.142500,2147
301.143000,2039
301.143500,2191
301.144000,2068
301.144500,1992
301.145000,2153
301.145500,2043
301.146000,2189
301.146500,2064
301.147000,1988
301.147500,2150
301.148000,2039
301.148500,2188
301.149000,2063
301.149500,1984
301.150000,2144
301.150500,2034
301.151000,2182
301.151500,2056
301.152000,1978
301.152500,2146
301.153000,2037
301.153500,2189
301.154000,2063
301.154500,1985
301.155000,2147
301.155500,2039
301.156000,2186
301.156500,2060
301.157000,1982
301.157500,2149
301.158000,2040
301.158500,2190
301.159000,2065
301.159500,1989
301.160000,2150
301.160500,2040
301.161000,2186
301.161500,2060
301.162000,1982
301.162500,2151
301.163000,2043
301.163500,2192
301.164000,2070
301.164500,1993
301.165000,2153
301.165500,2042
301.166000,2189
301.166500,2063
301.167000,1985
301.167500,2148
301.168000,2040
301.168500,2189
301.169000,2063
301.169500,1984
301.170000,2145
301.170500,2035
301.171000,2183
301.171500,2057
301.172000,1978
301.172500,2145
301.173000,2036
301.173500,2185
301.174000,2061
301.174500,1983
301.175000,2150
301.175500,2039
301.176000,2186
301.176500,2060
301.177000,1982
301.177500,2150
301.178000,2038
301.178500,2189
301.179000,2064
301.179500,1988
301.180000,2149
301.180500,2040
301.181000,2186
301.181500,2061
301.182000,1983
301.182500,2152
301.183000,2040
301.183500,2193
301.184000,2071
301.184500,1994
301.185000,2154
301.185500,2043
301.186000,2190
301.186500,2064
301.187000,1987
301.187500,2149
301.188000,2038
301.188500,2189
301.189000,2063
301.189500,1984
301.190000,2144
301.190500,2034
301.191000,2182
301.191500,2056
301.192000,1978
301.192500,2145
301.193000,2035
301.193500,2186
301.194000,2062
301.194500,1983
301.195000,2150
301.195500,2040
301.196000,2186
301.196500,2060
301.197000,1982
301.197500,2149
301.198000,2041
301.198500,2189
301.199000,2065
301.199500,1989
301.200000,2150
301.200500,2040
301.201000,2186
301.201500,2060
301.202000,1982
301.202500,2151
301.203000,2039
301.203500,2192
301.204000,2070
301.204500,1993
301.205000,2153
301.205500,2043
301.206000,2189
301.206500,2064
301.207000,1987
301.207500,2149
301.208000,2040
301.208500,2187
301.209000,2061
301.209500,1982
301.210000,2148
301.210500,2038
301.211000,2185
301.211500,2057
301.212000,1979
301.212500,2146
301.213000,2036
301.213500,2187
301.214000,2063
301.214500,1984
301.215000,2145
301.215500,2037
301.216000,2185
301.216500,2060
301.217000,1982
301.217500,2149
301.218000,2041
301.218500,2192
301.219000,2069
301.219500,1992
301.220000,2151
301.220500,2041
301.221000,2188
301.221500,2063
301.222000,1985
301.222500,2148
301.223000,2037
301.223500,2190
301.224000,2066
301.224500,1991
301.225000,2153
301.225500,2042
301.226000,2189
301.226500,2063
301.227000,1985
301.227500,2148
301.228000,2039
301.228500,2190
301.229000,2064
301.229500,1986
301.230000,2148
301.230500,2037
301.231000,2185
301.231500,2057
301.232000,1979
301.232500,2147
301.233000,2038
301.233500,2186
301.234000,2061
301.234500,1983
301.235000,2150
301.235500,2040
301.236000,2186
301.236500,2060
301.237000,1982
301.237500,2149
301.238000,2037
301.238500,2191
301.239000,2068
301.239500,1991
301.240000,2151
301.240500,2041
301.241000,2187
301.241500,2062
301.242000,1984
301.242500,2147
301.243000,2040
301.243500,2192
301.244000,2070
301.244500,1993
301.245000,2154
301.245500,2043
301.246000,2189
301.246500,2063
301.247000,1985
301.247500,2147
301.248000,2037
301.248500,2190
301.249000,2067
301.249500,1989
301.250000,2148
301.250500,2038
301.251000,2184
301.251500,2057
301.252000,1979
301.252500,2146
301.253000,2039
301.253500,2188
301.254000,2063
301.254500,1985
301.255000,2147
301.255500,2039
301.256000,2187
301.256500,2061
301.257000,1982
301.257500,2149
301.258000,2041
301.258500,2192
301.259000,2069
301.259500,1992
301.260000,2152
301.260500,2041
301.261000,2188
301.261500,2062
301.262000,1984
301.262500,2147
301.263000,2039
301.263500,2189
301.264000,2065
301.264500,1990
301.265000,2152
301.265500,2042
301.266000,2189
301.266500,2063
301.267000,1985
301.267500,2148
301.268000,2036
301.268500,2188
301.269000,2063
301.269500,1984
301.270000,2144
301.270500,2034
301.271000,2182
301.271500,2056
301.272000,1978
301.272500,2145
301.273000,2036
301.273500,2185
301.274000,2061
301.274500,1983
301.275000,2149
301.275500,2040
301.276000,2185
301.276500,2060
301.277000,1982
301.277500,2149
301.278000,2039
301.278500,2188
301.279000,2063
301.279500,1985
301.280000,2148
301.280500,2039
301.281000,2186
301.281500,2061
301.282000,1983
301.282500,2151
301.283000,2041
301.283500,2192
301.284000,2069
301.284500,1994
301.285000,2153
301.285500,2042
301.286000,2189
301.286500,2063
301.287000,1985
301.287500,2148
301.288000,2038
301.288500,2189
301.289000,2064
301.289500,1986
301.290000,2147
301.290500,2038
301.291000,2183
301.291500,2056
301.292000,1978
301.292500,2145
301.293000,2036
301.293500,2186
301.294000,2061
301.294500,1983
301.295000,2150
301.295500,2041
301.296000,2186
301.296500,2060
301.297000,1982
301.297500,2149
301.298000,2037
301.298500,2190
301.299000,2064
301.299500,1988
301.300000,2149
301.300500,2040
301.301000,2186
301.301500,2061
301.302000,1983
301.302500,2152
301.303000,2044
301.303500,2194
301.304000,2072
301.304500,1994
301.305000,2154
301.305500,2044
301.306000,2189
301.306500,2063
301.307000,1985
301.307500,2148
301.308000,2040
301.308500,2189
301.309000,2064
301.309500,1986
301.310000,2148
301.310500,2038
301.311000,2185
301.311500,2057
301.312000,1979
301.312500,2146
301.313000,2039
301.313500,2188
301.314000,2062
301.314500,1984
301.315000,2146
301.315500,2037
301.316000,2185
301.316500,2060
301.317000,1982
301.317500,2149
301.318000,2037
301.318500,2188
301.319000,2063
301.319500,1986
301.320000,2148
301.320500,2039
301.321000,2186
301.321500,2061
301.322000,1983
301.322500,2151
301.323000,2044
301.323500,2194
301.324000,2074
301.324500,1996
301.325000,2155
301.325500,2044
301.326000,2189
301.326500,2063
301.327000,1985
301.327500,2147
301.328000,2036
301.328500,2187
301.329000,2062
301.329500,1983
301.330000,2149
301.330500,2038
301.331000,2184
301.331500,2057
301.332000,1978
301.332500,2145
301.333000,2039
301.333500,2187
301.334000,2062
301.334500,1984
301.335000,2145
301.335500,2037
301.336000,2184
301.336500,2059
301.337000,1982
301.337500,2149
301.338000,2040
301.338500,2187
301.339000,2063
301.339500,1984
301.340000,2146
301.340500,2038
301.341000,2185
301.341500,2060
301.342000,1983
301.342500,2151
301.343000,2041
301.343500,2190
301.344000,2066
301.344500,1991
301.345000,2152
301.345500,2042
301.346000,2189
301.346500,2063
301.347000,1985
301.347500,2147
301.348000,2037
301.348500,2188
301.349000,2062
301.349500,1983
301.350000,2150
301.350500,2038
301.351000,2184
301.351500,2057
301.352000,1978
301.352500,2146
301.353000,2036
301.353500,2188
301.354000,2063
301.354500,1985
301.355000,2146
301.355500,2037
301.356000,2185
301.356500,2059
301.357000,1981
301.357500,2149
301.358000,2037
301.358500,2188
301.359000,2063
301.359500,1985
301.360000,2148
301.360500,2040
301.361000,2186
301.361500,2061
301.362000,1982
301.362500,2151
301.363000,2043
301.363500,2193
301.364000,2071
301.364500,1994
301.365000,2154
301.365500,2043
301.366000,2189
301.366500,2063
301.367000,1985
301.367500,2148
301.368000,2038
301.368500,2189
301.369000,2063
301.369500,1983
301.370000,2150
301.370500,2039
301.371000,2185
301.371500,2057
301.372000,1978
301.372500,2145
301.373000,2037
301.373500,2189
301.374000,2064
301.374500,1987
301.375000,2149
301.375500,2040
301.376000,2186
301.376500,2060
301.377000,1982
301.377500,2149
301.378000,2042
301.378500,2192
301.379000,2070
301.379500,1992
301.380000,2151
301.380500,2041
301.381000,2187
301.381500,2061
301.382000,1983
301.382500,2153
301.383000,2043
301.383500,2193
301.384000,2073
301.384500,1996
301.385000,2155
301.385500,2044
301.386000,2190
301.386500,2064
301.387000,1987
301.387500,2149
301.388000,2038
301.388500,2189
301.389000,2063
301.389500,1984
301.390000,2145
301.390500,2036
301.391000,2183
301.391500,2056
301.392000,1977
301.392500,2145
301.393000,2037
301.393500,2186
301.394000,2061
301.394500,1983
301.395000,2150
301.395500,2040
301.396000,2186
301.396500,2060
301.397000,1982
301.397500,2149
301.398000,2037
301.398500,2189
301.399000,2064
301.399500,1988
301.400000,2149
301.400500,2039
301.401000,2187
301.401500,2062
301.402000,1984
301.402500,2147
301.403000,2037
301.403500,2191
301.404000,2067
301.404500,1992
301.405000,2152
301.405500,2042
301.406000,2189
301.406500,2062
301.407000,1984
301.407500,2146
301.408000,2036
301.408500,2187
301.409000,2062
301.409500,1982
301.410000,2149
301.410500,2038
301.411000,2184
301.411500,2057
301.412000,1978
301.412500,2146
301.413000,2036
301.413500,2186
301.414000,2062
301.414500,1984
301.415000,2145
301.415500,2036
301.416000,2184
301.416500,2059
301.417000,1981
301.417500,2149
301.418000,2040
301.418500,2188
301.419000,2063
301.419500,1985
301.420000,2148
301.420500,2039
301.421000,2186
301.421500,2061
301.422000,1983
301.422500,2152
301.423000,2042
301.423500,2192
301.424000,2070
301.424500,1993
301.425000,2153
301.425500,2042
301.426000,2188
301.426500,2063
301.427000,1985
301.427500,2147
301.428000,2037
301.428500,2189
301.429000,2063
301.429500,1984
301.430000,2144
301.430500,2034
301.431000,2182
301.431500,2056
301.432000,1978
301.432500,2146
301.433000,2040
301.433500,2187
301.434000,2062
301.434500,1983
301.435000,2150
301.435500,2040
301.436000,2186
301.436500,2060
301.437000,1982
301.437500,2149
301.438000,2041
301.438500,2193
301.439000,2071
301.439500,1993
301.440000,2151
301.440500,2041
301.441000,2187
301.441500,2061
301.442000,1983
301.442500,2152
301.443000,2042
301.443500,2192
301.444000,2069
301.444500,1993
301.445000,2154
301.445500,2043
301.446000,2189
301.446500,2063
301.447000,1985
301.447500,2147
301.448000,2038
301.448500,2188
301.449000,2062
301.449500,1983
301.450000,2149
301.450500,2038
301.451000,2184
301.451500,2057
301.452000,1978
301.452500,2145
301.453000,2038
301.453500,2187
301.454000,2062
301.454500,1983
301.455000,2151
301.455500,2040
301.456000,2185
301.456500,2060
301.457000,1982
301.457500,2149
301.458000,2037
301.458500,2189
301.459000,2064
301.459500,1987
301.460000,2150
301.460500,2040
301.461000,2186
301.461500,2061
301.462000,1983
301.462500,2152
301.463000,2041
301.463500,2191
301.464000,2068
301.464500,1992
301.465000,2153
301.465500,2043
301.466000,2189
301.466500,2063
301.467000,1985
301.467500,2147
301.468000,2039
301.468500,2190
301.469000,2064
301.469500,1986
301.470000,2147
301.470500,2037
301.471000,2184
301.471500,2057
301.472000,1978
301.472500,2145
301.473000,2039
301.473500,2188
301.474000,2063
301.474500,1985
301.475000,2147
301.475500,2038
301.476000,2185
301.476500,2060
301.477000,1982
301.477500,2149
301.478000,2037
301.478500,2189
301.479000,2064
301.479500,1988
301.480000,2149
301.480500,2039
301.481000,2186
301.481500,2061
301.482000,1983
301.482500,2152
301.483000,2044
301.483500,2194
301.484000,2073
301.484500,1995
301.485000,2154
301.485500,2044
301.486000,2190
301.486500,2064
301.487000,1987
301.487500,2150
301.488000,2039
301.488500,2188
301.489000,2062
301.489500,1983
301.490000,2150
301.490500,2038
301.491000,2185
301.491500,2057
301.492000,1979
301.492500,2146
301.493000,2038
301.493500,2190
301.494000,2064
301.494500,1987
301.495000,2149
301.495500,2040
301.496000,2185
301.496500,2060
301.497000,1982
301.497500,2149
301.498000,2038
301.498500,2191
301.499000,2068
301.499500,1991
301.500000,2151
301.500500,2040
301.501000,2187
301.501500,2061
301.502000,1983
301.502500,2152
301.503000,2040
301.503500,2191
301.504000,2068
301.504500,1992
301.505000,2153
301.505500,2043
301.506000,2189
301.506500,2063
301.507000,1985
301.507500,2148
301.508000,2039
301.508500,2192
301.509000,2068
301.509500,1990
301.510000,2150
301.510500,2038
301.511000,2185
301.511500,2058
301.512000,1979
301.512500,2146
301.513000,2040
301.513500,2189
301.514000,2066
301.514500,1989
301.515000,2149
301.515500,2040
301.516000,2186
301.516500,2060
301.517000,1982
301.517500,2149
301.518000,2039
301.518500,2191
301.519000,2068
301.519500,1991
301.520000,2151
301.520500,2041
301.521000,2187
301.521500,2061
301.522000,1983
301.522500,2152
301.523000,2041
301.523500,2193
301.524000,2070
301.524500,1994
301.525000,2154
301.525500,2043
301.526000,2189
301.526500,2064
301.527000,1987
301.527500,2149
301.528000,2041
301.528500,2188
301.529000,2063
301.529500,1984
301.530000,2145
301.530500,2036
301.531000,2182
301.531500,2056
301.532000,1978
301.532500,2146
301.533000,2036
301.533500,2187
301.534000,2062
301.534500,1984
301.535000,2145
301.535500,2037
301.536000,2185
301.536500,2060
301.537000,1982
301.537500,2150
301.538000,2040
301.538500,2188
301.539000,2062
301.539500,1984
301.540000,2146
301.540500,2038
301.541000,2186
301.541500,2062
301.542000,1983
301.542500,2152
301.543000,2041
301.543500,2193
301.544000,2071
301.544500,1994
301.545000,2153
301.545500,2043
301.546000,2189
301.546500,2063
301.547000,1985
301.547500,2147
301.548000,2038
301.548500,2187
301.549000,2061
301.549500,1982
301.550000,2148
301.550500,2038
301.551000,2185
301.551500,2058
301.552000,1979
301.552500,2146
301.553000,2036
301.553500,2187
301.554000,2062
301.554500,1984
301.555000,2145
301.555500,2036
301.556000,2185
301.556500,2060
301.557000,1982
301.557500,2150
301.558000,2037
301.558500,2189
301.559000,2064
301.559500,1987
301.560000,2149
301.560500,2040
301.561000,2186
301.561500,2061
301.562000,1983
301.562500,2152
301.563000,2045
301.563500,2193
301.564000,2071
301.564500,1994
301.565000,2154
301.565500,2043
301.566000,2189
301.566500,2064
301.567000,1986
301.567500,2149
301.568000,2036
301.568500,2189
301.569000,2064
301.569500,1985
301.570000,2146
301.570500,2036
301.571000,2183
301.571500,2056
301.572000,1978
301.572500,2146
301.573000,2034
301.573500,2188
301.574000,2063
301.574500,1984
301.575000,2145
301.575500,2037
301.576000,2185
301.576500,2059
301.577000,1982
301.577500,2149
301.578000,2037
301.578500,2188
301.579000,2063
301.579500,1985
301.580000,2148
301.580500,2040
301.581000,2186
301.581500,2060
301.582000,1982
301.582500,2151
301.583000,2042
301.583500,2191
301.584000,2067
301.584500,1992
301.585000,2153
301.585500,2042
301.586000,2188
301.586500,2063
301.587000,1985
301.587500,2148
301.588000,2040
301.588500,2189
301.589000,2063
301.589500,1984
301.590000,2145
301.590500,2036
301.591000,2182
301.591500,2056
301.592000,1978
301.592500,2145
301.593000,2036
301.593500,2186
301.594000,2061
301.594500,1983
301.595000,2150
301.595500,2040
301.596000,2186
301.596500,2059
301.597000,1981
301.597500,2149
301.598000,2036
301.598500,2189
301.599000,2064
301.599500,1987
301.600000,2149
301.600500,2040
301.601000,2186
301.601500,2062
301.602000,1983
301.602500,2152
301.603000,2045
301.603500,2194
301.604000,2072
301.604500,1993
301.605000,2155
301.605500,2044
301.606000,2189
301.606500,2063
301.607000,1984
301.607500,2146
301.608000,2035
301.608500,2186
301.609000,2061
301.609500,1982
301.610000,2148
301.610500,2038
301.611000,2184
301.611500,2057
301.612000,1978
301.612500,2145
301.613000,2034
301.613500,2186
301.614000,2061
301.614500,1983
301.615000,2150
301.615500,2040
301.616000,2186
301.616500,2061
301.617000,1983
301.617500,2150
301.618000,2041
301.618500,2190
301.619000,2065
301.619500,1989
301.620000,2151
301.620500,2041
301.621000,2186
301.621500,2061
301.622000,1983
301.622500,2151
301.623000,2045
301.623500,2193
301.624000,2071
301.624500,1994
301.625000,2154
301.625500,2043
301.626000,2190
301.626500,2064
301.627000,1987
301.627500,2149
301.628000,2040
301.628500,2188
301.629000,2062
301.629500,1983
301.630000,2149
301.630500,2038
301.631000,2184
301.631500,2057
301.632000,1979
301.632500,2146
301.633000,2035
301.633500,2187
301.634000,2063
301.634500,1984
301.635000,2145
301.635500,2037
301.636000,2185
301.636500,2060
301.637000,1982
301.637500,2149
301.638000,2039
301.638500,2189
301.639000,2064
301.639500,1988
301.640000,2149
301.640500,2039
301.641000,2186
301.641500,2061
301.642000,1983
301.642500,2152
301.643000,2042
301.643500,2192
301.644000,2070
301.644500,1993
301.645000,2153
301.645500,2042
301.646000,2189
301.646500,2064
301.647000,1987
301.647500,2149
301.648000,2037
301.648500,2189
301.649000,2063
301.649500,1984
301.650000,2144
301.650500,2034
301.651000,2182
301.651500,2055
301.652000,1977
301.652500,2145
301.653000,2037
301.653500,2189
301.654000,2064
301.654500,1987
301.655000,2148
301.655500,2039
301.656000,2186
301.656500,2060
301.657000,1982
301.657500,2149
301.658000,2040
301.658500,2190
301.659000,2065
301.659500,1989
301.660000,2151
301.660500,2040
301.661000,2186
301.661500,2061
301.662000,1983
301.662500,2152
301.663000,2040
301.663500,2191
301.664000,2067
301.664500,1992
301.665000,2153
301.665500,2042
301.666000,2188
301.666500,2063
301.667000,1985
301.667500,2148
301.668000,2036
301.668500,2188
301.669000,2062
301.669500,1982
301.670000,2149
301.670500,2038
301.671000,2184
301.671500,2057
301.672000,1978
301.672500,2145
301.673000,2035
301.673500,2186
301.674000,2061
301.674500,1983
301.675000,2150
301.675500,2040
301.676000,2185
301.676500,2060
301.677000,1982
301.677500,2149
301.678000,2038
301.678500,2189
301.679000,2064
301.679500,1987
301.680000,2149
301.680500,2039
301.681000,2187
301.681500,2062
301.682000,1984
301.682500,2147
301.683000,2041
301.683500,2192
301.684000,2069
301.684500,1993
301.685000,2154
301.685500,2043
301.686000,2190
301.686500,2064
301.687000,1987
301.687500,2149
301.688000,2039
301.688500,2188
301.689000,2063
301.689500,1984
301.690000,2144
301.690500,2034
301.691000,2183
301.691500,2056
301.692000,1978
301.692500,2146
301.693000,2040
301.693500,2188
301.694000,2062
301.694500,1984
301.695000,2146
301.695500,2038
301.696000,2185
301.696500,2059
301.697000,1981
301.697500,2149
301.698000,2036
301.698500,2189
301.699000,2065
301.699500,1989
301.700000,2150
301.700500,2040
301.701000,2186
301.701500,2061
301.702000,1983
301.702500,2152
301.703000,2040
301.703500,2191
301.704000,2068
301.704500,1992
301.705000,2153
301.705500,2043
301.706000,2189
301.706500,2063
301.707000,1985
301.707500,2148
301.708000,2040
301.708500,2189
301.709000,2063
301.709500,1984
301.710000,2144
301.710500,2034
301.711000,2182
301.711500,2055
301.712000,1977
301.712500,2145
301.713000,2035
301.713500,2188
301.714000,2064
301.714500,1987
301.715000,2148
301.715500,2039
301.716000,2186
301.716500,2060
301.717000,1982
301.717500,2149
301.718000,2037
301.718500,2190
301.719000,2064
301.719500,1989
301.720000,2149
301.720500,2040
301.721000,2185
301.721500,2061
301.722000,1983
301.722500,2152
301.723000,2041
301.723500,2193
301.724000,2071
301.724500,1994
301.725000,2154
301.725500,2043
301.726000,2189
301.726500,2063
301.727000,1985
301.727500,2148
301.728000,2040
301.728500,2189
301.729000,2063
301.729500,1984
301.730000,2145
301.730500,2035
301.731000,2183
301.731500,2056
301.732000,1978
301.732500,2145
301.733000,2035
301.733500,2188
301.734000,2062
301.734500,1984
301.735000,2146
301.735500,2037
301.736000,2184
301.736500,2059
301.737000,1981
301.737500,2149
301.738000,2038
301.738500,2188
301.739000,2063
301.739500,1985
301.740000,2147
301.740500,2039
301.741000,2186
301.741500,2061
301.742000,1983
301.742500,2152
301.743000,2040
301.743500,2191
301.744000,2067
301.744500,1992
301.745000,2152
301.745500,2042
301.746000,2190
301.746500,2064
301.747000,1987
301.747500,2150
301.748000,2040
301.748500,2190
301.749000,2064
301.749500,1986
301.750000,2147
301.750500,2038
301.751000,2184
301.751500,2057
301.752000,1978
301.752500,2146
301.753000,2038
301.753500,2188
301.754000,2063
301.754500,1985
301.755000,2146
301.755500,2038
301.756000,2185
301.756500,2060
301.757000,1982
301.757500,2149
301.758000,2039
301.758500,2189
301.759000,2064
301.759500,1987
301.760000,2149
301.760500,2040
301.761000,2186
301.761500,2061
301.762000,1983
301.762500,2153
301.763000,2043
301.763500,2195
301.764000,2073
301.764500,1996
301.765000,2155
301.765500,2044
301.766000,2189
301.766500,2064
301.767000,1987
301.767500,2149
301.768000,2039
301.768500,2192
301.769000,2068
301.769500,1990
301.770000,2149
301.770500,2038
301.771000,2184
301.771500,2057
301.772000,1979
301.772500,2146
301.773000,2039
301.773500,2188
301.774000,2063
301.774500,1984
301.775000,2145
301.775500,2037
301.776000,2185
301.776500,2060
301.777000,1982
301.777500,2150
301.778000,2040
301.778500,2188
301.779000,2063
301.779500,1986
301.780000,2148
301.780500,2039
301.781000,2186
301.781500,2061
301.782000,1983
301.782500,2151
301.783000,2040
301.783500,2191
301.784000,2068
301.784500,1992
301.785000,2153
301.785500,2042
301.786000,2189
301.786500,2063
301.787000,1985
301.787500,2148
301.788000,2040
301.788500,2189
301.789000,2063
301.789500,1984
301.790000,2145
301.790500,2035
301.791000,2184
301.791500,2057
301.792000,1978
301.792500,2145
301.793000,2036
301.793500,2186
301.794000,2062
301.794500,1983
301.795000,2150
301.795500,2040
301.796000,2186
301.796500,2060
301.797000,1982
301.797500,2150
301.798000,2039
301.798500,2189
301.799000,2064
301.799500,1988
301.800000,2149
301.800500,2040
301.801000,2186
301.801500,2061
301.802000,1983
301.802500,2152
301.803000,2039
301.803500,2192
301.804000,2069
301.804500,1993
301.805000,2153
301.805500,2043
301.806000,2190
301.806500,2063
301.807000,1985
301.807500,2147
301.808000,2036
301.808500,2188
301.809000,2062
301.809500,1983
301.810000,2149
301.810500,2038
301.811000,2184
301.811500,2057
301.812000,1978
301.812500,2145
301.813000,2039
301.813500,2188
301.814000,2063
301.814500,1984
301.815000,2146
301.815500,2037
301.816000,2184
301.816500,2060
301.817000,1981
301.817500,2149
301.818000,2036
301.818500,2188
301.819000,2063
301.819500,1985
301.820000,2148
301.820500,2039
301.821000,2186
301.821500,2061
301.822000,1983
301.822500,2152
301.823000,2041
301.823500,2192
301.824000,2069
301.824500,1993
301.825000,2154
301.825500,2043
301.826000,2190
301.826500,2064
301.827000,1987
301.827500,2149
301.828000,2041
301.828500,2190
301.829000,2064
301.829500,1986
301.830000,2147
301.830500,2037
301.831000,2184
301.831500,2057
301.832000,1978
301.832500,2145
301.833000,2035
301.833500,2186
301.834000,2061
301.834500,1983
301.835000,2150
301.835500,2040
301.836000,2186
301.836500,2060
301.837000,1982
301.837500,2150
301.838000,2040
301.838500,2188
301.839000,2063
301.839500,1986
301.840000,2148
301.840500,2039
301.841000,2185
301.841500,2060
301.842000,1982
301.842500,2151
301.843000,2042
301.843500,2193
301.844000,2071
301.844500,1994
301.845000,2153
301.845500,2043
301.846000,2189
301.846500,2063
301.847000,1985
301.847500,2148
301.848000,2042
301.848500,2188
301.849000,2062
301.849500,1983
301.850000,2150
301.850500,2038
301.851000,2185
301.851500,2057
301.852000,1978
301.852500,2146
301.853000,2038
301.853500,2188
301.854000,2063
301.854500,1985
301.855000,2147
301.855500,2038
301.856000,2185
301.856500,2060
301.857000,1982
301.857500,2149
301.858000,2042
301.858500,2190
301.859000,2064
301.859500,1988
301.860000,2149
301.860500,2041
301.861000,2188
301.861500,2062
301.862000,1984
301.862500,2147
301.863000,2038
301.863500,2191
301.864000,2067
301.864500,1992
301.865000,2152
301.865500,2042
301.866000,2189
301.866500,2063
301.867000,1984
301.867500,2146
301.868000,2035
301.868500,2187
301.869000,2061
301.869500,1982
301.870000,2148
301.870500,2038
301.871000,2185
301.871500,2057
301.872000,1979
301.872500,2146
301.873000,2034
301.873500,2187
301.874000,2062
301.874500,1984
301.875000,2145
301.875500,2037
301.876000,2184
301.876500,2059
301.877000,1981
301.877500,2148
301.878000,2037
301.878500,2189
301.879000,2064
301.879500,1987
301.880000,2149
301.880500,2039
301.881000,2187
301.881500,2061
301.882000,1983
301.882500,2152
301.883000,2040
301.883500,2192
301.884000,2069
301.884500,1993
301.885000,2153
301.885500,2043
301.886000,2189
301.886500,2064
301.887000,1987
301.887500,2149
301.888000,2041
301.888500,2192
301.889000,2069
301.889500,1991
301.890000,2150
301.890500,2039
301.891000,2185
301.891500,2057
301.892000,1979
301.892500,2146
301.893000,2035
301.893500,2188
301.894000,2062
301.894500,1984
301.895000,2145
301.895500,2036
301.896000,2184
301.896500,2060
301.897000,1982
301.897500,2149
301.898000,2038
301.898500,2189
301.899000,2064
301.899500,1987
301.900000,2149
301.900500,2039
301.901000,2186
301.901500,2061
301.902000,1984
301.902500,2148
301.903000,2041
301.903500,2191
301.904000,2069
301.904500,1993
301.905000,2153
301.905500,2042
301.906000,2189
301.906500,2063
301.907000,1985
301.907500,2148
301.908000,2037
301.908500,2189
301.909000,2065
301.909500,1988
301.910000,2148
301.910500,2038
301.911000,2184
301.911500,2057
301.912000,1979
301.912500,2146
301.913000,2040
301.913500,2187
301.914000,2062
301.914500,1984
301.915000,2145
301.915500,2037
301.916000,2185
301.916500,2060
301.917000,1981
301.917500,2149
301.918000,2037
301.918500,2189
301.919000,2064
301.919500,1988
301.920000,2149
301.920500,2040
301.921000,2186
301.921500,2061
301.922000,1983
301.922500,2152
301.923000,2041
301.923500,2192
301.924000,2069
301.924500,1993
301.925000,2153
301.925500,2042
301.926000,2188
301.926500,2062
301.927000,1984
301.927500,2146
301.928000,2040
301.928500,2189
301.929000,2062
301.929500,1982
301.930000,2149
301.930500,2037
301.931000,2185
301.931500,2057
301.932000,1978
301.932500,2145
301.933000,2035
301.933500,2187
301.934000,2063
301.934500,1985
301.935000,2147
301.935500,2038
301.936000,2185
301.936500,2060
301.937000,1981
301.937500,2149
301.938000,2041
301.938500,2190
301.939000,2065
301.939500,1989
301.940000,2150
301.940500,2040
301.941000,2185
301.941500,2061
301.942000,1983
301.942500,2151
301.943000,2042
301.943500,2193
301.944000,2071
301.944500,1994
301.945000,2153
301.945500,2043
301.946000,2189
301.946500,2063
301.947000,1985
301.947500,2147
301.948000,2038
301.948500,2188
301.949000,2062
301.949500,1983
301.950000,2149
301.950500,2038
301.951000,2184
301.951500,2057
301.952000,1979
301.952500,2146
301.953000,2036
301.953500,2186
301.954000,2062
301.954500,1983
301.955000,2150
301.955500,2040
301.956000,2186
301.956500,2060
301.957000,1981
301.957500,2149
301.958000,2039
301.958500,2191
301.959000,2068
301.959500,1991
301.960000,2151
301.960500,2041
301.961000,2187
301.961500,2061
301.962000,1983
301.962500,2151
301.963000,2042
301.963500,2193
301.964000,2073
301.964500,1996
301.965000,2155
301.965500,2044
301.966000,2189
301.966500,2063
301.967000,1985
301.967500,2147
301.968000,2036
301.968500,2190
301.969000,2065
301.969500,1988
301.970000,2148
301.970500,2038
301.971000,2184
301.971500,2057
301.972000,1978
301.972500,2146
301.973000,2036
301.973500,2185
301.974000,2061
301.974500,1982
301.975000,2149
301.975500,2039
301.976000,2186
301.976500,2060
301.977000,1982
301.977500,2149
301.978000,2038
301.978500,2189
301.979000,2064
301.979500,1987
301.980000,2150
301.980500,2040
301.981000,2186
301.981500,2061
301.982000,1984
301.982500,2146
301.983000,2040
301.983500,2189
301.984000,2066
301.984500,1991
301.985000,2152
301.985500,2042
301.986000,2188
301.986500,2063
301.987000,1984
301.987500,2145
301.988000,2038
301.988500,2188
301.989000,2062
301.989500,1983
301.990000,2149
301.990500,2038
301.991000,2184
301.991500,2057
301.992000,1979
301.992500,2146
301.993000,2039
301.993500,2190
301.994000,2066
301.994500,1989
301.995000,2149
301.995500,2040
301.996000,2185
301.996500,2060
301.997000,1982
301.997500,2150
301.998000,2039
301.998500,2189
301.999000,2064
301.999500,1987
302.000000,2149
302.000500,2040
302.001000,2186
302.001500,2061
302.002000,1983
302.002500,2152
302.003000,2041
302.003500,2192
302.004000,2069
302.004500,1993
302.005000,2154
302.005500,2043
302.006000,2189
302.006500,2063
302.007000,1985
302.007500,2147
302.008000,2036
302.008500,2187
302.009000,2061
302.009500,1982
302.010000,2148
302.010500,2037
302.011000,2184
302.011500,2057
302.012000,1978
302.012500,2145
302.013000,2035
302.013500,2186
302.014000,2061
302.014500,1983
302.015000,2150
302.015500,2040
302.016000,2185
302.016500,2060
302.017000,1982
302.017500,2149
302.018000,2042
302.018500,2189
302.019000,2064
302.019500,1987
302.020000,2149
302.020500,2040
302.021000,2186
302.021500,2061
302.022000,1983
302.022500,2151
302.023000,2041
302.023500,2193
302.024000,2072
302.024500,1994
302.025000,2155
302.025500,2044
302.026000,2189
302.026500,2063
302.027000,1985
302.027500,2148
302.028000,2039
302.028500,2190
302.029000,2064
302.029500,1986
302.030000,2147
302.030500,2036
302.031000,2183
302.031500,2056
302.032000,1978
302.032500,2145
302.033000,2034
302.033500,2185
302.034000,2060
302.034500,1982
302.035000,2149
302.035500,2039
302.036000,2186
302.036500,2060
302.037000,1982
302.037500,2149
302.038000,2038
302.038500,2189
302.039000,2064
302.039500,1987
302.040000,2150
302.040500,2039
302.041000,2186
302.041500,2061
302.042000,1983
302.042500,2151
302.043000,2044
302.043500,2193
302.044000,2070
302.044500,1993
302.045000,2153
302.045500,2042
302.046000,2189
302.046500,2063
302.047000,1985
302.047500,2147
302.048000,2036
302.048500,2186
302.049000,2061
302.049500,1981
302.050000,2149
302.050500,2038
302.051000,2183
302.051500,2056
302.052000,1978
302.052500,2145
302.053000,2038
302.053500,2187
302.054000,2062
302.054500,1984
302.055000,2145
302.055500,2037
302.056000,2184
302.056500,2060
302.057000,1982
302.057500,2149
302.058000,2040
302.058500,2188
302.059000,2063
302.059500,1985
302.060000,2148
302.060500,2039
302.061000,2186
302.061500,2061
302.062000,1983
302.062500,2152
302.063000,2041
302.063500,2193
302.064000,2071
302.064500,1994
302.065000,2154
302.065500,2043
302.066000,2189
302.066500,2063
302.067000,1986
302.067500,2147
302.068000,2037
302.068500,2189
302.069000,2063
302.069500,1984
302.070000,2144
302.070500,2034
302.071000,2182
302.071500,2055
302.072000,1978
302.072500,2144
302.073000,2034
302.073500,2185
302.074000,2061
302.074500,1983
302.075000,2150
302.075500,2040
302.076000,2185
302.076500,2060
302.077000,1982
302.077500,2149
302.078000,2041
302.078500,2190
302.079000,2066
302.079500,1989
302.080000,2150
302.080500,2040
302.081000,2186
302.081500,2060
302.082000,1983
302.082500,2151
302.083000,2043
302.083500,2191
302.084000,2067
302.084500,1992
302.085000,2152
302.085500,2042
302.086000,2189
302.086500,2063
302.087000,1985
302.087500,2148
302.088000,2039
302.088500,2190
302.089000,2064
302.089500,1986
302.090000,2147
302.090500,2037
302.091000,2184
302.091500,2056
302.092000,1978
302.092500,2146
302.093000,2035
302.093500,2187
302.094000,2062
302.094500,1983
302.095000,2150
302.095500,2039
302.096000,2186
302.096500,2061
302.097000,1982
302.097500,2150
302.098000,2040
302.098500,2191
302.099000,2068
302.099500,1991
302.100000,2151
302.100500,2040
302.101000,2185
302.101500,2061
302.102000,1983
302.102500,2151
302.103000,2042
302.103500,2190
302.104000,2066
302.104500,1991
302.105000,2152
302.105500,2043
302.106000,2189
302.106500,2063
302.107000,1985
302.107500,2148
302.108000,2038
302.108500,2188
302.109000,2062
302.109500,1983
302.110000,2149
302.110500,2038
302.111000,2184
302.111500,2056
302.112000,1978
302.112500,2146
302.113000,2036
302.113500,2187
302.114000,2062
302.114500,1983
302.115000,2150
302.115500,2040
302.116000,2185
302.116500,2060
302.117000,1982
302.117500,2149
302.118000,2039
302.118500,2189
302.119000,2064
302.119500,1987
302.120000,2150
302.120500,2040
302.121000,2186
302.121500,2061
302.122000,1983
302.122500,2152
302.123000,2042
302.123500,2192
302.124000,2069
302.124500,1994
302.125000,2153
302.125500,2042
302.126000,2189
302.126500,2063
302.127000,1984
302.127500,2146
302.128000,2037
302.128500,2187
302.129000,2062
302.129500,1982
302.130000,2148
302.130500,2038
302.131000,2184
302.131500,2057
302.132000,1978
302.132500,2145
302.133000,2036
302.133500,2186
302.134000,2062
302.134500,1983
302.135000,2150
302.135500,2040
302.136000,2185
302.136500,2060
302.137000,1982
302.137500,2150
302.138000,2041
302.138500,2188
302.139000,2063
302.139500,1985
302.140000,2148
302.140500,2039
302.141000,2186
302.141500,2061
302.142000,1983
302.142500,2152
302.143000,2042
302.143500,2192
302.144000,2069
302.144500,1993
302.145000,2154
302.145500,2043
302.146000,2189
302.146500,2063
302.147000,1985
302.147500,2148
302.148000,2037
302.148500,2189
302.149000,2063
302.149500,1984
302.150000,2144
302.150500,2034
302.151000,2183
302.151500,2056
302.152000,1978
302.152500,2145
302.153000,2037
302.153500,2189
302.154000,2064
302.154500,1987
302.155000,2149
302.155500,2039
302.156000,2186
302.156500,2060
302.157000,1982
302.157500,2149
302.158000,2039
302.158500,2189
302.159000,2064
302.159500,1987
302.160000,2149
302.160500,2039
302.161000,2186
302.161500,2061
302.162000,1983
302.162500,2152
302.163000,2041
302.163500,2192
302.164000,2071
302.164500,1994
302.165000,2154
302.165500,2043
302.166000,2189
302.166500,2063
302.167000,1985
302.167500,2148
302.168000,2040
302.168500,2189
302.169000,2064
302.169500,1986
302.170000,2146
302.170500,2037
302.171000,2183
302.171500,2056
302.172000,1978
302.172500,2145
302.173000,2034
302.173500,2186
302.174000,2061
302.174500,1983
302.175000,2150
302.175500,2040
302.176000,2186
302.176500,2060
302.177000,1982
302.177500,2149
302.178000,2040
302.178500,2190
302.179000,2065
302.179500,1989
302.180000,2150
302.180500,2040
302.181000,2186
302.181500,2061
302.182000,1983
302.182500,2151
302.183000,2043
302.183500,2191
302.184000,2067
302.184500,1992
302.185000,2152
302.185500,2042
302.186000,2189
302.186500,2063
302.187000,1985
302.187500,2148
302.188000,2042
302.188500,2188
302.189000,2061
302.189500,1982
302.190000,2148
302.190500,2037
302.191000,2184
302.191500,2057
302.192000,1978
302.192500,2145
302.193000,2038
302.193500,2186
302.194000,2061
302.194500,1983
302.195000,2150
302.195500,2040
302.196000,2185
302.196500,2060
302.197000,1982
302.197500,2149
302.198000,2040
302.198500,2191
302.199000,2065
302.199500,1989
302.200000,2150
302.200500,2040
302.201000,2186
302.201500,2061
302.202000,1983
302.202500,2152
302.203000,2043
302.203500,2194
302.204000,2072
302.204500,1995
302.205000,2155
302.205500,2044
302.206000,2190
302.206500,2064
302.207000,1987
302.207500,2149
302.208000,2039
302.208500,2188
302.209000,2062
302.209500,1983
302.210000,2149
302.210500,2038
302.211000,2184
302.211500,2056
302.212000,1978
302.212500,2145
302.213000,2036
302.213500,2188
302.214000,2062
302.214500,1983
302.215000,2150
302.215500,2040
302.216000,2185
302.216500,2060
302.217000,1982
302.217500,2149
302.218000,2038
302.218500,2189
302.219000,2064
302.219500,1988
302.220000,2149
302.220500,2040
302.221000,2186
302.221500,2061
302.222000,1983
302.222500,2152
302.223000,2046
302.223500,2195
302.224000,2074
302.224500,1996
302.225000,2155
302.225500,2044
302.226000,2189
302.226500,2064
302.227000,1987
302.227500,2149
302.228000,2040
302.228500,2191
302.229000,2067
302.229500,1990
302.230000,2148
302.230500,2039
302.231000,2184
302.231500,2057
302.232000,1978
302.232500,2145
302.233000,2036
302.233500,2186
302.234000,2062
302.234500,1983
302.235000,2150
302.235500,2039
302.236000,2187
302.236500,2060
302.237000,1981
302.237500,2149
302.238000,2037
302.238500,2189
302.239000,2063
302.239500,1985
302.240000,2148
302.240500,2039
302.241000,2186
302.241500,2061
302.242000,1983
302.242500,2151
302.243000,2043
302.243500,2193
302.244000,2071
302.244500,1994
302.245000,2153
302.245500,2043
302.246000,2190
302.246500,2064
302.247000,1986
302.247500,2149
302.248000,2037
302.248500,2188
302.249000,2063
302.249500,1983
302.250000,2150
302.250500,2038
302.251000,2184
302.251500,2057
302.252000,1978
302.252500,2145
302.253000,2035
302.253500,2189
302.254000,2066
302.254500,1989
302.255000,2149
302.255500,2039
302.256000,2186
302.256500,2060
302.257000,1982
302.257500,2149
302.258000,2040
302.258500,2190
302.259000,2065
302.259500,1989
302.260000,2151
302.260500,2041
302.261000,2187
302.261500,2062
302.262000,1984
302.262500,2147
302.263000,2041
302.263500,2190
302.264000,2066
302.264500,1992
302.265000,2152
302.265500,2042
302.266000,2189
302.266500,2062
302.267000,1984
302.267500,2146
302.268000,2039
302.268500,2189
302.269000,2063
302.269500,1984
302.270000,2145
302.270500,2036
302.271000,2182
302.271500,2056
302.272000,1978
302.272500,2146
302.273000,2035
302.273500,2186
302.274000,2062
302.274500,1983
302.275000,2150
302.275500,2040
302.276000,2186
302.276500,2060
302.277000,1982
302.277500,2149
302.278000,2038
302.278500,2191
302.279000,2068
302.279500,1991
302.280000,2151
302.280500,2041
302.281000,2187
302.281500,2061
302.282000,1983
302.282500,2152
302.283000,2042
302.283500,2191
302.284000,2067
302.284500,1991
302.285000,2153
302.285500,2042
302.286000,2189
302.286500,2063
302.287000,1984
302.287500,2146
302.288000,2036
302.288500,2188
302.289000,2064
302.289500,1986
302.290000,2146
302.290500,2037
302.291000,2183
302.291500,2056
302.292000,1978
302.292500,2145
302.293000,2037
302.293500,2185
302.294000,2061
302.294500,1983
302.295000,2150
302.295500,2039
302.296000,2186
302.296500,2060
302.297000,1981
302.297500,2149
302.298000,2040
302.298500,2190
302.299000,2065
302.299500,1989
302.300000,2150
302.300500,2041
302.301000,2186
302.301500,2061
302.302000,1983
302.302500,2152
302.303000,2046
302.303500,2193
302.304000,2071
302.304500,1994
302.305000,2153
302.305500,2043
302.306000,2189
302.306500,2064
302.307000,1987
302.307500,2148
302.308000,2040
302.308500,2189
302.309000,2063
302.309500,1984
302.310000,2144
302.310500,2033
302.311000,2181
302.311500,2055
302.312000,1978
302.312500,2145
302.313000,2038
302.313500,2188
302.314000,2062
302.314500,1983
302.315000,2150
302.315500,2040
302.316000,2185
302.316500,2061
302.317000,1983
302.317500,2150
302.318000,2037
302.318500,2189
302.319000,2064
302.319500,1987
302.320000,2150
302.320500,2040
302.321000,2186
302.321500,2061
302.322000,1983
302.322500,2152
302.323000,2041
302.323500,2193
302.324000,2070
302.324500,1994
302.325000,2154
302.325500,2043
302.326000,2189
302.326500,2063
302.327000,1984
302.327500,2145
302.328000,2037
302.328500,2189
302.329000,2063
302.329500,1984
302.330000,2144
302.330500,2034
302.331000,2182
302.331500,2056
302.332000,1978
302.332500,2146
302.333000,2037
302.333500,2187
302.334000,2062
302.334500,1983
302.335000,2150
302.335500,2040
302.336000,2185
302.336500,2060
302.337000,1982
302.337500,2150
302.338000,2040
302.338500,2190
302.339000,2065
302.339500,1989
302.340000,2150
302.340500,2041
302.341000,2187
302.341500,2061
302.342000,1983
302.342500,2152
302.343000,2042
302.343500,2196
302.344000,2075
302.344500,1996
302.345000,2155
302.345500,2043
302.346000,2190
302.346500,2064
302.347000,1987
302.347500,2149
302.348000,2039
302.348500,2191
302.349000,2066
302.349500,1989
302.350000,2148
302.350500,2036
302.351000,2185
302.351500,2057
302.352000,1978
302.352500,2146
302.353000,2034
302.353500,2188
302.354000,2063
302.354500,1984
302.355000,2145
302.355500,2037
302.356000,2185
302.356500,2060
302.357000,1982
302.357500,2149
302.358000,2037
302.358500,2192
302.359000,2069
302.359500,1993
302.360000,2152
302.360500,2041
302.361000,2187
302.361500,2061
302.362000,1983
302.362500,2152
302.363000,2041
302.363500,2191
302.364000,2067
302.364500,1992
302.365000,2152
302.365500,2042
302.366000,2188
302.366500,2062
302.367000,1984
302.367500,2146
302.368000,2037
302.368500,2187
302.369000,2061
302.369500,1983
302.370000,2149
302.370500,2038
302.371000,2184
302.371500,2057
302.372000,1979
302.372500,2146
302.373000,2036
302.373500,2188
302.374000,2062
302.374500,1984
302.375000,2145
302.375500,2037
302.376000,2185
302.376500,2060
302.377000,1981
302.377500,2150
302.378000,2038
302.378500,2190
302.379000,2065
302.379500,1989
302.380000,2150
302.380500,2040
302.381000,2186
302.381500,2061
302.382000,1983
302.382500,2151
302.383000,2039
302.383500,2191
302.384000,2067
302.384500,1992
302.385000,2152
302.385500,2042
302.386000,2189
302.386500,2063
302.387000,1985
302.387500,2148
302.388000,2037
302.388500,2189
302.389000,2063
302.389500,1983
302.390000,2149
302.390500,2039
302.391000,2184
302.391500,2057
302.392000,1979
302.392500,2146
302.393000,2038
302.393500,2187
302.394000,2062
302.394500,1984
302.395000,2145
302.395500,2037
302.396000,2185
302.396500,2060
302.397000,1981
302.397500,2149
302.398000,2040
302.398500,2190
302.399000,2065
302.399500,1989
302.400000,2150
302.400500,2040
302.401000,2186
302.401500,2061
302.402000,1983
302.402500,2152
302.403000,2041
302.403500,2192
302.404000,2069
302.404500,1993
302.405000,2153
302.405500,2043
302.406000,2189
302.406500,2063
302.407000,1984
302.407500,2146
302.408000,2036
302.408500,2188
302.409000,2062
302.409500,1983
302.410000,2149
302.410500,2038
302.411000,2184
302.411500,2056
302.412000,1978
302.412500,2146
302.413000,2034
302.413500,2187
302.414000,2062
302.414500,1983
302.415000,2150
302.415500,2040
302.416000,2186
302.416500,2060
302.417000,1981
302.417500,2149
302.418000,2040
302.418500,2188
302.419000,2063
302.419500,1985
302.420000,2148
302.420500,2039
302.421000,2186
302.421500,2061
302.422000,1983
302.422500,2152
302.423000,2041
302.423500,2190
302.424000,2066
302.424500,1991
302.425000,2152
302.425500,2042
302.426000,2188
302.426500,2062
302.427000,1984
302.427500,2146
302.428000,2035
302.428500,2188
302.429000,2062
302.429500,1982
302.430000,2149
302.430500,2038
302.431000,2184
302.431500,2057
302.432000,1978
302.432500,2146
302.433000,2038
302.433500,2186
302.434000,2061
302.434500,1982
302.435000,2149
302.435500,2039
302.436000,2187
302.436500,2061
302.437000,1982
302.437500,2149
302.438000,2039
302.438500,2189
302.439000,2064
302.439500,1987
302.440000,2149
302.440500,2040
302.441000,2186
302.441500,2061
302.442000,1983
302.442500,2152
302.443000,2039
302.443500,2192
302.444000,2069
302.444500,1993
302.445000,2153
302.445500,2043
302.446000,2189
302.446500,2064
302.447000,1987
302.447500,2149
302.448000,2037
302.448500,2188
302.449000,2062
302.449500,1983
302.450000,2149
302.450500,2038
302.451000,2184
302.451500,2057
302.452000,1978
302.452500,2145
302.453000,2037
302.453500,2185
302.454000,2062
302.454500,1983
302.455000,2150
302.455500,2040
302.456000,2185
302.456500,2060
302.457000,1982
302.457500,2149
302.458000,2037
302.458500,2190
302.459000,2064
302.459500,1988
302.460000,2150
302.460500,2040
302.461000,2185
302.461500,2061
302.462000,1984
302.462500,2146
302.463000,2041
302.463500,2192
302.464000,2069
302.464500,1993
302.465000,2153
302.465500,2043
302.466000,2189
302.466500,2063
302.467000,1985
302.467500,2148
302.468000,2036
302.468500,2188
302.469000,2063
302.469500,1983
302.470000,2150
302.470500,2038
302.471000,2184
302.471500,2057
302.472000,1979
302.472500,2146
302.473000,2038
302.473500,2189
302.474000,2064
302.474500,1987
302.475000,2149
302.475500,2039
302.476000,2186
302.476500,2060
302.477000,1982
302.477500,2150
302.478000,2041
302.478500,2192
302.479000,2070
302.479500,1992
302.480000,2151
302.480500,2041
302.481000,2187
302.481500,2061
302.482000,1983
302.482500,2152
302.483000,2042
302.483500,2192
302.484000,2069
302.484500,1993
302.485000,2153
302.485500,2043
302.486000,2189
302.486500,2063
302.487000,1985
302.487500,2148
302.488000,2040
302.488500,2188
302.489000,2062
302.489500,1982
302.490000,2148
302.490500,2037
302.491000,2184
302.491500,2057
302.492000,1978
302.492500,2145
302.493000,2036
302.493500,2188
302.494000,2062
302.494500,1984
302.495000,2146
302.495500,2038
302.496000,2185
302.496500,2060
302.497000,1982
302.497500,2150
302.498000,2042
302.498500,2191
302.499000,2066
302.499500,1990
302.500000,2150
302.500500,2041
302.501000,2186
302.501500,2061
302.502000,1983
302.502500,2152
302.503000,2042
302.503500,2192
302.504000,2069
302.504500,1994
302.505000,2153
302.505500,2043
302.506000,2189
302.506500,2063
302.507000,1985
302.507500,2148
302.508000,2040
302.508500,2189
302.509000,2063
302.509500,1984
302.510000,2144
302.510500,2034
302.511000,2182
302.511500,2055
302.512000,1978
302.512500,2145
302.513000,2037
302.513500,2186
302.514000,2061
302.514500,1983
302.515000,2150
302.515500,2040
302.516000,2186
302.516500,2060
302.517000,1982
302.517500,2149
302.518000,2041
302.518500,2190
302.519000,2065
302.519500,1989
302.520000,2150
302.520500,2040
302.521000,2186
302.521500,2061
302.522000,1984
302.522500,2146
302.523000,2038
302.523500,2190
302.524000,2066
302.524500,1991
302.525000,2152
302.525500,2042
302.526000,2189
302.526500,2063
302.527000,1985
302.527500,2147
302.528000,2036
302.528500,2186
302.529000,2061
302.529500,1982
302.530000,2148
302.530500,2038
302.531000,2184
302.531500,2057
302.532000,1979
302.532500,2147
302.533000,2038
302.533500,2189
302.534000,2063
302.534500,1985
302.535000,2147
302.535500,2039
302.536000,2186
302.536500,2060
302.537000,1982
302.537500,2149
302.538000,2039
302.538500,2189
302.539000,2064
302.539500,1987
302.540000,2149
302.540500,2040
302.541000,2186
302.541500,2061
302.542000,1983
302.542500,2152
302.543000,2041
302.543500,2194
302.544000,2074
302.544500,1995
302.545000,2155
302.545500,2044
302.546000,2189
302.546500,2063
302.547000,1985
302.547500,2148
302.548000,2038
302.548500,2189
302.549000,2062
302.549500,1983
302.550000,2149
302.550500,2038
302.551000,2184
302.551500,2056
302.552000,1978
302.552500,2146
302.553000,2037
302.553500,2189
302.554000,2064
302.554500,1986
302.555000,2148
302.555500,2039
302.556000,2186
302.556500,2060
302.557000,1982
302.557500,2149
302.558000,2040
302.558500,2190
302.559000,2065
302.559500,1989
302.560000,2150
302.560500,2040
302.561000,2186
302.561500,2061
302.562000,1983
302.562500,2152
302.563000,2041
302.563500,2191
302.564000,2067
302.564500,1992
302.565000,2152
302.565500,2043
302.566000,2189
302.566500,2063
302.567000,1985
302.567500,2148
302.568000,2037
302.568500,2187
302.569000,2062
302.569500,1983
302.570000,2149
302.570500,2038
302.571000,2184
302.571500,2056
302.572000,1978
302.572500,2145
302.573000,2037
302.573500,2188
302.574000,2063
302.574500,1985
302.575000,2147
302.575500,2038
302.576000,2185
302.576500,2060
302.577000,1982
302.577500,2149
302.578000,2038
302.578500,2190
302.579000,2065
302.579500,1989
302.580000,2150
302.580500,2040
302.581000,2186
302.581500,2061
302.582000,1983
302.582500,2152
302.583000,2044
302.583500,2193
302.584000,2071
302.584500,1994
302.585000,2153
302.585500,2043
302.586000,2189
302.586500,2063
302.587000,1985
302.587500,2147
302.588000,2036
302.588500,2187
302.589000,2061
302.589500,1982
302.590000,2147
302.590500,2038
302.591000,2184
302.591500,2056
302.592000,1978
302.592500,2145
302.593000,2038
302.593500,2187
302.594000,2062
302.594500,1983
302.595000,2150
302.595500,2040
302.596000,2185
302.596500,2060
302.597000,1982
302.597500,2149
302.598000,2037
302.598500,2188
302.599000,2064
302.599500,1987
302.600000,2149
302.600500,2039
302.601000,2187
302.601500,2061
302.602000,1983
302.602500,2151
302.603000,2043
302.603500,2194
302.604000,2074
302.604500,1996
302.605000,2154
302.605500,2044
302.606000,2189
302.606500,2063
302.607000,1985
302.607500,2148
302.608000,2040
302.608500,2190
302.609000,2064
302.609500,1986
302.610000,2147
302.610500,2038
302.611000,2183
302.611500,2056
302.612000,1978
302.612500,2145
302.613000,2037
302.613500,2189
302.614000,2064
302.614500,1987
302.615000,2148
302.615500,2039
302.616000,2185
302.616500,2060
302.617000,1982
302.617500,2149
302.618000,2039
302.618500,2190
302.619000,2067
302.619500,1992
302.620000,2150
302.620500,2041
302.621000,2186
302.621500,2061
302.622000,1984
302.622500,2147
302.623000,2041
302.623500,2190
302.624000,2066
302.624500,1991
302.625000,2152
302.625500,2042
302.626000,2188
302.626500,2062
302.627000,1984
302.627500,2146
302.628000,2038
302.628500,2187
302.629000,2061
302.629500,1982
302.630000,2147
302.630500,2037
302.631000,2184
302.631500,2056
302.632000,1978
302.632500,2145
302.633000,2037
302.633500,2188
302.634000,2062
302.634500,1984
302.635000,2145
302.635500,2036
302.636000,2184
302.636500,2059
302.637000,1981
302.637500,2148
302.638000,2038
302.638500,2190
302.639000,2066
302.639500,1990
302.640000,2151
302.640500,2041
302.641000,2187
302.641500,2062
302.642000,1984
302.642500,2147
302.643000,2037
302.643500,2191
302.644000,2067
302.644500,1992
302.645000,2152
302.645500,2042
302.646000,2189
302.646500,2062
302.647000,1985
302.647500,2147
302.648000,2038
302.648500,2189
302.649000,2064
302.649500,1986
302.650000,2148
302.650500,2038
302.651000,2184
302.651500,2056
302.652000,1978
302.652500,2145
302.653000,2035
302.653500,2188
302.654000,2062
302.654500,1983
302.655000,2150
302.655500,2040
302.656000,2185
302.656500,2060
302.657000,1982
302.657500,2150
302.658000,2040
302.658500,2188
302.659000,2063
302.659500,1985
302.660000,2148
302.660500,2039
302.661000,2185
302.661500,2061
302.662000,1983
302.662500,2151
302.663000,2041
302.663500,2190
302.664000,2066
302.664500,1991
302.665000,2152
302.665500,2042
302.666000,2188
302.666500,2063
302.667000,1984
302.667500,2146
302.668000,2038
302.668500,2189
302.669000,2063
302.669500,1984
302.670000,2144
302.670500,2034
302.671000,2182
302.671500,2055
302.672000,1978
302.672500,2144
302.673000,2032
302.673500,2185
302.674000,2061
302.674500,1983
302.675000,2150
302.675500,2039
302.676000,2186
302.676500,2060
302.677000,1982
302.677500,2149
302.678000,2037
302.678500,2190
302.679000,2065
302.679500,1989
302.680000,2151
302.680500,2041
302.681000,2187
302.681500,2062
302.682000,1984
302.682500,2146
302.683000,2037
302.683500,2189
302.684000,2065
302.684500,1991
302.685000,2152
302.685500,2042
302.686000,2188
302.686500,2063
302.687000,1985
302.687500,2147
302.688000,2041
302.688500,2189
302.689000,2063
302.689500,1984
302.690000,2144
302.690500,2034
302.691000,2182
302.691500,2055
302.692000,1978
302.692500,2145
302.693000,2038
302.693500,2186
302.694000,2062
302.694500,1983
302.695000,2150
302.695500,2040
302.696000,2186
302.696500,2060
302.697000,1982
302.697500,2149
302.698000,2038
302.698500,2189
302.699000,2064
302.699500,1988
302.700000,2149
302.700500,2040
302.701000,2186
302.701500,2060
302.702000,1983
302.702500,2151
302.703000,2042
302.703500,2193
302.704000,2071
302.704500,1994
302.705000,2153
302.705500,2043
302.706000,2189
302.706500,2063
302.707000,1985
302.707500,2148
302.708000,2040
302.708500,2188
302.709000,2062
302.709500,1982
302.710000,2148
302.710500,2037
302.711000,2184
302.711500,2057
302.712000,1979
302.712500,2147
302.713000,2038
302.713500,2186
302.714000,2061
302.714500,1983
302.715000,2150
302.715500,2040
302.716000,2185
302.716500,2060
302.717000,1981
302.717500,2149
302.718000,2040
302.718500,2190
302.719000,2065
302.719500,1989
302.720000,2150
302.720500,2040
302.721000,2186
302.721500,2061
302.722000,1983
302.722500,2152
302.723000,2041
302.723500,2191
302.724000,2067
302.724500,1992
302.725000,2152
302.725500,2042
302.726000,2188
302.726500,2062
302.727000,1984
302.727500,2146
302.728000,2038
302.728500,2188
302.729000,2063
302.729500,1984
302.730000,2144
302.730500,2033
302.731000,2182
302.731500,2055
302.732000,1977
302.732500,2146
302.733000,2034
302.733500,2189
302.734000,2065
302.734500,1989
302.735000,2149
302.735500,2039
302.736000,2186
302.736500,2060
302.737000,1982
302.737500,2149
302.738000,2039
302.738500,2191
302.739000,2068
302.739500,1991
302.740000,2151
302.740500,2041
302.741000,2187
302.741500,2061
302.742000,1983
302.742500,2152
302.743000,2043
302.743500,2194
302.744000,2072
302.744500,1995
302.745000,2154
302.745500,2044
302.746000,2189
302.746500,2063
302.747000,1985
302.747500,2148
302.748000,2036
302.748500,2187
302.749000,2062
302.749500,1982
302.750000,2148
302.750500,2037
302.751000,2185
302.751500,2057
302.752000,1979
302.752500,2146
302.753000,2038
302.753500,2189
302.754000,2063
302.754500,1985
302.755000,2146
302.755500,2038
302.756000,2185
302.756500,2060
302.757000,1982
302.757500,2149
302.758000,2037
302.758500,2189
302.759000,2064
302.759500,1988
302.760000,2150
302.760500,2040
302.761000,2185
302.761500,2060
302.762000,1983
302.762500,2151
302.763000,2041
302.763500,2192
302.764000,2069
302.764500,1994
302.765000,2153
302.765500,2043
302.766000,2188
302.766500,2063
302.767000,1985
302.767500,2148
302.768000,2036
302.768500,2187
302.769000,2061
302.769500,1982
302.770000,2148
302.770500,2037
302.771000,2183
302.771500,2056
302.772000,1978
302.772500,2146
302.773000,2037
302.773500,2186
302.774000,2061
302.774500,1983
302.775000,2149
302.775500,2040
302.776000,2185
302.776500,2060
302.777000,1982
302.777500,2149
302.778000,2040
302.778500,2192
302.779000,2070
302.779500,1992
302.780000,2151
302.780500,2040
302.781000,2186
302.781500,2061
302.782000,1983
302.782500,2151
302.783000,2042
302.783500,2191
302.784000,2067
302.784500,1992
302.785000,2152
302.785500,2042
302.786000,2188
302.786500,2063
302.787000,1985
302.787500,2147
302.788000,2037
302.788500,2188
302.789000,2062
302.789500,1983
302.790000,2148
302.790500,2038
302.791000,2184
302.791500,2056
302.792000,1979
302.792500,2145
302.793000,2037
302.793500,2187
302.794000,2062
302.794500,1983
302.795000,2150
302.795500,2040
302.796000,2186
302.796500,2060
302.797000,1982
302.797500,2149
302.798000,2040
302.798500,2187
302.799000,2062
302.799500,1985
302.800000,2147
302.800500,2039
302.801000,2186
302.801500,2061
302.802000,1983
302.802500,2151
302.803000,2043
302.803500,2194
302.804000,2071
302.804500,1994
302.805000,2153
302.805500,2043
302.806000,2190
302.806500,2063
302.807000,1985
302.807500,2148
302.808000,2036
302.808500,2188
302.809000,2062
302.809500,1983
302.810000,2149
302.810500,2038
302.811000,2183
302.811500,2056
302.812000,1978
302.812500,2146
302.813000,2038
302.813500,2188
302.814000,2063
302.814500,1985
302.815000,2147
302.815500,2038
302.816000,2184
302.816500,2059
302.817000,1981
302.817500,2148
302.818000,2038
302.818500,2188
302.819000,2063
302.819500,1985
302.820000,2148
302.820500,2039
302.821000,2186
302.821500,2062
302.822000,1984
302.822500,2147
302.823000,2037
302.823500,2190
302.824000,2066
302.824500,1991
302.825000,2152
302.825500,2042
302.826000,2188
302.826500,2062
302.827000,1983
302.827500,2151
302.828000,2040
302.828500,2188
302.829000,2062
302.829500,1983
302.830000,2149
302.830500,2038
302.831000,2184
302.831500,2057
302.832000,1979
302.832500,2146
302.833000,2037
302.833500,2187
302.834000,2062
302.834500,1984
302.835000,2145
302.835500,2037
302.836000,2184
302.836500,2060
302.837000,1982
302.837500,2149
302.838000,2037
302.838500,2192
302.839000,2069
302.839500,1992
302.840000,2151
302.840500,2041
302.841000,2186
302.841500,2061
302.842000,1983
302.842500,2152
302.843000,2043
302.843500,2191
302.844000,2067
302.844500,1992
302.845000,2152
302.845500,2042
302.846000,2188
302.846500,2062
302.847000,1984
302.847500,2146
302.848000,2035
302.848500,2187
302.849000,2061
302.849500,1981
302.850000,2149
302.850500,2038
302.851000,2183
302.851500,2056
302.852000,1978
302.852500,2146
302.853000,2037
302.853500,2185
302.854000,2061
302.854500,1983
302.855000,2150
302.855500,2039
302.856000,2186
302.856500,2060
302.857000,1982
302.857500,2150
302.858000,2037
302.858500,2188
302.859000,2064
302.859500,1988
302.860000,2148
302.860500,2039
302.861000,2187
302.861500,2061
302.862000,1984
302.862500,2147
302.863000,2037
302.863500,2192
302.864000,2071
302.864500,1994
302.865000,2153
302.865500,2043
302.866000,2189
302.866500,2063
302.867000,1985
302.867500,2147
302.868000,2036
302.868500,2188
302.869000,2062
302.869500,1983
302.870000,2149
302.870500,2038
302.871000,2184
302.871500,2056
302.872000,1978
302.872500,2146
302.873000,2040
302.873500,2187
302.874000,2062
302.874500,1983
302.875000,2150
302.875500,2040
302.876000,2185
302.876500,2060
302.877000,1981
302.877500,2149
302.878000,2037
302.878500,2191
302.879000,2068
302.879500,1991
302.880000,2151
302.880500,2041
302.881000,2187
302.881500,2062
302.882000,1984
302.882500,2147
302.883000,2042
302.883500,2192
302.884000,2069
302.884500,1994
302.885000,2153
302.885500,2043
302.886000,2189
302.886500,2063
302.887000,1985
302.887500,2147
302.888000,2036
302.888500,2187
302.889000,2062
302.889500,1983
302.890000,2149
302.890500,2037
302.891000,2184
302.891500,2057
302.892000,1979
302.892500,2146
302.893000,2039
302.893500,2189
302.894000,2064
302.894500,1986
302.895000,2148
302.895500,2039
302.896000,2185
302.896500,2060
302.897000,1982
302.897500,2149
302.898000,2041
302.898500,2190
302.899000,2065
302.899500,1989
302.900000,2150
302.900500,2041
302.901000,2187
302.901500,2062
302.902000,1984
302.902500,2147
302.903000,2039
302.903500,2189
302.904000,2065
302.904500,1990
302.905000,2151
302.905500,2042
302.906000,2188
302.906500,2063
302.907000,1985
302.907500,2147
302.908000,2039
302.908500,2190
302.909000,2064
302.909500,1986
302.910000,2146
302.910500,2037
302.911000,2183
302.911500,2056
302.912000,1978
302.912500,2146
302.913000,2035
302.913500,2186
302.914000,2061
302.914500,1983
302.915000,2150
302.915500,2040
302.916000,2186
302.916500,2060
302.917000,1982
302.917500,2149
302.918000,2037
302.918500,2190
302.919000,2064
302.919500,1988
302.920000,2149
302.920500,2039
302.921000,2186
302.921500,2061
302.922000,1983
302.922500,2151
302.923000,2044
302.923500,2191
302.924000,2067
302.924500,1992
302.925000,2152
302.925500,2042
302.926000,2188
302.926500,2062
302.927000,1984
302.927500,2146
302.928000,2035
302.928500,2186
302.929000,2061
302.929500,1982
302.930000,2148
302.930500,2038
302.931000,2184
302.931500,2057
302.932000,1979
302.932500,2146
302.933000,2040
302.933500,2188
302.934000,2063
302.934500,1984
302.935000,2145
302.935500,2037
302.936000,2185
302.936500,2060
302.937000,1982
302.937500,2149
302.938000,2040
302.938500,2188
302.939000,2064
302.939500,1987
302.940000,2149
302.940500,2040
302.941000,2186
302.941500,2061
302.942000,1983
302.942500,2151
302.943000,2048
302.943500,1976
302.944000,2149
302.944500,2040
302.945000,2187
302.945500,2062
302.946000,1984
302.946500,2147
302.947000,2038
302.947500,2185
302.948000,2059
302.948500,1984
302.949000,2148
302.949500,2038
302.950000,2183
302.950500,2057
302.951000,1979
302.951500,2144
302.952000,2034
302.952500,2182
302.953000,2055
302.953500,1981
302.954000,2150
302.954500,2040
302.955000,2186
302.955500,2060
302.956000,1982
302.956500,2149
302.957000,2040
302.957500,2186
