kind,group,net,layer,x1,y1,x2,y2,w,d,h,conn,relax
TRACK,R0:NetC_WIFI_X32_IN_2,NetC_WIFI_X32_IN_2,Top Layer,52.825,38.025,52.825,38.425,0.2,,,"NetC_WIFI_X32_IN_2|Pad C_WIFI_X32_IN-2(52.85mm,37.779mm) on L1 TOP|Pad X_WIFI_32K-1(52.85mm,39.3mm) on L1 TOP [Unplated]",
TRACK,R1:NetC_WIFI_X32_OUT_2,NetC_WIFI_X32_OUT_2,Top Layer,50.325,38.025,50.325,38.425,0.2,,,"NetC_WIFI_X32_OUT_2|Pad C_WIFI_X32_OUT-2(50.35mm,37.779mm) on L1 TOP|Pad X_WIFI_32K-2(50.35mm,39.3mm) on L1 TOP [Unplated]",
TRACK,R2:VREF_B_SRC,VREF_B_SRC,Top Layer,27.825,28.475,27.825,28.825,0.2,,,"VREF_B_SRC|Pad U1-13(27.85mm,28.3mm) on L1 TOP|Pad U1-14(27.85mm,28.95mm) on L1 TOP",
TRACK,R3:VREF_A,VREF_A,Top Layer,27.825,25.225,27.825,25.575,0.2,,,"VREF_A|Pad U1-8(27.85mm,25.05mm) on L1 TOP|Pad U1-9(27.85mm,25.7mm) on L1 TOP",
TRACK,R4:VDiv,VDiv,Top Layer,30.675,26.275,30.675,26.725,0.2,,,"VDiv|Pad RV1-1(30.7mm,26mm) on L1 TOP|Pad RV2-2(30.7mm,27mm) on L1 TOP",
TRACK,R5:NetCH_4_2,NetCH_4_2,Top Layer,58.775,25.975,59.225,25.975,0.2,,,"NetCH_4_2|Pad CH_4-2(58.5mm,25.993mm) on L1 TOP|Pad RG_4-1(59.5mm,25.925mm) on L1 TOP",
TRACK,R6:VOUT_5,VOUT_5,Top Layer,68.775,22.775,69.225,22.775,0.2,,,"VOUT_5|Pad RG_5-2(68.5mm,22.675mm) on L1 TOP|Pad CH_5-1(69.5mm,22.743mm) on L1 TOP",
TRACK,R7:VOUT_2,VOUT_2,Top Layer,36.775,28.175,37.225,28.175,0.2,,,"VOUT_2|Pad CH_2-1(36.5mm,28.057mm) on L1 TOP|Pad RG_2-2(37.5mm,28.125mm) on L1 TOP",
TRACK,R8:NetCH_2_2,NetCH_2_2,Top Layer,36.775,27.175,37.225,27.175,0.2,,,"NetCH_2_2|Pad CH_2-2(36.5mm,27.193mm) on L1 TOP|Pad RG_2-1(37.5mm,27.125mm) on L1 TOP",
TRACK,R9:VOUT_3,VOUT_3,Top Layer,46.775,23.925,47.225,23.925,0.2,,,"VOUT_3|Pad RG_3-2(46.5mm,23.875mm) on L1 TOP|Pad CH_3-1(47.5mm,23.943mm) on L1 TOP",
TRACK,R10:NetCH_3_2,NetCH_3_2,Top Layer,46.775,24.875,47.225,24.875,0.2,,,"NetCH_3_2|Pad RG_3-1(46.5mm,24.875mm) on L1 TOP|Pad CH_3-2(47.5mm,24.807mm) on L1 TOP",
TRACK,R11:VOUT_4,VOUT_4,Top Layer,58.775,26.975,59.225,26.975,0.2,,,"VOUT_4|Pad CH_4-1(58.5mm,26.857mm) on L1 TOP|Pad RG_4-2(59.5mm,26.925mm) on L1 TOP",
TRACK,R12:NetCH_5_2,NetCH_5_2,Top Layer,68.775,23.675,69.225,23.675,0.2,,,"NetCH_5_2|Pad RG_5-1(68.5mm,23.675mm) on L1 TOP|Pad CH_5-2(69.5mm,23.607mm) on L1 TOP",
TRACK,R13:VOUT_5,VOUT_5,Top Layer,69.675,28.525,70.025,28.525,0.2,,,"VOUT_5|Pad R_ADC5-1(69.435mm,28.5mm) on L1 TOP|Pad Free-TP_VOUT_5(70.5mm,28.5mm) on L1 TOP",
TRACK,R14:NetINA2_7,NetINA2_7,Top Layer,35.175,22.075,35.675,22.075,0.2,,,"NetINA2_7|Pad RH_2-2(34.879mm,21.75mm) on L1 TOP|Pad RL_2-1(35.9mm,22.3mm) on L1 TOP",
TRACK,R15:NetINA3_7,NetINA3_7,Top Layer,48.175,22.075,48.675,22.075,0.2,,,"NetINA3_7|Pad RH_3-2(47.879mm,21.75mm) on L1 TOP|Pad RL_3-1(48.9mm,22.3mm) on L1 TOP",
TRACK,R16:INA_OUT_2,INA_OUT_2,Top Layer,33.925,21.475,33.925,21.075,0.2,,,"INA_OUT_2|Pad RH_2-1(33.921mm,21.75mm) on L1 TOP|Pad INA2-8(34.025mm,20.55mm) on L1 TOP",
TRACK,R17:INA_OUT_3,INA_OUT_3,Top Layer,46.925,21.475,46.925,21.075,0.2,,,"INA_OUT_3|Pad RH_3-1(46.921mm,21.75mm) on L1 TOP|Pad INA3-8(47.025mm,20.55mm) on L1 TOP",
TRACK,R18:INA_OUT_4,INA_OUT_4,Top Layer,58.075,21.075,58.075,21.275,0.2,,,"INA_OUT_4|Pad Rservo_4-2(57.975mm,20.8mm) on L1 TOP|Pad RH_4-1(58.721mm,21.75mm) on L1 TOP",
TRACK,R18:INA_OUT_4,INA_OUT_4,Top Layer,58.075,21.275,58.375,21.575,0.2,,,"INA_OUT_4|Pad Rservo_4-2(57.975mm,20.8mm) on L1 TOP|Pad RH_4-1(58.721mm,21.75mm) on L1 TOP",
TRACK,R19:NetINA2_7,NetINA2_7,Top Layer,34.675,21.075,34.675,21.275,0.2,,,"NetINA2_7|Pad INA2-7(34.675mm,20.55mm) on L1 TOP|Pad RH_2-2(34.879mm,21.75mm) on L1 TOP",
TRACK,R19:NetINA2_7,NetINA2_7,Top Layer,34.675,21.275,34.725,21.325,0.2,,,"NetINA2_7|Pad INA2-7(34.675mm,20.55mm) on L1 TOP|Pad RH_2-2(34.879mm,21.75mm) on L1 TOP",
TRACK,R19:NetINA2_7,NetINA2_7,Top Layer,34.725,21.325,34.725,21.475,0.2,,,"NetINA2_7|Pad INA2-7(34.675mm,20.55mm) on L1 TOP|Pad RH_2-2(34.879mm,21.75mm) on L1 TOP",
TRACK,R20:NetINA3_7,NetINA3_7,Top Layer,47.675,21.075,47.675,21.275,0.2,,,"NetINA3_7|Pad INA3-7(47.675mm,20.55mm) on L1 TOP|Pad RH_3-2(47.879mm,21.75mm) on L1 TOP",
TRACK,R20:NetINA3_7,NetINA3_7,Top Layer,47.675,21.275,47.725,21.325,0.2,,,"NetINA3_7|Pad INA3-7(47.675mm,20.55mm) on L1 TOP|Pad RH_3-2(47.879mm,21.75mm) on L1 TOP",
TRACK,R20:NetINA3_7,NetINA3_7,Top Layer,47.725,21.325,47.725,21.475,0.2,,,"NetINA3_7|Pad INA3-7(47.675mm,20.55mm) on L1 TOP|Pad RH_3-2(47.879mm,21.75mm) on L1 TOP",
TRACK,R21:ADC_EMG2,ADC_EMG2,Top Layer,61.125,32.825,61.5245,32.825,0.2,,,"ADC_EMG2|Pad C_ADC2-1(60.777mm,32.45mm) on L1 TOP|Pad R_ADC2-2(62mm,32.885mm) on L1 TOP",
TRACK,R21:ADC_EMG2,ADC_EMG2,Top Layer,61.5245,32.825,61.725,32.825,0.2,,,"ADC_EMG2|Pad C_ADC2-1(60.777mm,32.45mm) on L1 TOP|Pad R_ADC2-2(62mm,32.885mm) on L1 TOP",
TRACK,R22:ADC_EMG3,ADC_EMG3,Top Layer,61.125,31.175,61.5245,31.175,0.2,,,"ADC_EMG3|Pad C_ADC3-1(60.777mm,30.8mm) on L1 TOP|Pad R_ADC3-2(62mm,31.235mm) on L1 TOP",
TRACK,R22:ADC_EMG3,ADC_EMG3,Top Layer,61.5245,31.175,61.725,31.175,0.2,,,"ADC_EMG3|Pad C_ADC3-1(60.777mm,30.8mm) on L1 TOP|Pad R_ADC3-2(62mm,31.235mm) on L1 TOP",
TRACK,R23:VDiv,VDiv,Top Layer,27.025,26.325,26.525,26.325,0.2,,,"VDiv|Pad U1-10(27.85mm,26.35mm) on L1 TOP|Pad U1-12(27.85mm,27.65mm) on L1 TOP",
TRACK,R23:VDiv,VDiv,Top Layer,26.525,26.325,26.475,26.275,0.2,,,"VDiv|Pad U1-10(27.85mm,26.35mm) on L1 TOP|Pad U1-12(27.85mm,27.65mm) on L1 TOP",
TRACK,R23:VDiv,VDiv,Top Layer,26.475,26.275,25.925,26.275,0.2,,,"VDiv|Pad U1-10(27.85mm,26.35mm) on L1 TOP|Pad U1-12(27.85mm,27.65mm) on L1 TOP",
TRACK,R23:VDiv,VDiv,Top Layer,25.925,26.275,25.525,26.675,0.2,,,"VDiv|Pad U1-10(27.85mm,26.35mm) on L1 TOP|Pad U1-12(27.85mm,27.65mm) on L1 TOP",
TRACK,R23:VDiv,VDiv,Top Layer,25.525,26.675,25.525,27.375,0.2,,,"VDiv|Pad U1-10(27.85mm,26.35mm) on L1 TOP|Pad U1-12(27.85mm,27.65mm) on L1 TOP",
TRACK,R23:VDiv,VDiv,Top Layer,25.525,27.375,25.925,27.775,0.2,,,"VDiv|Pad U1-10(27.85mm,26.35mm) on L1 TOP|Pad U1-12(27.85mm,27.65mm) on L1 TOP",
TRACK,R23:VDiv,VDiv,Top Layer,25.925,27.775,26.875,27.775,0.2,,,"VDiv|Pad U1-10(27.85mm,26.35mm) on L1 TOP|Pad U1-12(27.85mm,27.65mm) on L1 TOP",
TRACK,R23:VDiv,VDiv,Top Layer,26.875,27.775,27.025,27.625,0.2,,,"VDiv|Pad U1-10(27.85mm,26.35mm) on L1 TOP|Pad U1-12(27.85mm,27.65mm) on L1 TOP",
TRACK,R24:VREF_A,VREF_A,Top Layer,22.975,26.425,23.125,26.425,0.2,,,"VREF_A|Pad U1-5(22.15mm,26.35mm) on L1 TOP|Pad U1-3(22.15mm,27.65mm) on L1 TOP",
TRACK,R24:VREF_A,VREF_A,Top Layer,23.125,26.425,23.425,26.725,0.2,,,"VREF_A|Pad U1-5(22.15mm,26.35mm) on L1 TOP|Pad U1-3(22.15mm,27.65mm) on L1 TOP",
TRACK,R24:VREF_A,VREF_A,Top Layer,23.425,26.725,23.425,27.325,0.2,,,"VREF_A|Pad U1-5(22.15mm,26.35mm) on L1 TOP|Pad U1-3(22.15mm,27.65mm) on L1 TOP",
TRACK,R24:VREF_A,VREF_A,Top Layer,23.425,27.325,23.125,27.625,0.2,,,"VREF_A|Pad U1-5(22.15mm,26.35mm) on L1 TOP|Pad U1-3(22.15mm,27.65mm) on L1 TOP",
TRACK,R24:VREF_A,VREF_A,Top Layer,23.125,27.625,22.975,27.625,0.2,,,"VREF_A|Pad U1-5(22.15mm,26.35mm) on L1 TOP|Pad U1-3(22.15mm,27.65mm) on L1 TOP",
TRACK,R25:VREF_A,VREF_A,Top Layer,44.025,25.325,43.825,25.325,0.2,,,"VREF_A|Pad U2-10(44.85mm,25.35mm) on L1 TOP|Pad U2-12(44.85mm,26.65mm) on L1 TOP",
TRACK,R25:VREF_A,VREF_A,Top Layer,43.825,25.325,43.775,25.275,0.2,,,"VREF_A|Pad U2-10(44.85mm,25.35mm) on L1 TOP|Pad U2-12(44.85mm,26.65mm) on L1 TOP",
TRACK,R25:VREF_A,VREF_A,Top Layer,43.775,25.275,43.225,25.275,0.2,,,"VREF_A|Pad U2-10(44.85mm,25.35mm) on L1 TOP|Pad U2-12(44.85mm,26.65mm) on L1 TOP",
TRACK,R25:VREF_A,VREF_A,Top Layer,43.225,25.275,42.825,25.675,0.2,,,"VREF_A|Pad U2-10(44.85mm,25.35mm) on L1 TOP|Pad U2-12(44.85mm,26.65mm) on L1 TOP",
TRACK,R25:VREF_A,VREF_A,Top Layer,42.825,25.675,42.825,26.375,0.2,,,"VREF_A|Pad U2-10(44.85mm,25.35mm) on L1 TOP|Pad U2-12(44.85mm,26.65mm) on L1 TOP",
TRACK,R25:VREF_A,VREF_A,Top Layer,42.825,26.375,43.225,26.775,0.2,,,"VREF_A|Pad U2-10(44.85mm,25.35mm) on L1 TOP|Pad U2-12(44.85mm,26.65mm) on L1 TOP",
TRACK,R25:VREF_A,VREF_A,Top Layer,43.225,26.775,43.875,26.775,0.2,,,"VREF_A|Pad U2-10(44.85mm,25.35mm) on L1 TOP|Pad U2-12(44.85mm,26.65mm) on L1 TOP",
TRACK,R25:VREF_A,VREF_A,Top Layer,43.875,26.775,43.925,26.725,0.2,,,"VREF_A|Pad U2-10(44.85mm,25.35mm) on L1 TOP|Pad U2-12(44.85mm,26.65mm) on L1 TOP",
TRACK,R25:VREF_A,VREF_A,Top Layer,43.925,26.725,44.025,26.725,0.2,,,"VREF_A|Pad U2-10(44.85mm,25.35mm) on L1 TOP|Pad U2-12(44.85mm,26.65mm) on L1 TOP",
TRACK,R26:VREF_A,VREF_A,Top Layer,39.975,25.425,40.125,25.425,0.2,,,"VREF_A|Pad U2-5(39.15mm,25.35mm) on L1 TOP|Pad U2-3(39.15mm,26.65mm) on L1 TOP",
TRACK,R26:VREF_A,VREF_A,Top Layer,40.125,25.425,40.425,25.725,0.2,,,"VREF_A|Pad U2-5(39.15mm,25.35mm) on L1 TOP|Pad U2-3(39.15mm,26.65mm) on L1 TOP",
TRACK,R26:VREF_A,VREF_A,Top Layer,40.425,25.725,40.425,26.325,0.2,,,"VREF_A|Pad U2-5(39.15mm,25.35mm) on L1 TOP|Pad U2-3(39.15mm,26.65mm) on L1 TOP",
TRACK,R26:VREF_A,VREF_A,Top Layer,40.425,26.325,40.125,26.625,0.2,,,"VREF_A|Pad U2-5(39.15mm,25.35mm) on L1 TOP|Pad U2-3(39.15mm,26.65mm) on L1 TOP",
TRACK,R26:VREF_A,VREF_A,Top Layer,40.125,26.625,39.975,26.625,0.2,,,"VREF_A|Pad U2-5(39.15mm,25.35mm) on L1 TOP|Pad U2-3(39.15mm,26.65mm) on L1 TOP",
TRACK,R27:VREF_A,VREF_A,Top Layer,66.025,24.125,65.825,24.125,0.2,,,"VREF_A|Pad U3-10(66.85mm,24.15mm) on L1 TOP|Pad U3-12(66.85mm,25.45mm) on L1 TOP",
TRACK,R27:VREF_A,VREF_A,Top Layer,65.825,24.125,65.775,24.075,0.2,,,"VREF_A|Pad U3-10(66.85mm,24.15mm) on L1 TOP|Pad U3-12(66.85mm,25.45mm) on L1 TOP",
TRACK,R27:VREF_A,VREF_A,Top Layer,65.775,24.075,65.225,24.075,0.2,,,"VREF_A|Pad U3-10(66.85mm,24.15mm) on L1 TOP|Pad U3-12(66.85mm,25.45mm) on L1 TOP",
TRACK,R27:VREF_A,VREF_A,Top Layer,65.225,24.075,64.825,24.475,0.2,,,"VREF_A|Pad U3-10(66.85mm,24.15mm) on L1 TOP|Pad U3-12(66.85mm,25.45mm) on L1 TOP",
TRACK,R27:VREF_A,VREF_A,Top Layer,64.825,24.475,64.825,25.175,0.2,,,"VREF_A|Pad U3-10(66.85mm,24.15mm) on L1 TOP|Pad U3-12(66.85mm,25.45mm) on L1 TOP",
TRACK,R27:VREF_A,VREF_A,Top Layer,64.825,25.175,65.225,25.575,0.2,,,"VREF_A|Pad U3-10(66.85mm,24.15mm) on L1 TOP|Pad U3-12(66.85mm,25.45mm) on L1 TOP",
TRACK,R27:VREF_A,VREF_A,Top Layer,65.225,25.575,65.875,25.575,0.2,,,"VREF_A|Pad U3-10(66.85mm,24.15mm) on L1 TOP|Pad U3-12(66.85mm,25.45mm) on L1 TOP",
TRACK,R27:VREF_A,VREF_A,Top Layer,65.875,25.575,65.925,25.525,0.2,,,"VREF_A|Pad U3-10(66.85mm,24.15mm) on L1 TOP|Pad U3-12(66.85mm,25.45mm) on L1 TOP",
TRACK,R27:VREF_A,VREF_A,Top Layer,65.925,25.525,66.025,25.525,0.2,,,"VREF_A|Pad U3-10(66.85mm,24.15mm) on L1 TOP|Pad U3-12(66.85mm,25.45mm) on L1 TOP",
TRACK,R28:VREF_A,VREF_A,Top Layer,61.975,24.225,62.125,24.225,0.2,,,"VREF_A|Pad U3-5(61.15mm,24.15mm) on L1 TOP|Pad U3-3(61.15mm,25.45mm) on L1 TOP",
TRACK,R28:VREF_A,VREF_A,Top Layer,62.125,24.225,62.425,24.525,0.2,,,"VREF_A|Pad U3-5(61.15mm,24.15mm) on L1 TOP|Pad U3-3(61.15mm,25.45mm) on L1 TOP",
TRACK,R28:VREF_A,VREF_A,Top Layer,62.425,24.525,62.425,25.125,0.2,,,"VREF_A|Pad U3-5(61.15mm,24.15mm) on L1 TOP|Pad U3-3(61.15mm,25.45mm) on L1 TOP",
TRACK,R28:VREF_A,VREF_A,Top Layer,62.425,25.125,62.125,25.425,0.2,,,"VREF_A|Pad U3-5(61.15mm,24.15mm) on L1 TOP|Pad U3-3(61.15mm,25.45mm) on L1 TOP",
TRACK,R28:VREF_A,VREF_A,Top Layer,62.125,25.425,61.975,25.425,0.2,,,"VREF_A|Pad U3-5(61.15mm,24.15mm) on L1 TOP|Pad U3-3(61.15mm,25.45mm) on L1 TOP",
TRACK,R29:VREF_A,VREF_A,Top Layer,27.825,24.225,27.825,24.925,0.2,,,"VREF_A|Pad Free-TP_VREF_A(27.75mm,23.75mm) on L1 TOP|Pad U1-8(27.85mm,25.05mm) on L1 TOP",
TRACK,R30:VREF_B_SRC,VREF_B_SRC,Top Layer,27.775,29.775,27.775,29.125,0.2,,,"VREF_B_SRC|Pad Free-TP_VREF_B_SRC(27.75mm,30.25mm) on L1 TOP|Pad U1-14(27.85mm,28.95mm) on L1 TOP",
TRACK,R31:VDiv,VDiv,Top Layer,30.925,25.725,30.925,25.425,0.2,,,"VDiv|Pad RV1-1(30.7mm,26mm) on L1 TOP|Pad Cdiv_10uF-2(31.25mm,24.8mm) on L1 TOP",
TRACK,R32:NetCH_3_2,NetCH_3_2,Top Layer,47.775,24.675,47.975,24.675,0.2,,,"NetCH_3_2|Pad CH_3-2(47.5mm,24.807mm) on L1 TOP|Pad RGN_3-2(48.4mm,23.7mm) on L1 TOP",
TRACK,R32:NetCH_3_2,NetCH_3_2,Top Layer,47.975,24.675,48.275,24.375,0.2,,,"NetCH_3_2|Pad CH_3-2(47.5mm,24.807mm) on L1 TOP|Pad RGN_3-2(48.4mm,23.7mm) on L1 TOP",
TRACK,R32:NetCH_3_2,NetCH_3_2,Top Layer,48.275,24.375,48.275,23.975,0.2,,,"NetCH_3_2|Pad CH_3-2(47.5mm,24.807mm) on L1 TOP|Pad RGN_3-2(48.4mm,23.7mm) on L1 TOP",
TRACK,R33:ADC_EMG4,ADC_EMG4,Top Layer,63.475,29.675,63.825,29.675,0.2,,,"ADC_EMG4|Pad R_ADC4-2(63.235mm,29.4mm) on L1 TOP|Pad C_ADC4-1(64.6mm,29.877mm) on L1 TOP",
TRACK,R33:ADC_EMG4,ADC_EMG4,Top Layer,63.825,29.675,64.1745,30.0245,0.2,,,"ADC_EMG4|Pad R_ADC4-2(63.235mm,29.4mm) on L1 TOP|Pad C_ADC4-1(64.6mm,29.877mm) on L1 TOP",
TRACK,R33:ADC_EMG4,ADC_EMG4,Top Layer,64.1745,30.0245,64.225,30.075,0.2,,,"ADC_EMG4|Pad R_ADC4-2(63.235mm,29.4mm) on L1 TOP|Pad C_ADC4-1(64.6mm,29.877mm) on L1 TOP",
TRACK,R34:VREF_B_SRC,VREF_B_SRC,Top Layer,36.325,30.275,36.675,30.275,0.2,,,"VREF_B_SRC|Pad R_VREF4-1(36.1mm,30.488mm) on L1 TOP|Pad R_VREF5-1(37.4mm,29.688mm) on L1 TOP",
TRACK,R34:VREF_B_SRC,VREF_B_SRC,Top Layer,36.675,30.275,37.175,29.775,0.2,,,"VREF_B_SRC|Pad R_VREF4-1(36.1mm,30.488mm) on L1 TOP|Pad R_VREF5-1(37.4mm,29.688mm) on L1 TOP",
TRACK,R35:NetCservo_5_1,NetCservo_5_1,Top Layer,68.425,27.375,68.425,26.875,0.2,,,"NetCservo_5_1|Pad Rservo_5-1(68.375mm,27.6mm) on L1 TOP|Pad Cservo_5-1(68.725mm,26.1mm) on L1 TOP [Unplated]",
TRACK,R36:NetCservo_2_1,NetCservo_2_1,Top Layer,37.675,23.925,37.675,23.475,0.2,,,"NetCservo_2_1|Pad Cservo_2-1(37.275mm,24.7mm) on L1 TOP [Unplated]|Pad Rservo_2-1(37.625mm,23.2mm) on L1 TOP",
TRACK,R37:NetCservo_3_1,NetCservo_3_1,Top Layer,46.475,28.575,46.475,28.075,0.2,,,"NetCservo_3_1|Pad Rservo_3-1(46.375mm,28.8mm) on L1 TOP|Pad Cservo_3-1(46.725mm,27.3mm) on L1 TOP [Unplated]",
TRACK,R38:NetINA4_7,NetINA4_7,Top Layer,60.675,21.075,60.675,21.325,0.2,,,"NetINA4_7|Pad INA4-7(60.675mm,20.55mm) on L1 TOP|Pad RL_4-1(61.7mm,21.7mm) on L1 TOP",
TRACK,R38:NetINA4_7,NetINA4_7,Top Layer,60.675,21.325,61.025,21.675,0.2,,,"NetINA4_7|Pad INA4-7(60.675mm,20.55mm) on L1 TOP|Pad RL_4-1(61.7mm,21.7mm) on L1 TOP",
TRACK,R38:NetINA4_7,NetINA4_7,Top Layer,61.025,21.675,61.475,21.675,0.2,,,"NetINA4_7|Pad INA4-7(60.675mm,20.55mm) on L1 TOP|Pad RL_4-1(61.7mm,21.7mm) on L1 TOP",
TRACK,R39:NetCL_5_1,NetCL_5_1,Top Layer,70.825,21.625,71.225,21.225,0.2,,,"NetCL_5_1|Pad RGN_5-1(70.6mm,21.9mm) on L1 TOP|Pad CL_5-1(71.45mm,20.5mm) on L1 TOP",
TRACK,R40:NetCH_2_2,NetCH_2_2,Top Layer,37.775,27.325,38.325,27.325,0.2,,,"NetCH_2_2|Pad RG_2-1(37.5mm,27.125mm) on L1 TOP|Pad U2-2(39.15mm,27.3mm) on L1 TOP",
TRACK,R41:VOUT_2,VOUT_2,Top Layer,37.775,28.025,38.325,28.025,0.2,,,"VOUT_2|Pad RG_2-2(37.5mm,28.125mm) on L1 TOP|Pad U2-1(39.15mm,27.95mm) on L1 TOP",
TRACK,R42:NetCH_3_2,NetCH_3_2,Top Layer,45.675,24.775,46.225,24.775,0.2,,,"NetCH_3_2|Pad U2-9(44.85mm,24.7mm) on L1 TOP|Pad RG_3-1(46.5mm,24.875mm) on L1 TOP",
TRACK,R43:VOUT_3,VOUT_3,Top Layer,45.675,24.025,46.225,24.025,0.2,,,"VOUT_3|Pad U2-8(44.85mm,24.05mm) on L1 TOP|Pad RG_3-2(46.5mm,23.875mm) on L1 TOP",
TRACK,R44:NetCH_4_2,NetCH_4_2,Top Layer,59.775,26.125,60.325,26.125,0.2,,,"NetCH_4_2|Pad RG_4-1(59.5mm,25.925mm) on L1 TOP|Pad U3-2(61.15mm,26.1mm) on L1 TOP",
TRACK,R45:VOUT_4,VOUT_4,Top Layer,59.775,26.825,60.325,26.825,0.2,,,"VOUT_4|Pad RG_4-2(59.5mm,26.925mm) on L1 TOP|Pad U3-1(61.15mm,26.75mm) on L1 TOP",
TRACK,R46:NetCH_5_2,NetCH_5_2,Top Layer,67.675,23.575,68.225,23.575,0.2,,,"NetCH_5_2|Pad U3-9(66.85mm,23.5mm) on L1 TOP|Pad RG_5-1(68.5mm,23.675mm) on L1 TOP",
TRACK,R47:VOUT_5,VOUT_5,Top Layer,67.675,22.825,68.225,22.825,0.2,,,"VOUT_5|Pad U3-8(66.85mm,22.85mm) on L1 TOP|Pad RG_5-2(68.5mm,22.675mm) on L1 TOP",
TRACK,R48:ADC_EMG2,ADC_EMG2,Top Layer,62.275,32.975,64.075,32.975,0.2,,,"ADC_EMG2|Pad R_ADC2-2(62mm,32.885mm) on L1 TOP|Pad U_MCU1-24(63.262mm,34mm) on L1 TOP [Unplated]",
TRACK,R48:ADC_EMG2,ADC_EMG2,Top Layer,64.075,32.975,64.325,33.225,0.2,,,"ADC_EMG2|Pad R_ADC2-2(62mm,32.885mm) on L1 TOP|Pad U_MCU1-24(63.262mm,34mm) on L1 TOP [Unplated]",
TRACK,R48:ADC_EMG2,ADC_EMG2,Top Layer,64.325,33.225,64.325,33.825,0.2,,,"ADC_EMG2|Pad R_ADC2-2(62mm,32.885mm) on L1 TOP|Pad U_MCU1-24(63.262mm,34mm) on L1 TOP [Unplated]",
TRACK,R48:ADC_EMG2,ADC_EMG2,Top Layer,64.325,33.825,64.125,34.025,0.2,,,"ADC_EMG2|Pad R_ADC2-2(62mm,32.885mm) on L1 TOP|Pad U_MCU1-24(63.262mm,34mm) on L1 TOP [Unplated]",
TRACK,R48:ADC_EMG2,ADC_EMG2,Top Layer,64.125,34.025,63.975,34.025,0.2,,,"ADC_EMG2|Pad R_ADC2-2(62mm,32.885mm) on L1 TOP|Pad U_MCU1-24(63.262mm,34mm) on L1 TOP [Unplated]",
TRACK,R49:NetCH_1_2,NetCH_1_2,Top Layer,19.175,30.175,19.175,31.525,0.2,,,"NetCH_1_2|Pad RGN_1-2(19.4mm,29.9mm) on L1 TOP|Pad CH_1-2(19.5mm,28.193mm) on L1 TOP",
TRACK,R49:NetCH_1_2,NetCH_1_2,Top Layer,19.175,31.525,19.05,31.65,0.2,,,"NetCH_1_2|Pad RGN_1-2(19.4mm,29.9mm) on L1 TOP|Pad CH_1-2(19.5mm,28.193mm) on L1 TOP",
TRACK,R49:NetCH_1_2,NetCH_1_2,Top Layer,19.05,31.65,18.9,31.8,0.2,,,"NetCH_1_2|Pad RGN_1-2(19.4mm,29.9mm) on L1 TOP|Pad CH_1-2(19.5mm,28.193mm) on L1 TOP",
TRACK,R49:NetCH_1_2,NetCH_1_2,Top Layer,18.9,31.8,18.775,31.925,0.2,,,"NetCH_1_2|Pad RGN_1-2(19.4mm,29.9mm) on L1 TOP|Pad CH_1-2(19.5mm,28.193mm) on L1 TOP",
TRACK,R49:NetCH_1_2,NetCH_1_2,Top Layer,18.775,31.925,18.775,32.875,0.2,,,"NetCH_1_2|Pad RGN_1-2(19.4mm,29.9mm) on L1 TOP|Pad CH_1-2(19.5mm,28.193mm) on L1 TOP",
TRACK,R49:NetCH_1_2,NetCH_1_2,Top Layer,18.775,32.875,19.05,33.15,0.2,,,"NetCH_1_2|Pad RGN_1-2(19.4mm,29.9mm) on L1 TOP|Pad CH_1-2(19.5mm,28.193mm) on L1 TOP",
TRACK,R49:NetCH_1_2,NetCH_1_2,Top Layer,19.05,33.15,19.15,33.25,0.2,,,"NetCH_1_2|Pad RGN_1-2(19.4mm,29.9mm) on L1 TOP|Pad CH_1-2(19.5mm,28.193mm) on L1 TOP",
TRACK,R49:NetCH_1_2,NetCH_1_2,Top Layer,19.15,33.25,19.175,33.275,0.2,,,"NetCH_1_2|Pad RGN_1-2(19.4mm,29.9mm) on L1 TOP|Pad CH_1-2(19.5mm,28.193mm) on L1 TOP",
TRACK,R49:NetCH_1_2,NetCH_1_2,Top Layer,19.175,33.275,19.875,33.275,0.2,,,"NetCH_1_2|Pad RGN_1-2(19.4mm,29.9mm) on L1 TOP|Pad CH_1-2(19.5mm,28.193mm) on L1 TOP",
TRACK,R49:NetCH_1_2,NetCH_1_2,Top Layer,19.875,33.275,19.9,33.25,0.2,,,"NetCH_1_2|Pad RGN_1-2(19.4mm,29.9mm) on L1 TOP|Pad CH_1-2(19.5mm,28.193mm) on L1 TOP",
TRACK,R49:NetCH_1_2,NetCH_1_2,Top Layer,19.9,33.25,23.425,29.725,0.2,,,"NetCH_1_2|Pad RGN_1-2(19.4mm,29.9mm) on L1 TOP|Pad CH_1-2(19.5mm,28.193mm) on L1 TOP",
TRACK,R49:NetCH_1_2,NetCH_1_2,Top Layer,23.425,29.725,23.425,28.75,0.2,,,"NetCH_1_2|Pad RGN_1-2(19.4mm,29.9mm) on L1 TOP|Pad CH_1-2(19.5mm,28.193mm) on L1 TOP",
TRACK,R49:NetCH_1_2,NetCH_1_2,Top Layer,23.425,28.75,23.425,28.675,0.2,,,"NetCH_1_2|Pad RGN_1-2(19.4mm,29.9mm) on L1 TOP|Pad CH_1-2(19.5mm,28.193mm) on L1 TOP",
TRACK,R49:NetCH_1_2,NetCH_1_2,Top Layer,23.425,28.675,23.075,28.325,0.2,,,"NetCH_1_2|Pad RGN_1-2(19.4mm,29.9mm) on L1 TOP|Pad CH_1-2(19.5mm,28.193mm) on L1 TOP",
TRACK,R49:NetCH_1_2,NetCH_1_2,Top Layer,23.075,28.325,19.775,28.325,0.2,,,"NetCH_1_2|Pad RGN_1-2(19.4mm,29.9mm) on L1 TOP|Pad CH_1-2(19.5mm,28.193mm) on L1 TOP",
TRACK,R50:NetCH_2_2,NetCH_2_2,Top Layer,36.625,28.975,37.975,28.975,0.2,,,"NetCH_2_2|Pad RGN_2-2(36.4mm,28.9mm) on L1 TOP|Pad CH_2-2(36.5mm,27.193mm) on L1 TOP",
TRACK,R50:NetCH_2_2,NetCH_2_2,Mid Layer 2,37.975,28.975,36.875,28.975,0.2,,,"NetCH_2_2|Pad RGN_2-2(36.4mm,28.9mm) on L1 TOP|Pad CH_2-2(36.5mm,27.193mm) on L1 TOP",
TRACK,R50:NetCH_2_2,NetCH_2_2,Mid Layer 2,36.875,28.975,35.575,27.675,0.2,,,"NetCH_2_2|Pad RGN_2-2(36.4mm,28.9mm) on L1 TOP|Pad CH_2-2(36.5mm,27.193mm) on L1 TOP",
TRACK,R50:NetCH_2_2,NetCH_2_2,Top Layer,35.575,27.675,35.675,27.675,0.2,,,"NetCH_2_2|Pad RGN_2-2(36.4mm,28.9mm) on L1 TOP|Pad CH_2-2(36.5mm,27.193mm) on L1 TOP",
TRACK,R50:NetCH_2_2,NetCH_2_2,Top Layer,35.675,27.675,35.975,27.375,0.2,,,"NetCH_2_2|Pad RGN_2-2(36.4mm,28.9mm) on L1 TOP|Pad CH_2-2(36.5mm,27.193mm) on L1 TOP",
TRACK,R50:NetCH_2_2,NetCH_2_2,Top Layer,35.975,27.375,36.225,27.375,0.2,,,"NetCH_2_2|Pad RGN_2-2(36.4mm,28.9mm) on L1 TOP|Pad CH_2-2(36.5mm,27.193mm) on L1 TOP",
VIA,R50:NetCH_2_2,NetCH_2_2,Multi Layer,37.975,28.975,,,,0.6,0.3,"NetCH_2_2|Pad RGN_2-2(36.4mm,28.9mm) on L1 TOP|Pad CH_2-2(36.5mm,27.193mm) on L1 TOP",
VIA,R50:NetCH_2_2,NetCH_2_2,Multi Layer,35.575,27.675,,,,0.6,0.3,"NetCH_2_2|Pad RGN_2-2(36.4mm,28.9mm) on L1 TOP|Pad CH_2-2(36.5mm,27.193mm) on L1 TOP",
TRACK,R51:NetCH_5_2,NetCH_5_2,Top Layer,69.775,23.475,70.225,23.475,0.2,,,"NetCH_5_2|Pad CH_5-2(69.5mm,23.607mm) on L1 TOP|Pad RGN_5-2(69.6mm,21.9mm) on L1 TOP",
TRACK,R51:NetCH_5_2,NetCH_5_2,Mid Layer 2,70.225,23.475,70.175,23.475,0.2,,,"NetCH_5_2|Pad CH_5-2(69.5mm,23.607mm) on L1 TOP|Pad RGN_5-2(69.6mm,21.9mm) on L1 TOP",
TRACK,R51:NetCH_5_2,NetCH_5_2,Mid Layer 2,70.175,23.475,68.475,21.775,0.2,,,"NetCH_5_2|Pad CH_5-2(69.5mm,23.607mm) on L1 TOP|Pad RGN_5-2(69.6mm,21.9mm) on L1 TOP",
TRACK,R51:NetCH_5_2,NetCH_5_2,Top Layer,68.475,21.775,69.375,21.775,0.2,,,"NetCH_5_2|Pad CH_5-2(69.5mm,23.607mm) on L1 TOP|Pad RGN_5-2(69.6mm,21.9mm) on L1 TOP",
VIA,R51:NetCH_5_2,NetCH_5_2,Multi Layer,70.225,23.475,,,,0.6,0.3,"NetCH_5_2|Pad CH_5-2(69.5mm,23.607mm) on L1 TOP|Pad RGN_5-2(69.6mm,21.9mm) on L1 TOP",
VIA,R51:NetCH_5_2,NetCH_5_2,Multi Layer,68.475,21.775,,,,0.6,0.3,"NetCH_5_2|Pad CH_5-2(69.5mm,23.607mm) on L1 TOP|Pad RGN_5-2(69.6mm,21.9mm) on L1 TOP",
TRACK,R52:NetCH_4_2,NetCH_4_2,Top Layer,58.625,27.825,59.075,27.825,0.2,,,"NetCH_4_2|Pad RGN_4-2(58.4mm,27.7mm) on L1 TOP|Pad CH_4-2(58.5mm,25.993mm) on L1 TOP",
TRACK,R52:NetCH_4_2,NetCH_4_2,Mid Layer 2,59.075,27.825,58.925,27.825,0.2,,,"NetCH_4_2|Pad RGN_4-2(58.4mm,27.7mm) on L1 TOP|Pad CH_4-2(58.5mm,25.993mm) on L1 TOP",
TRACK,R52:NetCH_4_2,NetCH_4_2,Mid Layer 2,58.925,27.825,57.575,26.475,0.2,,,"NetCH_4_2|Pad RGN_4-2(58.4mm,27.7mm) on L1 TOP|Pad CH_4-2(58.5mm,25.993mm) on L1 TOP",
TRACK,R52:NetCH_4_2,NetCH_4_2,Top Layer,57.575,26.475,57.675,26.475,0.2,,,"NetCH_4_2|Pad RGN_4-2(58.4mm,27.7mm) on L1 TOP|Pad CH_4-2(58.5mm,25.993mm) on L1 TOP",
TRACK,R52:NetCH_4_2,NetCH_4_2,Top Layer,57.675,26.475,57.975,26.175,0.2,,,"NetCH_4_2|Pad RGN_4-2(58.4mm,27.7mm) on L1 TOP|Pad CH_4-2(58.5mm,25.993mm) on L1 TOP",
TRACK,R52:NetCH_4_2,NetCH_4_2,Top Layer,57.975,26.175,58.225,26.175,0.2,,,"NetCH_4_2|Pad RGN_4-2(58.4mm,27.7mm) on L1 TOP|Pad CH_4-2(58.5mm,25.993mm) on L1 TOP",
VIA,R52:NetCH_4_2,NetCH_4_2,Multi Layer,59.075,27.825,,,,0.6,0.3,"NetCH_4_2|Pad RGN_4-2(58.4mm,27.7mm) on L1 TOP|Pad CH_4-2(58.5mm,25.993mm) on L1 TOP",
VIA,R52:NetCH_4_2,NetCH_4_2,Multi Layer,57.575,26.475,,,,0.6,0.3,"NetCH_4_2|Pad RGN_4-2(58.4mm,27.7mm) on L1 TOP|Pad CH_4-2(58.5mm,25.993mm) on L1 TOP",
TRACK,R53:VDiv,VDiv,Top Layer,29.525,24.825,29.525,24.025,0.2,,,"VDiv|Pad Cdiv_1-2(29.521mm,25mm) on L1 TOP|Pad Cdiv_10uF-2(31.25mm,24.8mm) on L1 TOP",
TRACK,R53:VDiv,VDiv,Top Layer,29.525,24.025,29.925,23.625,0.2,,,"VDiv|Pad Cdiv_1-2(29.521mm,25mm) on L1 TOP|Pad Cdiv_10uF-2(31.25mm,24.8mm) on L1 TOP",
TRACK,R53:VDiv,VDiv,Top Layer,29.925,23.625,30.625,23.625,0.2,,,"VDiv|Pad Cdiv_1-2(29.521mm,25mm) on L1 TOP|Pad Cdiv_10uF-2(31.25mm,24.8mm) on L1 TOP",
TRACK,R53:VDiv,VDiv,Top Layer,30.625,23.625,31.175,24.175,0.2,,,"VDiv|Pad Cdiv_1-2(29.521mm,25mm) on L1 TOP|Pad Cdiv_10uF-2(31.25mm,24.8mm) on L1 TOP",
TRACK,R54:VREF_B_SRC,VREF_B_SRC,Top Layer,32.225,30.925,33.575,30.925,0.2,,,"VREF_B_SRC|Pad R_VREF2-1(32mm,30.888mm) on L1 TOP|Pad R_VREF3-1(33.8mm,30.888mm) on L1 TOP",
TRACK,R55:NetINA4_3,NetINA4_3,Top Layer,67.275,17.025,67.275,18.375,0.2,,,"NetINA4_3|Pad RDD10-2(67.312mm,16.8mm) on L1 TOP|Pad RDD12-2(67.312mm,18.6mm) on L1 TOP",
TRACK,R56:NetINA1_3,NetINA1_3,Top Layer,28.275,17.025,28.275,18.375,0.2,,,"NetINA1_3|Pad RDD1-2(28.312mm,16.8mm) on L1 TOP|Pad RDD3-2(28.312mm,18.6mm) on L1 TOP",
TRACK,R57:NetINA5_3,NetINA5_3,Top Layer,79.875,17.025,79.875,18.375,0.2,,,"NetINA5_3|Pad RDD13-2(79.912mm,16.8mm) on L1 TOP|Pad RDD15-2(79.912mm,18.6mm) on L1 TOP",
TRACK,R58:NetINA2_3,NetINA2_3,Top Layer,41.275,17.025,41.275,18.375,0.2,,,"NetINA2_3|Pad RDD4-2(41.312mm,16.8mm) on L1 TOP|Pad RDD6-2(41.312mm,18.6mm) on L1 TOP",
TRACK,R59:NetINA3_3,NetINA3_3,Top Layer,54.275,17.025,54.275,18.375,0.2,,,"NetINA3_3|Pad RDD7-2(54.312mm,16.8mm) on L1 TOP|Pad RDD9-2(54.312mm,18.6mm) on L1 TOP",
TRACK,R60:NetJ_REF_1,NetJ_REF_1,Bottom Layer,14.525,21.425,14.975,21.425,0.2,,,"NetJ_REF_1|Pad R_DRL_SEL-2(14.225mm,21.7mm) on L4 BOTTOM GND|Pad R_ref-1(16mm,21.4mm) on L1 TOP",
TRACK,R60:NetJ_REF_1,NetJ_REF_1,Top Layer,14.975,21.425,15.775,21.425,0.2,,,"NetJ_REF_1|Pad R_DRL_SEL-2(14.225mm,21.7mm) on L4 BOTTOM GND|Pad R_ref-1(16mm,21.4mm) on L1 TOP",
VIA,R60:NetJ_REF_1,NetJ_REF_1,Multi Layer,14.975,21.425,,,,0.6,0.3,"NetJ_REF_1|Pad R_DRL_SEL-2(14.225mm,21.7mm) on L4 BOTTOM GND|Pad R_ref-1(16mm,21.4mm) on L1 TOP",
TRACK,R61:NetCservo_2_1,NetCservo_2_1,Top Layer,37.775,24.725,38.325,24.725,0.2,,,"NetCservo_2_1|Pad Cservo_2-1(37.275mm,24.7mm) on L1 TOP [Unplated]|Pad U2-6(39.15mm,24.7mm) on L1 TOP",
TRACK,R62:NetCservo_3_1,NetCservo_3_1,Top Layer,45.675,27.325,46.225,27.325,0.2,,,"NetCservo_3_1|Pad U2-13(44.85mm,27.3mm) on L1 TOP|Pad Cservo_3-1(46.725mm,27.3mm) on L1 TOP [Unplated]",
TRACK,R63:NetCservo_4_1,NetCservo_4_1,Top Layer,59.775,23.525,60.325,23.525,0.2,,,"NetCservo_4_1|Pad Cservo_4-1(59.275mm,23.5mm) on L1 TOP [Unplated]|Pad U3-6(61.15mm,23.5mm) on L1 TOP",
TRACK,R64:NetCservo_5_1,NetCservo_5_1,Top Layer,67.675,26.125,68.225,26.125,0.2,,,"NetCservo_5_1|Pad U3-13(66.85mm,26.1mm) on L1 TOP|Pad Cservo_5-1(68.725mm,26.1mm) on L1 TOP [Unplated]",
TRACK,R65:ADC_EMG4,ADC_EMG4,Top Layer,64.925,30.275,64.925,31.075,0.2,,,"ADC_EMG4|Pad C_ADC4-1(64.6mm,29.877mm) on L1 TOP|Pad U_MCU1-26(65mm,31.762mm) on L1 TOP [Unplated]",
TRACK,R66:NetINA4_7,NetINA4_7,Top Layer,59.975,21.775,61.475,21.775,0.2,,,"NetINA4_7|Pad RH_4-2(59.679mm,21.75mm) on L1 TOP|Pad RL_4-1(61.7mm,21.7mm) on L1 TOP",
TRACK,R67:INA_OUT_4,INA_OUT_4,Top Layer,58.075,20.575,58.075,20.325,0.2,,,"INA_OUT_4|Pad Rservo_4-2(57.975mm,20.8mm) on L1 TOP|Pad INA4-8(60.025mm,20.55mm) on L1 TOP",
TRACK,R67:INA_OUT_4,INA_OUT_4,Top Layer,58.075,20.325,58.325,20.075,0.2,,,"INA_OUT_4|Pad Rservo_4-2(57.975mm,20.8mm) on L1 TOP|Pad INA4-8(60.025mm,20.55mm) on L1 TOP",
TRACK,R67:INA_OUT_4,INA_OUT_4,Top Layer,58.325,20.075,59.475,20.075,0.2,,,"INA_OUT_4|Pad Rservo_4-2(57.975mm,20.8mm) on L1 TOP|Pad INA4-8(60.025mm,20.55mm) on L1 TOP",
TRACK,R67:INA_OUT_4,INA_OUT_4,Top Layer,59.475,20.075,59.875,20.475,0.2,,,"INA_OUT_4|Pad Rservo_4-2(57.975mm,20.8mm) on L1 TOP|Pad INA4-8(60.025mm,20.55mm) on L1 TOP",
TRACK,R68:VDiv,VDiv,Top Layer,27.025,26.325,26.825,26.325,0.2,,,"VDiv|Pad U1-10(27.85mm,26.35mm) on L1 TOP|Pad Cdiv_1-2(29.521mm,25mm) on L1 TOP",
TRACK,R68:VDiv,VDiv,Top Layer,26.825,26.325,26.525,26.025,0.2,,,"VDiv|Pad U1-10(27.85mm,26.35mm) on L1 TOP|Pad Cdiv_1-2(29.521mm,25mm) on L1 TOP",
TRACK,R68:VDiv,VDiv,Top Layer,26.525,26.025,26.525,23.625,0.2,,,"VDiv|Pad U1-10(27.85mm,26.35mm) on L1 TOP|Pad Cdiv_1-2(29.521mm,25mm) on L1 TOP",
TRACK,R68:VDiv,VDiv,Top Layer,26.525,23.625,27.325,22.825,0.2,,,"VDiv|Pad U1-10(27.85mm,26.35mm) on L1 TOP|Pad Cdiv_1-2(29.521mm,25mm) on L1 TOP",
TRACK,R68:VDiv,VDiv,Top Layer,27.325,22.825,28.125,22.825,0.2,,,"VDiv|Pad U1-10(27.85mm,26.35mm) on L1 TOP|Pad Cdiv_1-2(29.521mm,25mm) on L1 TOP",
TRACK,R68:VDiv,VDiv,Top Layer,28.125,22.825,29.325,24.025,0.2,,,"VDiv|Pad U1-10(27.85mm,26.35mm) on L1 TOP|Pad Cdiv_1-2(29.521mm,25mm) on L1 TOP",
TRACK,R68:VDiv,VDiv,Top Layer,29.325,24.025,29.325,24.825,0.2,,,"VDiv|Pad U1-10(27.85mm,26.35mm) on L1 TOP|Pad Cdiv_1-2(29.521mm,25mm) on L1 TOP",
TRACK,R69:VREF_B_SRC,VREF_B_SRC,Top Layer,30.425,29.925,30.525,29.925,0.2,,,"VREF_B_SRC|Pad R_VREF1-1(30.2mm,29.688mm) on L1 TOP|Pad R_VREF2-1(32mm,30.888mm) on L1 TOP",
TRACK,R69:VREF_B_SRC,VREF_B_SRC,Top Layer,30.525,29.925,31.025,30.425,0.2,,,"VREF_B_SRC|Pad R_VREF1-1(30.2mm,29.688mm) on L1 TOP|Pad R_VREF2-1(32mm,30.888mm) on L1 TOP",
TRACK,R69:VREF_B_SRC,VREF_B_SRC,Top Layer,31.025,30.425,31.025,30.525,0.2,,,"VREF_B_SRC|Pad R_VREF1-1(30.2mm,29.688mm) on L1 TOP|Pad R_VREF2-1(32mm,30.888mm) on L1 TOP",
TRACK,R69:VREF_B_SRC,VREF_B_SRC,Top Layer,31.025,30.525,31.325,30.825,0.2,,,"VREF_B_SRC|Pad R_VREF1-1(30.2mm,29.688mm) on L1 TOP|Pad R_VREF2-1(32mm,30.888mm) on L1 TOP",
TRACK,R69:VREF_B_SRC,VREF_B_SRC,Top Layer,31.325,30.825,31.775,30.825,0.2,,,"VREF_B_SRC|Pad R_VREF1-1(30.2mm,29.688mm) on L1 TOP|Pad R_VREF2-1(32mm,30.888mm) on L1 TOP",
TRACK,R70:Vservo_4,Vservo_4,Top Layer,61.975,22.825,62.225,22.825,0.2,,,"Vservo_4|Pad U3-7(61.15mm,22.85mm) on L1 TOP|Pad INA4-6(61.325mm,20.55mm) on L1 TOP",
TRACK,R70:Vservo_4,Vservo_4,Top Layer,62.225,22.825,62.375,22.675,0.2,,,"Vservo_4|Pad U3-7(61.15mm,22.85mm) on L1 TOP|Pad INA4-6(61.325mm,20.55mm) on L1 TOP",
TRACK,R70:Vservo_4,Vservo_4,Mid Layer 2,62.375,22.675,62.375,20.625,0.2,,,"Vservo_4|Pad U3-7(61.15mm,22.85mm) on L1 TOP|Pad INA4-6(61.325mm,20.55mm) on L1 TOP",
TRACK,R70:Vservo_4,Vservo_4,Mid Layer 2,62.375,20.625,61.325,19.575,0.2,,,"Vservo_4|Pad U3-7(61.15mm,22.85mm) on L1 TOP|Pad INA4-6(61.325mm,20.55mm) on L1 TOP",
TRACK,R70:Vservo_4,Vservo_4,Top Layer,61.325,19.575,61.325,20.025,0.2,,,"Vservo_4|Pad U3-7(61.15mm,22.85mm) on L1 TOP|Pad INA4-6(61.325mm,20.55mm) on L1 TOP",
VIA,R70:Vservo_4,Vservo_4,Multi Layer,62.375,22.675,,,,0.6,0.3,"Vservo_4|Pad U3-7(61.15mm,22.85mm) on L1 TOP|Pad INA4-6(61.325mm,20.55mm) on L1 TOP",
VIA,R70:Vservo_4,Vservo_4,Multi Layer,61.325,19.575,,,,0.6,0.3,"Vservo_4|Pad U3-7(61.15mm,22.85mm) on L1 TOP|Pad INA4-6(61.325mm,20.55mm) on L1 TOP",
TRACK,R71:VREF_B_SRC,VREF_B_SRC,Top Layer,34.025,30.725,35.875,30.725,0.2,,,"VREF_B_SRC|Pad R_VREF3-1(33.8mm,30.888mm) on L1 TOP|Pad R_VREF4-1(36.1mm,30.488mm) on L1 TOP",
TRACK,R72:VREF_B_SRC,VREF_B_SRC,Top Layer,28.175,30.075,29.725,30.075,0.2,,,"VREF_B_SRC|Pad Free-TP_VREF_B_SRC(27.75mm,30.25mm) on L1 TOP|Pad R_VREF1-1(30.2mm,29.688mm) on L1 TOP",
TRACK,R72:VREF_B_SRC,VREF_B_SRC,Top Layer,29.725,30.075,29.975,29.825,0.2,,,"VREF_B_SRC|Pad Free-TP_VREF_B_SRC(27.75mm,30.25mm) on L1 TOP|Pad R_VREF1-1(30.2mm,29.688mm) on L1 TOP",
TRACK,R73:NetJ_REF_1,NetJ_REF_1,Top Layer,13.225,19.025,14.325,19.025,0.2,,,"NetJ_REF_1|Pad J_REF-1(12.5mm,19mm) on Multi-Layer|Pad J_REF-2(15.04mm,19mm) on Multi-Layer",
TRACK,R77:NetJ_REF_1,NetJ_REF_1,Bottom Layer,14.525,21.275,14.525,20.825,0.2,,,"NetJ_REF_1|Pad R_DRL_SEL-2(14.225mm,21.7mm) on L4 BOTTOM GND|Pad J_REF-2(15.04mm,19mm) on Multi-Layer",
TRACK,R77:NetJ_REF_1,NetJ_REF_1,Top Layer,14.525,20.825,14.525,19.575,0.2,,,"NetJ_REF_1|Pad R_DRL_SEL-2(14.225mm,21.7mm) on L4 BOTTOM GND|Pad J_REF-2(15.04mm,19mm) on Multi-Layer",
VIA,R77:NetJ_REF_1,NetJ_REF_1,Multi Layer,14.525,20.825,,,,0.6,0.3,"NetJ_REF_1|Pad R_DRL_SEL-2(14.225mm,21.7mm) on L4 BOTTOM GND|Pad J_REF-2(15.04mm,19mm) on Multi-Layer",
TRACK,R78:VOUT_2,VOUT_2,Top Layer,61.525,28.875,61.875,28.525,0.2,,,"VOUT_2|Pad Free-TP_VOUT_2(61.25mm,29.25mm) on L1 TOP|Pad R_ADC2-1(62mm,32.015mm) on L1 TOP",
TRACK,R78:VOUT_2,VOUT_2,Mid Layer 2,61.875,28.525,61.875,29.325,0.2,,,"VOUT_2|Pad Free-TP_VOUT_2(61.25mm,29.25mm) on L1 TOP|Pad R_ADC2-1(62mm,32.015mm) on L1 TOP",
TRACK,R78:VOUT_2,VOUT_2,Mid Layer 2,61.875,29.325,62.5745,30.0245,0.2,,,"VOUT_2|Pad Free-TP_VOUT_2(61.25mm,29.25mm) on L1 TOP|Pad R_ADC2-1(62mm,32.015mm) on L1 TOP",
TRACK,R78:VOUT_2,VOUT_2,Mid Layer 2,62.5745,30.0245,62.925,30.375,0.2,,,"VOUT_2|Pad Free-TP_VOUT_2(61.25mm,29.25mm) on L1 TOP|Pad R_ADC2-1(62mm,32.015mm) on L1 TOP",
TRACK,R78:VOUT_2,VOUT_2,Top Layer,62.925,30.375,62.925,31.525,0.2,,,"VOUT_2|Pad Free-TP_VOUT_2(61.25mm,29.25mm) on L1 TOP|Pad R_ADC2-1(62mm,32.015mm) on L1 TOP",
TRACK,R78:VOUT_2,VOUT_2,Top Layer,62.925,31.525,62.475,31.975,0.2,,,"VOUT_2|Pad Free-TP_VOUT_2(61.25mm,29.25mm) on L1 TOP|Pad R_ADC2-1(62mm,32.015mm) on L1 TOP",
TRACK,R78:VOUT_2,VOUT_2,Top Layer,62.475,31.975,62.275,31.975,0.2,,,"VOUT_2|Pad Free-TP_VOUT_2(61.25mm,29.25mm) on L1 TOP|Pad R_ADC2-1(62mm,32.015mm) on L1 TOP",
VIA,R78:VOUT_2,VOUT_2,Multi Layer,61.875,28.525,,,,0.6,0.3,"VOUT_2|Pad Free-TP_VOUT_2(61.25mm,29.25mm) on L1 TOP|Pad R_ADC2-1(62mm,32.015mm) on L1 TOP",
VIA,R78:VOUT_2,VOUT_2,Multi Layer,62.925,30.375,,,,0.6,0.3,"VOUT_2|Pad Free-TP_VOUT_2(61.25mm,29.25mm) on L1 TOP|Pad R_ADC2-1(62mm,32.015mm) on L1 TOP",
TRACK,R79:VREF_A,VREF_A,Top Layer,61.975,24.125,62.125,24.125,0.2,,,"VREF_A|Pad U3-5(61.15mm,24.15mm) on L1 TOP|Pad RL_4-2(62.7mm,21.7mm) on L1 TOP",
TRACK,R79:VREF_A,VREF_A,Top Layer,62.125,24.125,63.075,23.175,0.2,,,"VREF_A|Pad U3-5(61.15mm,24.15mm) on L1 TOP|Pad RL_4-2(62.7mm,21.7mm) on L1 TOP",
TRACK,R79:VREF_A,VREF_A,Top Layer,63.075,23.175,63.075,22.225,0.2,,,"VREF_A|Pad U3-5(61.15mm,24.15mm) on L1 TOP|Pad RL_4-2(62.7mm,21.7mm) on L1 TOP",
TRACK,R79:VREF_A,VREF_A,Top Layer,63.075,22.225,62.825,21.975,0.2,,,"VREF_A|Pad U3-5(61.15mm,24.15mm) on L1 TOP|Pad RL_4-2(62.7mm,21.7mm) on L1 TOP",
TRACK,R80:VOUT_4,VOUT_4,Top Layer,61.875,26.925,61.875,27.475,0.2,,,"VOUT_4|Pad U3-1(61.15mm,26.75mm) on L1 TOP|Pad R_ADC4-1(62.365mm,29.4mm) on L1 TOP",
TRACK,R80:VOUT_4,VOUT_4,Top Layer,61.875,27.475,62.575,28.175,0.2,,,"VOUT_4|Pad U3-1(61.15mm,26.75mm) on L1 TOP|Pad R_ADC4-1(62.365mm,29.4mm) on L1 TOP",
TRACK,R80:VOUT_4,VOUT_4,Top Layer,62.575,28.175,62.575,28.825,0.2,,,"VOUT_4|Pad U3-1(61.15mm,26.75mm) on L1 TOP|Pad R_ADC4-1(62.365mm,29.4mm) on L1 TOP",
TRACK,R80:VOUT_4,VOUT_4,Top Layer,62.575,28.825,62.525,28.875,0.2,,,"VOUT_4|Pad U3-1(61.15mm,26.75mm) on L1 TOP|Pad R_ADC4-1(62.365mm,29.4mm) on L1 TOP",
TRACK,R80:VOUT_4,VOUT_4,Top Layer,62.525,28.875,62.525,28.975,0.2,,,"VOUT_4|Pad U3-1(61.15mm,26.75mm) on L1 TOP|Pad R_ADC4-1(62.365mm,29.4mm) on L1 TOP",
TRACK,R80:VOUT_4,VOUT_4,Top Layer,62.525,28.975,62.375,29.125,0.2,,,"VOUT_4|Pad U3-1(61.15mm,26.75mm) on L1 TOP|Pad R_ADC4-1(62.365mm,29.4mm) on L1 TOP",
TRACK,R81:INA_OUT_2,INA_OUT_2,Top Layer,34.025,22.075,34.025,22.325,0.2,,,"INA_OUT_2|Pad RH_2-1(33.921mm,21.75mm) on L1 TOP|Pad Rservo_2-2(36.775mm,23.2mm) on L1 TOP",
TRACK,R81:INA_OUT_2,INA_OUT_2,Top Layer,34.025,22.325,34.875,23.175,0.2,,,"INA_OUT_2|Pad RH_2-1(33.921mm,21.75mm) on L1 TOP|Pad Rservo_2-2(36.775mm,23.2mm) on L1 TOP",
TRACK,R81:INA_OUT_2,INA_OUT_2,Top Layer,34.875,23.175,36.475,23.175,0.2,,,"INA_OUT_2|Pad RH_2-1(33.921mm,21.75mm) on L1 TOP|Pad Rservo_2-2(36.775mm,23.2mm) on L1 TOP",
TRACK,R82:NetCL_3_1,NetCL_3_1,Top Layer,49.575,23.975,49.575,24.675,0.2,,,"NetCL_3_1|Pad RGN_3-1(49.4mm,23.7mm) on L1 TOP|Pad CL_3-1(52.65mm,23.7mm) on L1 TOP",
TRACK,R82:NetCL_3_1,NetCL_3_1,Top Layer,49.575,24.675,49.825,24.925,0.2,,,"NetCL_3_1|Pad RGN_3-1(49.4mm,23.7mm) on L1 TOP|Pad CL_3-1(52.65mm,23.7mm) on L1 TOP",
TRACK,R82:NetCL_3_1,NetCL_3_1,Top Layer,49.825,24.925,51.625,24.925,0.2,,,"NetCL_3_1|Pad RGN_3-1(49.4mm,23.7mm) on L1 TOP|Pad CL_3-1(52.65mm,23.7mm) on L1 TOP",
TRACK,R82:NetCL_3_1,NetCL_3_1,Top Layer,51.625,24.925,52.125,24.425,0.2,,,"NetCL_3_1|Pad RGN_3-1(49.4mm,23.7mm) on L1 TOP|Pad CL_3-1(52.65mm,23.7mm) on L1 TOP",
TRACK,R83:NetCL_2_1,NetCL_2_1,Top Layer,32.825,28.775,32.825,28.625,0.2,,,"NetCL_2_1|Pad CL_2-1(32.15mm,29.5mm) on L1 TOP|Pad RGN_2-1(35.4mm,28.9mm) on L1 TOP",
TRACK,R83:NetCL_2_1,NetCL_2_1,Top Layer,32.825,28.625,33.125,28.325,0.2,,,"NetCL_2_1|Pad CL_2-1(32.15mm,29.5mm) on L1 TOP|Pad RGN_2-1(35.4mm,28.9mm) on L1 TOP",
TRACK,R83:NetCL_2_1,NetCL_2_1,Top Layer,33.125,28.325,34.925,28.325,0.2,,,"NetCL_2_1|Pad CL_2-1(32.15mm,29.5mm) on L1 TOP|Pad RGN_2-1(35.4mm,28.9mm) on L1 TOP",
TRACK,R83:NetCL_2_1,NetCL_2_1,Top Layer,34.925,28.325,35.225,28.625,0.2,,,"NetCL_2_1|Pad CL_2-1(32.15mm,29.5mm) on L1 TOP|Pad RGN_2-1(35.4mm,28.9mm) on L1 TOP",
TRACK,R84:NetCL_4_1,NetCL_4_1,Top Layer,54.825,27.575,54.825,27.425,0.2,,,"NetCL_4_1|Pad CL_4-1(54.15mm,28.3mm) on L1 TOP|Pad RGN_4-1(57.4mm,27.7mm) on L1 TOP",
TRACK,R84:NetCL_4_1,NetCL_4_1,Top Layer,54.825,27.425,55.125,27.125,0.2,,,"NetCL_4_1|Pad CL_4-1(54.15mm,28.3mm) on L1 TOP|Pad RGN_4-1(57.4mm,27.7mm) on L1 TOP",
TRACK,R84:NetCL_4_1,NetCL_4_1,Top Layer,55.125,27.125,56.925,27.125,0.2,,,"NetCL_4_1|Pad CL_4-1(54.15mm,28.3mm) on L1 TOP|Pad RGN_4-1(57.4mm,27.7mm) on L1 TOP",
TRACK,R84:NetCL_4_1,NetCL_4_1,Top Layer,56.925,27.125,57.225,27.425,0.2,,,"NetCL_4_1|Pad CL_4-1(54.15mm,28.3mm) on L1 TOP|Pad RGN_4-1(57.4mm,27.7mm) on L1 TOP",
TRACK,R86:INA_OUT_5,INA_OUT_5,Top Layer,70.225,19.775,70.225,19.625,0.2,,,"INA_OUT_5|Pad CL_5-2(69.55mm,20.5mm) on L1 TOP|Pad INA5-8(73.025mm,20.55mm) on L1 TOP",
TRACK,R86:INA_OUT_5,INA_OUT_5,Top Layer,70.225,19.625,70.525,19.325,0.2,,,"INA_OUT_5|Pad CL_5-2(69.55mm,20.5mm) on L1 TOP|Pad INA5-8(73.025mm,20.55mm) on L1 TOP",
TRACK,R86:INA_OUT_5,INA_OUT_5,Top Layer,70.525,19.325,72.325,19.325,0.2,,,"INA_OUT_5|Pad CL_5-2(69.55mm,20.5mm) on L1 TOP|Pad INA5-8(73.025mm,20.55mm) on L1 TOP",
TRACK,R86:INA_OUT_5,INA_OUT_5,Top Layer,72.325,19.325,72.875,19.875,0.2,,,"INA_OUT_5|Pad CL_5-2(69.55mm,20.5mm) on L1 TOP|Pad INA5-8(73.025mm,20.55mm) on L1 TOP",
TRACK,R86:INA_OUT_5,INA_OUT_5,Top Layer,72.875,19.875,72.875,20.025,0.2,,,"INA_OUT_5|Pad CL_5-2(69.55mm,20.5mm) on L1 TOP|Pad INA5-8(73.025mm,20.55mm) on L1 TOP",
TRACK,R88:VREF_A,VREF_A,Top Layer,37.125,22.475,39.125,22.475,0.2,,,"VREF_A|Pad RL_2-2(36.9mm,22.3mm) on L1 TOP|Pad U2-5(39.15mm,25.35mm) on L1 TOP",
TRACK,R88:VREF_A,VREF_A,Top Layer,39.125,22.475,40.425,23.775,0.2,,,"VREF_A|Pad RL_2-2(36.9mm,22.3mm) on L1 TOP|Pad U2-5(39.15mm,25.35mm) on L1 TOP",
TRACK,R88:VREF_A,VREF_A,Top Layer,40.425,23.775,40.425,25.025,0.2,,,"VREF_A|Pad RL_2-2(36.9mm,22.3mm) on L1 TOP|Pad U2-5(39.15mm,25.35mm) on L1 TOP",
TRACK,R88:VREF_A,VREF_A,Top Layer,40.425,25.025,40.125,25.325,0.2,,,"VREF_A|Pad RL_2-2(36.9mm,22.3mm) on L1 TOP|Pad U2-5(39.15mm,25.35mm) on L1 TOP",
TRACK,R88:VREF_A,VREF_A,Top Layer,40.125,25.325,39.975,25.325,0.2,,,"VREF_A|Pad RL_2-2(36.9mm,22.3mm) on L1 TOP|Pad U2-5(39.15mm,25.35mm) on L1 TOP",
TRACK,R90:Vservo_2,Vservo_2,Top Layer,33.825,23.925,33.825,23.075,0.2,,,"Vservo_2|Pad Cservo_2-2(34.325mm,24.7mm) on L1 TOP [Unplated]|Pad INA2-6(35.325mm,20.55mm) on L1 TOP",
TRACK,R90:Vservo_2,Vservo_2,Top Layer,33.825,23.075,33.075,22.325,0.2,,,"Vservo_2|Pad Cservo_2-2(34.325mm,24.7mm) on L1 TOP [Unplated]|Pad INA2-6(35.325mm,20.55mm) on L1 TOP",
TRACK,R90:Vservo_2,Vservo_2,Top Layer,33.075,22.325,33.075,20.125,0.2,,,"Vservo_2|Pad Cservo_2-2(34.325mm,24.7mm) on L1 TOP [Unplated]|Pad INA2-6(35.325mm,20.55mm) on L1 TOP",
TRACK,R90:Vservo_2,Vservo_2,Top Layer,33.075,20.125,33.625,19.575,0.2,,,"Vservo_2|Pad Cservo_2-2(34.325mm,24.7mm) on L1 TOP [Unplated]|Pad INA2-6(35.325mm,20.55mm) on L1 TOP",
TRACK,R90:Vservo_2,Vservo_2,Top Layer,33.625,19.575,35.025,19.575,0.2,,,"Vservo_2|Pad Cservo_2-2(34.325mm,24.7mm) on L1 TOP [Unplated]|Pad INA2-6(35.325mm,20.55mm) on L1 TOP",
TRACK,R90:Vservo_2,Vservo_2,Top Layer,35.025,19.575,35.275,19.825,0.2,,,"Vservo_2|Pad Cservo_2-2(34.325mm,24.7mm) on L1 TOP [Unplated]|Pad INA2-6(35.325mm,20.55mm) on L1 TOP",
TRACK,R90:Vservo_2,Vservo_2,Top Layer,35.275,19.825,35.275,20.025,0.2,,,"Vservo_2|Pad Cservo_2-2(34.325mm,24.7mm) on L1 TOP [Unplated]|Pad INA2-6(35.325mm,20.55mm) on L1 TOP",
TRACK,R91:INA_OUT_3,INA_OUT_3,Top Layer,47.025,22.075,47.025,22.325,0.2,,,"INA_OUT_3|Pad RH_3-1(46.921mm,21.75mm) on L1 TOP|Pad CL_3-2(50.75mm,23.7mm) on L1 TOP",
TRACK,R91:INA_OUT_3,INA_OUT_3,Top Layer,47.025,22.325,47.475,22.775,0.2,,,"INA_OUT_3|Pad RH_3-1(46.921mm,21.75mm) on L1 TOP|Pad CL_3-2(50.75mm,23.7mm) on L1 TOP",
TRACK,R91:INA_OUT_3,INA_OUT_3,Top Layer,47.475,22.775,47.925,22.775,0.2,,,"INA_OUT_3|Pad RH_3-1(46.921mm,21.75mm) on L1 TOP|Pad CL_3-2(50.75mm,23.7mm) on L1 TOP",
TRACK,R91:INA_OUT_3,INA_OUT_3,Mid Layer 2,47.925,22.775,50.525,22.775,0.2,,,"INA_OUT_3|Pad RH_3-1(46.921mm,21.75mm) on L1 TOP|Pad CL_3-2(50.75mm,23.7mm) on L1 TOP",
TRACK,R91:INA_OUT_3,INA_OUT_3,Mid Layer 2,50.525,22.775,50.775,22.525,0.2,,,"INA_OUT_3|Pad RH_3-1(46.921mm,21.75mm) on L1 TOP|Pad CL_3-2(50.75mm,23.7mm) on L1 TOP",
TRACK,R91:INA_OUT_3,INA_OUT_3,Top Layer,50.775,22.525,50.775,22.975,0.2,,,"INA_OUT_3|Pad RH_3-1(46.921mm,21.75mm) on L1 TOP|Pad CL_3-2(50.75mm,23.7mm) on L1 TOP",
VIA,R91:INA_OUT_3,INA_OUT_3,Multi Layer,47.925,22.775,,,,0.6,0.3,"INA_OUT_3|Pad RH_3-1(46.921mm,21.75mm) on L1 TOP|Pad CL_3-2(50.75mm,23.7mm) on L1 TOP",
VIA,R91:INA_OUT_3,INA_OUT_3,Multi Layer,50.775,22.525,,,,0.6,0.3,"INA_OUT_3|Pad RH_3-1(46.921mm,21.75mm) on L1 TOP|Pad CL_3-2(50.75mm,23.7mm) on L1 TOP",
TRACK,R92:VREF_A,VREF_A,Top Layer,22.975,26.325,23.125,26.325,0.2,,,"VREF_A|Pad U1-5(22.15mm,26.35mm) on L1 TOP|Pad RL_1-2(23.9mm,22.3mm) on L1 TOP",
TRACK,R92:VREF_A,VREF_A,Top Layer,23.125,26.325,23.775,25.675,0.2,,,"VREF_A|Pad U1-5(22.15mm,26.35mm) on L1 TOP|Pad RL_1-2(23.9mm,22.3mm) on L1 TOP",
TRACK,R92:VREF_A,VREF_A,Top Layer,23.775,25.675,23.775,22.575,0.2,,,"VREF_A|Pad U1-5(22.15mm,26.35mm) on L1 TOP|Pad RL_1-2(23.9mm,22.3mm) on L1 TOP",
TRACK,R93:Vservo_1,Vservo_1,Top Layer,22.825,24.925,22.825,24.125,0.2,,,"Vservo_1|Pad U1-7(22.15mm,25.05mm) on L1 TOP|Pad INA1-6(22.325mm,20.55mm) on L1 TOP",
TRACK,R93:Vservo_1,Vservo_1,Mid Layer 2,22.825,24.125,22.825,20.075,0.2,,,"Vservo_1|Pad U1-7(22.15mm,25.05mm) on L1 TOP|Pad INA1-6(22.325mm,20.55mm) on L1 TOP",
TRACK,R93:Vservo_1,Vservo_1,Mid Layer 2,22.825,20.075,22.325,19.575,0.2,,,"Vservo_1|Pad U1-7(22.15mm,25.05mm) on L1 TOP|Pad INA1-6(22.325mm,20.55mm) on L1 TOP",
TRACK,R93:Vservo_1,Vservo_1,Top Layer,22.325,19.575,22.325,20.025,0.2,,,"Vservo_1|Pad U1-7(22.15mm,25.05mm) on L1 TOP|Pad INA1-6(22.325mm,20.55mm) on L1 TOP",
VIA,R93:Vservo_1,Vservo_1,Multi Layer,22.825,24.125,,,,0.6,0.3,"Vservo_1|Pad U1-7(22.15mm,25.05mm) on L1 TOP|Pad INA1-6(22.325mm,20.55mm) on L1 TOP",
VIA,R93:Vservo_1,Vservo_1,Multi Layer,22.325,19.575,,,,0.6,0.3,"Vservo_1|Pad U1-7(22.15mm,25.05mm) on L1 TOP|Pad INA1-6(22.325mm,20.55mm) on L1 TOP",
TRACK,R94:VOUT_4,VOUT_4,Top Layer,57.675,31.075,58.325,30.425,0.2,,,"VOUT_4|Pad Free-TP_VOUT_4(57.25mm,31.25mm) on L1 TOP|Pad CH_4-1(58.5mm,26.857mm) on L1 TOP",
TRACK,R94:VOUT_4,VOUT_4,Top Layer,58.325,30.425,58.725,30.425,0.2,,,"VOUT_4|Pad Free-TP_VOUT_4(57.25mm,31.25mm) on L1 TOP|Pad CH_4-1(58.5mm,26.857mm) on L1 TOP",
TRACK,R94:VOUT_4,VOUT_4,Mid Layer 2,58.725,30.425,59.875,29.275,0.2,,,"VOUT_4|Pad Free-TP_VOUT_4(57.25mm,31.25mm) on L1 TOP|Pad CH_4-1(58.5mm,26.857mm) on L1 TOP",
TRACK,R94:VOUT_4,VOUT_4,Top Layer,59.875,29.275,59.875,27.575,0.2,,,"VOUT_4|Pad Free-TP_VOUT_4(57.25mm,31.25mm) on L1 TOP|Pad CH_4-1(58.5mm,26.857mm) on L1 TOP",
TRACK,R94:VOUT_4,VOUT_4,Top Layer,59.875,27.575,59.275,26.975,0.2,,,"VOUT_4|Pad Free-TP_VOUT_4(57.25mm,31.25mm) on L1 TOP|Pad CH_4-1(58.5mm,26.857mm) on L1 TOP",
TRACK,R94:VOUT_4,VOUT_4,Top Layer,59.275,26.975,58.775,26.975,0.2,,,"VOUT_4|Pad Free-TP_VOUT_4(57.25mm,31.25mm) on L1 TOP|Pad CH_4-1(58.5mm,26.857mm) on L1 TOP",
VIA,R94:VOUT_4,VOUT_4,Multi Layer,58.725,30.425,,,,0.6,0.3,"VOUT_4|Pad Free-TP_VOUT_4(57.25mm,31.25mm) on L1 TOP|Pad CH_4-1(58.5mm,26.857mm) on L1 TOP",
VIA,R94:VOUT_4,VOUT_4,Multi Layer,59.875,29.275,,,,0.6,0.3,"VOUT_4|Pad Free-TP_VOUT_4(57.25mm,31.25mm) on L1 TOP|Pad CH_4-1(58.5mm,26.857mm) on L1 TOP",
TRACK,R95:Vservo_2,Vservo_2,Top Layer,34.825,23.975,36.075,23.975,0.2,,,"Vservo_2|Pad Cservo_2-2(34.325mm,24.7mm) on L1 TOP [Unplated]|Pad U2-7(39.15mm,24.05mm) on L1 TOP",
TRACK,R95:Vservo_2,Vservo_2,Mid Layer 2,36.075,23.975,38.025,23.975,0.2,,,"Vservo_2|Pad Cservo_2-2(34.325mm,24.7mm) on L1 TOP [Unplated]|Pad U2-7(39.15mm,24.05mm) on L1 TOP",
TRACK,R95:Vservo_2,Vservo_2,Mid Layer 2,38.025,23.975,38.525,23.475,0.2,,,"Vservo_2|Pad Cservo_2-2(34.325mm,24.7mm) on L1 TOP [Unplated]|Pad U2-7(39.15mm,24.05mm) on L1 TOP",
TRACK,R95:Vservo_2,Vservo_2,Top Layer,38.525,23.475,38.975,23.925,0.2,,,"Vservo_2|Pad Cservo_2-2(34.325mm,24.7mm) on L1 TOP [Unplated]|Pad U2-7(39.15mm,24.05mm) on L1 TOP",
VIA,R95:Vservo_2,Vservo_2,Multi Layer,36.075,23.975,,,,0.6,0.3,"Vservo_2|Pad Cservo_2-2(34.325mm,24.7mm) on L1 TOP [Unplated]|Pad U2-7(39.15mm,24.05mm) on L1 TOP",
VIA,R95:Vservo_2,Vservo_2,Multi Layer,38.525,23.475,,,,0.6,0.3,"Vservo_2|Pad Cservo_2-2(34.325mm,24.7mm) on L1 TOP [Unplated]|Pad U2-7(39.15mm,24.05mm) on L1 TOP",
TRACK,R96:Vservo_3,Vservo_3,Top Layer,45.575,28.125,45.575,29.275,0.2,,,"Vservo_3|Pad U2-14(44.85mm,27.95mm) on L1 TOP|Pad Cservo_3-2(49.675mm,27.3mm) on L1 TOP [Unplated]",
TRACK,R96:Vservo_3,Vservo_3,Top Layer,45.575,29.275,45.825,29.525,0.2,,,"Vservo_3|Pad U2-14(44.85mm,27.95mm) on L1 TOP|Pad Cservo_3-2(49.675mm,27.3mm) on L1 TOP [Unplated]",
TRACK,R96:Vservo_3,Vservo_3,Top Layer,45.825,29.525,47.725,29.525,0.2,,,"Vservo_3|Pad U2-14(44.85mm,27.95mm) on L1 TOP|Pad Cservo_3-2(49.675mm,27.3mm) on L1 TOP [Unplated]",
TRACK,R96:Vservo_3,Vservo_3,Top Layer,47.725,29.525,49.175,28.075,0.2,,,"Vservo_3|Pad U2-14(44.85mm,27.95mm) on L1 TOP|Pad Cservo_3-2(49.675mm,27.3mm) on L1 TOP [Unplated]",
TRACK,R98:Vservo_5,Vservo_5,Top Layer,67.375,26.925,67.375,27.375,0.2,,,"Vservo_5|Pad U3-14(66.85mm,26.75mm) on L1 TOP|Pad Cservo_5-2(71.675mm,26.1mm) on L1 TOP [Unplated]",
TRACK,R98:Vservo_5,Vservo_5,Mid Layer 2,67.375,27.375,70.125,27.375,0.2,,,"Vservo_5|Pad U3-14(66.85mm,26.75mm) on L1 TOP|Pad Cservo_5-2(71.675mm,26.1mm) on L1 TOP [Unplated]",
TRACK,R98:Vservo_5,Vservo_5,Top Layer,70.125,27.375,71.175,26.325,0.2,,,"Vservo_5|Pad U3-14(66.85mm,26.75mm) on L1 TOP|Pad Cservo_5-2(71.675mm,26.1mm) on L1 TOP [Unplated]",
VIA,R98:Vservo_5,Vservo_5,Multi Layer,67.375,27.375,,,,0.6,0.3,"Vservo_5|Pad U3-14(66.85mm,26.75mm) on L1 TOP|Pad Cservo_5-2(71.675mm,26.1mm) on L1 TOP [Unplated]",
VIA,R98:Vservo_5,Vservo_5,Multi Layer,70.125,27.375,,,,0.6,0.3,"Vservo_5|Pad U3-14(66.85mm,26.75mm) on L1 TOP|Pad Cservo_5-2(71.675mm,26.1mm) on L1 TOP [Unplated]",
TRACK,R99:3V0_ANA,3V0_ANA,Top Layer,63.225,35.125,63.225,35.375,0.4,,,"3V0_ANA|Pad U_MCU1-22(63.262mm,35mm) on L1 TOP [Unplated]|Pad U_MCU1-21(63.262mm,35.5mm) on L1 TOP [Unplated]",
TRACK,R100:VBAT_CELL,VBAT_CELL,Top Layer,21.475,37.375,21.475,37.675,0.4,,,"VBAT_CELL|Pad UP4-3(21.615mm,37.25mm) on L1 TOP|Pad UP4-2(21.615mm,37.75mm) on L1 TOP",
TRACK,R101:VSYS,VSYS,Top Layer,31.225,38.475,31.225,38.925,0.4,,,"VSYS|Pad U_UV1-5(31.275mm,38.2mm) on L1 TOP|Pad U_UV1-6(31.275mm,39.15mm) on L1 TOP",
TRACK,R102:3V3_DIG,3V3_DIG,Top Layer,25.525,38.075,25.525,38.575,0.4,,,"3V3_DIG|Pad R_SCL-2(25.452mm,37.8mm) on L1 TOP|Pad R_SDA-2(25.452mm,38.8mm) on L1 TOP",
TRACK,R103:3V3_DIG,3V3_DIG,Top Layer,79.425,44.575,79.675,44.575,0.15,,,"3V3_DIG|Pad U_MCU1-73(78.738mm,44.5mm) on L1 TOP [Unplated]|Pad U_MCU1-75(78.738mm,45.5mm) on L1 TOP [Unplated]",
TRACK,R103:3V3_DIG,3V3_DIG,Top Layer,79.675,44.575,79.775,44.675,0.15,,,"3V3_DIG|Pad U_MCU1-73(78.738mm,44.5mm) on L1 TOP [Unplated]|Pad U_MCU1-75(78.738mm,45.5mm) on L1 TOP [Unplated]",
TRACK,R103:3V3_DIG,3V3_DIG,Top Layer,79.775,44.675,79.775,45.375,0.15,,,"3V3_DIG|Pad U_MCU1-73(78.738mm,44.5mm) on L1 TOP [Unplated]|Pad U_MCU1-75(78.738mm,45.5mm) on L1 TOP [Unplated]",
TRACK,R103:3V3_DIG,3V3_DIG,Top Layer,79.775,45.375,79.675,45.475,0.15,,,"3V3_DIG|Pad U_MCU1-73(78.738mm,44.5mm) on L1 TOP [Unplated]|Pad U_MCU1-75(78.738mm,45.5mm) on L1 TOP [Unplated]",
TRACK,R103:3V3_DIG,3V3_DIG,Top Layer,79.675,45.475,79.425,45.475,0.15,,,"3V3_DIG|Pad U_MCU1-73(78.738mm,44.5mm) on L1 TOP [Unplated]|Pad U_MCU1-75(78.738mm,45.5mm) on L1 TOP [Unplated]",
TRACK,R104:3V0_ANA,3V0_ANA,Top Layer,75.975,19.775,75.975,20.375,0.4,,,"3V0_ANA|Pad CCU9-2(76.15mm,19.55mm) on L1 TOP|Pad CCU10-1(76.171mm,20.55mm) on L1 TOP",
TRACK,R105:3V0_ANA,3V0_ANA,Top Layer,23.975,19.775,23.975,20.375,0.4,,,"3V0_ANA|Pad CCU2-2(24.15mm,19.55mm) on L1 TOP|Pad CCU1-1(24.171mm,20.55mm) on L1 TOP",
TRACK,R106:3V0_ANA,3V0_ANA,Top Layer,36.975,19.775,36.975,20.375,0.4,,,"3V0_ANA|Pad CCU3-2(37.15mm,19.55mm) on L1 TOP|Pad CCU4-1(37.171mm,20.55mm) on L1 TOP",
TRACK,R107:3V0_ANA,3V0_ANA,Top Layer,49.975,19.775,49.975,20.375,0.4,,,"3V0_ANA|Pad CCU5-2(50.15mm,19.55mm) on L1 TOP|Pad CCU6-1(50.171mm,20.55mm) on L1 TOP",
TRACK,R108:3V0_ANA,3V0_ANA,Top Layer,62.975,19.775,62.975,20.375,0.4,,,"3V0_ANA|Pad CCU7-2(63.15mm,19.55mm) on L1 TOP|Pad CCU8-1(63.171mm,20.55mm) on L1 TOP",
TRACK,R109:VBAT_CELL,VBAT_CELL,Top Layer,20.775,37.375,21.275,37.375,0.4,,,"VBAT_CELL|Pad CU6_1-2(20.579mm,37.2mm) on L1 TOP|Pad UP4-3(21.615mm,37.25mm) on L1 TOP",
TRACK,R110:VSYS,VSYS,Top Layer,31.625,39.325,32.075,39.325,0.4,,,"VSYS|Pad U_UV1-6(31.275mm,39.15mm) on L1 TOP|Pad C_UV_BYPASS-1(32.321mm,39.3mm) on L1 TOP",
TRACK,R111:3V0_ANA,3V0_ANA,Top Layer,40.725,36.025,40.725,35.625,0.4,,,"3V0_ANA|Pad Free-TP_3V0_ANA(40.75mm,36.5mm) on L1 TOP|Pad CUP5_2-2(40.8mm,35.4mm) on L1 TOP",
TRACK,R112:3V3_DIG,3V3_DIG,Top Layer,25.675,37.575,25.675,37.025,0.4,,,"3V3_DIG|Pad R_SCL-2(25.452mm,37.8mm) on L1 TOP|Pad R_AL-2(25.676mm,36.7mm) on L1 TOP",
TRACK,R113:3V3_DIG,3V3_DIG,Top Layer,36.475,35.425,36.875,35.425,0.4,,,"3V3_DIG|Pad CUP5_1-1(36.3mm,35.4mm) on L1 TOP|Pad UP3-1(37.45mm,35.35mm) on L1 TOP",
TRACK,R114:3V0_ANA,3V0_ANA,Top Layer,36.125,20.575,36.925,20.575,0.4,,,"3V0_ANA|Pad INA2-5(35.975mm,20.55mm) on L1 TOP|Pad CCU4-1(37.171mm,20.55mm) on L1 TOP",
TRACK,R115:3V0_ANA,3V0_ANA,Top Layer,49.125,20.575,49.925,20.575,0.4,,,"3V0_ANA|Pad INA3-5(48.975mm,20.55mm) on L1 TOP|Pad CCU6-1(50.171mm,20.55mm) on L1 TOP",
TRACK,R116:3V0_ANA,3V0_ANA,Top Layer,62.125,20.575,62.925,20.575,0.4,,,"3V0_ANA|Pad INA4-5(61.975mm,20.55mm) on L1 TOP|Pad CCU8-1(63.171mm,20.55mm) on L1 TOP",
TRACK,R117:3V0_ANA,3V0_ANA,Top Layer,40.125,35.425,40.625,35.425,0.4,,,"3V0_ANA|Pad UP3-5(39.55mm,35.35mm) on L1 TOP|Pad CUP5_2-2(40.8mm,35.4mm) on L1 TOP",
TRACK,R118:3V0_ANA,3V0_ANA,Top Layer,61.975,36.025,61.975,36.925,0.4,,,"3V0_ANA|Pad C3_MCU-1(61.879mm,35.8mm) on L1 TOP|Pad C1_MCU-1(61.879mm,37.1mm) on L1 TOP",
TRACK,R119:3V0_ANA,3V0_ANA,Top Layer,59.925,36.025,59.925,36.875,0.4,,,"3V0_ANA|Pad C4_MCU-2(59.9mm,35.8mm) on L1 TOP|Pad C2_MCU-2(59.9mm,37.1mm) on L1 TOP",
TRACK,R120:3V3_DIG,3V3_DIG,Top Layer,80.125,44.325,80.125,45.325,0.4,,,"3V3_DIG|Pad C_VDDUSB-1(80.321mm,44.1mm) on L1 TOP|Pad C_MCU_VDD4-1(80.321mm,45.5mm) on L1 TOP",
TRACK,R121:3V0_ANA,3V0_ANA,Top Layer,62.075,35.625,62.275,35.425,0.4,,,"3V0_ANA|Pad C3_MCU-1(61.879mm,35.8mm) on L1 TOP|Pad U_MCU1-21(63.262mm,35.5mm) on L1 TOP [Unplated]",
TRACK,R121:3V0_ANA,3V0_ANA,Top Layer,62.275,35.425,62.525,35.425,0.4,,,"3V0_ANA|Pad C3_MCU-1(61.879mm,35.8mm) on L1 TOP|Pad U_MCU1-21(63.262mm,35.5mm) on L1 TOP [Unplated]",
TRACK,R122:3V0_ANA,3V0_ANA,Top Layer,37.875,26.025,38.325,26.025,0.15,,,"3V0_ANA|Pad CU_12-2(37.679mm,26mm) on L1 TOP|Pad U2-4(39.15mm,26mm) on L1 TOP",
TRACK,R123:3V0_ANA,3V0_ANA,Top Layer,59.875,24.825,60.325,24.825,0.15,,,"3V0_ANA|Pad CU_14-2(59.679mm,24.8mm) on L1 TOP|Pad U3-4(61.15mm,24.8mm) on L1 TOP",
TRACK,R124:3V0_ANA,3V0_ANA,Top Layer,20.875,27.025,21.325,27.025,0.15,,,"3V0_ANA|Pad CU_11-2(20.679mm,27mm) on L1 TOP|Pad U1-4(22.15mm,27mm) on L1 TOP",
TRACK,R125:3V3_DIG,3V3_DIG,Top Layer,64.875,47.975,64.875,48.525,0.4,,,"3V3_DIG|Pad U_MCU1-100(65mm,47.238mm) on L1 TOP [Unplated]|Pad C_MCU_VDD5-1(65mm,48.721mm) on L1 TOP",
TRACK,R126:VSYS,VSYS,Top Layer,25.475,44.375,25.475,43.975,0.4,,,"VSYS|Pad C_OUT_-1(25.45mm,45mm) on L1 TOP|Pad Free-TP_VSYS(25.5mm,43.5mm) on L1 TOP",
TRACK,R127:VBAT_CELL,VBAT_CELL,Top Layer,17.075,33.725,17.075,34.075,0.4,,,"VBAT_CELL|Pad Free-TP_VBAT_CELL(17mm,33.25mm) on L1 TOP|Pad J_Li-Po-3(17.08mm,34.8mm) on Multi-Layer",
TRACK,R131:3V3_DIG,3V3_DIG,Top Layer,79.425,45.625,80.075,45.625,0.4,,,"3V3_DIG|Pad U_MCU1-75(78.738mm,45.5mm) on L1 TOP [Unplated]|Pad C_MCU_VDD4-1(80.321mm,45.5mm) on L1 TOP",
TRACK,R132:3V3_DIG,3V3_DIG,Top Layer,36.475,35.625,36.475,36.375,0.4,,,"3V3_DIG|Pad CUP5_1-1(36.3mm,35.4mm) on L1 TOP|Pad CUP5_5-1(36.45mm,37mm) on L1 TOP",
TRACK,R133:3V0_ANA,3V0_ANA,Top Layer,40.825,35.175,40.825,34.425,0.4,,,"3V0_ANA|Pad CUP5_2-2(40.8mm,35.4mm) on L1 TOP|Pad CUP5_3-2(41.05mm,33.8mm) on L1 TOP",
TRACK,R134:3V3_DIG,3V3_DIG,Top Layer,61.775,40.525,62.525,40.525,0.15,,,"3V3_DIG|Pad C_MCU_VDD1-2(61.579mm,40.5mm) on L1 TOP|Pad U_MCU1-11(63.262mm,40.5mm) on L1 TOP [Unplated]",
TRACK,R135:3V3_DIG,3V3_DIG,Top Layer,65.975,30.325,65.975,31.075,0.15,,,"3V3_DIG|Pad C_MCU_VDD2-2(66mm,30.079mm) on L1 TOP|Pad U_MCU1-28(66mm,31.762mm) on L1 TOP [Unplated]",
TRACK,R136:3V3_DIG,3V3_DIG,Top Layer,61.775,43.025,62.525,43.025,0.15,,,"3V3_DIG|Pad C_VBAT-2(61.579mm,43mm) on L1 TOP|Pad U_MCU1-6(63.262mm,43mm) on L1 TOP [Unplated]",
TRACK,R137:3V3_DIG,3V3_DIG,Top Layer,33.675,43.975,33.675,43.775,0.15,,,"3V3_DIG|Pad UP2-6(33.75mm,44.265mm) on L1 TOP|Pad UP2-1(34.75mm,45.735mm) on L1 TOP",
TRACK,R137:3V3_DIG,3V3_DIG,Top Layer,33.675,43.775,33.575,43.675,0.15,,,"3V3_DIG|Pad UP2-6(33.75mm,44.265mm) on L1 TOP|Pad UP2-1(34.75mm,45.735mm) on L1 TOP",
TRACK,R137:3V3_DIG,3V3_DIG,Top Layer,33.575,43.675,32.875,43.675,0.15,,,"3V3_DIG|Pad UP2-6(33.75mm,44.265mm) on L1 TOP|Pad UP2-1(34.75mm,45.735mm) on L1 TOP",
TRACK,R137:3V3_DIG,3V3_DIG,Top Layer,32.875,43.675,32.575,43.975,0.15,,,"3V3_DIG|Pad UP2-6(33.75mm,44.265mm) on L1 TOP|Pad UP2-1(34.75mm,45.735mm) on L1 TOP",
TRACK,R137:3V3_DIG,3V3_DIG,Top Layer,32.575,43.975,32.575,44.975,0.15,,,"3V3_DIG|Pad UP2-6(33.75mm,44.265mm) on L1 TOP|Pad UP2-1(34.75mm,45.735mm) on L1 TOP",
TRACK,R137:3V3_DIG,3V3_DIG,Mid Layer 2,32.575,44.975,33.275,44.975,0.15,,,"3V3_DIG|Pad UP2-6(33.75mm,44.265mm) on L1 TOP|Pad UP2-1(34.75mm,45.735mm) on L1 TOP",
TRACK,R137:3V3_DIG,3V3_DIG,Mid Layer 2,33.275,44.975,33.925,45.625,0.15,,,"3V3_DIG|Pad UP2-6(33.75mm,44.265mm) on L1 TOP|Pad UP2-1(34.75mm,45.735mm) on L1 TOP",
TRACK,R137:3V3_DIG,3V3_DIG,Mid Layer 2,33.925,45.625,35.325,45.625,0.15,,,"3V3_DIG|Pad UP2-6(33.75mm,44.265mm) on L1 TOP|Pad UP2-1(34.75mm,45.735mm) on L1 TOP",
TRACK,R137:3V3_DIG,3V3_DIG,Top Layer,35.325,45.625,34.875,45.625,0.15,,,"3V3_DIG|Pad UP2-6(33.75mm,44.265mm) on L1 TOP|Pad UP2-1(34.75mm,45.735mm) on L1 TOP",
VIA,R137:3V3_DIG,3V3_DIG,Multi Layer,32.575,44.975,,,,0.6,0.3,"3V3_DIG|Pad UP2-6(33.75mm,44.265mm) on L1 TOP|Pad UP2-1(34.75mm,45.735mm) on L1 TOP",
VIA,R137:3V3_DIG,3V3_DIG,Multi Layer,35.325,45.625,,,,0.6,0.3,"3V3_DIG|Pad UP2-6(33.75mm,44.265mm) on L1 TOP|Pad UP2-1(34.75mm,45.735mm) on L1 TOP",
TRACK,R138:3V3_DIG,3V3_DIG,Top Layer,77.125,31.075,77.775,30.425,0.4,,,"3V3_DIG|Pad U_MCU1-50(77mm,31.762mm) on L1 TOP [Unplated]|Pad C_MCU_VDD3-2(78mm,30.279mm) on L1 TOP",
TRACK,R139:3V3_DIG,3V3_DIG,Top Layer,60.275,38.725,60.275,38.275,0.4,,,"3V3_DIG|Pad R_NRST-2(60.5mm,39mm) on L1 TOP|Pad C_MCU_VDD1-2(61.579mm,40.5mm) on L1 TOP",
TRACK,R139:3V3_DIG,3V3_DIG,Mid Layer 2,60.275,38.275,61.5245,39.5245,0.4,,,"3V3_DIG|Pad R_NRST-2(60.5mm,39mm) on L1 TOP|Pad C_MCU_VDD1-2(61.579mm,40.5mm) on L1 TOP",
TRACK,R139:3V3_DIG,3V3_DIG,Mid Layer 2,61.5245,39.5245,61.725,39.725,0.4,,,"3V3_DIG|Pad R_NRST-2(60.5mm,39mm) on L1 TOP|Pad C_MCU_VDD1-2(61.579mm,40.5mm) on L1 TOP",
TRACK,R139:3V3_DIG,3V3_DIG,Mid Layer 2,61.725,39.725,61.725,41.225,0.4,,,"3V3_DIG|Pad R_NRST-2(60.5mm,39mm) on L1 TOP|Pad C_MCU_VDD1-2(61.579mm,40.5mm) on L1 TOP",
TRACK,R139:3V3_DIG,3V3_DIG,Top Layer,61.725,41.225,61.725,40.725,0.4,,,"3V3_DIG|Pad R_NRST-2(60.5mm,39mm) on L1 TOP|Pad C_MCU_VDD1-2(61.579mm,40.5mm) on L1 TOP",
VIA,R139:3V3_DIG,3V3_DIG,Multi Layer,60.275,38.275,,,,0.6,0.3,"3V3_DIG|Pad R_NRST-2(60.5mm,39mm) on L1 TOP|Pad C_MCU_VDD1-2(61.579mm,40.5mm) on L1 TOP",
VIA,R139:3V3_DIG,3V3_DIG,Multi Layer,61.725,41.225,,,,0.6,0.3,"3V3_DIG|Pad R_NRST-2(60.5mm,39mm) on L1 TOP|Pad C_MCU_VDD1-2(61.579mm,40.5mm) on L1 TOP",
TRACK,R140:3V3_DIG,3V3_DIG,Top Layer,44.625,41.575,45.675,41.575,0.4,,,"3V3_DIG|Pad C_WIFI_VDDIO1-2(44mm,41.45mm) on L1 TOP|Pad C_WIFI_VDDIO1_HF-1(45.885mm,41.475mm) on L1 TOP",
TRACK,R141:3V0_ANA,3V0_ANA,Top Layer,60.075,36.875,60.075,35.725,0.15,,,"3V0_ANA|Pad C2_MCU-2(59.9mm,37.1mm) on L1 TOP|Pad C1_MCU-1(61.879mm,37.1mm) on L1 TOP",
TRACK,R141:3V0_ANA,3V0_ANA,Top Layer,60.075,35.725,60.625,35.175,0.15,,,"3V0_ANA|Pad C2_MCU-2(59.9mm,37.1mm) on L1 TOP|Pad C1_MCU-1(61.879mm,37.1mm) on L1 TOP",
TRACK,R141:3V0_ANA,3V0_ANA,Top Layer,60.625,35.175,61.5245,35.175,0.15,,,"3V0_ANA|Pad C2_MCU-2(59.9mm,37.1mm) on L1 TOP|Pad C1_MCU-1(61.879mm,37.1mm) on L1 TOP",
TRACK,R141:3V0_ANA,3V0_ANA,Top Layer,61.5245,35.175,61.575,35.175,0.15,,,"3V0_ANA|Pad C2_MCU-2(59.9mm,37.1mm) on L1 TOP|Pad C1_MCU-1(61.879mm,37.1mm) on L1 TOP",
TRACK,R141:3V0_ANA,3V0_ANA,Top Layer,61.575,35.175,61.825,35.425,0.15,,,"3V0_ANA|Pad C2_MCU-2(59.9mm,37.1mm) on L1 TOP|Pad C1_MCU-1(61.879mm,37.1mm) on L1 TOP",
TRACK,R141:3V0_ANA,3V0_ANA,Top Layer,61.825,35.425,61.825,36.925,0.15,,,"3V0_ANA|Pad C2_MCU-2(59.9mm,37.1mm) on L1 TOP|Pad C1_MCU-1(61.879mm,37.1mm) on L1 TOP",
TRACK,R143:3V0_ANA,3V0_ANA,Bottom Layer,19.225,29.625,19.525,29.625,0.4,,,"3V0_ANA|Pad C_DRL_DEC-1(19mm,29.8mm) on L4 BOTTOM GND|Pad Cdiv-2(20.979mm,30mm) on L1 TOP",
TRACK,R143:3V0_ANA,3V0_ANA,Bottom Layer,19.525,29.625,19.825,29.325,0.4,,,"3V0_ANA|Pad C_DRL_DEC-1(19mm,29.8mm) on L4 BOTTOM GND|Pad Cdiv-2(20.979mm,30mm) on L1 TOP",
TRACK,R143:3V0_ANA,3V0_ANA,Bottom Layer,19.825,29.325,20.25,29.325,0.4,,,"3V0_ANA|Pad C_DRL_DEC-1(19mm,29.8mm) on L4 BOTTOM GND|Pad Cdiv-2(20.979mm,30mm) on L1 TOP",
TRACK,R143:3V0_ANA,3V0_ANA,Bottom Layer,20.25,29.325,21.325,29.325,0.4,,,"3V0_ANA|Pad C_DRL_DEC-1(19mm,29.8mm) on L4 BOTTOM GND|Pad Cdiv-2(20.979mm,30mm) on L1 TOP",
TRACK,R143:3V0_ANA,3V0_ANA,Bottom Layer,21.325,29.325,21.775,29.775,0.4,,,"3V0_ANA|Pad C_DRL_DEC-1(19mm,29.8mm) on L4 BOTTOM GND|Pad Cdiv-2(20.979mm,30mm) on L1 TOP",
TRACK,R143:3V0_ANA,3V0_ANA,Top Layer,21.775,29.775,21.375,29.775,0.4,,,"3V0_ANA|Pad C_DRL_DEC-1(19mm,29.8mm) on L4 BOTTOM GND|Pad Cdiv-2(20.979mm,30mm) on L1 TOP",
TRACK,R143:3V0_ANA,3V0_ANA,Top Layer,21.375,29.775,21.175,29.975,0.4,,,"3V0_ANA|Pad C_DRL_DEC-1(19mm,29.8mm) on L4 BOTTOM GND|Pad Cdiv-2(20.979mm,30mm) on L1 TOP",
VIA,R143:3V0_ANA,3V0_ANA,Multi Layer,21.775,29.775,,,,0.6,0.3,"3V0_ANA|Pad C_DRL_DEC-1(19mm,29.8mm) on L4 BOTTOM GND|Pad Cdiv-2(20.979mm,30mm) on L1 TOP",
TRACK,R144:3V3_DIG,3V3_DIG,Top Layer,57.125,52.425,57.125,53.575,0.4,,,"3V3_DIG|Pad C_WIFI_VDDIO2-2(57.2mm,51.8mm) on L1 TOP|Pad C_WIFI_VDDIO2_HF-2(57.225mm,53.8mm) on L1 TOP",
TRACK,R145:3V3_DIG,3V3_DIG,Top Layer,36.675,47.975,36.675,48.075,0.4,,,"3V3_DIG|Pad Free-TP_3V3_DIG(36.5mm,47.5mm) on L1 TOP|Pad R_INT_PULLUP-1(37.376mm,49.3mm) on L1 TOP",
TRACK,R145:3V3_DIG,3V3_DIG,Top Layer,36.675,48.075,37.375,48.775,0.4,,,"3V3_DIG|Pad Free-TP_3V3_DIG(36.5mm,47.5mm) on L1 TOP|Pad R_INT_PULLUP-1(37.376mm,49.3mm) on L1 TOP",
TRACK,R145:3V3_DIG,3V3_DIG,Top Layer,37.375,48.775,37.375,49.025,0.4,,,"3V3_DIG|Pad Free-TP_3V3_DIG(36.5mm,47.5mm) on L1 TOP|Pad R_INT_PULLUP-1(37.376mm,49.3mm) on L1 TOP",
TRACK,R146:3V3_DIG,3V3_DIG,Top Layer,54.975,41.475,56.175,41.475,0.4,,,"3V3_DIG|Track (54.775mm,41.475mm)(54.775mm,42.584mm) on L1 TOP|Pad C_WIFI_VDD33-1(56.8mm,41.45mm) on L1 TOP",
TRACK,R147:VBUS,VBUS,Top Layer,24.325,47.575,25.7,47.575,0.4,,,"VBUS|Track (24.017mm,47.033mm)(24.15mm,47.35mm) on L1 TOP|Pad Free-TP_VBUS(26.25mm,47.5mm) on L1 TOP",
TRACK,R147:VBUS,VBUS,Top Layer,25.7,47.575,25.775,47.575,0.4,,,"VBUS|Track (24.017mm,47.033mm)(24.15mm,47.35mm) on L1 TOP|Pad Free-TP_VBUS(26.25mm,47.5mm) on L1 TOP",
TRACK,R148:3V0_ANA,3V0_ANA,Top Layer,21.175,29.825,22.375,29.825,0.15,,,"3V0_ANA|Pad Cdiv-2(20.979mm,30mm) on L1 TOP|Pad U_DRL1-5(23.4mm,30.05mm) on L4 BOTTOM GND",
TRACK,R148:3V0_ANA,3V0_ANA,Bottom Layer,22.375,29.825,22.875,29.825,0.15,,,"3V0_ANA|Pad Cdiv-2(20.979mm,30mm) on L1 TOP|Pad U_DRL1-5(23.4mm,30.05mm) on L4 BOTTOM GND",
VIA,R148:3V0_ANA,3V0_ANA,Multi Layer,22.375,29.825,,,,0.45,0.2,"3V0_ANA|Pad Cdiv-2(20.979mm,30mm) on L1 TOP|Pad U_DRL1-5(23.4mm,30.05mm) on L4 BOTTOM GND",
TRACK,R149:3V3_DIG,3V3_DIG,Top Layer,34.875,45.975,35.425,45.975,0.4,,,"3V3_DIG|Pad UP2-1(34.75mm,45.735mm) on L1 TOP|Pad Free-TP_3V3_DIG(36.5mm,47.5mm) on L1 TOP",
TRACK,R149:3V3_DIG,3V3_DIG,Top Layer,35.425,45.975,35.91,46.46,0.4,,,"3V3_DIG|Pad UP2-1(34.75mm,45.735mm) on L1 TOP|Pad Free-TP_3V3_DIG(36.5mm,47.5mm) on L1 TOP",
TRACK,R149:3V3_DIG,3V3_DIG,Top Layer,35.91,46.46,36.475,47.025,0.4,,,"3V3_DIG|Pad UP2-1(34.75mm,45.735mm) on L1 TOP|Pad Free-TP_3V3_DIG(36.5mm,47.5mm) on L1 TOP",
TRACK,R150:3V3_DIG,3V3_DIG,Top Layer,62.525,40.575,62.275,40.575,0.15,,,"3V3_DIG|Pad U_MCU1-11(63.262mm,40.5mm) on L1 TOP [Unplated]|Pad U_MCU1-6(63.262mm,43mm) on L1 TOP [Unplated]",
TRACK,R150:3V3_DIG,3V3_DIG,Top Layer,62.275,40.575,62.175,40.675,0.15,,,"3V3_DIG|Pad U_MCU1-11(63.262mm,40.5mm) on L1 TOP [Unplated]|Pad U_MCU1-6(63.262mm,43mm) on L1 TOP [Unplated]",
TRACK,R150:3V3_DIG,3V3_DIG,Top Layer,62.175,40.675,62.175,42.875,0.15,,,"3V3_DIG|Pad U_MCU1-11(63.262mm,40.5mm) on L1 TOP [Unplated]|Pad U_MCU1-6(63.262mm,43mm) on L1 TOP [Unplated]",
TRACK,R150:3V3_DIG,3V3_DIG,Top Layer,62.175,42.875,62.275,42.975,0.15,,,"3V3_DIG|Pad U_MCU1-11(63.262mm,40.5mm) on L1 TOP [Unplated]|Pad U_MCU1-6(63.262mm,43mm) on L1 TOP [Unplated]",
TRACK,R150:3V3_DIG,3V3_DIG,Top Layer,62.275,42.975,62.525,42.975,0.15,,,"3V3_DIG|Pad U_MCU1-11(63.262mm,40.5mm) on L1 TOP [Unplated]|Pad U_MCU1-6(63.262mm,43mm) on L1 TOP [Unplated]",
TRACK,R151:VSYS,VSYS,Top Layer,29.075,37.375,29.925,37.375,0.4,,,"VSYS|Pad U_UV1-3(28.725mm,37.25mm) on L1 TOP|Pad U_UV1-5(31.275mm,38.2mm) on L1 TOP",
TRACK,R151:VSYS,VSYS,Top Layer,29.925,37.375,30.875,38.325,0.4,,,"VSYS|Pad U_UV1-3(28.725mm,37.25mm) on L1 TOP|Pad U_UV1-5(31.275mm,38.2mm) on L1 TOP",
TRACK,R153:3V3_DIG,3V3_DIG,Top Layer,80.225,45.725,80.225,46.025,0.4,,,"3V3_DIG|Pad C_MCU_VDD4-1(80.321mm,45.5mm) on L1 TOP|Pad C_MCU_BULK-1(82.1mm,47.95mm) on L1 TOP",
TRACK,R153:3V3_DIG,3V3_DIG,Top Layer,80.225,46.025,80.4755,46.2755,0.4,,,"3V3_DIG|Pad C_MCU_VDD4-1(80.321mm,45.5mm) on L1 TOP|Pad C_MCU_BULK-1(82.1mm,47.95mm) on L1 TOP",
TRACK,R153:3V3_DIG,3V3_DIG,Top Layer,80.4755,46.2755,81.825,47.625,0.4,,,"3V3_DIG|Pad C_MCU_VDD4-1(80.321mm,45.5mm) on L1 TOP|Pad C_MCU_BULK-1(82.1mm,47.95mm) on L1 TOP",
TRACK,R154:VSYS,VSYS,Top Layer,23.175,41.175,23.625,40.725,0.4,,,"VSYS|Pad R_EN1_BIAS-1(22.9mm,41.524mm) on L1 TOP|Pad Free-TP_VSYS(25.5mm,43.5mm) on L1 TOP",
TRACK,R154:VSYS,VSYS,Top Layer,23.625,40.725,24.725,40.725,0.4,,,"VSYS|Pad R_EN1_BIAS-1(22.9mm,41.524mm) on L1 TOP|Pad Free-TP_VSYS(25.5mm,43.5mm) on L1 TOP",
TRACK,R154:VSYS,VSYS,Top Layer,24.725,40.725,25.275,41.275,0.4,,,"VSYS|Pad R_EN1_BIAS-1(22.9mm,41.524mm) on L1 TOP|Pad Free-TP_VSYS(25.5mm,43.5mm) on L1 TOP",
TRACK,R154:VSYS,VSYS,Top Layer,25.275,41.275,25.275,42.3,0.4,,,"VSYS|Pad R_EN1_BIAS-1(22.9mm,41.524mm) on L1 TOP|Pad Free-TP_VSYS(25.5mm,43.5mm) on L1 TOP",
TRACK,R154:VSYS,VSYS,Top Layer,25.275,42.3,25.275,43.075,0.4,,,"VSYS|Pad R_EN1_BIAS-1(22.9mm,41.524mm) on L1 TOP|Pad Free-TP_VSYS(25.5mm,43.5mm) on L1 TOP",
TRACK,R155:VBUS,VBUS,Top Layer,18.775,41.175,19.425,41.825,0.4,,,"VBUS|Pad D_VBUS-1(18.5mm,40.9mm) on L1 TOP|Pad C_VBUS-2(19.1mm,44.2mm) on L1 TOP",
TRACK,R155:VBUS,VBUS,Top Layer,19.425,41.825,19.575,41.825,0.4,,,"VBUS|Pad D_VBUS-1(18.5mm,40.9mm) on L1 TOP|Pad C_VBUS-2(19.1mm,44.2mm) on L1 TOP",
TRACK,R155:VBUS,VBUS,Top Layer,19.575,41.825,20.025,42.275,0.4,,,"VBUS|Pad D_VBUS-1(18.5mm,40.9mm) on L1 TOP|Pad C_VBUS-2(19.1mm,44.2mm) on L1 TOP",
TRACK,R155:VBUS,VBUS,Top Layer,20.025,42.275,20.025,43.725,0.4,,,"VBUS|Pad D_VBUS-1(18.5mm,40.9mm) on L1 TOP|Pad C_VBUS-2(19.1mm,44.2mm) on L1 TOP",
TRACK,R155:VBUS,VBUS,Top Layer,20.025,43.725,19.525,44.225,0.4,,,"VBUS|Pad D_VBUS-1(18.5mm,40.9mm) on L1 TOP|Pad C_VBUS-2(19.1mm,44.2mm) on L1 TOP",
TRACK,R155:VBUS,VBUS,Top Layer,19.525,44.225,19.275,44.225,0.4,,,"VBUS|Pad D_VBUS-1(18.5mm,40.9mm) on L1 TOP|Pad C_VBUS-2(19.1mm,44.2mm) on L1 TOP",
TRACK,R156:VSYS,VSYS,Top Layer,30.675,42.225,30.675,39.875,0.4,,,"VSYS|Pad R_EN-1(30.5mm,42.5mm) on L1 TOP|Pad U_UV1-6(31.275mm,39.15mm) on L1 TOP",
TRACK,R156:VSYS,VSYS,Top Layer,30.675,39.875,31.125,39.425,0.4,,,"VSYS|Pad R_EN-1(30.5mm,42.5mm) on L1 TOP|Pad U_UV1-6(31.275mm,39.15mm) on L1 TOP",
TRACK,R157:3V3_DIG,3V3_DIG,Top Layer,57.525,51.175,58.775,49.925,0.4,,,"3V3_DIG|Pad C_WIFI_VDDIO2-2(57.2mm,51.8mm) on L1 TOP|Pad C_WIFI_BULK-2(59.5mm,49.226mm) on L1 TOP",
TRACK,R158:VSYS,VSYS,Top Layer,30.275,42.775,30.275,43.425,0.4,,,"VSYS|Pad R_EN-1(30.5mm,42.5mm) on L1 TOP|Pad CUP4_1-1(31.4mm,45.95mm) on L1 TOP",
TRACK,R158:VSYS,VSYS,Top Layer,30.275,43.425,30.175,43.525,0.4,,,"VSYS|Pad R_EN-1(30.5mm,42.5mm) on L1 TOP|Pad CUP4_1-1(31.4mm,45.95mm) on L1 TOP",
TRACK,R158:VSYS,VSYS,Top Layer,30.175,43.525,30.175,44.675,0.4,,,"VSYS|Pad R_EN-1(30.5mm,42.5mm) on L1 TOP|Pad CUP4_1-1(31.4mm,45.95mm) on L1 TOP",
TRACK,R158:VSYS,VSYS,Top Layer,30.175,44.675,31.125,45.625,0.4,,,"VSYS|Pad R_EN-1(30.5mm,42.5mm) on L1 TOP|Pad CUP4_1-1(31.4mm,45.95mm) on L1 TOP",
TRACK,R159:VBUS,VBUS,Top Layer,22.075,50.325,22.075,50.475,0.4,,,"VBUS|Pad R_TS_TOP-2(22mm,50.025mm) on L1 TOP|Track (24.017mm,47.033mm)(24.15mm,47.35mm) on L1 TOP",
TRACK,R159:VBUS,VBUS,Top Layer,22.075,50.475,22.575,50.975,0.4,,,"VBUS|Pad R_TS_TOP-2(22mm,50.025mm) on L1 TOP|Track (24.017mm,47.033mm)(24.15mm,47.35mm) on L1 TOP",
TRACK,R159:VBUS,VBUS,Top Layer,22.575,50.975,24.675,50.975,0.4,,,"VBUS|Pad R_TS_TOP-2(22mm,50.025mm) on L1 TOP|Track (24.017mm,47.033mm)(24.15mm,47.35mm) on L1 TOP",
TRACK,R159:VBUS,VBUS,Top Layer,24.675,50.975,25.725,49.925,0.4,,,"VBUS|Pad R_TS_TOP-2(22mm,50.025mm) on L1 TOP|Track (24.017mm,47.033mm)(24.15mm,47.35mm) on L1 TOP",
TRACK,R159:VBUS,VBUS,Top Layer,25.725,49.925,25.725,48.175,0.4,,,"VBUS|Pad R_TS_TOP-2(22mm,50.025mm) on L1 TOP|Track (24.017mm,47.033mm)(24.15mm,47.35mm) on L1 TOP",
TRACK,R159:VBUS,VBUS,Top Layer,25.725,48.175,25.25,47.7,0.4,,,"VBUS|Pad R_TS_TOP-2(22mm,50.025mm) on L1 TOP|Track (24.017mm,47.033mm)(24.15mm,47.35mm) on L1 TOP",
TRACK,R159:VBUS,VBUS,Top Layer,25.25,47.7,24.975,47.425,0.4,,,"VBUS|Pad R_TS_TOP-2(22mm,50.025mm) on L1 TOP|Track (24.017mm,47.033mm)(24.15mm,47.35mm) on L1 TOP",
TRACK,R159:VBUS,VBUS,Top Layer,24.975,47.425,24.325,47.425,0.4,,,"VBUS|Pad R_TS_TOP-2(22mm,50.025mm) on L1 TOP|Track (24.017mm,47.033mm)(24.15mm,47.35mm) on L1 TOP",
TRACK,R161:3V3_DIG,3V3_DIG,Top Layer,24.425,42.925,24.425,43.325,0.15,,,"3V3_DIG|Pad R_PGOOD-2(24.2mm,42.575mm) on L1 TOP|Pad R_SDA-2(25.452mm,38.8mm) on L1 TOP",
TRACK,R161:3V3_DIG,3V3_DIG,Mid Layer 2,24.425,43.325,24.425,42.3,0.15,,,"3V3_DIG|Pad R_PGOOD-2(24.2mm,42.575mm) on L1 TOP|Pad R_SDA-2(25.452mm,38.8mm) on L1 TOP",
TRACK,R161:3V3_DIG,3V3_DIG,Mid Layer 2,24.425,42.3,24.425,41.225,0.15,,,"3V3_DIG|Pad R_PGOOD-2(24.2mm,42.575mm) on L1 TOP|Pad R_SDA-2(25.452mm,38.8mm) on L1 TOP",
TRACK,R161:3V3_DIG,3V3_DIG,Mid Layer 2,24.425,41.225,25.325,40.325,0.15,,,"3V3_DIG|Pad R_PGOOD-2(24.2mm,42.575mm) on L1 TOP|Pad R_SDA-2(25.452mm,38.8mm) on L1 TOP",
TRACK,R161:3V3_DIG,3V3_DIG,Top Layer,25.325,40.325,25.325,39.075,0.15,,,"3V3_DIG|Pad R_PGOOD-2(24.2mm,42.575mm) on L1 TOP|Pad R_SDA-2(25.452mm,38.8mm) on L1 TOP",
VIA,R161:3V3_DIG,3V3_DIG,Multi Layer,24.425,43.325,,,,0.45,0.2,"3V3_DIG|Pad R_PGOOD-2(24.2mm,42.575mm) on L1 TOP|Pad R_SDA-2(25.452mm,38.8mm) on L1 TOP",
VIA,R161:3V3_DIG,3V3_DIG,Multi Layer,25.325,40.325,,,,0.45,0.2,"3V3_DIG|Pad R_PGOOD-2(24.2mm,42.575mm) on L1 TOP|Pad R_SDA-2(25.452mm,38.8mm) on L1 TOP",
TRACK,R162:VBAT_CELL,VBAT_CELL,Top Layer,17.775,35.025,19.175,36.425,0.4,,,"VBAT_CELL|Pad J_Li-Po-3(17.08mm,34.8mm) on Multi-Layer|Pad CU6_1-2(20.579mm,37.2mm) on L1 TOP",
TRACK,R162:VBAT_CELL,VBAT_CELL,Top Layer,19.175,36.425,20.235,36.425,0.4,,,"VBAT_CELL|Pad J_Li-Po-3(17.08mm,34.8mm) on Multi-Layer|Pad CU6_1-2(20.579mm,37.2mm) on L1 TOP",
TRACK,R162:VBAT_CELL,VBAT_CELL,Top Layer,20.235,36.425,20.325,36.425,0.4,,,"VBAT_CELL|Pad J_Li-Po-3(17.08mm,34.8mm) on Multi-Layer|Pad CU6_1-2(20.579mm,37.2mm) on L1 TOP",
TRACK,R162:VBAT_CELL,VBAT_CELL,Top Layer,20.325,36.425,20.625,36.725,0.4,,,"VBAT_CELL|Pad J_Li-Po-3(17.08mm,34.8mm) on Multi-Layer|Pad CU6_1-2(20.579mm,37.2mm) on L1 TOP",
TRACK,R162:VBAT_CELL,VBAT_CELL,Top Layer,20.625,36.725,20.625,37.025,0.4,,,"VBAT_CELL|Pad J_Li-Po-3(17.08mm,34.8mm) on Multi-Layer|Pad CU6_1-2(20.579mm,37.2mm) on L1 TOP",
TRACK,R164:3V3_DIG,3V3_DIG,Top Layer,63.975,43.075,64.175,43.075,0.15,,,"3V3_DIG|Pad U_MCU1-6(63.262mm,43mm) on L1 TOP [Unplated]|Pad U_MCU1-100(65mm,47.238mm) on L1 TOP [Unplated]",
TRACK,R164:3V3_DIG,3V3_DIG,Top Layer,64.175,43.075,64.775,43.675,0.15,,,"3V3_DIG|Pad U_MCU1-6(63.262mm,43mm) on L1 TOP [Unplated]|Pad U_MCU1-100(65mm,47.238mm) on L1 TOP [Unplated]",
TRACK,R164:3V3_DIG,3V3_DIG,Top Layer,64.775,43.675,64.775,46.425,0.15,,,"3V3_DIG|Pad U_MCU1-6(63.262mm,43mm) on L1 TOP [Unplated]|Pad U_MCU1-100(65mm,47.238mm) on L1 TOP [Unplated]",
TRACK,R164:3V3_DIG,3V3_DIG,Top Layer,64.775,46.425,64.875,46.525,0.15,,,"3V3_DIG|Pad U_MCU1-6(63.262mm,43mm) on L1 TOP [Unplated]|Pad U_MCU1-100(65mm,47.238mm) on L1 TOP [Unplated]",
TRACK,R166:3V3_DIG,3V3_DIG,Top Layer,57.425,41.775,60.125,41.775,0.4,,,"3V3_DIG|Pad C_WIFI_VDD33-1(56.8mm,41.45mm) on L1 TOP|Pad C_MCU_VDD1-2(61.579mm,40.5mm) on L1 TOP",
TRACK,R166:3V3_DIG,3V3_DIG,Top Layer,60.125,41.775,60.375,42.025,0.4,,,"3V3_DIG|Pad C_WIFI_VDD33-1(56.8mm,41.45mm) on L1 TOP|Pad C_MCU_VDD1-2(61.579mm,40.5mm) on L1 TOP",
TRACK,R166:3V3_DIG,3V3_DIG,Top Layer,60.375,42.025,61.175,42.025,0.4,,,"3V3_DIG|Pad C_WIFI_VDD33-1(56.8mm,41.45mm) on L1 TOP|Pad C_MCU_VDD1-2(61.579mm,40.5mm) on L1 TOP",
TRACK,R166:3V3_DIG,3V3_DIG,Top Layer,61.175,42.025,61.5245,41.6755,0.4,,,"3V3_DIG|Pad C_WIFI_VDD33-1(56.8mm,41.45mm) on L1 TOP|Pad C_MCU_VDD1-2(61.579mm,40.5mm) on L1 TOP",
TRACK,R166:3V3_DIG,3V3_DIG,Top Layer,61.5245,41.6755,61.675,41.525,0.4,,,"3V3_DIG|Pad C_WIFI_VDD33-1(56.8mm,41.45mm) on L1 TOP|Pad C_MCU_VDD1-2(61.579mm,40.5mm) on L1 TOP",
TRACK,R166:3V3_DIG,3V3_DIG,Top Layer,61.675,41.525,61.675,40.725,0.4,,,"3V3_DIG|Pad C_WIFI_VDD33-1(56.8mm,41.45mm) on L1 TOP|Pad C_MCU_VDD1-2(61.579mm,40.5mm) on L1 TOP",
TRACK,R168:VSYS,VSYS,Top Layer,25.925,43.325,29.525,43.325,0.4,,,"VSYS|Pad Free-TP_VSYS(25.5mm,43.5mm) on L1 TOP|Pad R_EN-1(30.5mm,42.5mm) on L1 TOP",
TRACK,R168:VSYS,VSYS,Top Layer,29.525,43.325,30.275,42.575,0.4,,,"VSYS|Pad Free-TP_VSYS(25.5mm,43.5mm) on L1 TOP|Pad R_EN-1(30.5mm,42.5mm) on L1 TOP",
TRACK,R169:3V0_ANA,3V0_ANA,Top Layer,36.125,21.075,36.475,21.425,0.4,,,"3V0_ANA|Pad INA2-5(35.975mm,20.55mm) on L1 TOP|Pad CU_22-1(36.1mm,26mm) on L1 TOP",
TRACK,R169:3V0_ANA,3V0_ANA,Mid Layer 2,36.475,21.425,35.225,22.675,0.4,,,"3V0_ANA|Pad INA2-5(35.975mm,20.55mm) on L1 TOP|Pad CU_22-1(36.1mm,26mm) on L1 TOP",
TRACK,R169:3V0_ANA,3V0_ANA,Mid Layer 2,35.225,22.675,35.225,24.725,0.4,,,"3V0_ANA|Pad INA2-5(35.975mm,20.55mm) on L1 TOP|Pad CU_22-1(36.1mm,26mm) on L1 TOP",
TRACK,R169:3V0_ANA,3V0_ANA,Mid Layer 2,35.225,24.725,35.675,25.175,0.4,,,"3V0_ANA|Pad INA2-5(35.975mm,20.55mm) on L1 TOP|Pad CU_22-1(36.1mm,26mm) on L1 TOP",
TRACK,R169:3V0_ANA,3V0_ANA,Top Layer,35.675,25.175,36.025,25.525,0.4,,,"3V0_ANA|Pad INA2-5(35.975mm,20.55mm) on L1 TOP|Pad CU_22-1(36.1mm,26mm) on L1 TOP",
TRACK,R169:3V0_ANA,3V0_ANA,Top Layer,36.025,25.525,36.025,25.775,0.4,,,"3V0_ANA|Pad INA2-5(35.975mm,20.55mm) on L1 TOP|Pad CU_22-1(36.1mm,26mm) on L1 TOP",
VIA,R169:3V0_ANA,3V0_ANA,Multi Layer,36.475,21.425,,,,0.6,0.3,"3V0_ANA|Pad INA2-5(35.975mm,20.55mm) on L1 TOP|Pad CU_22-1(36.1mm,26mm) on L1 TOP",
VIA,R169:3V0_ANA,3V0_ANA,Multi Layer,35.675,25.175,,,,0.6,0.3,"3V0_ANA|Pad INA2-5(35.975mm,20.55mm) on L1 TOP|Pad CU_22-1(36.1mm,26mm) on L1 TOP",
TRACK,R170:3V3_DIG,3V3_DIG,Top Layer,60.225,48.675,61.5245,48.675,0.4,,,"3V3_DIG|Pad C_WIFI_BULK-2(59.5mm,49.226mm) on L1 TOP|Pad C_MCU_VDD5-1(65mm,48.721mm) on L1 TOP",
TRACK,R170:3V3_DIG,3V3_DIG,Top Layer,61.5245,48.675,64.775,48.675,0.4,,,"3V3_DIG|Pad C_WIFI_BULK-2(59.5mm,49.226mm) on L1 TOP|Pad C_MCU_VDD5-1(65mm,48.721mm) on L1 TOP",
TRACK,R171:3V3_DIG,3V3_DIG,Top Layer,36.075,42.425,36.075,37.725,0.4,,,"3V3_DIG|Track (35.489mm,42.7mm)(35.779mm,42.7mm) on L1 TOP|Pad CUP5_5-1(36.45mm,37mm) on L1 TOP",
TRACK,R171:3V3_DIG,3V3_DIG,Top Layer,36.075,37.725,36.175,37.625,0.4,,,"3V3_DIG|Track (35.489mm,42.7mm)(35.779mm,42.7mm) on L1 TOP|Pad CUP5_5-1(36.45mm,37mm) on L1 TOP",
TRACK,R172:3V0_ANA,3V0_ANA,Top Layer,29.925,27.275,29.925,27.425,0.15,,,"3V0_ANA|Pad RV2-1(29.7mm,27mm) on L1 TOP|Pad CU_22-1(36.1mm,26mm) on L1 TOP",
TRACK,R172:3V0_ANA,3V0_ANA,Top Layer,29.925,27.425,30.225,27.725,0.15,,,"3V0_ANA|Pad RV2-1(29.7mm,27mm) on L1 TOP|Pad CU_22-1(36.1mm,26mm) on L1 TOP",
TRACK,R172:3V0_ANA,3V0_ANA,Top Layer,30.225,27.725,32.325,27.725,0.15,,,"3V0_ANA|Pad RV2-1(29.7mm,27mm) on L1 TOP|Pad CU_22-1(36.1mm,26mm) on L1 TOP",
TRACK,R172:3V0_ANA,3V0_ANA,Top Layer,32.325,27.725,33.975,26.075,0.15,,,"3V0_ANA|Pad RV2-1(29.7mm,27mm) on L1 TOP|Pad CU_22-1(36.1mm,26mm) on L1 TOP",
TRACK,R172:3V0_ANA,3V0_ANA,Mid Layer 2,33.975,26.075,35.375,24.675,0.15,,,"3V0_ANA|Pad RV2-1(29.7mm,27mm) on L1 TOP|Pad CU_22-1(36.1mm,26mm) on L1 TOP",
TRACK,R172:3V0_ANA,3V0_ANA,Top Layer,35.375,24.675,35.975,25.275,0.15,,,"3V0_ANA|Pad RV2-1(29.7mm,27mm) on L1 TOP|Pad CU_22-1(36.1mm,26mm) on L1 TOP",
TRACK,R172:3V0_ANA,3V0_ANA,Top Layer,35.975,25.275,35.975,25.775,0.15,,,"3V0_ANA|Pad RV2-1(29.7mm,27mm) on L1 TOP|Pad CU_22-1(36.1mm,26mm) on L1 TOP",
VIA,R172:3V0_ANA,3V0_ANA,Multi Layer,33.975,26.075,,,,0.45,0.2,"3V0_ANA|Pad RV2-1(29.7mm,27mm) on L1 TOP|Pad CU_22-1(36.1mm,26mm) on L1 TOP",
VIA,R172:3V0_ANA,3V0_ANA,Multi Layer,35.375,24.675,,,,0.45,0.2,"3V0_ANA|Pad RV2-1(29.7mm,27mm) on L1 TOP|Pad CU_22-1(36.1mm,26mm) on L1 TOP",
TRACK,R174:VBAT_CELL,VBAT_CELL,Top Layer,21.325,44.825,21.075,44.825,0.4,,,"VBAT_CELL|Pad UP1-3(21.6mm,44.75mm) on L1 TOP|Pad UP4-2(21.615mm,37.75mm) on L1 TOP",
TRACK,R174:VBAT_CELL,VBAT_CELL,Top Layer,21.075,44.825,20.775,44.525,0.4,,,"VBAT_CELL|Pad UP1-3(21.6mm,44.75mm) on L1 TOP|Pad UP4-2(21.615mm,37.75mm) on L1 TOP",
TRACK,R174:VBAT_CELL,VBAT_CELL,Top Layer,20.775,44.525,20.775,42.3,0.4,,,"VBAT_CELL|Pad UP1-3(21.6mm,44.75mm) on L1 TOP|Pad UP4-2(21.615mm,37.75mm) on L1 TOP",
TRACK,R174:VBAT_CELL,VBAT_CELL,Top Layer,20.775,42.3,20.775,39.385,0.4,,,"VBAT_CELL|Pad UP1-3(21.6mm,44.75mm) on L1 TOP|Pad UP4-2(21.615mm,37.75mm) on L1 TOP",
TRACK,R174:VBAT_CELL,VBAT_CELL,Top Layer,20.775,39.385,20.775,37.925,0.4,,,"VBAT_CELL|Pad UP1-3(21.6mm,44.75mm) on L1 TOP|Pad UP4-2(21.615mm,37.75mm) on L1 TOP",
TRACK,R174:VBAT_CELL,VBAT_CELL,Top Layer,20.775,37.925,21.025,37.675,0.4,,,"VBAT_CELL|Pad UP1-3(21.6mm,44.75mm) on L1 TOP|Pad UP4-2(21.615mm,37.75mm) on L1 TOP",
TRACK,R174:VBAT_CELL,VBAT_CELL,Top Layer,21.025,37.675,21.275,37.675,0.4,,,"VBAT_CELL|Pad UP1-3(21.6mm,44.75mm) on L1 TOP|Pad UP4-2(21.615mm,37.75mm) on L1 TOP",
TRACK,R176:3V3_DIG,3V3_DIG,Top Layer,78.175,30.375,79.025,30.375,0.4,,,"3V3_DIG|Pad C_MCU_VDD3-2(78mm,30.279mm) on L1 TOP|Pad R_WIFI_BOOT_OVR-1(80.065mm,23mm) on L1 TOP",
TRACK,R176:3V3_DIG,3V3_DIG,Top Layer,79.025,30.375,79.3755,30.0245,0.4,,,"3V3_DIG|Pad C_MCU_VDD3-2(78mm,30.279mm) on L1 TOP|Pad R_WIFI_BOOT_OVR-1(80.065mm,23mm) on L1 TOP",
TRACK,R176:3V3_DIG,3V3_DIG,Top Layer,79.3755,30.0245,79.825,29.575,0.4,,,"3V3_DIG|Pad C_MCU_VDD3-2(78mm,30.279mm) on L1 TOP|Pad R_WIFI_BOOT_OVR-1(80.065mm,23mm) on L1 TOP",
TRACK,R176:3V3_DIG,3V3_DIG,Top Layer,79.825,29.575,79.825,23.275,0.4,,,"3V3_DIG|Pad C_MCU_VDD3-2(78mm,30.279mm) on L1 TOP|Pad R_WIFI_BOOT_OVR-1(80.065mm,23mm) on L1 TOP",
TRACK,R177:VSYS,VSYS,Top Layer,30.775,46.275,30.775,47.175,0.4,,,"VSYS|Pad CUP4_1-1(31.4mm,45.95mm) on L1 TOP|Pad R_EN1_1-1(31.521mm,53.8mm) on L1 TOP",
TRACK,R177:VSYS,VSYS,Top Layer,30.775,47.175,29.225,48.725,0.4,,,"VSYS|Pad CUP4_1-1(31.4mm,45.95mm) on L1 TOP|Pad R_EN1_1-1(31.521mm,53.8mm) on L1 TOP",
TRACK,R177:VSYS,VSYS,Top Layer,29.225,48.725,29.225,53.725,0.4,,,"VSYS|Pad CUP4_1-1(31.4mm,45.95mm) on L1 TOP|Pad R_EN1_1-1(31.521mm,53.8mm) on L1 TOP",
TRACK,R177:VSYS,VSYS,Top Layer,29.225,53.725,29.525,54.025,0.4,,,"VSYS|Pad CUP4_1-1(31.4mm,45.95mm) on L1 TOP|Pad R_EN1_1-1(31.521mm,53.8mm) on L1 TOP",
TRACK,R177:VSYS,VSYS,Top Layer,29.525,54.025,31.175,54.025,0.4,,,"VSYS|Pad CUP4_1-1(31.4mm,45.95mm) on L1 TOP|Pad R_EN1_1-1(31.521mm,53.8mm) on L1 TOP",
TRACK,R184:VSYS,VSYS,Top Layer,22.475,52.725,22.475,51.875,0.4,,,"VSYS|Pad R_CHG_LED-1(22.3mm,53mm) on L1 TOP|Pad UP1-11(24.4mm,45.25mm) on L1 TOP",
TRACK,R184:VSYS,VSYS,Mid Layer 2,22.475,51.875,22.475,49.125,0.4,,,"VSYS|Pad R_CHG_LED-1(22.3mm,53mm) on L1 TOP|Pad UP1-11(24.4mm,45.25mm) on L1 TOP",
TRACK,R184:VSYS,VSYS,Mid Layer 2,22.475,49.125,23.9,47.7,0.4,,,"VSYS|Pad R_CHG_LED-1(22.3mm,53mm) on L1 TOP|Pad UP1-11(24.4mm,45.25mm) on L1 TOP",
TRACK,R184:VSYS,VSYS,Mid Layer 2,23.9,47.7,25.7,45.9,0.4,,,"VSYS|Pad R_CHG_LED-1(22.3mm,53mm) on L1 TOP|Pad UP1-11(24.4mm,45.25mm) on L1 TOP",
TRACK,R184:VSYS,VSYS,Mid Layer 2,25.7,45.9,26.225,45.375,0.4,,,"VSYS|Pad R_CHG_LED-1(22.3mm,53mm) on L1 TOP|Pad UP1-11(24.4mm,45.25mm) on L1 TOP",
TRACK,R184:VSYS,VSYS,Top Layer,26.225,45.375,25.7,45.375,0.4,,,"VSYS|Pad R_CHG_LED-1(22.3mm,53mm) on L1 TOP|Pad UP1-11(24.4mm,45.25mm) on L1 TOP",
TRACK,R184:VSYS,VSYS,Top Layer,25.7,45.375,25.075,45.375,0.4,,,"VSYS|Pad R_CHG_LED-1(22.3mm,53mm) on L1 TOP|Pad UP1-11(24.4mm,45.25mm) on L1 TOP",
TRACK,R184:VSYS,VSYS,Top Layer,25.075,45.375,24.875,45.175,0.4,,,"VSYS|Pad R_CHG_LED-1(22.3mm,53mm) on L1 TOP|Pad UP1-11(24.4mm,45.25mm) on L1 TOP",
TRACK,R184:VSYS,VSYS,Top Layer,24.875,45.175,24.675,45.175,0.4,,,"VSYS|Pad R_CHG_LED-1(22.3mm,53mm) on L1 TOP|Pad UP1-11(24.4mm,45.25mm) on L1 TOP",
VIA,R184:VSYS,VSYS,Multi Layer,22.475,51.875,,,,0.6,0.3,"VSYS|Pad R_CHG_LED-1(22.3mm,53mm) on L1 TOP|Pad UP1-11(24.4mm,45.25mm) on L1 TOP",
VIA,R184:VSYS,VSYS,Multi Layer,26.225,45.375,,,,0.6,0.3,"VSYS|Pad R_CHG_LED-1(22.3mm,53mm) on L1 TOP|Pad UP1-11(24.4mm,45.25mm) on L1 TOP",
TRACK,R185:3V3_DIG,3V3_DIG,Top Layer,80.225,43.925,80.225,43.625,0.4,,,"3V3_DIG|Pad C_VDDUSB-1(80.321mm,44.1mm) on L1 TOP|Pad J_SWD-1(86mm,38mm) on Multi-Layer",
TRACK,R185:3V3_DIG,3V3_DIG,Top Layer,80.225,43.625,80.4755,43.3745,0.4,,,"3V3_DIG|Pad C_VDDUSB-1(80.321mm,44.1mm) on L1 TOP|Pad J_SWD-1(86mm,38mm) on Multi-Layer",
TRACK,R185:3V3_DIG,3V3_DIG,Top Layer,80.4755,43.3745,85.275,38.575,0.4,,,"3V3_DIG|Pad C_VDDUSB-1(80.321mm,44.1mm) on L1 TOP|Pad J_SWD-1(86mm,38mm) on Multi-Layer",
TRACK,R186:3V3_DIG,3V3_DIG,Top Layer,36.075,42.425,42.725,42.425,0.4,,,"3V3_DIG|Track (35.489mm,42.7mm)(35.779mm,42.7mm) on L1 TOP|Pad C_WIFI_VDDIO1-2(44mm,41.45mm) on L1 TOP",
TRACK,R186:3V3_DIG,3V3_DIG,Top Layer,42.725,42.425,43.375,41.775,0.4,,,"3V3_DIG|Track (35.489mm,42.7mm)(35.779mm,42.7mm) on L1 TOP|Pad C_WIFI_VDDIO1-2(44mm,41.45mm) on L1 TOP",
TRACK,R187:3V3_DIG,3V3_DIG,Top Layer,46.075,41.525,50.075,41.525,0.4,,,"3V3_DIG|Pad C_WIFI_VDDIO1_HF-1(45.885mm,41.475mm) on L1 TOP|Track (54.775mm,41.475mm)(54.775mm,42.584mm) on L1 TOP",
TRACK,R187:3V3_DIG,3V3_DIG,Mid Layer 2,50.075,41.525,53.075,41.525,0.4,,,"3V3_DIG|Pad C_WIFI_VDDIO1_HF-1(45.885mm,41.475mm) on L1 TOP|Track (54.775mm,41.475mm)(54.775mm,42.584mm) on L1 TOP",
TRACK,R187:3V3_DIG,3V3_DIG,Top Layer,53.075,41.525,54.525,41.525,0.4,,,"3V3_DIG|Pad C_WIFI_VDDIO1_HF-1(45.885mm,41.475mm) on L1 TOP|Track (54.775mm,41.475mm)(54.775mm,42.584mm) on L1 TOP",
VIA,R187:3V3_DIG,3V3_DIG,Multi Layer,50.075,41.525,,,,0.6,0.3,"3V3_DIG|Pad C_WIFI_VDDIO1_HF-1(45.885mm,41.475mm) on L1 TOP|Track (54.775mm,41.475mm)(54.775mm,42.584mm) on L1 TOP",
VIA,R187:3V3_DIG,3V3_DIG,Multi Layer,53.075,41.525,,,,0.6,0.3,"3V3_DIG|Pad C_WIFI_VDDIO1_HF-1(45.885mm,41.475mm) on L1 TOP|Track (54.775mm,41.475mm)(54.775mm,42.584mm) on L1 TOP",
TRACK,R189:3V3_DIG,3V3_DIG,Top Layer,26.025,36.475,32.175,36.475,0.4,,,"3V3_DIG|Pad R_AL-2(25.676mm,36.7mm) on L1 TOP|Pad CUP5_5-1(36.45mm,37mm) on L1 TOP",
TRACK,R189:3V3_DIG,3V3_DIG,Top Layer,32.175,36.475,33.925,38.225,0.4,,,"3V3_DIG|Pad R_AL-2(25.676mm,36.7mm) on L1 TOP|Pad CUP5_5-1(36.45mm,37mm) on L1 TOP",
TRACK,R189:3V3_DIG,3V3_DIG,Top Layer,33.925,38.225,35.325,38.225,0.4,,,"3V3_DIG|Pad R_AL-2(25.676mm,36.7mm) on L1 TOP|Pad CUP5_5-1(36.45mm,37mm) on L1 TOP",
TRACK,R189:3V3_DIG,3V3_DIG,Top Layer,35.325,38.225,36.125,37.425,0.4,,,"3V3_DIG|Pad R_AL-2(25.676mm,36.7mm) on L1 TOP|Pad CUP5_5-1(36.45mm,37mm) on L1 TOP",
TRACK,R195:3V3_DIG,3V3_DIG,Top Layer,77.125,32.475,77.725,33.075,0.15,,,"3V3_DIG|Pad U_MCU1-50(77mm,31.762mm) on L1 TOP [Unplated]|Pad U_MCU1-73(78.738mm,44.5mm) on L1 TOP [Unplated]",
TRACK,R195:3V3_DIG,3V3_DIG,Top Layer,77.725,33.075,79.675,33.075,0.15,,,"3V3_DIG|Pad U_MCU1-50(77mm,31.762mm) on L1 TOP [Unplated]|Pad U_MCU1-73(78.738mm,44.5mm) on L1 TOP [Unplated]",
TRACK,R195:3V3_DIG,3V3_DIG,Top Layer,79.675,33.075,79.775,33.175,0.15,,,"3V3_DIG|Pad U_MCU1-50(77mm,31.762mm) on L1 TOP [Unplated]|Pad U_MCU1-73(78.738mm,44.5mm) on L1 TOP [Unplated]",
TRACK,R195:3V3_DIG,3V3_DIG,Top Layer,79.775,33.175,79.775,44.375,0.15,,,"3V3_DIG|Pad U_MCU1-50(77mm,31.762mm) on L1 TOP [Unplated]|Pad U_MCU1-73(78.738mm,44.5mm) on L1 TOP [Unplated]",
TRACK,R195:3V3_DIG,3V3_DIG,Top Layer,79.775,44.375,79.675,44.475,0.15,,,"3V3_DIG|Pad U_MCU1-50(77mm,31.762mm) on L1 TOP [Unplated]|Pad U_MCU1-73(78.738mm,44.5mm) on L1 TOP [Unplated]",
TRACK,R195:3V3_DIG,3V3_DIG,Top Layer,79.675,44.475,79.425,44.475,0.15,,,"3V3_DIG|Pad U_MCU1-50(77mm,31.762mm) on L1 TOP [Unplated]|Pad U_MCU1-73(78.738mm,44.5mm) on L1 TOP [Unplated]",
TRACK,R196:NetINA5_3,NetINA5_3,Top Layer,74.325,16.375,74.325,16.625,0.2,,,"NetINA5_3|Pad INA5-3(74.325mm,15.85mm) on L1 TOP|Pad RDD13-2(79.912mm,16.8mm) on L1 TOP",
TRACK,R196:NetINA5_3,NetINA5_3,Top Layer,74.325,16.625,75.225,17.525,0.2,,,"NetINA5_3|Pad INA5-3(74.325mm,15.85mm) on L1 TOP|Pad RDD13-2(79.912mm,16.8mm) on L1 TOP",
TRACK,R196:NetINA5_3,NetINA5_3,Top Layer,75.225,17.525,79.325,17.525,0.2,,,"NetINA5_3|Pad INA5-3(74.325mm,15.85mm) on L1 TOP|Pad RDD13-2(79.912mm,16.8mm) on L1 TOP",
TRACK,R196:NetINA5_3,NetINA5_3,Top Layer,79.325,17.525,79.825,17.025,0.2,,,"NetINA5_3|Pad INA5-3(74.325mm,15.85mm) on L1 TOP|Pad RDD13-2(79.912mm,16.8mm) on L1 TOP",
TRACK,R197:VREF_A,VREF_A,Top Layer,61.975,25.525,65.325,25.525,0.2,,,"VREF_A|Pad U3-3(61.15mm,25.45mm) on L1 TOP|Pad U3-12(66.85mm,25.45mm) on L1 TOP",
TRACK,R197:VREF_A,VREF_A,Top Layer,65.325,25.525,65.375,25.575,0.2,,,"VREF_A|Pad U3-3(61.15mm,25.45mm) on L1 TOP|Pad U3-12(66.85mm,25.45mm) on L1 TOP",
TRACK,R197:VREF_A,VREF_A,Top Layer,65.375,25.575,65.875,25.575,0.2,,,"VREF_A|Pad U3-3(61.15mm,25.45mm) on L1 TOP|Pad U3-12(66.85mm,25.45mm) on L1 TOP",
TRACK,R197:VREF_A,VREF_A,Top Layer,65.875,25.575,65.925,25.525,0.2,,,"VREF_A|Pad U3-3(61.15mm,25.45mm) on L1 TOP|Pad U3-12(66.85mm,25.45mm) on L1 TOP",
TRACK,R197:VREF_A,VREF_A,Top Layer,65.925,25.525,66.025,25.525,0.2,,,"VREF_A|Pad U3-3(61.15mm,25.45mm) on L1 TOP|Pad U3-12(66.85mm,25.45mm) on L1 TOP",
TRACK,R198:VREF_A,VREF_A,Top Layer,39.975,26.725,43.325,26.725,0.2,,,"VREF_A|Pad U2-3(39.15mm,26.65mm) on L1 TOP|Pad U2-12(44.85mm,26.65mm) on L1 TOP",
TRACK,R198:VREF_A,VREF_A,Top Layer,43.325,26.725,43.375,26.775,0.2,,,"VREF_A|Pad U2-3(39.15mm,26.65mm) on L1 TOP|Pad U2-12(44.85mm,26.65mm) on L1 TOP",
TRACK,R198:VREF_A,VREF_A,Top Layer,43.375,26.775,43.875,26.775,0.2,,,"VREF_A|Pad U2-3(39.15mm,26.65mm) on L1 TOP|Pad U2-12(44.85mm,26.65mm) on L1 TOP",
TRACK,R198:VREF_A,VREF_A,Top Layer,43.875,26.775,43.925,26.725,0.2,,,"VREF_A|Pad U2-3(39.15mm,26.65mm) on L1 TOP|Pad U2-12(44.85mm,26.65mm) on L1 TOP",
TRACK,R198:VREF_A,VREF_A,Top Layer,43.925,26.725,44.025,26.725,0.2,,,"VREF_A|Pad U2-3(39.15mm,26.65mm) on L1 TOP|Pad U2-12(44.85mm,26.65mm) on L1 TOP",
TRACK,R199:VOUT_5,VOUT_5,Top Layer,69.675,28.325,70.275,28.325,0.2,,,"VOUT_5|Pad R_ADC5-1(69.435mm,28.5mm) on L1 TOP|Pad CH_5-1(69.5mm,22.743mm) on L1 TOP",
TRACK,R199:VOUT_5,VOUT_5,Top Layer,70.275,28.325,71.025,27.575,0.2,,,"VOUT_5|Pad R_ADC5-1(69.435mm,28.5mm) on L1 TOP|Pad CH_5-1(69.5mm,22.743mm) on L1 TOP",
TRACK,R199:VOUT_5,VOUT_5,Mid Layer 2,71.025,27.575,71.025,26.525,0.2,,,"VOUT_5|Pad R_ADC5-1(69.435mm,28.5mm) on L1 TOP|Pad CH_5-1(69.5mm,22.743mm) on L1 TOP",
TRACK,R199:VOUT_5,VOUT_5,Mid Layer 2,71.025,26.525,70.475,25.975,0.2,,,"VOUT_5|Pad R_ADC5-1(69.435mm,28.5mm) on L1 TOP|Pad CH_5-1(69.5mm,22.743mm) on L1 TOP",
TRACK,R199:VOUT_5,VOUT_5,Top Layer,70.475,25.975,70.475,24.325,0.2,,,"VOUT_5|Pad R_ADC5-1(69.435mm,28.5mm) on L1 TOP|Pad CH_5-1(69.5mm,22.743mm) on L1 TOP",
TRACK,R199:VOUT_5,VOUT_5,Top Layer,70.475,24.325,70.925,23.875,0.2,,,"VOUT_5|Pad R_ADC5-1(69.435mm,28.5mm) on L1 TOP|Pad CH_5-1(69.5mm,22.743mm) on L1 TOP",
TRACK,R199:VOUT_5,VOUT_5,Top Layer,70.925,23.875,70.925,23.125,0.2,,,"VOUT_5|Pad R_ADC5-1(69.435mm,28.5mm) on L1 TOP|Pad CH_5-1(69.5mm,22.743mm) on L1 TOP",
TRACK,R199:VOUT_5,VOUT_5,Top Layer,70.925,23.125,70.525,22.725,0.2,,,"VOUT_5|Pad R_ADC5-1(69.435mm,28.5mm) on L1 TOP|Pad CH_5-1(69.5mm,22.743mm) on L1 TOP",
TRACK,R199:VOUT_5,VOUT_5,Top Layer,70.525,22.725,69.775,22.725,0.2,,,"VOUT_5|Pad R_ADC5-1(69.435mm,28.5mm) on L1 TOP|Pad CH_5-1(69.5mm,22.743mm) on L1 TOP",
VIA,R199:VOUT_5,VOUT_5,Multi Layer,71.025,27.575,,,,0.6,0.3,"VOUT_5|Pad R_ADC5-1(69.435mm,28.5mm) on L1 TOP|Pad CH_5-1(69.5mm,22.743mm) on L1 TOP",
VIA,R199:VOUT_5,VOUT_5,Multi Layer,70.475,25.975,,,,0.6,0.3,"VOUT_5|Pad R_ADC5-1(69.435mm,28.5mm) on L1 TOP|Pad CH_5-1(69.5mm,22.743mm) on L1 TOP",
TRACK,R200:VREF_A,VREF_A,Top Layer,44.025,25.325,43.825,25.325,0.2,,,"VREF_A|Pad U2-10(44.85mm,25.35mm) on L1 TOP|Pad RL_3-2(49.9mm,22.3mm) on L1 TOP",
TRACK,R200:VREF_A,VREF_A,Top Layer,43.825,25.325,43.525,25.025,0.2,,,"VREF_A|Pad U2-10(44.85mm,25.35mm) on L1 TOP|Pad RL_3-2(49.9mm,22.3mm) on L1 TOP",
TRACK,R200:VREF_A,VREF_A,Top Layer,43.525,25.025,43.525,23.775,0.2,,,"VREF_A|Pad U2-10(44.85mm,25.35mm) on L1 TOP|Pad RL_3-2(49.9mm,22.3mm) on L1 TOP",
TRACK,R200:VREF_A,VREF_A,Top Layer,43.525,23.775,44.325,22.975,0.2,,,"VREF_A|Pad U2-10(44.85mm,25.35mm) on L1 TOP|Pad RL_3-2(49.9mm,22.3mm) on L1 TOP",
TRACK,R200:VREF_A,VREF_A,Top Layer,44.325,22.975,46.575,22.975,0.2,,,"VREF_A|Pad U2-10(44.85mm,25.35mm) on L1 TOP|Pad RL_3-2(49.9mm,22.3mm) on L1 TOP",
TRACK,R200:VREF_A,VREF_A,Mid Layer 2,46.575,22.975,47.975,21.575,0.2,,,"VREF_A|Pad U2-10(44.85mm,25.35mm) on L1 TOP|Pad RL_3-2(49.9mm,22.3mm) on L1 TOP",
TRACK,R200:VREF_A,VREF_A,Mid Layer 2,47.975,21.575,49.575,21.575,0.2,,,"VREF_A|Pad U2-10(44.85mm,25.35mm) on L1 TOP|Pad RL_3-2(49.9mm,22.3mm) on L1 TOP",
TRACK,R200:VREF_A,VREF_A,Top Layer,49.575,21.575,49.575,21.875,0.2,,,"VREF_A|Pad U2-10(44.85mm,25.35mm) on L1 TOP|Pad RL_3-2(49.9mm,22.3mm) on L1 TOP",
TRACK,R200:VREF_A,VREF_A,Top Layer,49.575,21.875,49.725,22.025,0.2,,,"VREF_A|Pad U2-10(44.85mm,25.35mm) on L1 TOP|Pad RL_3-2(49.9mm,22.3mm) on L1 TOP",
VIA,R200:VREF_A,VREF_A,Multi Layer,46.575,22.975,,,,0.6,0.3,"VREF_A|Pad U2-10(44.85mm,25.35mm) on L1 TOP|Pad RL_3-2(49.9mm,22.3mm) on L1 TOP",
VIA,R200:VREF_A,VREF_A,Multi Layer,49.575,21.575,,,,0.6,0.3,"VREF_A|Pad U2-10(44.85mm,25.35mm) on L1 TOP|Pad RL_3-2(49.9mm,22.3mm) on L1 TOP",
TRACK,R201:NetINA2_3,NetINA2_3,Top Layer,35.325,16.375,35.325,16.625,0.2,,,"NetINA2_3|Pad INA2-3(35.325mm,15.85mm) on L1 TOP|Pad RDD4-2(41.312mm,16.8mm) on L1 TOP",
TRACK,R201:NetINA2_3,NetINA2_3,Top Layer,35.325,16.625,36.225,17.525,0.2,,,"NetINA2_3|Pad INA2-3(35.325mm,15.85mm) on L1 TOP|Pad RDD4-2(41.312mm,16.8mm) on L1 TOP",
TRACK,R201:NetINA2_3,NetINA2_3,Top Layer,36.225,17.525,40.725,17.525,0.2,,,"NetINA2_3|Pad INA2-3(35.325mm,15.85mm) on L1 TOP|Pad RDD4-2(41.312mm,16.8mm) on L1 TOP",
TRACK,R201:NetINA2_3,NetINA2_3,Top Layer,40.725,17.525,41.225,17.025,0.2,,,"NetINA2_3|Pad INA2-3(35.325mm,15.85mm) on L1 TOP|Pad RDD4-2(41.312mm,16.8mm) on L1 TOP",
TRACK,R202:NetINA3_3,NetINA3_3,Top Layer,48.325,16.375,48.325,16.625,0.2,,,"NetINA3_3|Pad INA3-3(48.325mm,15.85mm) on L1 TOP|Pad RDD7-2(54.312mm,16.8mm) on L1 TOP",
TRACK,R202:NetINA3_3,NetINA3_3,Top Layer,48.325,16.625,49.225,17.525,0.2,,,"NetINA3_3|Pad INA3-3(48.325mm,15.85mm) on L1 TOP|Pad RDD7-2(54.312mm,16.8mm) on L1 TOP",
TRACK,R202:NetINA3_3,NetINA3_3,Top Layer,49.225,17.525,53.725,17.525,0.2,,,"NetINA3_3|Pad INA3-3(48.325mm,15.85mm) on L1 TOP|Pad RDD7-2(54.312mm,16.8mm) on L1 TOP",
TRACK,R202:NetINA3_3,NetINA3_3,Top Layer,53.725,17.525,54.225,17.025,0.2,,,"NetINA3_3|Pad INA3-3(48.325mm,15.85mm) on L1 TOP|Pad RDD7-2(54.312mm,16.8mm) on L1 TOP",
TRACK,R203:NetINA4_3,NetINA4_3,Top Layer,61.325,16.375,61.325,16.625,0.2,,,"NetINA4_3|Pad INA4-3(61.325mm,15.85mm) on L1 TOP|Pad RDD10-2(67.312mm,16.8mm) on L1 TOP",
TRACK,R203:NetINA4_3,NetINA4_3,Top Layer,61.325,16.625,62.225,17.525,0.2,,,"NetINA4_3|Pad INA4-3(61.325mm,15.85mm) on L1 TOP|Pad RDD10-2(67.312mm,16.8mm) on L1 TOP",
TRACK,R203:NetINA4_3,NetINA4_3,Top Layer,62.225,17.525,66.725,17.525,0.2,,,"NetINA4_3|Pad INA4-3(61.325mm,15.85mm) on L1 TOP|Pad RDD10-2(67.312mm,16.8mm) on L1 TOP",
TRACK,R203:NetINA4_3,NetINA4_3,Top Layer,66.725,17.525,67.225,17.025,0.2,,,"NetINA4_3|Pad INA4-3(61.325mm,15.85mm) on L1 TOP|Pad RDD10-2(67.312mm,16.8mm) on L1 TOP",
TRACK,R204:NetINA1_3,NetINA1_3,Top Layer,22.325,16.375,22.325,16.625,0.2,,,"NetINA1_3|Pad INA1-3(22.325mm,15.85mm) on L1 TOP|Pad RDD1-2(28.312mm,16.8mm) on L1 TOP",
TRACK,R204:NetINA1_3,NetINA1_3,Top Layer,22.325,16.625,23.225,17.525,0.2,,,"NetINA1_3|Pad INA1-3(22.325mm,15.85mm) on L1 TOP|Pad RDD1-2(28.312mm,16.8mm) on L1 TOP",
TRACK,R204:NetINA1_3,NetINA1_3,Top Layer,23.225,17.525,27.725,17.525,0.2,,,"NetINA1_3|Pad INA1-3(22.325mm,15.85mm) on L1 TOP|Pad RDD1-2(28.312mm,16.8mm) on L1 TOP",
TRACK,R204:NetINA1_3,NetINA1_3,Top Layer,27.725,17.525,28.225,17.025,0.2,,,"NetINA1_3|Pad INA1-3(22.325mm,15.85mm) on L1 TOP|Pad RDD1-2(28.312mm,16.8mm) on L1 TOP",
TRACK,R205:Vservo_5,Vservo_5,Top Layer,72.175,25.325,72.175,24.625,0.2,,,"Vservo_5|Pad Cservo_5-2(71.675mm,26.1mm) on L1 TOP [Unplated]|Pad INA5-6(74.325mm,20.55mm) on L1 TOP",
TRACK,R205:Vservo_5,Vservo_5,Top Layer,72.175,24.625,74.025,22.775,0.2,,,"Vservo_5|Pad Cservo_5-2(71.675mm,26.1mm) on L1 TOP [Unplated]|Pad INA5-6(74.325mm,20.55mm) on L1 TOP",
TRACK,R205:Vservo_5,Vservo_5,Mid Layer 2,74.025,22.775,74.025,19.825,0.2,,,"Vservo_5|Pad Cservo_5-2(71.675mm,26.1mm) on L1 TOP [Unplated]|Pad INA5-6(74.325mm,20.55mm) on L1 TOP",
TRACK,R205:Vservo_5,Vservo_5,Mid Layer 2,74.025,19.825,74.275,19.575,0.2,,,"Vservo_5|Pad Cservo_5-2(71.675mm,26.1mm) on L1 TOP [Unplated]|Pad INA5-6(74.325mm,20.55mm) on L1 TOP",
TRACK,R205:Vservo_5,Vservo_5,Top Layer,74.275,19.575,74.275,20.025,0.2,,,"Vservo_5|Pad Cservo_5-2(71.675mm,26.1mm) on L1 TOP [Unplated]|Pad INA5-6(74.325mm,20.55mm) on L1 TOP",
VIA,R205:Vservo_5,Vservo_5,Multi Layer,74.025,22.775,,,,0.6,0.3,"Vservo_5|Pad Cservo_5-2(71.675mm,26.1mm) on L1 TOP [Unplated]|Pad INA5-6(74.325mm,20.55mm) on L1 TOP",
VIA,R205:Vservo_5,Vservo_5,Multi Layer,74.275,19.575,,,,0.6,0.3,"Vservo_5|Pad Cservo_5-2(71.675mm,26.1mm) on L1 TOP [Unplated]|Pad INA5-6(74.325mm,20.55mm) on L1 TOP",
TRACK,R206:NetINA5_2,NetINA5_2,Top Layer,73.675,16.375,73.675,16.825,0.2,,,"NetINA5_2|Pad INA5-2(73.675mm,15.85mm) on L1 TOP|Pad RDD14-2(79.9mm,15mm) on L1 TOP",
TRACK,R206:NetINA5_2,NetINA5_2,Top Layer,73.675,16.825,75.125,18.275,0.2,,,"NetINA5_2|Pad INA5-2(73.675mm,15.85mm) on L1 TOP|Pad RDD14-2(79.9mm,15mm) on L1 TOP",
TRACK,R206:NetINA5_2,NetINA5_2,Top Layer,75.125,18.275,76.975,18.275,0.2,,,"NetINA5_2|Pad INA5-2(73.675mm,15.85mm) on L1 TOP|Pad RDD14-2(79.9mm,15mm) on L1 TOP",
TRACK,R206:NetINA5_2,NetINA5_2,Mid Layer 2,76.975,18.275,79.275,15.975,0.2,,,"NetINA5_2|Pad INA5-2(73.675mm,15.85mm) on L1 TOP|Pad RDD14-2(79.9mm,15mm) on L1 TOP",
TRACK,R206:NetINA5_2,NetINA5_2,Top Layer,79.275,15.975,79.775,15.475,0.2,,,"NetINA5_2|Pad INA5-2(73.675mm,15.85mm) on L1 TOP|Pad RDD14-2(79.9mm,15mm) on L1 TOP",
TRACK,R206:NetINA5_2,NetINA5_2,Top Layer,79.775,15.475,79.775,15.275,0.2,,,"NetINA5_2|Pad INA5-2(73.675mm,15.85mm) on L1 TOP|Pad RDD14-2(79.9mm,15mm) on L1 TOP",
VIA,R206:NetINA5_2,NetINA5_2,Multi Layer,76.975,18.275,,,,0.6,0.3,"NetINA5_2|Pad INA5-2(73.675mm,15.85mm) on L1 TOP|Pad RDD14-2(79.9mm,15mm) on L1 TOP",
VIA,R206:NetINA5_2,NetINA5_2,Multi Layer,79.275,15.975,,,,0.6,0.3,"NetINA5_2|Pad INA5-2(73.675mm,15.85mm) on L1 TOP|Pad RDD14-2(79.9mm,15mm) on L1 TOP",
TRACK,R207:NetINA1_2,NetINA1_2,Top Layer,21.675,16.375,21.675,16.825,0.2,,,"NetINA1_2|Pad INA1-2(21.675mm,15.85mm) on L1 TOP|Pad RDD2-2(28.3mm,15mm) on L1 TOP",
TRACK,R207:NetINA1_2,NetINA1_2,Top Layer,21.675,16.825,23.125,18.275,0.2,,,"NetINA1_2|Pad INA1-2(21.675mm,15.85mm) on L1 TOP|Pad RDD2-2(28.3mm,15mm) on L1 TOP",
TRACK,R207:NetINA1_2,NetINA1_2,Top Layer,23.125,18.275,25.375,18.275,0.2,,,"NetINA1_2|Pad INA1-2(21.675mm,15.85mm) on L1 TOP|Pad RDD2-2(28.3mm,15mm) on L1 TOP",
TRACK,R207:NetINA1_2,NetINA1_2,Mid Layer 2,25.375,18.275,27.675,15.975,0.2,,,"NetINA1_2|Pad INA1-2(21.675mm,15.85mm) on L1 TOP|Pad RDD2-2(28.3mm,15mm) on L1 TOP",
TRACK,R207:NetINA1_2,NetINA1_2,Top Layer,27.675,15.975,28.175,15.475,0.2,,,"NetINA1_2|Pad INA1-2(21.675mm,15.85mm) on L1 TOP|Pad RDD2-2(28.3mm,15mm) on L1 TOP",
TRACK,R207:NetINA1_2,NetINA1_2,Top Layer,28.175,15.475,28.175,15.275,0.2,,,"NetINA1_2|Pad INA1-2(21.675mm,15.85mm) on L1 TOP|Pad RDD2-2(28.3mm,15mm) on L1 TOP",
VIA,R207:NetINA1_2,NetINA1_2,Multi Layer,25.375,18.275,,,,0.6,0.3,"NetINA1_2|Pad INA1-2(21.675mm,15.85mm) on L1 TOP|Pad RDD2-2(28.3mm,15mm) on L1 TOP",
VIA,R207:NetINA1_2,NetINA1_2,Multi Layer,27.675,15.975,,,,0.6,0.3,"NetINA1_2|Pad INA1-2(21.675mm,15.85mm) on L1 TOP|Pad RDD2-2(28.3mm,15mm) on L1 TOP",
TRACK,R208:NetINA2_2,NetINA2_2,Top Layer,34.675,16.375,34.675,16.825,0.2,,,"NetINA2_2|Pad INA2-2(34.675mm,15.85mm) on L1 TOP|Pad RDD5-2(41.3mm,15mm) on L1 TOP",
TRACK,R208:NetINA2_2,NetINA2_2,Top Layer,34.675,16.825,36.125,18.275,0.2,,,"NetINA2_2|Pad INA2-2(34.675mm,15.85mm) on L1 TOP|Pad RDD5-2(41.3mm,15mm) on L1 TOP",
TRACK,R208:NetINA2_2,NetINA2_2,Top Layer,36.125,18.275,38.375,18.275,0.2,,,"NetINA2_2|Pad INA2-2(34.675mm,15.85mm) on L1 TOP|Pad RDD5-2(41.3mm,15mm) on L1 TOP",
TRACK,R208:NetINA2_2,NetINA2_2,Mid Layer 2,38.375,18.275,40.675,15.975,0.2,,,"NetINA2_2|Pad INA2-2(34.675mm,15.85mm) on L1 TOP|Pad RDD5-2(41.3mm,15mm) on L1 TOP",
TRACK,R208:NetINA2_2,NetINA2_2,Top Layer,40.675,15.975,41.175,15.475,0.2,,,"NetINA2_2|Pad INA2-2(34.675mm,15.85mm) on L1 TOP|Pad RDD5-2(41.3mm,15mm) on L1 TOP",
TRACK,R208:NetINA2_2,NetINA2_2,Top Layer,41.175,15.475,41.175,15.275,0.2,,,"NetINA2_2|Pad INA2-2(34.675mm,15.85mm) on L1 TOP|Pad RDD5-2(41.3mm,15mm) on L1 TOP",
VIA,R208:NetINA2_2,NetINA2_2,Multi Layer,38.375,18.275,,,,0.6,0.3,"NetINA2_2|Pad INA2-2(34.675mm,15.85mm) on L1 TOP|Pad RDD5-2(41.3mm,15mm) on L1 TOP",
VIA,R208:NetINA2_2,NetINA2_2,Multi Layer,40.675,15.975,,,,0.6,0.3,"NetINA2_2|Pad INA2-2(34.675mm,15.85mm) on L1 TOP|Pad RDD5-2(41.3mm,15mm) on L1 TOP",
TRACK,R209:NetINA3_2,NetINA3_2,Top Layer,47.675,16.375,47.675,16.825,0.2,,,"NetINA3_2|Pad INA3-2(47.675mm,15.85mm) on L1 TOP|Pad RDD8-2(54.3mm,15mm) on L1 TOP",
TRACK,R209:NetINA3_2,NetINA3_2,Top Layer,47.675,16.825,49.125,18.275,0.2,,,"NetINA3_2|Pad INA3-2(47.675mm,15.85mm) on L1 TOP|Pad RDD8-2(54.3mm,15mm) on L1 TOP",
TRACK,R209:NetINA3_2,NetINA3_2,Top Layer,49.125,18.275,51.375,18.275,0.2,,,"NetINA3_2|Pad INA3-2(47.675mm,15.85mm) on L1 TOP|Pad RDD8-2(54.3mm,15mm) on L1 TOP",
TRACK,R209:NetINA3_2,NetINA3_2,Mid Layer 2,51.375,18.275,53.675,15.975,0.2,,,"NetINA3_2|Pad INA3-2(47.675mm,15.85mm) on L1 TOP|Pad RDD8-2(54.3mm,15mm) on L1 TOP",
TRACK,R209:NetINA3_2,NetINA3_2,Top Layer,53.675,15.975,54.175,15.475,0.2,,,"NetINA3_2|Pad INA3-2(47.675mm,15.85mm) on L1 TOP|Pad RDD8-2(54.3mm,15mm) on L1 TOP",
TRACK,R209:NetINA3_2,NetINA3_2,Top Layer,54.175,15.475,54.175,15.275,0.2,,,"NetINA3_2|Pad INA3-2(47.675mm,15.85mm) on L1 TOP|Pad RDD8-2(54.3mm,15mm) on L1 TOP",
VIA,R209:NetINA3_2,NetINA3_2,Multi Layer,51.375,18.275,,,,0.6,0.3,"NetINA3_2|Pad INA3-2(47.675mm,15.85mm) on L1 TOP|Pad RDD8-2(54.3mm,15mm) on L1 TOP",
VIA,R209:NetINA3_2,NetINA3_2,Multi Layer,53.675,15.975,,,,0.6,0.3,"NetINA3_2|Pad INA3-2(47.675mm,15.85mm) on L1 TOP|Pad RDD8-2(54.3mm,15mm) on L1 TOP",
TRACK,R210:NetINA4_2,NetINA4_2,Top Layer,60.675,16.375,60.675,16.825,0.2,,,"NetINA4_2|Pad INA4-2(60.675mm,15.85mm) on L1 TOP|Pad RDD11-2(67.3mm,15mm) on L1 TOP",
TRACK,R210:NetINA4_2,NetINA4_2,Top Layer,60.675,16.825,62.125,18.275,0.2,,,"NetINA4_2|Pad INA4-2(60.675mm,15.85mm) on L1 TOP|Pad RDD11-2(67.3mm,15mm) on L1 TOP",
TRACK,R210:NetINA4_2,NetINA4_2,Top Layer,62.125,18.275,64.375,18.275,0.2,,,"NetINA4_2|Pad INA4-2(60.675mm,15.85mm) on L1 TOP|Pad RDD11-2(67.3mm,15mm) on L1 TOP",
TRACK,R210:NetINA4_2,NetINA4_2,Mid Layer 2,64.375,18.275,66.675,15.975,0.2,,,"NetINA4_2|Pad INA4-2(60.675mm,15.85mm) on L1 TOP|Pad RDD11-2(67.3mm,15mm) on L1 TOP",
TRACK,R210:NetINA4_2,NetINA4_2,Top Layer,66.675,15.975,67.175,15.475,0.2,,,"NetINA4_2|Pad INA4-2(60.675mm,15.85mm) on L1 TOP|Pad RDD11-2(67.3mm,15mm) on L1 TOP",
TRACK,R210:NetINA4_2,NetINA4_2,Top Layer,67.175,15.475,67.175,15.275,0.2,,,"NetINA4_2|Pad INA4-2(60.675mm,15.85mm) on L1 TOP|Pad RDD11-2(67.3mm,15mm) on L1 TOP",
VIA,R210:NetINA4_2,NetINA4_2,Multi Layer,64.375,18.275,,,,0.6,0.3,"NetINA4_2|Pad INA4-2(60.675mm,15.85mm) on L1 TOP|Pad RDD11-2(67.3mm,15mm) on L1 TOP",
VIA,R210:NetINA4_2,NetINA4_2,Multi Layer,66.675,15.975,,,,0.6,0.3,"NetINA4_2|Pad INA4-2(60.675mm,15.85mm) on L1 TOP|Pad RDD11-2(67.3mm,15mm) on L1 TOP",
TRACK,R211:INA_OUT_1,INA_OUT_1,Top Layer,17.725,30.775,17.75,30.775,0.15,,,"INA_OUT_1|Pad CL_1-2(17.05mm,30.5mm) on L1 TOP|Pad Rservo_1-2(19.775mm,24.2mm) on L1 TOP",
TRACK,R211:INA_OUT_1,INA_OUT_1,Top Layer,17.75,30.775,18.075,30.775,0.15,,,"INA_OUT_1|Pad CL_1-2(17.05mm,30.5mm) on L1 TOP|Pad Rservo_1-2(19.775mm,24.2mm) on L1 TOP",
TRACK,R211:INA_OUT_1,INA_OUT_1,Mid Layer 2,18.075,30.775,18.075,29.575,0.15,,,"INA_OUT_1|Pad CL_1-2(17.05mm,30.5mm) on L1 TOP|Pad Rservo_1-2(19.775mm,24.2mm) on L1 TOP",
TRACK,R211:INA_OUT_1,INA_OUT_1,Mid Layer 2,18.075,29.575,19.05,28.6,0.15,,,"INA_OUT_1|Pad CL_1-2(17.05mm,30.5mm) on L1 TOP|Pad Rservo_1-2(19.775mm,24.2mm) on L1 TOP",
TRACK,R211:INA_OUT_1,INA_OUT_1,Mid Layer 2,19.05,28.6,19.175,28.475,0.15,,,"INA_OUT_1|Pad CL_1-2(17.05mm,30.5mm) on L1 TOP|Pad Rservo_1-2(19.775mm,24.2mm) on L1 TOP",
TRACK,R211:INA_OUT_1,INA_OUT_1,Mid Layer 2,19.175,28.475,19.175,26.225,0.15,,,"INA_OUT_1|Pad CL_1-2(17.05mm,30.5mm) on L1 TOP|Pad Rservo_1-2(19.775mm,24.2mm) on L1 TOP",
TRACK,R211:INA_OUT_1,INA_OUT_1,Top Layer,19.175,26.225,19.175,24.875,0.15,,,"INA_OUT_1|Pad CL_1-2(17.05mm,30.5mm) on L1 TOP|Pad Rservo_1-2(19.775mm,24.2mm) on L1 TOP",
TRACK,R211:INA_OUT_1,INA_OUT_1,Top Layer,19.175,24.875,19.575,24.475,0.15,,,"INA_OUT_1|Pad CL_1-2(17.05mm,30.5mm) on L1 TOP|Pad Rservo_1-2(19.775mm,24.2mm) on L1 TOP",
VIA,R211:INA_OUT_1,INA_OUT_1,Multi Layer,18.075,30.775,,,,0.45,0.2,"INA_OUT_1|Pad CL_1-2(17.05mm,30.5mm) on L1 TOP|Pad Rservo_1-2(19.775mm,24.2mm) on L1 TOP",
VIA,R211:INA_OUT_1,INA_OUT_1,Multi Layer,19.175,26.225,,,,0.45,0.2,"INA_OUT_1|Pad CL_1-2(17.05mm,30.5mm) on L1 TOP|Pad Rservo_1-2(19.775mm,24.2mm) on L1 TOP",
TRACK,R212:Vservo_3,Vservo_3,Top Layer,48.325,20.025,48.325,19.825,0.2,,,"Vservo_3|Pad INA3-6(48.325mm,20.55mm) on L1 TOP|Pad Cservo_3-2(49.675mm,27.3mm) on L1 TOP [Unplated]",
TRACK,R212:Vservo_3,Vservo_3,Top Layer,48.325,19.825,48.775,19.375,0.2,,,"Vservo_3|Pad INA3-6(48.325mm,20.55mm) on L1 TOP|Pad Cservo_3-2(49.675mm,27.3mm) on L1 TOP [Unplated]",
TRACK,R212:Vservo_3,Vservo_3,Top Layer,48.775,19.375,49.225,19.375,0.2,,,"Vservo_3|Pad INA3-6(48.325mm,20.55mm) on L1 TOP|Pad Cservo_3-2(49.675mm,27.3mm) on L1 TOP [Unplated]",
TRACK,R212:Vservo_3,Vservo_3,Mid Layer 2,49.225,19.375,50.175,19.375,0.2,,,"Vservo_3|Pad INA3-6(48.325mm,20.55mm) on L1 TOP|Pad Cservo_3-2(49.675mm,27.3mm) on L1 TOP [Unplated]",
TRACK,R212:Vservo_3,Vservo_3,Mid Layer 2,50.175,19.375,51.675,20.875,0.2,,,"Vservo_3|Pad INA3-6(48.325mm,20.55mm) on L1 TOP|Pad Cservo_3-2(49.675mm,27.3mm) on L1 TOP [Unplated]",
TRACK,R212:Vservo_3,Vservo_3,Mid Layer 2,51.675,20.875,51.675,25.325,0.2,,,"Vservo_3|Pad INA3-6(48.325mm,20.55mm) on L1 TOP|Pad Cservo_3-2(49.675mm,27.3mm) on L1 TOP [Unplated]",
TRACK,R212:Vservo_3,Vservo_3,Mid Layer 2,51.675,25.325,51.275,25.725,0.2,,,"Vservo_3|Pad INA3-6(48.325mm,20.55mm) on L1 TOP|Pad Cservo_3-2(49.675mm,27.3mm) on L1 TOP [Unplated]",
TRACK,R212:Vservo_3,Vservo_3,Top Layer,51.275,25.725,50.175,26.825,0.2,,,"Vservo_3|Pad INA3-6(48.325mm,20.55mm) on L1 TOP|Pad Cservo_3-2(49.675mm,27.3mm) on L1 TOP [Unplated]",
VIA,R212:Vservo_3,Vservo_3,Multi Layer,49.225,19.375,,,,0.6,0.3,"Vservo_3|Pad INA3-6(48.325mm,20.55mm) on L1 TOP|Pad Cservo_3-2(49.675mm,27.3mm) on L1 TOP [Unplated]",
VIA,R212:Vservo_3,Vservo_3,Multi Layer,51.275,25.725,,,,0.6,0.3,"Vservo_3|Pad INA3-6(48.325mm,20.55mm) on L1 TOP|Pad Cservo_3-2(49.675mm,27.3mm) on L1 TOP [Unplated]",
TRACK,R213:INA_OUT_3,INA_OUT_3,Top Layer,46.575,22.075,46.175,22.075,0.2,,,"INA_OUT_3|Pad RH_3-1(46.921mm,21.75mm) on L1 TOP|Pad Rservo_3-2(47.225mm,28.8mm) on L1 TOP",
TRACK,R213:INA_OUT_3,INA_OUT_3,Top Layer,46.175,22.075,46.025,22.225,0.2,,,"INA_OUT_3|Pad RH_3-1(46.921mm,21.75mm) on L1 TOP|Pad Rservo_3-2(47.225mm,28.8mm) on L1 TOP",
TRACK,R213:INA_OUT_3,INA_OUT_3,Mid Layer 2,46.025,22.225,46.025,22.425,0.2,,,"INA_OUT_3|Pad RH_3-1(46.921mm,21.75mm) on L1 TOP|Pad Rservo_3-2(47.225mm,28.8mm) on L1 TOP",
TRACK,R213:INA_OUT_3,INA_OUT_3,Mid Layer 2,46.025,22.425,45.825,22.625,0.2,,,"INA_OUT_3|Pad RH_3-1(46.921mm,21.75mm) on L1 TOP|Pad Rservo_3-2(47.225mm,28.8mm) on L1 TOP",
TRACK,R213:INA_OUT_3,INA_OUT_3,Mid Layer 2,45.825,22.625,45.825,24.475,0.2,,,"INA_OUT_3|Pad RH_3-1(46.921mm,21.75mm) on L1 TOP|Pad Rservo_3-2(47.225mm,28.8mm) on L1 TOP",
TRACK,R213:INA_OUT_3,INA_OUT_3,Mid Layer 2,45.825,24.475,47.125,25.775,0.2,,,"INA_OUT_3|Pad RH_3-1(46.921mm,21.75mm) on L1 TOP|Pad Rservo_3-2(47.225mm,28.8mm) on L1 TOP",
TRACK,R213:INA_OUT_3,INA_OUT_3,Top Layer,47.125,25.775,47.675,26.325,0.2,,,"INA_OUT_3|Pad RH_3-1(46.921mm,21.75mm) on L1 TOP|Pad Rservo_3-2(47.225mm,28.8mm) on L1 TOP",
TRACK,R213:INA_OUT_3,INA_OUT_3,Top Layer,47.675,26.325,47.675,28.325,0.2,,,"INA_OUT_3|Pad RH_3-1(46.921mm,21.75mm) on L1 TOP|Pad Rservo_3-2(47.225mm,28.8mm) on L1 TOP",
TRACK,R213:INA_OUT_3,INA_OUT_3,Top Layer,47.675,28.325,47.425,28.575,0.2,,,"INA_OUT_3|Pad RH_3-1(46.921mm,21.75mm) on L1 TOP|Pad Rservo_3-2(47.225mm,28.8mm) on L1 TOP",
VIA,R213:INA_OUT_3,INA_OUT_3,Multi Layer,46.025,22.225,,,,0.6,0.3,"INA_OUT_3|Pad RH_3-1(46.921mm,21.75mm) on L1 TOP|Pad Rservo_3-2(47.225mm,28.8mm) on L1 TOP",
VIA,R213:INA_OUT_3,INA_OUT_3,Multi Layer,47.125,25.775,,,,0.6,0.3,"INA_OUT_3|Pad RH_3-1(46.921mm,21.75mm) on L1 TOP|Pad Rservo_3-2(47.225mm,28.8mm) on L1 TOP",
TRACK,R214:INA_OUT_4,INA_OUT_4,Top Layer,56.725,28.675,57.175,28.675,0.2,,,"INA_OUT_4|Pad CL_4-2(56.05mm,28.3mm) on L1 TOP|Pad RH_4-1(58.721mm,21.75mm) on L1 TOP",
TRACK,R214:INA_OUT_4,INA_OUT_4,Mid Layer 2,57.175,28.675,57.175,27.225,0.2,,,"INA_OUT_4|Pad CL_4-2(56.05mm,28.3mm) on L1 TOP|Pad RH_4-1(58.721mm,21.75mm) on L1 TOP",
TRACK,R214:INA_OUT_4,INA_OUT_4,Mid Layer 2,57.175,27.225,56.525,26.575,0.2,,,"INA_OUT_4|Pad CL_4-2(56.05mm,28.3mm) on L1 TOP|Pad RH_4-1(58.721mm,21.75mm) on L1 TOP",
TRACK,R214:INA_OUT_4,INA_OUT_4,Mid Layer 2,56.525,26.575,56.525,24.875,0.2,,,"INA_OUT_4|Pad CL_4-2(56.05mm,28.3mm) on L1 TOP|Pad RH_4-1(58.721mm,21.75mm) on L1 TOP",
TRACK,R214:INA_OUT_4,INA_OUT_4,Mid Layer 2,56.525,24.875,57.475,23.925,0.2,,,"INA_OUT_4|Pad CL_4-2(56.05mm,28.3mm) on L1 TOP|Pad RH_4-1(58.721mm,21.75mm) on L1 TOP",
TRACK,R214:INA_OUT_4,INA_OUT_4,Top Layer,57.475,23.925,58.275,23.125,0.2,,,"INA_OUT_4|Pad CL_4-2(56.05mm,28.3mm) on L1 TOP|Pad RH_4-1(58.721mm,21.75mm) on L1 TOP",
TRACK,R214:INA_OUT_4,INA_OUT_4,Top Layer,58.275,23.125,58.275,22.275,0.2,,,"INA_OUT_4|Pad CL_4-2(56.05mm,28.3mm) on L1 TOP|Pad RH_4-1(58.721mm,21.75mm) on L1 TOP",
TRACK,R214:INA_OUT_4,INA_OUT_4,Top Layer,58.275,22.275,58.475,22.075,0.2,,,"INA_OUT_4|Pad CL_4-2(56.05mm,28.3mm) on L1 TOP|Pad RH_4-1(58.721mm,21.75mm) on L1 TOP",
VIA,R214:INA_OUT_4,INA_OUT_4,Multi Layer,57.175,28.675,,,,0.6,0.3,"INA_OUT_4|Pad CL_4-2(56.05mm,28.3mm) on L1 TOP|Pad RH_4-1(58.721mm,21.75mm) on L1 TOP",
VIA,R214:INA_OUT_4,INA_OUT_4,Multi Layer,57.475,23.925,,,,0.6,0.3,"INA_OUT_4|Pad CL_4-2(56.05mm,28.3mm) on L1 TOP|Pad RH_4-1(58.721mm,21.75mm) on L1 TOP",
TRACK,R216:VREF_B_SRC,VREF_B_SRC,Bottom Layer,21.125,32.225,21.525,32.625,0.2,,,"VREF_B_SRC|Pad U_DRL1-3(20.6mm,31.95mm) on L4 BOTTOM GND|Pad Free-TP_VREF_B_SRC(27.75mm,30.25mm) on L1 TOP",
TRACK,R216:VREF_B_SRC,VREF_B_SRC,Top Layer,21.525,32.625,24.95,32.625,0.2,,,"VREF_B_SRC|Pad U_DRL1-3(20.6mm,31.95mm) on L4 BOTTOM GND|Pad Free-TP_VREF_B_SRC(27.75mm,30.25mm) on L1 TOP",
TRACK,R216:VREF_B_SRC,VREF_B_SRC,Top Layer,24.95,32.625,25.125,32.625,0.2,,,"VREF_B_SRC|Pad U_DRL1-3(20.6mm,31.95mm) on L4 BOTTOM GND|Pad Free-TP_VREF_B_SRC(27.75mm,30.25mm) on L1 TOP",
TRACK,R216:VREF_B_SRC,VREF_B_SRC,Top Layer,25.125,32.625,27.275,30.475,0.2,,,"VREF_B_SRC|Pad U_DRL1-3(20.6mm,31.95mm) on L4 BOTTOM GND|Pad Free-TP_VREF_B_SRC(27.75mm,30.25mm) on L1 TOP",
VIA,R216:VREF_B_SRC,VREF_B_SRC,Multi Layer,21.525,32.625,,,,0.6,0.3,"VREF_B_SRC|Pad U_DRL1-3(20.6mm,31.95mm) on L4 BOTTOM GND|Pad Free-TP_VREF_B_SRC(27.75mm,30.25mm) on L1 TOP",
TRACK,R217:INA_OUT_2,INA_OUT_2,Top Layer,34.075,22.075,34.075,22.575,0.15,,,"INA_OUT_2|Pad RH_2-1(33.921mm,21.75mm) on L1 TOP|Pad CL_2-2(34.05mm,29.5mm) on L1 TOP",
TRACK,R217:INA_OUT_2,INA_OUT_2,Top Layer,34.075,22.575,34.425,22.925,0.15,,,"INA_OUT_2|Pad RH_2-1(33.921mm,21.75mm) on L1 TOP|Pad CL_2-2(34.05mm,29.5mm) on L1 TOP",
TRACK,R217:INA_OUT_2,INA_OUT_2,Mid Layer 2,34.425,22.925,34.425,24.675,0.15,,,"INA_OUT_2|Pad RH_2-1(33.921mm,21.75mm) on L1 TOP|Pad CL_2-2(34.05mm,29.5mm) on L1 TOP",
TRACK,R217:INA_OUT_2,INA_OUT_2,Mid Layer 2,34.425,24.675,33.325,25.775,0.15,,,"INA_OUT_2|Pad RH_2-1(33.921mm,21.75mm) on L1 TOP|Pad CL_2-2(34.05mm,29.5mm) on L1 TOP",
TRACK,R217:INA_OUT_2,INA_OUT_2,Mid Layer 2,33.325,25.775,33.325,28.025,0.15,,,"INA_OUT_2|Pad RH_2-1(33.921mm,21.75mm) on L1 TOP|Pad CL_2-2(34.05mm,29.5mm) on L1 TOP",
TRACK,R217:INA_OUT_2,INA_OUT_2,Mid Layer 2,33.325,28.025,35.075,29.775,0.15,,,"INA_OUT_2|Pad RH_2-1(33.921mm,21.75mm) on L1 TOP|Pad CL_2-2(34.05mm,29.5mm) on L1 TOP",
TRACK,R217:INA_OUT_2,INA_OUT_2,Top Layer,35.075,29.775,34.725,29.775,0.15,,,"INA_OUT_2|Pad RH_2-1(33.921mm,21.75mm) on L1 TOP|Pad CL_2-2(34.05mm,29.5mm) on L1 TOP",
VIA,R217:INA_OUT_2,INA_OUT_2,Multi Layer,34.425,22.925,,,,0.45,0.2,"INA_OUT_2|Pad RH_2-1(33.921mm,21.75mm) on L1 TOP|Pad CL_2-2(34.05mm,29.5mm) on L1 TOP",
VIA,R217:INA_OUT_2,INA_OUT_2,Multi Layer,35.075,29.775,,,,0.45,0.2,"INA_OUT_2|Pad RH_2-1(33.921mm,21.75mm) on L1 TOP|Pad CL_2-2(34.05mm,29.5mm) on L1 TOP",
TRACK,R218:VREF_A,VREF_A,Top Layer,67.675,24.225,67.825,24.225,0.2,,,"VREF_A|Pad U3-10(66.85mm,24.15mm) on L1 TOP|Pad RL_5-2(75.9mm,22.3mm) on L1 TOP",
TRACK,R218:VREF_A,VREF_A,Top Layer,67.825,24.225,68.175,24.575,0.2,,,"VREF_A|Pad U3-10(66.85mm,24.15mm) on L1 TOP|Pad RL_5-2(75.9mm,22.3mm) on L1 TOP",
TRACK,R218:VREF_A,VREF_A,Top Layer,68.175,24.575,69.725,24.575,0.2,,,"VREF_A|Pad U3-10(66.85mm,24.15mm) on L1 TOP|Pad RL_5-2(75.9mm,22.3mm) on L1 TOP",
TRACK,R218:VREF_A,VREF_A,Mid Layer 2,69.725,24.575,73.275,24.575,0.2,,,"VREF_A|Pad U3-10(66.85mm,24.15mm) on L1 TOP|Pad RL_5-2(75.9mm,22.3mm) on L1 TOP",
TRACK,R218:VREF_A,VREF_A,Top Layer,73.275,24.575,74.425,23.425,0.2,,,"VREF_A|Pad U3-10(66.85mm,24.15mm) on L1 TOP|Pad RL_5-2(75.9mm,22.3mm) on L1 TOP",
TRACK,R218:VREF_A,VREF_A,Top Layer,74.425,23.425,74.975,23.425,0.2,,,"VREF_A|Pad U3-10(66.85mm,24.15mm) on L1 TOP|Pad RL_5-2(75.9mm,22.3mm) on L1 TOP",
TRACK,R218:VREF_A,VREF_A,Top Layer,74.975,23.425,75.825,22.575,0.2,,,"VREF_A|Pad U3-10(66.85mm,24.15mm) on L1 TOP|Pad RL_5-2(75.9mm,22.3mm) on L1 TOP",
VIA,R218:VREF_A,VREF_A,Multi Layer,69.725,24.575,,,,0.6,0.3,"VREF_A|Pad U3-10(66.85mm,24.15mm) on L1 TOP|Pad RL_5-2(75.9mm,22.3mm) on L1 TOP",
VIA,R218:VREF_A,VREF_A,Multi Layer,73.275,24.575,,,,0.6,0.3,"VREF_A|Pad U3-10(66.85mm,24.15mm) on L1 TOP|Pad RL_5-2(75.9mm,22.3mm) on L1 TOP",
TRACK,R225:VREF_B_SRC,VREF_B_SRC,Top Layer,16.775,21.675,16.775,24.275,0.2,,,"VREF_B_SRC|Pad R_ref-2(17mm,21.4mm) on L1 TOP|Pad U_DRL1-3(20.6mm,31.95mm) on L4 BOTTOM GND",
TRACK,R225:VREF_B_SRC,VREF_B_SRC,Top Layer,16.775,24.275,16.225,24.825,0.2,,,"VREF_B_SRC|Pad R_ref-2(17mm,21.4mm) on L1 TOP|Pad U_DRL1-3(20.6mm,31.95mm) on L4 BOTTOM GND",
TRACK,R225:VREF_B_SRC,VREF_B_SRC,Top Layer,16.225,24.825,16.225,28.475,0.2,,,"VREF_B_SRC|Pad R_ref-2(17mm,21.4mm) on L1 TOP|Pad U_DRL1-3(20.6mm,31.95mm) on L4 BOTTOM GND",
TRACK,R225:VREF_B_SRC,VREF_B_SRC,Mid Layer 2,16.225,28.475,17.375,29.625,0.2,,,"VREF_B_SRC|Pad R_ref-2(17mm,21.4mm) on L1 TOP|Pad U_DRL1-3(20.6mm,31.95mm) on L4 BOTTOM GND",
TRACK,R225:VREF_B_SRC,VREF_B_SRC,Mid Layer 2,17.375,29.625,17.375,31.175,0.2,,,"VREF_B_SRC|Pad R_ref-2(17mm,21.4mm) on L1 TOP|Pad U_DRL1-3(20.6mm,31.95mm) on L4 BOTTOM GND",
TRACK,R225:VREF_B_SRC,VREF_B_SRC,Mid Layer 2,17.375,31.175,17.75,31.55,0.2,,,"VREF_B_SRC|Pad R_ref-2(17mm,21.4mm) on L1 TOP|Pad U_DRL1-3(20.6mm,31.95mm) on L4 BOTTOM GND",
TRACK,R225:VREF_B_SRC,VREF_B_SRC,Mid Layer 2,17.75,31.55,18.0,31.8,0.2,,,"VREF_B_SRC|Pad R_ref-2(17mm,21.4mm) on L1 TOP|Pad U_DRL1-3(20.6mm,31.95mm) on L4 BOTTOM GND",
TRACK,R225:VREF_B_SRC,VREF_B_SRC,Mid Layer 2,18.0,31.8,18.025,31.825,0.2,,,"VREF_B_SRC|Pad R_ref-2(17mm,21.4mm) on L1 TOP|Pad U_DRL1-3(20.6mm,31.95mm) on L4 BOTTOM GND",
TRACK,R225:VREF_B_SRC,VREF_B_SRC,Bottom Layer,18.025,31.825,19.05,31.825,0.2,,,"VREF_B_SRC|Pad R_ref-2(17mm,21.4mm) on L1 TOP|Pad U_DRL1-3(20.6mm,31.95mm) on L4 BOTTOM GND",
TRACK,R225:VREF_B_SRC,VREF_B_SRC,Bottom Layer,19.05,31.825,19.275,31.825,0.2,,,"VREF_B_SRC|Pad R_ref-2(17mm,21.4mm) on L1 TOP|Pad U_DRL1-3(20.6mm,31.95mm) on L4 BOTTOM GND",
TRACK,R225:VREF_B_SRC,VREF_B_SRC,Bottom Layer,19.275,31.825,19.3,31.8,0.2,,,"VREF_B_SRC|Pad R_ref-2(17mm,21.4mm) on L1 TOP|Pad U_DRL1-3(20.6mm,31.95mm) on L4 BOTTOM GND",
TRACK,R225:VREF_B_SRC,VREF_B_SRC,Bottom Layer,19.3,31.8,19.325,31.775,0.2,,,"VREF_B_SRC|Pad R_ref-2(17mm,21.4mm) on L1 TOP|Pad U_DRL1-3(20.6mm,31.95mm) on L4 BOTTOM GND",
TRACK,R225:VREF_B_SRC,VREF_B_SRC,Bottom Layer,19.325,31.775,20.075,31.775,0.2,,,"VREF_B_SRC|Pad R_ref-2(17mm,21.4mm) on L1 TOP|Pad U_DRL1-3(20.6mm,31.95mm) on L4 BOTTOM GND",
VIA,R225:VREF_B_SRC,VREF_B_SRC,Multi Layer,16.225,28.475,,,,0.6,0.3,"VREF_B_SRC|Pad R_ref-2(17mm,21.4mm) on L1 TOP|Pad U_DRL1-3(20.6mm,31.95mm) on L4 BOTTOM GND",
VIA,R225:VREF_B_SRC,VREF_B_SRC,Multi Layer,18.025,31.825,,,,0.6,0.3,"VREF_B_SRC|Pad R_ref-2(17mm,21.4mm) on L1 TOP|Pad U_DRL1-3(20.6mm,31.95mm) on L4 BOTTOM GND",
TRACK,R226:VREF_A,VREF_A,Top Layer,50.125,22.025,50.125,21.725,0.15,,,"VREF_A|Pad RL_3-2(49.9mm,22.3mm) on L1 TOP|Pad U3-5(61.15mm,24.15mm) on L1 TOP",
TRACK,R226:VREF_A,VREF_A,Top Layer,50.125,21.725,50.175,21.675,0.15,,,"VREF_A|Pad RL_3-2(49.9mm,22.3mm) on L1 TOP|Pad U3-5(61.15mm,24.15mm) on L1 TOP",
TRACK,R226:VREF_A,VREF_A,Mid Layer 2,50.175,21.675,47.975,21.675,0.15,,,"VREF_A|Pad RL_3-2(49.9mm,22.3mm) on L1 TOP|Pad U3-5(61.15mm,24.15mm) on L1 TOP",
TRACK,R226:VREF_A,VREF_A,Mid Layer 2,47.975,21.675,47.225,22.425,0.15,,,"VREF_A|Pad RL_3-2(49.9mm,22.3mm) on L1 TOP|Pad U3-5(61.15mm,24.15mm) on L1 TOP",
TRACK,R226:VREF_A,VREF_A,Mid Layer 2,47.225,22.425,47.225,23.175,0.15,,,"VREF_A|Pad RL_3-2(49.9mm,22.3mm) on L1 TOP|Pad U3-5(61.15mm,24.15mm) on L1 TOP",
TRACK,R226:VREF_A,VREF_A,Mid Layer 2,47.225,23.175,50.625,26.575,0.15,,,"VREF_A|Pad RL_3-2(49.9mm,22.3mm) on L1 TOP|Pad U3-5(61.15mm,24.15mm) on L1 TOP",
TRACK,R226:VREF_A,VREF_A,Mid Layer 2,50.625,26.575,51.425,26.575,0.15,,,"VREF_A|Pad RL_3-2(49.9mm,22.3mm) on L1 TOP|Pad U3-5(61.15mm,24.15mm) on L1 TOP",
TRACK,R226:VREF_A,VREF_A,Top Layer,51.425,26.575,51.825,26.575,0.15,,,"VREF_A|Pad RL_3-2(49.9mm,22.3mm) on L1 TOP|Pad U3-5(61.15mm,24.15mm) on L1 TOP",
TRACK,R226:VREF_A,VREF_A,Top Layer,51.825,26.575,55.375,23.025,0.15,,,"VREF_A|Pad RL_3-2(49.9mm,22.3mm) on L1 TOP|Pad U3-5(61.15mm,24.15mm) on L1 TOP",
TRACK,R226:VREF_A,VREF_A,Top Layer,55.375,23.025,55.375,22.525,0.15,,,"VREF_A|Pad RL_3-2(49.9mm,22.3mm) on L1 TOP|Pad U3-5(61.15mm,24.15mm) on L1 TOP",
TRACK,R226:VREF_A,VREF_A,Top Layer,55.375,22.525,55.575,22.325,0.15,,,"VREF_A|Pad RL_3-2(49.9mm,22.3mm) on L1 TOP|Pad U3-5(61.15mm,24.15mm) on L1 TOP",
TRACK,R226:VREF_A,VREF_A,Top Layer,55.575,22.325,57.025,22.325,0.15,,,"VREF_A|Pad RL_3-2(49.9mm,22.3mm) on L1 TOP|Pad U3-5(61.15mm,24.15mm) on L1 TOP",
TRACK,R226:VREF_A,VREF_A,Top Layer,57.025,22.325,57.575,22.875,0.15,,,"VREF_A|Pad RL_3-2(49.9mm,22.3mm) on L1 TOP|Pad U3-5(61.15mm,24.15mm) on L1 TOP",
TRACK,R226:VREF_A,VREF_A,Mid Layer 2,57.575,22.875,58.775,24.075,0.15,,,"VREF_A|Pad RL_3-2(49.9mm,22.3mm) on L1 TOP|Pad U3-5(61.15mm,24.15mm) on L1 TOP",
TRACK,R226:VREF_A,VREF_A,Mid Layer 2,58.775,24.075,62.325,24.075,0.15,,,"VREF_A|Pad RL_3-2(49.9mm,22.3mm) on L1 TOP|Pad U3-5(61.15mm,24.15mm) on L1 TOP",
TRACK,R226:VREF_A,VREF_A,Top Layer,62.325,24.075,61.925,24.075,0.15,,,"VREF_A|Pad RL_3-2(49.9mm,22.3mm) on L1 TOP|Pad U3-5(61.15mm,24.15mm) on L1 TOP",
VIA,R226:VREF_A,VREF_A,Multi Layer,50.175,21.675,,,,0.45,0.2,"VREF_A|Pad RL_3-2(49.9mm,22.3mm) on L1 TOP|Pad U3-5(61.15mm,24.15mm) on L1 TOP",
VIA,R226:VREF_A,VREF_A,Multi Layer,51.425,26.575,,,,0.45,0.2,"VREF_A|Pad RL_3-2(49.9mm,22.3mm) on L1 TOP|Pad U3-5(61.15mm,24.15mm) on L1 TOP",
VIA,R226:VREF_A,VREF_A,Multi Layer,57.575,22.875,,,,0.45,0.2,"VREF_A|Pad RL_3-2(49.9mm,22.3mm) on L1 TOP|Pad U3-5(61.15mm,24.15mm) on L1 TOP",
VIA,R226:VREF_A,VREF_A,Multi Layer,62.325,24.075,,,,0.45,0.2,"VREF_A|Pad RL_3-2(49.9mm,22.3mm) on L1 TOP|Pad U3-5(61.15mm,24.15mm) on L1 TOP",
TRACK,R230:Vc_1,Vc_1,Bottom Layer,14.075,26.675,14.375,26.375,0.2,,,"Vc_1|Pad R_DRL_VC1-1(13.775mm,27.1mm) on L4 BOTTOM GND|Via (19.3mm,11.2mm) from L1 TOP to L4 BOTTOM GND",
TRACK,R230:Vc_1,Vc_1,Bottom Layer,14.375,26.375,14.375,26.325,0.2,,,"Vc_1|Pad R_DRL_VC1-1(13.775mm,27.1mm) on L4 BOTTOM GND|Via (19.3mm,11.2mm) from L1 TOP to L4 BOTTOM GND",
TRACK,R230:Vc_1,Vc_1,Mid Layer 2,14.375,26.325,14.375,23.125,0.2,,,"Vc_1|Pad R_DRL_VC1-1(13.775mm,27.1mm) on L4 BOTTOM GND|Via (19.3mm,11.2mm) from L1 TOP to L4 BOTTOM GND",
TRACK,R230:Vc_1,Vc_1,Mid Layer 2,14.375,23.125,18.475,19.025,0.2,,,"Vc_1|Pad R_DRL_VC1-1(13.775mm,27.1mm) on L4 BOTTOM GND|Via (19.3mm,11.2mm) from L1 TOP to L4 BOTTOM GND",
TRACK,R230:Vc_1,Vc_1,Mid Layer 2,18.475,19.025,18.475,12.175,0.2,,,"Vc_1|Pad R_DRL_VC1-1(13.775mm,27.1mm) on L4 BOTTOM GND|Via (19.3mm,11.2mm) from L1 TOP to L4 BOTTOM GND",
TRACK,R230:Vc_1,Vc_1,Mid Layer 2,18.475,12.175,19.175,11.475,0.2,,,"Vc_1|Pad R_DRL_VC1-1(13.775mm,27.1mm) on L4 BOTTOM GND|Via (19.3mm,11.2mm) from L1 TOP to L4 BOTTOM GND",
VIA,R230:Vc_1,Vc_1,Multi Layer,14.375,26.325,,,,0.6,0.3,"Vc_1|Pad R_DRL_VC1-1(13.775mm,27.1mm) on L4 BOTTOM GND|Via (19.3mm,11.2mm) from L1 TOP to L4 BOTTOM GND",
TRACK,R232:NetJ_FPC1_8,NetJ_FPC1_8,Top Layer,24.875,10.925,28.225,14.275,0.2,,,"NetJ_FPC1_8|Via (24.6mm,10.85mm) from L1 TOP to L4 BOTTOM GND|Pad R_VREF1-2(30.2mm,30.712mm) on L1 TOP",
TRACK,R232:NetJ_FPC1_8,NetJ_FPC1_8,Top Layer,28.225,14.275,28.725,14.275,0.2,,,"NetJ_FPC1_8|Via (24.6mm,10.85mm) from L1 TOP to L4 BOTTOM GND|Pad R_VREF1-2(30.2mm,30.712mm) on L1 TOP",
TRACK,R232:NetJ_FPC1_8,NetJ_FPC1_8,Top Layer,28.725,14.275,28.975,14.525,0.2,,,"NetJ_FPC1_8|Via (24.6mm,10.85mm) from L1 TOP to L4 BOTTOM GND|Pad R_VREF1-2(30.2mm,30.712mm) on L1 TOP",
TRACK,R232:NetJ_FPC1_8,NetJ_FPC1_8,Top Layer,28.975,14.525,28.975,20.375,0.2,,,"NetJ_FPC1_8|Via (24.6mm,10.85mm) from L1 TOP to L4 BOTTOM GND|Pad R_VREF1-2(30.2mm,30.712mm) on L1 TOP",
TRACK,R232:NetJ_FPC1_8,NetJ_FPC1_8,Top Layer,28.975,20.375,24.925,24.425,0.2,,,"NetJ_FPC1_8|Via (24.6mm,10.85mm) from L1 TOP to L4 BOTTOM GND|Pad R_VREF1-2(30.2mm,30.712mm) on L1 TOP",
TRACK,R232:NetJ_FPC1_8,NetJ_FPC1_8,Top Layer,24.925,24.425,24.925,27.875,0.2,,,"NetJ_FPC1_8|Via (24.6mm,10.85mm) from L1 TOP to L4 BOTTOM GND|Pad R_VREF1-2(30.2mm,30.712mm) on L1 TOP",
TRACK,R232:NetJ_FPC1_8,NetJ_FPC1_8,Top Layer,24.925,27.875,26.725,29.675,0.2,,,"NetJ_FPC1_8|Via (24.6mm,10.85mm) from L1 TOP to L4 BOTTOM GND|Pad R_VREF1-2(30.2mm,30.712mm) on L1 TOP",
TRACK,R232:NetJ_FPC1_8,NetJ_FPC1_8,Mid Layer 2,26.725,29.675,27.925,30.875,0.2,,,"NetJ_FPC1_8|Via (24.6mm,10.85mm) from L1 TOP to L4 BOTTOM GND|Pad R_VREF1-2(30.2mm,30.712mm) on L1 TOP",
TRACK,R232:NetJ_FPC1_8,NetJ_FPC1_8,Mid Layer 2,27.925,30.875,28.675,30.875,0.2,,,"NetJ_FPC1_8|Via (24.6mm,10.85mm) from L1 TOP to L4 BOTTOM GND|Pad R_VREF1-2(30.2mm,30.712mm) on L1 TOP",
TRACK,R232:NetJ_FPC1_8,NetJ_FPC1_8,Top Layer,28.675,30.875,29.975,30.875,0.2,,,"NetJ_FPC1_8|Via (24.6mm,10.85mm) from L1 TOP to L4 BOTTOM GND|Pad R_VREF1-2(30.2mm,30.712mm) on L1 TOP",
VIA,R232:NetJ_FPC1_8,NetJ_FPC1_8,Multi Layer,26.725,29.675,,,,0.6,0.3,"NetJ_FPC1_8|Via (24.6mm,10.85mm) from L1 TOP to L4 BOTTOM GND|Pad R_VREF1-2(30.2mm,30.712mm) on L1 TOP",
VIA,R232:NetJ_FPC1_8,NetJ_FPC1_8,Multi Layer,28.675,30.875,,,,0.6,0.3,"NetJ_FPC1_8|Via (24.6mm,10.85mm) from L1 TOP to L4 BOTTOM GND|Pad R_VREF1-2(30.2mm,30.712mm) on L1 TOP",
TRACK,R235:Vc_2,Vc_2,Bottom Layer,16.825,26.675,16.825,26.475,0.2,,,"Vc_2|Pad R_DRL_VC2-1(17.125mm,27.1mm) on L4 BOTTOM GND|Via (32.3mm,11.2mm) from L1 TOP to L4 BOTTOM GND",
TRACK,R235:Vc_2,Vc_2,Bottom Layer,16.825,26.475,15.975,25.625,0.2,,,"Vc_2|Pad R_DRL_VC2-1(17.125mm,27.1mm) on L4 BOTTOM GND|Via (32.3mm,11.2mm) from L1 TOP to L4 BOTTOM GND",
TRACK,R235:Vc_2,Vc_2,Bottom Layer,15.975,25.625,15.975,22.625,0.2,,,"Vc_2|Pad R_DRL_VC2-1(17.125mm,27.1mm) on L4 BOTTOM GND|Via (32.3mm,11.2mm) from L1 TOP to L4 BOTTOM GND",
TRACK,R235:Vc_2,Vc_2,Mid Layer 2,15.975,22.625,21.975,16.625,0.2,,,"Vc_2|Pad R_DRL_VC2-1(17.125mm,27.1mm) on L4 BOTTOM GND|Via (32.3mm,11.2mm) from L1 TOP to L4 BOTTOM GND",
TRACK,R235:Vc_2,Vc_2,Mid Layer 2,21.975,16.625,25.925,16.625,0.2,,,"Vc_2|Pad R_DRL_VC2-1(17.125mm,27.1mm) on L4 BOTTOM GND|Via (32.3mm,11.2mm) from L1 TOP to L4 BOTTOM GND",
TRACK,R235:Vc_2,Vc_2,Mid Layer 2,25.925,16.625,30.875,11.675,0.2,,,"Vc_2|Pad R_DRL_VC2-1(17.125mm,27.1mm) on L4 BOTTOM GND|Via (32.3mm,11.2mm) from L1 TOP to L4 BOTTOM GND",
TRACK,R235:Vc_2,Vc_2,Mid Layer 2,30.875,11.675,31.725,11.675,0.2,,,"Vc_2|Pad R_DRL_VC2-1(17.125mm,27.1mm) on L4 BOTTOM GND|Via (32.3mm,11.2mm) from L1 TOP to L4 BOTTOM GND",
TRACK,R235:Vc_2,Vc_2,Mid Layer 2,31.725,11.675,32.025,11.375,0.2,,,"Vc_2|Pad R_DRL_VC2-1(17.125mm,27.1mm) on L4 BOTTOM GND|Via (32.3mm,11.2mm) from L1 TOP to L4 BOTTOM GND",
VIA,R235:Vc_2,Vc_2,Multi Layer,15.975,22.625,,,,0.6,0.3,"Vc_2|Pad R_DRL_VC2-1(17.125mm,27.1mm) on L4 BOTTOM GND|Via (32.3mm,11.2mm) from L1 TOP to L4 BOTTOM GND",
TRACK,R236:VOUT_2,VOUT_2,Top Layer,39.975,28.025,43.275,28.025,0.2,,,"VOUT_2|Pad U2-1(39.15mm,27.95mm) on L1 TOP|Pad Free-TP_VOUT_2(61.25mm,29.25mm) on L1 TOP",
TRACK,R236:VOUT_2,VOUT_2,Top Layer,43.275,28.025,45.325,30.075,0.2,,,"VOUT_2|Pad U2-1(39.15mm,27.95mm) on L1 TOP|Pad Free-TP_VOUT_2(61.25mm,29.25mm) on L1 TOP",
TRACK,R236:VOUT_2,VOUT_2,Top Layer,45.325,30.075,57.575,30.075,0.2,,,"VOUT_2|Pad U2-1(39.15mm,27.95mm) on L1 TOP|Pad Free-TP_VOUT_2(61.25mm,29.25mm) on L1 TOP",
TRACK,R236:VOUT_2,VOUT_2,Top Layer,57.575,30.075,57.775,29.875,0.2,,,"VOUT_2|Pad U2-1(39.15mm,27.95mm) on L1 TOP|Pad Free-TP_VOUT_2(61.25mm,29.25mm) on L1 TOP",
TRACK,R236:VOUT_2,VOUT_2,Mid Layer 2,57.775,29.875,59.075,28.575,0.2,,,"VOUT_2|Pad U2-1(39.15mm,27.95mm) on L1 TOP|Pad Free-TP_VOUT_2(61.25mm,29.25mm) on L1 TOP",
TRACK,R236:VOUT_2,VOUT_2,Mid Layer 2,59.075,28.575,59.725,28.575,0.2,,,"VOUT_2|Pad U2-1(39.15mm,27.95mm) on L1 TOP|Pad Free-TP_VOUT_2(61.25mm,29.25mm) on L1 TOP",
TRACK,R236:VOUT_2,VOUT_2,Mid Layer 2,59.725,28.575,59.775,28.525,0.2,,,"VOUT_2|Pad U2-1(39.15mm,27.95mm) on L1 TOP|Pad Free-TP_VOUT_2(61.25mm,29.25mm) on L1 TOP",
TRACK,R236:VOUT_2,VOUT_2,Mid Layer 2,59.775,28.525,60.625,28.525,0.2,,,"VOUT_2|Pad U2-1(39.15mm,27.95mm) on L1 TOP|Pad Free-TP_VOUT_2(61.25mm,29.25mm) on L1 TOP",
TRACK,R236:VOUT_2,VOUT_2,Top Layer,60.625,28.525,60.975,28.875,0.2,,,"VOUT_2|Pad U2-1(39.15mm,27.95mm) on L1 TOP|Pad Free-TP_VOUT_2(61.25mm,29.25mm) on L1 TOP",
VIA,R236:VOUT_2,VOUT_2,Multi Layer,57.775,29.875,,,,0.6,0.3,"VOUT_2|Pad U2-1(39.15mm,27.95mm) on L1 TOP|Pad Free-TP_VOUT_2(61.25mm,29.25mm) on L1 TOP",
VIA,R236:VOUT_2,VOUT_2,Multi Layer,60.625,28.525,,,,0.6,0.3,"VOUT_2|Pad U2-1(39.15mm,27.95mm) on L1 TOP|Pad Free-TP_VOUT_2(61.25mm,29.25mm) on L1 TOP",
TRACK,R237:NetJ_FPC3_8,NetJ_FPC3_8,Top Layer,34.025,32.125,35.525,32.125,0.2,,,"NetJ_FPC3_8|Pad R_VREF3-2(33.8mm,31.912mm) on L1 TOP|Via (50.6mm,10.85mm) from L1 TOP to L4 BOTTOM GND",
TRACK,R237:NetJ_FPC3_8,NetJ_FPC3_8,Top Layer,35.525,32.125,35.625,32.225,0.2,,,"NetJ_FPC3_8|Pad R_VREF3-2(33.8mm,31.912mm) on L1 TOP|Via (50.6mm,10.85mm) from L1 TOP to L4 BOTTOM GND",
TRACK,R237:NetJ_FPC3_8,NetJ_FPC3_8,Top Layer,35.625,32.225,37.025,32.225,0.2,,,"NetJ_FPC3_8|Pad R_VREF3-2(33.8mm,31.912mm) on L1 TOP|Via (50.6mm,10.85mm) from L1 TOP to L4 BOTTOM GND",
TRACK,R237:NetJ_FPC3_8,NetJ_FPC3_8,Top Layer,37.025,32.225,40.475,28.775,0.2,,,"NetJ_FPC3_8|Pad R_VREF3-2(33.8mm,31.912mm) on L1 TOP|Via (50.6mm,10.85mm) from L1 TOP to L4 BOTTOM GND",
TRACK,R237:NetJ_FPC3_8,NetJ_FPC3_8,Mid Layer 2,40.475,28.775,40.475,26.625,0.2,,,"NetJ_FPC3_8|Pad R_VREF3-2(33.8mm,31.912mm) on L1 TOP|Via (50.6mm,10.85mm) from L1 TOP to L4 BOTTOM GND",
TRACK,R237:NetJ_FPC3_8,NetJ_FPC3_8,Mid Layer 2,40.475,26.625,41.125,25.975,0.2,,,"NetJ_FPC3_8|Pad R_VREF3-2(33.8mm,31.912mm) on L1 TOP|Via (50.6mm,10.85mm) from L1 TOP to L4 BOTTOM GND",
TRACK,R237:NetJ_FPC3_8,NetJ_FPC3_8,Top Layer,41.125,25.975,42.925,24.175,0.2,,,"NetJ_FPC3_8|Pad R_VREF3-2(33.8mm,31.912mm) on L1 TOP|Via (50.6mm,10.85mm) from L1 TOP to L4 BOTTOM GND",
TRACK,R237:NetJ_FPC3_8,NetJ_FPC3_8,Top Layer,42.925,24.175,42.925,21.075,0.2,,,"NetJ_FPC3_8|Pad R_VREF3-2(33.8mm,31.912mm) on L1 TOP|Via (50.6mm,10.85mm) from L1 TOP to L4 BOTTOM GND",
TRACK,R237:NetJ_FPC3_8,NetJ_FPC3_8,Top Layer,42.925,21.075,46.925,17.075,0.2,,,"NetJ_FPC3_8|Pad R_VREF3-2(33.8mm,31.912mm) on L1 TOP|Via (50.6mm,10.85mm) from L1 TOP to L4 BOTTOM GND",
TRACK,R237:NetJ_FPC3_8,NetJ_FPC3_8,Mid Layer 2,46.925,17.075,49.625,14.375,0.2,,,"NetJ_FPC3_8|Pad R_VREF3-2(33.8mm,31.912mm) on L1 TOP|Via (50.6mm,10.85mm) from L1 TOP to L4 BOTTOM GND",
TRACK,R237:NetJ_FPC3_8,NetJ_FPC3_8,Mid Layer 2,49.625,14.375,49.625,13.975,0.2,,,"NetJ_FPC3_8|Pad R_VREF3-2(33.8mm,31.912mm) on L1 TOP|Via (50.6mm,10.85mm) from L1 TOP to L4 BOTTOM GND",
TRACK,R237:NetJ_FPC3_8,NetJ_FPC3_8,Mid Layer 2,49.625,13.975,50.625,12.975,0.2,,,"NetJ_FPC3_8|Pad R_VREF3-2(33.8mm,31.912mm) on L1 TOP|Via (50.6mm,10.85mm) from L1 TOP to L4 BOTTOM GND",
TRACK,R237:NetJ_FPC3_8,NetJ_FPC3_8,Mid Layer 2,50.625,12.975,50.975,12.975,0.2,,,"NetJ_FPC3_8|Pad R_VREF3-2(33.8mm,31.912mm) on L1 TOP|Via (50.6mm,10.85mm) from L1 TOP to L4 BOTTOM GND",
TRACK,R237:NetJ_FPC3_8,NetJ_FPC3_8,Mid Layer 2,50.975,12.975,51.375,12.575,0.2,,,"NetJ_FPC3_8|Pad R_VREF3-2(33.8mm,31.912mm) on L1 TOP|Via (50.6mm,10.85mm) from L1 TOP to L4 BOTTOM GND",
TRACK,R237:NetJ_FPC3_8,NetJ_FPC3_8,Mid Layer 2,51.375,12.575,51.375,11.775,0.2,,,"NetJ_FPC3_8|Pad R_VREF3-2(33.8mm,31.912mm) on L1 TOP|Via (50.6mm,10.85mm) from L1 TOP to L4 BOTTOM GND",
TRACK,R237:NetJ_FPC3_8,NetJ_FPC3_8,Mid Layer 2,51.375,11.775,50.725,11.125,0.2,,,"NetJ_FPC3_8|Pad R_VREF3-2(33.8mm,31.912mm) on L1 TOP|Via (50.6mm,10.85mm) from L1 TOP to L4 BOTTOM GND",
VIA,R237:NetJ_FPC3_8,NetJ_FPC3_8,Multi Layer,40.475,28.775,,,,0.6,0.3,"NetJ_FPC3_8|Pad R_VREF3-2(33.8mm,31.912mm) on L1 TOP|Via (50.6mm,10.85mm) from L1 TOP to L4 BOTTOM GND",
VIA,R237:NetJ_FPC3_8,NetJ_FPC3_8,Multi Layer,41.125,25.975,,,,0.6,0.3,"NetJ_FPC3_8|Pad R_VREF3-2(33.8mm,31.912mm) on L1 TOP|Via (50.6mm,10.85mm) from L1 TOP to L4 BOTTOM GND",
VIA,R237:NetJ_FPC3_8,NetJ_FPC3_8,Multi Layer,46.925,17.075,,,,0.6,0.3,"NetJ_FPC3_8|Pad R_VREF3-2(33.8mm,31.912mm) on L1 TOP|Via (50.6mm,10.85mm) from L1 TOP to L4 BOTTOM GND",
TRACK,R239:Vc_3,Vc_3,Bottom Layer,20.775,27.525,20.875,27.525,0.2,,,"Vc_3|Pad R_DRL_VC3-1(20.475mm,27.1mm) on L4 BOTTOM GND|Via (45.3mm,11.2mm) from L1 TOP to L4 BOTTOM GND",
TRACK,R239:Vc_3,Vc_3,Bottom Layer,20.875,27.525,21.575,28.225,0.2,,,"Vc_3|Pad R_DRL_VC3-1(20.475mm,27.1mm) on L4 BOTTOM GND|Via (45.3mm,11.2mm) from L1 TOP to L4 BOTTOM GND",
TRACK,R239:Vc_3,Vc_3,Bottom Layer,21.575,28.225,23.975,28.225,0.2,,,"Vc_3|Pad R_DRL_VC3-1(20.475mm,27.1mm) on L4 BOTTOM GND|Via (45.3mm,11.2mm) from L1 TOP to L4 BOTTOM GND",
TRACK,R239:Vc_3,Vc_3,Mid Layer 2,23.975,28.225,35.575,16.625,0.2,,,"Vc_3|Pad R_DRL_VC3-1(20.475mm,27.1mm) on L4 BOTTOM GND|Via (45.3mm,11.2mm) from L1 TOP to L4 BOTTOM GND",
TRACK,R239:Vc_3,Vc_3,Mid Layer 2,35.575,16.625,38.925,16.625,0.2,,,"Vc_3|Pad R_DRL_VC3-1(20.475mm,27.1mm) on L4 BOTTOM GND|Via (45.3mm,11.2mm) from L1 TOP to L4 BOTTOM GND",
TRACK,R239:Vc_3,Vc_3,Mid Layer 2,38.925,16.625,43.875,11.675,0.2,,,"Vc_3|Pad R_DRL_VC3-1(20.475mm,27.1mm) on L4 BOTTOM GND|Via (45.3mm,11.2mm) from L1 TOP to L4 BOTTOM GND",
TRACK,R239:Vc_3,Vc_3,Mid Layer 2,43.875,11.675,44.725,11.675,0.2,,,"Vc_3|Pad R_DRL_VC3-1(20.475mm,27.1mm) on L4 BOTTOM GND|Via (45.3mm,11.2mm) from L1 TOP to L4 BOTTOM GND",
TRACK,R239:Vc_3,Vc_3,Mid Layer 2,44.725,11.675,45.025,11.375,0.2,,,"Vc_3|Pad R_DRL_VC3-1(20.475mm,27.1mm) on L4 BOTTOM GND|Via (45.3mm,11.2mm) from L1 TOP to L4 BOTTOM GND",
VIA,R239:Vc_3,Vc_3,Multi Layer,23.975,28.225,,,,0.6,0.3,"Vc_3|Pad R_DRL_VC3-1(20.475mm,27.1mm) on L4 BOTTOM GND|Via (45.3mm,11.2mm) from L1 TOP to L4 BOTTOM GND",
TRACK,R241:NetJ_FPC4_8,NetJ_FPC4_8,Top Layer,36.325,31.425,36.825,31.425,0.15,,,"NetJ_FPC4_8|Pad R_VREF4-2(36.1mm,31.512mm) on L1 TOP|Via (63.6mm,10.85mm) from L1 TOP to L4 BOTTOM GND",
TRACK,R241:NetJ_FPC4_8,NetJ_FPC4_8,Mid Layer 2,36.825,31.425,38.825,31.425,0.15,,,"NetJ_FPC4_8|Pad R_VREF4-2(36.1mm,31.512mm) on L1 TOP|Via (63.6mm,10.85mm) from L1 TOP to L4 BOTTOM GND",
TRACK,R241:NetJ_FPC4_8,NetJ_FPC4_8,Top Layer,38.825,31.425,47.925,31.425,0.15,,,"NetJ_FPC4_8|Pad R_VREF4-2(36.1mm,31.512mm) on L1 TOP|Via (63.6mm,10.85mm) from L1 TOP to L4 BOTTOM GND",
TRACK,R241:NetJ_FPC4_8,NetJ_FPC4_8,Top Layer,47.925,31.425,48.575,30.775,0.15,,,"NetJ_FPC4_8|Pad R_VREF4-2(36.1mm,31.512mm) on L1 TOP|Via (63.6mm,10.85mm) from L1 TOP to L4 BOTTOM GND",
TRACK,R241:NetJ_FPC4_8,NetJ_FPC4_8,Mid Layer 2,48.575,30.775,50.125,29.225,0.15,,,"NetJ_FPC4_8|Pad R_VREF4-2(36.1mm,31.512mm) on L1 TOP|Via (63.6mm,10.85mm) from L1 TOP to L4 BOTTOM GND",
TRACK,R241:NetJ_FPC4_8,NetJ_FPC4_8,Top Layer,50.125,29.225,54.725,24.625,0.15,,,"NetJ_FPC4_8|Pad R_VREF4-2(36.1mm,31.512mm) on L1 TOP|Via (63.6mm,10.85mm) from L1 TOP to L4 BOTTOM GND",
TRACK,R241:NetJ_FPC4_8,NetJ_FPC4_8,Mid Layer 2,54.725,24.625,54.725,22.725,0.15,,,"NetJ_FPC4_8|Pad R_VREF4-2(36.1mm,31.512mm) on L1 TOP|Via (63.6mm,10.85mm) from L1 TOP to L4 BOTTOM GND",
TRACK,R241:NetJ_FPC4_8,NetJ_FPC4_8,Top Layer,54.725,22.725,54.875,22.575,0.15,,,"NetJ_FPC4_8|Pad R_VREF4-2(36.1mm,31.512mm) on L1 TOP|Via (63.6mm,10.85mm) from L1 TOP to L4 BOTTOM GND",
TRACK,R241:NetJ_FPC4_8,NetJ_FPC4_8,Top Layer,54.875,22.575,54.875,22.075,0.15,,,"NetJ_FPC4_8|Pad R_VREF4-2(36.1mm,31.512mm) on L1 TOP|Via (63.6mm,10.85mm) from L1 TOP to L4 BOTTOM GND",
TRACK,R241:NetJ_FPC4_8,NetJ_FPC4_8,Top Layer,54.875,22.075,59.975,16.975,0.15,,,"NetJ_FPC4_8|Pad R_VREF4-2(36.1mm,31.512mm) on L1 TOP|Via (63.6mm,10.85mm) from L1 TOP to L4 BOTTOM GND",
TRACK,R241:NetJ_FPC4_8,NetJ_FPC4_8,Mid Layer 2,59.975,16.975,59.975,16.675,0.15,,,"NetJ_FPC4_8|Pad R_VREF4-2(36.1mm,31.512mm) on L1 TOP|Via (63.6mm,10.85mm) from L1 TOP to L4 BOTTOM GND",
TRACK,R241:NetJ_FPC4_8,NetJ_FPC4_8,Mid Layer 2,59.975,16.675,63.675,12.975,0.15,,,"NetJ_FPC4_8|Pad R_VREF4-2(36.1mm,31.512mm) on L1 TOP|Via (63.6mm,10.85mm) from L1 TOP to L4 BOTTOM GND",
TRACK,R241:NetJ_FPC4_8,NetJ_FPC4_8,Mid Layer 2,63.675,12.975,64.025,12.975,0.15,,,"NetJ_FPC4_8|Pad R_VREF4-2(36.1mm,31.512mm) on L1 TOP|Via (63.6mm,10.85mm) from L1 TOP to L4 BOTTOM GND",
TRACK,R241:NetJ_FPC4_8,NetJ_FPC4_8,Top Layer,64.025,12.975,64.025,12.875,0.15,,,"NetJ_FPC4_8|Pad R_VREF4-2(36.1mm,31.512mm) on L1 TOP|Via (63.6mm,10.85mm) from L1 TOP to L4 BOTTOM GND",
TRACK,R241:NetJ_FPC4_8,NetJ_FPC4_8,Top Layer,64.025,12.875,64.325,12.575,0.15,,,"NetJ_FPC4_8|Pad R_VREF4-2(36.1mm,31.512mm) on L1 TOP|Via (63.6mm,10.85mm) from L1 TOP to L4 BOTTOM GND",
TRACK,R241:NetJ_FPC4_8,NetJ_FPC4_8,Top Layer,64.325,12.575,64.325,11.725,0.15,,,"NetJ_FPC4_8|Pad R_VREF4-2(36.1mm,31.512mm) on L1 TOP|Via (63.6mm,10.85mm) from L1 TOP to L4 BOTTOM GND",
TRACK,R241:NetJ_FPC4_8,NetJ_FPC4_8,Top Layer,64.325,11.725,63.725,11.125,0.15,,,"NetJ_FPC4_8|Pad R_VREF4-2(36.1mm,31.512mm) on L1 TOP|Via (63.6mm,10.85mm) from L1 TOP to L4 BOTTOM GND",
VIA,R241:NetJ_FPC4_8,NetJ_FPC4_8,Multi Layer,36.825,31.425,,,,0.45,0.2,"NetJ_FPC4_8|Pad R_VREF4-2(36.1mm,31.512mm) on L1 TOP|Via (63.6mm,10.85mm) from L1 TOP to L4 BOTTOM GND",
VIA,R241:NetJ_FPC4_8,NetJ_FPC4_8,Multi Layer,38.825,31.425,,,,0.45,0.2,"NetJ_FPC4_8|Pad R_VREF4-2(36.1mm,31.512mm) on L1 TOP|Via (63.6mm,10.85mm) from L1 TOP to L4 BOTTOM GND",
VIA,R241:NetJ_FPC4_8,NetJ_FPC4_8,Multi Layer,48.575,30.775,,,,0.45,0.2,"NetJ_FPC4_8|Pad R_VREF4-2(36.1mm,31.512mm) on L1 TOP|Via (63.6mm,10.85mm) from L1 TOP to L4 BOTTOM GND",
VIA,R241:NetJ_FPC4_8,NetJ_FPC4_8,Multi Layer,50.125,29.225,,,,0.45,0.2,"NetJ_FPC4_8|Pad R_VREF4-2(36.1mm,31.512mm) on L1 TOP|Via (63.6mm,10.85mm) from L1 TOP to L4 BOTTOM GND",
VIA,R241:NetJ_FPC4_8,NetJ_FPC4_8,Multi Layer,54.725,24.625,,,,0.45,0.2,"NetJ_FPC4_8|Pad R_VREF4-2(36.1mm,31.512mm) on L1 TOP|Via (63.6mm,10.85mm) from L1 TOP to L4 BOTTOM GND",
VIA,R241:NetJ_FPC4_8,NetJ_FPC4_8,Multi Layer,54.725,22.725,,,,0.45,0.2,"NetJ_FPC4_8|Pad R_VREF4-2(36.1mm,31.512mm) on L1 TOP|Via (63.6mm,10.85mm) from L1 TOP to L4 BOTTOM GND",
VIA,R241:NetJ_FPC4_8,NetJ_FPC4_8,Multi Layer,59.975,16.975,,,,0.45,0.2,"NetJ_FPC4_8|Pad R_VREF4-2(36.1mm,31.512mm) on L1 TOP|Via (63.6mm,10.85mm) from L1 TOP to L4 BOTTOM GND",
VIA,R241:NetJ_FPC4_8,NetJ_FPC4_8,Multi Layer,64.025,12.975,,,,0.45,0.2,"NetJ_FPC4_8|Pad R_VREF4-2(36.1mm,31.512mm) on L1 TOP|Via (63.6mm,10.85mm) from L1 TOP to L4 BOTTOM GND",
TRACK,R243:Vc_4,Vc_4,Bottom Layer,24.125,26.675,24.275,26.675,0.2,,,"Vc_4|Pad R_DRL_VC4-1(23.825mm,27.1mm) on L4 BOTTOM GND|Via (58.3mm,11.2mm) from L1 TOP to L4 BOTTOM GND",
TRACK,R243:Vc_4,Vc_4,Bottom Layer,24.275,26.675,24.725,26.225,0.2,,,"Vc_4|Pad R_DRL_VC4-1(23.825mm,27.1mm) on L4 BOTTOM GND|Via (58.3mm,11.2mm) from L1 TOP to L4 BOTTOM GND",
TRACK,R243:Vc_4,Vc_4,Bottom Layer,24.725,26.225,31.575,26.225,0.2,,,"Vc_4|Pad R_DRL_VC4-1(23.825mm,27.1mm) on L4 BOTTOM GND|Via (58.3mm,11.2mm) from L1 TOP to L4 BOTTOM GND",
TRACK,R243:Vc_4,Vc_4,Mid Layer 2,31.575,26.225,31.575,24.525,0.2,,,"Vc_4|Pad R_DRL_VC4-1(23.825mm,27.1mm) on L4 BOTTOM GND|Via (58.3mm,11.2mm) from L1 TOP to L4 BOTTOM GND",
TRACK,R243:Vc_4,Vc_4,Mid Layer 2,31.575,24.525,35.775,20.325,0.2,,,"Vc_4|Pad R_DRL_VC4-1(23.825mm,27.1mm) on L4 BOTTOM GND|Via (58.3mm,11.2mm) from L1 TOP to L4 BOTTOM GND",
TRACK,R243:Vc_4,Vc_4,Mid Layer 2,35.775,20.325,47.175,20.325,0.2,,,"Vc_4|Pad R_DRL_VC4-1(23.825mm,27.1mm) on L4 BOTTOM GND|Via (58.3mm,11.2mm) from L1 TOP to L4 BOTTOM GND",
TRACK,R243:Vc_4,Vc_4,Mid Layer 2,47.175,20.325,55.825,11.675,0.2,,,"Vc_4|Pad R_DRL_VC4-1(23.825mm,27.1mm) on L4 BOTTOM GND|Via (58.3mm,11.2mm) from L1 TOP to L4 BOTTOM GND",
TRACK,R243:Vc_4,Vc_4,Mid Layer 2,55.825,11.675,57.725,11.675,0.2,,,"Vc_4|Pad R_DRL_VC4-1(23.825mm,27.1mm) on L4 BOTTOM GND|Via (58.3mm,11.2mm) from L1 TOP to L4 BOTTOM GND",
TRACK,R243:Vc_4,Vc_4,Mid Layer 2,57.725,11.675,58.025,11.375,0.2,,,"Vc_4|Pad R_DRL_VC4-1(23.825mm,27.1mm) on L4 BOTTOM GND|Via (58.3mm,11.2mm) from L1 TOP to L4 BOTTOM GND",
VIA,R243:Vc_4,Vc_4,Multi Layer,31.575,26.225,,,,0.6,0.3,"Vc_4|Pad R_DRL_VC4-1(23.825mm,27.1mm) on L4 BOTTOM GND|Via (58.3mm,11.2mm) from L1 TOP to L4 BOTTOM GND",
TRACK,R246:NetJ_FPC5_8,NetJ_FPC5_8,Top Layer,37.625,30.525,37.725,30.525,0.2,,,"NetJ_FPC5_8|Pad R_VREF5-2(37.4mm,30.712mm) on L1 TOP|Via (76.6mm,10.85mm) from L1 TOP to L4 BOTTOM GND",
TRACK,R246:NetJ_FPC5_8,NetJ_FPC5_8,Top Layer,37.725,30.525,38.275,29.975,0.2,,,"NetJ_FPC5_8|Pad R_VREF5-2(37.4mm,30.712mm) on L1 TOP|Via (76.6mm,10.85mm) from L1 TOP to L4 BOTTOM GND",
TRACK,R246:NetJ_FPC5_8,NetJ_FPC5_8,Top Layer,38.275,29.975,38.275,29.925,0.2,,,"NetJ_FPC5_8|Pad R_VREF5-2(37.4mm,30.712mm) on L1 TOP|Via (76.6mm,10.85mm) from L1 TOP to L4 BOTTOM GND",
TRACK,R246:NetJ_FPC5_8,NetJ_FPC5_8,Mid Layer 2,38.275,29.925,40.525,32.175,0.2,,,"NetJ_FPC5_8|Pad R_VREF5-2(37.4mm,30.712mm) on L1 TOP|Via (76.6mm,10.85mm) from L1 TOP to L4 BOTTOM GND",
TRACK,R246:NetJ_FPC5_8,NetJ_FPC5_8,Top Layer,40.525,32.175,56.925,32.175,0.2,,,"NetJ_FPC5_8|Pad R_VREF5-2(37.4mm,30.712mm) on L1 TOP|Via (76.6mm,10.85mm) from L1 TOP to L4 BOTTOM GND",
TRACK,R246:NetJ_FPC5_8,NetJ_FPC5_8,Top Layer,56.925,32.175,57.125,32.375,0.2,,,"NetJ_FPC5_8|Pad R_VREF5-2(37.4mm,30.712mm) on L1 TOP|Via (76.6mm,10.85mm) from L1 TOP to L4 BOTTOM GND",
TRACK,R246:NetJ_FPC5_8,NetJ_FPC5_8,Top Layer,57.125,32.375,58.725,32.375,0.2,,,"NetJ_FPC5_8|Pad R_VREF5-2(37.4mm,30.712mm) on L1 TOP|Via (76.6mm,10.85mm) from L1 TOP to L4 BOTTOM GND",
TRACK,R246:NetJ_FPC5_8,NetJ_FPC5_8,Mid Layer 2,58.725,32.375,61.5245,32.375,0.2,,,"NetJ_FPC5_8|Pad R_VREF5-2(37.4mm,30.712mm) on L1 TOP|Via (76.6mm,10.85mm) from L1 TOP to L4 BOTTOM GND",
TRACK,R246:NetJ_FPC5_8,NetJ_FPC5_8,Mid Layer 2,61.5245,32.375,62.025,32.375,0.2,,,"NetJ_FPC5_8|Pad R_VREF5-2(37.4mm,30.712mm) on L1 TOP|Via (76.6mm,10.85mm) from L1 TOP to L4 BOTTOM GND",
TRACK,R246:NetJ_FPC5_8,NetJ_FPC5_8,Mid Layer 2,62.025,32.375,63.625,30.775,0.2,,,"NetJ_FPC5_8|Pad R_VREF5-2(37.4mm,30.712mm) on L1 TOP|Via (76.6mm,10.85mm) from L1 TOP to L4 BOTTOM GND",
TRACK,R246:NetJ_FPC5_8,NetJ_FPC5_8,Mid Layer 2,63.625,30.775,63.625,30.0245,0.2,,,"NetJ_FPC5_8|Pad R_VREF5-2(37.4mm,30.712mm) on L1 TOP|Via (76.6mm,10.85mm) from L1 TOP to L4 BOTTOM GND",
TRACK,R246:NetJ_FPC5_8,NetJ_FPC5_8,Mid Layer 2,63.625,30.0245,63.625,24.775,0.2,,,"NetJ_FPC5_8|Pad R_VREF5-2(37.4mm,30.712mm) on L1 TOP|Via (76.6mm,10.85mm) from L1 TOP to L4 BOTTOM GND",
TRACK,R246:NetJ_FPC5_8,NetJ_FPC5_8,Top Layer,63.625,24.775,65.525,22.875,0.2,,,"NetJ_FPC5_8|Pad R_VREF5-2(37.4mm,30.712mm) on L1 TOP|Via (76.6mm,10.85mm) from L1 TOP to L4 BOTTOM GND",
TRACK,R246:NetJ_FPC5_8,NetJ_FPC5_8,Top Layer,65.525,22.875,65.525,21.775,0.2,,,"NetJ_FPC5_8|Pad R_VREF5-2(37.4mm,30.712mm) on L1 TOP|Via (76.6mm,10.85mm) from L1 TOP to L4 BOTTOM GND",
TRACK,R246:NetJ_FPC5_8,NetJ_FPC5_8,Top Layer,65.525,21.775,72.325,14.975,0.2,,,"NetJ_FPC5_8|Pad R_VREF5-2(37.4mm,30.712mm) on L1 TOP|Via (76.6mm,10.85mm) from L1 TOP to L4 BOTTOM GND",
TRACK,R246:NetJ_FPC5_8,NetJ_FPC5_8,Mid Layer 2,72.325,14.975,74.625,14.975,0.2,,,"NetJ_FPC5_8|Pad R_VREF5-2(37.4mm,30.712mm) on L1 TOP|Via (76.6mm,10.85mm) from L1 TOP to L4 BOTTOM GND",
TRACK,R246:NetJ_FPC5_8,NetJ_FPC5_8,Mid Layer 2,74.625,14.975,76.625,12.975,0.2,,,"NetJ_FPC5_8|Pad R_VREF5-2(37.4mm,30.712mm) on L1 TOP|Via (76.6mm,10.85mm) from L1 TOP to L4 BOTTOM GND",
TRACK,R246:NetJ_FPC5_8,NetJ_FPC5_8,Mid Layer 2,76.625,12.975,76.975,12.975,0.2,,,"NetJ_FPC5_8|Pad R_VREF5-2(37.4mm,30.712mm) on L1 TOP|Via (76.6mm,10.85mm) from L1 TOP to L4 BOTTOM GND",
TRACK,R246:NetJ_FPC5_8,NetJ_FPC5_8,Mid Layer 2,76.975,12.975,77.375,12.575,0.2,,,"NetJ_FPC5_8|Pad R_VREF5-2(37.4mm,30.712mm) on L1 TOP|Via (76.6mm,10.85mm) from L1 TOP to L4 BOTTOM GND",
TRACK,R246:NetJ_FPC5_8,NetJ_FPC5_8,Mid Layer 2,77.375,12.575,77.375,11.775,0.2,,,"NetJ_FPC5_8|Pad R_VREF5-2(37.4mm,30.712mm) on L1 TOP|Via (76.6mm,10.85mm) from L1 TOP to L4 BOTTOM GND",
TRACK,R246:NetJ_FPC5_8,NetJ_FPC5_8,Mid Layer 2,77.375,11.775,76.725,11.125,0.2,,,"NetJ_FPC5_8|Pad R_VREF5-2(37.4mm,30.712mm) on L1 TOP|Via (76.6mm,10.85mm) from L1 TOP to L4 BOTTOM GND",
VIA,R246:NetJ_FPC5_8,NetJ_FPC5_8,Multi Layer,38.275,29.925,,,,0.6,0.3,"NetJ_FPC5_8|Pad R_VREF5-2(37.4mm,30.712mm) on L1 TOP|Via (76.6mm,10.85mm) from L1 TOP to L4 BOTTOM GND",
VIA,R246:NetJ_FPC5_8,NetJ_FPC5_8,Multi Layer,40.525,32.175,,,,0.6,0.3,"NetJ_FPC5_8|Pad R_VREF5-2(37.4mm,30.712mm) on L1 TOP|Via (76.6mm,10.85mm) from L1 TOP to L4 BOTTOM GND",
VIA,R246:NetJ_FPC5_8,NetJ_FPC5_8,Multi Layer,58.725,32.375,,,,0.6,0.3,"NetJ_FPC5_8|Pad R_VREF5-2(37.4mm,30.712mm) on L1 TOP|Via (76.6mm,10.85mm) from L1 TOP to L4 BOTTOM GND",
VIA,R246:NetJ_FPC5_8,NetJ_FPC5_8,Multi Layer,63.625,24.775,,,,0.6,0.3,"NetJ_FPC5_8|Pad R_VREF5-2(37.4mm,30.712mm) on L1 TOP|Via (76.6mm,10.85mm) from L1 TOP to L4 BOTTOM GND",
VIA,R246:NetJ_FPC5_8,NetJ_FPC5_8,Multi Layer,72.325,14.975,,,,0.6,0.3,"NetJ_FPC5_8|Pad R_VREF5-2(37.4mm,30.712mm) on L1 TOP|Via (76.6mm,10.85mm) from L1 TOP to L4 BOTTOM GND",
TRACK,R247:Vc_5,Vc_5,Bottom Layer,27.475,27.525,27.575,27.525,0.2,,,"Vc_5|Pad R_DRL_VC5-1(27.175mm,27.1mm) on L4 BOTTOM GND|Via (71.3mm,11.2mm) from L1 TOP to L4 BOTTOM GND",
TRACK,R247:Vc_5,Vc_5,Bottom Layer,27.575,27.525,28.075,28.025,0.2,,,"Vc_5|Pad R_DRL_VC5-1(27.175mm,27.1mm) on L4 BOTTOM GND|Via (71.3mm,11.2mm) from L1 TOP to L4 BOTTOM GND",
TRACK,R247:Vc_5,Vc_5,Bottom Layer,28.075,28.025,33.075,28.025,0.2,,,"Vc_5|Pad R_DRL_VC5-1(27.175mm,27.1mm) on L4 BOTTOM GND|Via (71.3mm,11.2mm) from L1 TOP to L4 BOTTOM GND",
TRACK,R247:Vc_5,Vc_5,Bottom Layer,33.075,28.025,34.025,27.075,0.2,,,"Vc_5|Pad R_DRL_VC5-1(27.175mm,27.1mm) on L4 BOTTOM GND|Via (71.3mm,11.2mm) from L1 TOP to L4 BOTTOM GND",
TRACK,R247:Vc_5,Vc_5,Mid Layer 2,34.025,27.075,34.525,26.575,0.2,,,"Vc_5|Pad R_DRL_VC5-1(27.175mm,27.1mm) on L4 BOTTOM GND|Via (71.3mm,11.2mm) from L1 TOP to L4 BOTTOM GND",
TRACK,R247:Vc_5,Vc_5,Mid Layer 2,34.525,26.575,34.525,26.475,0.2,,,"Vc_5|Pad R_DRL_VC5-1(27.175mm,27.1mm) on L4 BOTTOM GND|Via (71.3mm,11.2mm) from L1 TOP to L4 BOTTOM GND",
TRACK,R247:Vc_5,Vc_5,Mid Layer 2,34.525,26.475,34.575,26.425,0.2,,,"Vc_5|Pad R_DRL_VC5-1(27.175mm,27.1mm) on L4 BOTTOM GND|Via (71.3mm,11.2mm) from L1 TOP to L4 BOTTOM GND",
TRACK,R247:Vc_5,Vc_5,Mid Layer 2,34.575,26.425,34.575,26.325,0.2,,,"Vc_5|Pad R_DRL_VC5-1(27.175mm,27.1mm) on L4 BOTTOM GND|Via (71.3mm,11.2mm) from L1 TOP to L4 BOTTOM GND",
TRACK,R247:Vc_5,Vc_5,Mid Layer 2,34.575,26.325,34.625,26.275,0.2,,,"Vc_5|Pad R_DRL_VC5-1(27.175mm,27.1mm) on L4 BOTTOM GND|Via (71.3mm,11.2mm) from L1 TOP to L4 BOTTOM GND",
TRACK,R247:Vc_5,Vc_5,Mid Layer 2,34.625,26.275,34.625,26.225,0.2,,,"Vc_5|Pad R_DRL_VC5-1(27.175mm,27.1mm) on L4 BOTTOM GND|Via (71.3mm,11.2mm) from L1 TOP to L4 BOTTOM GND",
TRACK,R247:Vc_5,Vc_5,Mid Layer 2,34.625,26.225,34.925,25.925,0.2,,,"Vc_5|Pad R_DRL_VC5-1(27.175mm,27.1mm) on L4 BOTTOM GND|Via (71.3mm,11.2mm) from L1 TOP to L4 BOTTOM GND",
TRACK,R247:Vc_5,Vc_5,Mid Layer 2,34.925,25.925,35.475,25.925,0.2,,,"Vc_5|Pad R_DRL_VC5-1(27.175mm,27.1mm) on L4 BOTTOM GND|Via (71.3mm,11.2mm) from L1 TOP to L4 BOTTOM GND",
TRACK,R247:Vc_5,Vc_5,Mid Layer 2,35.475,25.925,35.525,25.975,0.2,,,"Vc_5|Pad R_DRL_VC5-1(27.175mm,27.1mm) on L4 BOTTOM GND|Via (71.3mm,11.2mm) from L1 TOP to L4 BOTTOM GND",
TRACK,R247:Vc_5,Vc_5,Mid Layer 2,35.525,25.975,40.025,25.975,0.2,,,"Vc_5|Pad R_DRL_VC5-1(27.175mm,27.1mm) on L4 BOTTOM GND|Via (71.3mm,11.2mm) from L1 TOP to L4 BOTTOM GND",
TRACK,R247:Vc_5,Vc_5,Mid Layer 2,40.025,25.975,40.775,25.225,0.2,,,"Vc_5|Pad R_DRL_VC5-1(27.175mm,27.1mm) on L4 BOTTOM GND|Via (71.3mm,11.2mm) from L1 TOP to L4 BOTTOM GND",
TRACK,R247:Vc_5,Vc_5,Mid Layer 2,40.775,25.225,45.425,25.225,0.2,,,"Vc_5|Pad R_DRL_VC5-1(27.175mm,27.1mm) on L4 BOTTOM GND|Via (71.3mm,11.2mm) from L1 TOP to L4 BOTTOM GND",
TRACK,R247:Vc_5,Vc_5,Mid Layer 2,45.425,25.225,47.475,27.275,0.2,,,"Vc_5|Pad R_DRL_VC5-1(27.175mm,27.1mm) on L4 BOTTOM GND|Via (71.3mm,11.2mm) from L1 TOP to L4 BOTTOM GND",
TRACK,R247:Vc_5,Vc_5,Mid Layer 2,47.475,27.275,53.075,27.275,0.2,,,"Vc_5|Pad R_DRL_VC5-1(27.175mm,27.1mm) on L4 BOTTOM GND|Via (71.3mm,11.2mm) from L1 TOP to L4 BOTTOM GND",
TRACK,R247:Vc_5,Vc_5,Mid Layer 2,53.075,27.275,56.825,23.525,0.2,,,"Vc_5|Pad R_DRL_VC5-1(27.175mm,27.1mm) on L4 BOTTOM GND|Via (71.3mm,11.2mm) from L1 TOP to L4 BOTTOM GND",
TRACK,R247:Vc_5,Vc_5,Mid Layer 2,56.825,23.525,56.825,22.625,0.2,,,"Vc_5|Pad R_DRL_VC5-1(27.175mm,27.1mm) on L4 BOTTOM GND|Via (71.3mm,11.2mm) from L1 TOP to L4 BOTTOM GND",
TRACK,R247:Vc_5,Vc_5,Mid Layer 2,56.825,22.625,62.875,16.575,0.2,,,"Vc_5|Pad R_DRL_VC5-1(27.175mm,27.1mm) on L4 BOTTOM GND|Via (71.3mm,11.2mm) from L1 TOP to L4 BOTTOM GND",
TRACK,R247:Vc_5,Vc_5,Mid Layer 2,62.875,16.575,64.975,16.575,0.2,,,"Vc_5|Pad R_DRL_VC5-1(27.175mm,27.1mm) on L4 BOTTOM GND|Via (71.3mm,11.2mm) from L1 TOP to L4 BOTTOM GND",
TRACK,R247:Vc_5,Vc_5,Mid Layer 2,64.975,16.575,69.875,11.675,0.2,,,"Vc_5|Pad R_DRL_VC5-1(27.175mm,27.1mm) on L4 BOTTOM GND|Via (71.3mm,11.2mm) from L1 TOP to L4 BOTTOM GND",
TRACK,R247:Vc_5,Vc_5,Mid Layer 2,69.875,11.675,70.725,11.675,0.2,,,"Vc_5|Pad R_DRL_VC5-1(27.175mm,27.1mm) on L4 BOTTOM GND|Via (71.3mm,11.2mm) from L1 TOP to L4 BOTTOM GND",
TRACK,R247:Vc_5,Vc_5,Mid Layer 2,70.725,11.675,71.025,11.375,0.2,,,"Vc_5|Pad R_DRL_VC5-1(27.175mm,27.1mm) on L4 BOTTOM GND|Via (71.3mm,11.2mm) from L1 TOP to L4 BOTTOM GND",
VIA,R247:Vc_5,Vc_5,Multi Layer,34.025,27.075,,,,0.6,0.3,"Vc_5|Pad R_DRL_VC5-1(27.175mm,27.1mm) on L4 BOTTOM GND|Via (71.3mm,11.2mm) from L1 TOP to L4 BOTTOM GND",
TRACK,R250:MCU_SPI_SCK,MCU_SPI_SCK,Top Layer,67.025,32.475,67.025,32.975,0.15,,,"MCU_SPI_SCK|Pad U_MCU1-30(67mm,31.762mm) on L1 TOP [Unplated]|Pad R_SPI_SCK-2(68.6mm,30.562mm) on L1 TOP",
TRACK,R250:MCU_SPI_SCK,MCU_SPI_SCK,Mid Layer 2,67.025,32.975,69.175,30.825,0.15,,,"MCU_SPI_SCK|Pad U_MCU1-30(67mm,31.762mm) on L1 TOP [Unplated]|Pad R_SPI_SCK-2(68.6mm,30.562mm) on L1 TOP",
TRACK,R250:MCU_SPI_SCK,MCU_SPI_SCK,Mid Layer 2,69.175,30.825,69.175,30.475,0.15,,,"MCU_SPI_SCK|Pad U_MCU1-30(67mm,31.762mm) on L1 TOP [Unplated]|Pad R_SPI_SCK-2(68.6mm,30.562mm) on L1 TOP",
TRACK,R250:MCU_SPI_SCK,MCU_SPI_SCK,Top Layer,69.175,30.475,68.825,30.475,0.15,,,"MCU_SPI_SCK|Pad U_MCU1-30(67mm,31.762mm) on L1 TOP [Unplated]|Pad R_SPI_SCK-2(68.6mm,30.562mm) on L1 TOP",
VIA,R250:MCU_SPI_SCK,MCU_SPI_SCK,Multi Layer,67.025,32.975,,,,0.45,0.2,"MCU_SPI_SCK|Pad U_MCU1-30(67mm,31.762mm) on L1 TOP [Unplated]|Pad R_SPI_SCK-2(68.6mm,30.562mm) on L1 TOP",
VIA,R250:MCU_SPI_SCK,MCU_SPI_SCK,Multi Layer,69.175,30.475,,,,0.45,0.2,"MCU_SPI_SCK|Pad U_MCU1-30(67mm,31.762mm) on L1 TOP [Unplated]|Pad R_SPI_SCK-2(68.6mm,30.562mm) on L1 TOP",
TRACK,R251:MCU_WIFI_CS,MCU_WIFI_CS,Top Layer,69.475,32.475,69.475,33.025,0.18,,,"MCU_WIFI_CS|Pad U_MCU1-35(69.5mm,31.762mm) on L1 TOP [Unplated]|Pad R_SPI_CS-2(71.4mm,30.562mm) on L1 TOP",
TRACK,R251:MCU_WIFI_CS,MCU_WIFI_CS,Mid Layer 2,69.475,33.025,72.075,30.425,0.18,,,"MCU_WIFI_CS|Pad U_MCU1-35(69.5mm,31.762mm) on L1 TOP [Unplated]|Pad R_SPI_CS-2(71.4mm,30.562mm) on L1 TOP",
TRACK,R251:MCU_WIFI_CS,MCU_WIFI_CS,Mid Layer 2,72.075,30.425,72.075,30.375,0.18,,,"MCU_WIFI_CS|Pad U_MCU1-35(69.5mm,31.762mm) on L1 TOP [Unplated]|Pad R_SPI_CS-2(71.4mm,30.562mm) on L1 TOP",
TRACK,R251:MCU_WIFI_CS,MCU_WIFI_CS,Top Layer,72.075,30.375,71.625,30.375,0.18,,,"MCU_WIFI_CS|Pad U_MCU1-35(69.5mm,31.762mm) on L1 TOP [Unplated]|Pad R_SPI_CS-2(71.4mm,30.562mm) on L1 TOP",
VIA,R251:MCU_WIFI_CS,MCU_WIFI_CS,Multi Layer,69.475,33.025,,,,0.6,0.3,"MCU_WIFI_CS|Pad U_MCU1-35(69.5mm,31.762mm) on L1 TOP [Unplated]|Pad R_SPI_CS-2(71.4mm,30.562mm) on L1 TOP",
VIA,R251:MCU_WIFI_CS,MCU_WIFI_CS,Multi Layer,72.075,30.375,,,,0.6,0.3,"MCU_WIFI_CS|Pad U_MCU1-35(69.5mm,31.762mm) on L1 TOP [Unplated]|Pad R_SPI_CS-2(71.4mm,30.562mm) on L1 TOP",
TRACK,R252:MCU_SPI_MOSI,MCU_SPI_MOSI,Top Layer,68.025,32.475,68.025,32.975,0.15,,,"MCU_SPI_MOSI|Pad U_MCU1-32(68mm,31.762mm) on L1 TOP [Unplated]|Pad R_SPI_MOSI-2(70mm,30.562mm) on L1 TOP",
TRACK,R252:MCU_SPI_MOSI,MCU_SPI_MOSI,Mid Layer 2,68.025,32.975,70.575,30.425,0.15,,,"MCU_SPI_MOSI|Pad U_MCU1-32(68mm,31.762mm) on L1 TOP [Unplated]|Pad R_SPI_MOSI-2(70mm,30.562mm) on L1 TOP",
TRACK,R252:MCU_SPI_MOSI,MCU_SPI_MOSI,Top Layer,70.575,30.425,70.225,30.425,0.15,,,"MCU_SPI_MOSI|Pad U_MCU1-32(68mm,31.762mm) on L1 TOP [Unplated]|Pad R_SPI_MOSI-2(70mm,30.562mm) on L1 TOP",
VIA,R252:MCU_SPI_MOSI,MCU_SPI_MOSI,Multi Layer,68.025,32.975,,,,0.45,0.2,"MCU_SPI_MOSI|Pad U_MCU1-32(68mm,31.762mm) on L1 TOP [Unplated]|Pad R_SPI_MOSI-2(70mm,30.562mm) on L1 TOP",
VIA,R252:MCU_SPI_MOSI,MCU_SPI_MOSI,Multi Layer,70.575,30.425,,,,0.45,0.2,"MCU_SPI_MOSI|Pad U_MCU1-32(68mm,31.762mm) on L1 TOP [Unplated]|Pad R_SPI_MOSI-2(70mm,30.562mm) on L1 TOP",
TRACK,R253:WIFI_SPI_CS,WIFI_SPI_CS,Top Layer,55.625,52.825,55.125,52.825,0.18,,,"WIFI_SPI_CS|Pad U_WIFI1-24(56.046mm,52.745mm) on L1 TOP [Unplated]|Pad R_WIFI_CS_PD-1(60.6mm,52.2mm) on L1 TOP",
TRACK,R253:WIFI_SPI_CS,WIFI_SPI_CS,Mid Layer 2,55.125,52.825,58.275,52.825,0.18,,,"WIFI_SPI_CS|Pad U_WIFI1-24(56.046mm,52.745mm) on L1 TOP [Unplated]|Pad R_WIFI_CS_PD-1(60.6mm,52.2mm) on L1 TOP",
TRACK,R253:WIFI_SPI_CS,WIFI_SPI_CS,Top Layer,58.275,52.825,59.825,52.825,0.18,,,"WIFI_SPI_CS|Pad U_WIFI1-24(56.046mm,52.745mm) on L1 TOP [Unplated]|Pad R_WIFI_CS_PD-1(60.6mm,52.2mm) on L1 TOP",
TRACK,R253:WIFI_SPI_CS,WIFI_SPI_CS,Top Layer,59.825,52.825,60.325,52.325,0.18,,,"WIFI_SPI_CS|Pad U_WIFI1-24(56.046mm,52.745mm) on L1 TOP [Unplated]|Pad R_WIFI_CS_PD-1(60.6mm,52.2mm) on L1 TOP",
VIA,R253:WIFI_SPI_CS,WIFI_SPI_CS,Multi Layer,55.125,52.825,,,,0.6,0.3,"WIFI_SPI_CS|Pad U_WIFI1-24(56.046mm,52.745mm) on L1 TOP [Unplated]|Pad R_WIFI_CS_PD-1(60.6mm,52.2mm) on L1 TOP",
VIA,R253:WIFI_SPI_CS,WIFI_SPI_CS,Multi Layer,58.275,52.825,,,,0.6,0.3,"WIFI_SPI_CS|Pad U_WIFI1-24(56.046mm,52.745mm) on L1 TOP [Unplated]|Pad R_WIFI_CS_PD-1(60.6mm,52.2mm) on L1 TOP",
TRACK,R254:WIFI_SPI_MISO,WIFI_SPI_MISO,Top Layer,43.725,53.425,44.075,53.775,0.18,,,"WIFI_SPI_MISO|Pad R_SPI_MISO-1(43.512mm,53.2mm) on L1 TOP|Pad U_WIFI1-29(49.695mm,54.016mm) on L1 TOP [Unplated]",
TRACK,R254:WIFI_SPI_MISO,WIFI_SPI_MISO,Mid Layer 2,44.075,53.775,45.325,52.525,0.18,,,"WIFI_SPI_MISO|Pad R_SPI_MISO-1(43.512mm,53.2mm) on L1 TOP|Pad U_WIFI1-29(49.695mm,54.016mm) on L1 TOP [Unplated]",
TRACK,R254:WIFI_SPI_MISO,WIFI_SPI_MISO,Mid Layer 2,45.325,52.525,48.725,52.525,0.18,,,"WIFI_SPI_MISO|Pad R_SPI_MISO-1(43.512mm,53.2mm) on L1 TOP|Pad U_WIFI1-29(49.695mm,54.016mm) on L1 TOP [Unplated]",
TRACK,R254:WIFI_SPI_MISO,WIFI_SPI_MISO,Mid Layer 2,48.725,52.525,49.375,53.175,0.18,,,"WIFI_SPI_MISO|Pad R_SPI_MISO-1(43.512mm,53.2mm) on L1 TOP|Pad U_WIFI1-29(49.695mm,54.016mm) on L1 TOP [Unplated]",
TRACK,R254:WIFI_SPI_MISO,WIFI_SPI_MISO,Top Layer,49.375,53.175,49.375,53.625,0.18,,,"WIFI_SPI_MISO|Pad R_SPI_MISO-1(43.512mm,53.2mm) on L1 TOP|Pad U_WIFI1-29(49.695mm,54.016mm) on L1 TOP [Unplated]",
VIA,R254:WIFI_SPI_MISO,WIFI_SPI_MISO,Multi Layer,44.075,53.775,,,,0.6,0.3,"WIFI_SPI_MISO|Pad R_SPI_MISO-1(43.512mm,53.2mm) on L1 TOP|Pad U_WIFI1-29(49.695mm,54.016mm) on L1 TOP [Unplated]",
VIA,R254:WIFI_SPI_MISO,WIFI_SPI_MISO,Multi Layer,49.375,53.175,,,,0.6,0.3,"WIFI_SPI_MISO|Pad R_SPI_MISO-1(43.512mm,53.2mm) on L1 TOP|Pad U_WIFI1-29(49.695mm,54.016mm) on L1 TOP [Unplated]",
TRACK,R255:WIFI_SPI_CS,WIFI_SPI_CS,Top Layer,60.875,51.975,63.325,49.525,0.18,,,"WIFI_SPI_CS|Pad R_WIFI_CS_PD-1(60.6mm,52.2mm) on L1 TOP|Pad R_SPI_CS-1(71.4mm,29.538mm) on L1 TOP",
TRACK,R255:WIFI_SPI_CS,WIFI_SPI_CS,Mid Layer 2,63.325,49.525,63.325,48.9755,0.18,,,"WIFI_SPI_CS|Pad R_WIFI_CS_PD-1(60.6mm,52.2mm) on L1 TOP|Pad R_SPI_CS-1(71.4mm,29.538mm) on L1 TOP",
TRACK,R255:WIFI_SPI_CS,WIFI_SPI_CS,Mid Layer 2,63.325,48.9755,63.325,40.175,0.18,,,"WIFI_SPI_CS|Pad R_WIFI_CS_PD-1(60.6mm,52.2mm) on L1 TOP|Pad R_SPI_CS-1(71.4mm,29.538mm) on L1 TOP",
TRACK,R255:WIFI_SPI_CS,WIFI_SPI_CS,Mid Layer 2,63.325,40.175,72.725,30.775,0.18,,,"WIFI_SPI_CS|Pad R_WIFI_CS_PD-1(60.6mm,52.2mm) on L1 TOP|Pad R_SPI_CS-1(71.4mm,29.538mm) on L1 TOP",
TRACK,R255:WIFI_SPI_CS,WIFI_SPI_CS,Mid Layer 2,72.725,30.775,72.725,30.025,0.18,,,"WIFI_SPI_CS|Pad R_WIFI_CS_PD-1(60.6mm,52.2mm) on L1 TOP|Pad R_SPI_CS-1(71.4mm,29.538mm) on L1 TOP",
TRACK,R255:WIFI_SPI_CS,WIFI_SPI_CS,Mid Layer 2,72.725,30.025,72.7245,30.0245,0.18,,,"WIFI_SPI_CS|Pad R_WIFI_CS_PD-1(60.6mm,52.2mm) on L1 TOP|Pad R_SPI_CS-1(71.4mm,29.538mm) on L1 TOP",
TRACK,R255:WIFI_SPI_CS,WIFI_SPI_CS,Mid Layer 2,72.7245,30.0245,72.225,29.525,0.18,,,"WIFI_SPI_CS|Pad R_WIFI_CS_PD-1(60.6mm,52.2mm) on L1 TOP|Pad R_SPI_CS-1(71.4mm,29.538mm) on L1 TOP",
TRACK,R255:WIFI_SPI_CS,WIFI_SPI_CS,Top Layer,72.225,29.525,71.625,29.525,0.18,,,"WIFI_SPI_CS|Pad R_WIFI_CS_PD-1(60.6mm,52.2mm) on L1 TOP|Pad R_SPI_CS-1(71.4mm,29.538mm) on L1 TOP",
VIA,R255:WIFI_SPI_CS,WIFI_SPI_CS,Multi Layer,63.325,49.525,,,,0.6,0.3,"WIFI_SPI_CS|Pad R_WIFI_CS_PD-1(60.6mm,52.2mm) on L1 TOP|Pad R_SPI_CS-1(71.4mm,29.538mm) on L1 TOP",
VIA,R255:WIFI_SPI_CS,WIFI_SPI_CS,Multi Layer,72.225,29.525,,,,0.6,0.3,"WIFI_SPI_CS|Pad R_WIFI_CS_PD-1(60.6mm,52.2mm) on L1 TOP|Pad R_SPI_CS-1(71.4mm,29.538mm) on L1 TOP",
TRACK,R256:WIFI_SPI_CLK,WIFI_SPI_CLK,Top Layer,51.325,53.625,51.325,53.425,0.15,,,"WIFI_SPI_CLK|Pad U_WIFI1-28(50.965mm,54.016mm) on L1 TOP [Unplated]|Pad R_SPI_SCK-1(68.6mm,29.538mm) on L1 TOP",
TRACK,R256:WIFI_SPI_CLK,WIFI_SPI_CLK,Top Layer,51.325,53.425,52.775,51.975,0.15,,,"WIFI_SPI_CLK|Pad U_WIFI1-28(50.965mm,54.016mm) on L1 TOP [Unplated]|Pad R_SPI_SCK-1(68.6mm,29.538mm) on L1 TOP",
TRACK,R256:WIFI_SPI_CLK,WIFI_SPI_CLK,Mid Layer 2,52.775,51.975,60.125,44.625,0.15,,,"WIFI_SPI_CLK|Pad U_WIFI1-28(50.965mm,54.016mm) on L1 TOP [Unplated]|Pad R_SPI_SCK-1(68.6mm,29.538mm) on L1 TOP",
TRACK,R256:WIFI_SPI_CLK,WIFI_SPI_CLK,Mid Layer 2,60.125,44.625,60.125,43.325,0.15,,,"WIFI_SPI_CLK|Pad U_WIFI1-28(50.965mm,54.016mm) on L1 TOP [Unplated]|Pad R_SPI_SCK-1(68.6mm,29.538mm) on L1 TOP",
TRACK,R256:WIFI_SPI_CLK,WIFI_SPI_CLK,Mid Layer 2,60.125,43.325,61.5245,41.9255,0.15,,,"WIFI_SPI_CLK|Pad U_WIFI1-28(50.965mm,54.016mm) on L1 TOP [Unplated]|Pad R_SPI_SCK-1(68.6mm,29.538mm) on L1 TOP",
TRACK,R256:WIFI_SPI_CLK,WIFI_SPI_CLK,Mid Layer 2,61.5245,41.9255,61.525,41.925,0.15,,,"WIFI_SPI_CLK|Pad U_WIFI1-28(50.965mm,54.016mm) on L1 TOP [Unplated]|Pad R_SPI_SCK-1(68.6mm,29.538mm) on L1 TOP",
TRACK,R256:WIFI_SPI_CLK,WIFI_SPI_CLK,Mid Layer 2,61.525,41.925,62.075,41.925,0.15,,,"WIFI_SPI_CLK|Pad U_WIFI1-28(50.965mm,54.016mm) on L1 TOP [Unplated]|Pad R_SPI_SCK-1(68.6mm,29.538mm) on L1 TOP",
TRACK,R256:WIFI_SPI_CLK,WIFI_SPI_CLK,Mid Layer 2,62.075,41.925,62.875,41.125,0.15,,,"WIFI_SPI_CLK|Pad U_WIFI1-28(50.965mm,54.016mm) on L1 TOP [Unplated]|Pad R_SPI_SCK-1(68.6mm,29.538mm) on L1 TOP",
TRACK,R256:WIFI_SPI_CLK,WIFI_SPI_CLK,Mid Layer 2,62.875,41.125,62.875,36.575,0.15,,,"WIFI_SPI_CLK|Pad U_WIFI1-28(50.965mm,54.016mm) on L1 TOP [Unplated]|Pad R_SPI_SCK-1(68.6mm,29.538mm) on L1 TOP",
TRACK,R256:WIFI_SPI_CLK,WIFI_SPI_CLK,Mid Layer 2,62.875,36.575,66.425,33.025,0.15,,,"WIFI_SPI_CLK|Pad U_WIFI1-28(50.965mm,54.016mm) on L1 TOP [Unplated]|Pad R_SPI_SCK-1(68.6mm,29.538mm) on L1 TOP",
TRACK,R256:WIFI_SPI_CLK,WIFI_SPI_CLK,Mid Layer 2,66.425,33.025,66.425,32.575,0.15,,,"WIFI_SPI_CLK|Pad U_WIFI1-28(50.965mm,54.016mm) on L1 TOP [Unplated]|Pad R_SPI_SCK-1(68.6mm,29.538mm) on L1 TOP",
TRACK,R256:WIFI_SPI_CLK,WIFI_SPI_CLK,Mid Layer 2,66.425,32.575,68.575,30.425,0.15,,,"WIFI_SPI_CLK|Pad U_WIFI1-28(50.965mm,54.016mm) on L1 TOP [Unplated]|Pad R_SPI_SCK-1(68.6mm,29.538mm) on L1 TOP",
TRACK,R256:WIFI_SPI_CLK,WIFI_SPI_CLK,Mid Layer 2,68.575,30.425,68.575,30.175,0.15,,,"WIFI_SPI_CLK|Pad U_WIFI1-28(50.965mm,54.016mm) on L1 TOP [Unplated]|Pad R_SPI_SCK-1(68.6mm,29.538mm) on L1 TOP",
TRACK,R256:WIFI_SPI_CLK,WIFI_SPI_CLK,Mid Layer 2,68.575,30.175,68.7255,30.0245,0.15,,,"WIFI_SPI_CLK|Pad U_WIFI1-28(50.965mm,54.016mm) on L1 TOP [Unplated]|Pad R_SPI_SCK-1(68.6mm,29.538mm) on L1 TOP",
TRACK,R256:WIFI_SPI_CLK,WIFI_SPI_CLK,Mid Layer 2,68.7255,30.0245,69.175,29.575,0.15,,,"WIFI_SPI_CLK|Pad U_WIFI1-28(50.965mm,54.016mm) on L1 TOP [Unplated]|Pad R_SPI_SCK-1(68.6mm,29.538mm) on L1 TOP",
TRACK,R256:WIFI_SPI_CLK,WIFI_SPI_CLK,Top Layer,69.175,29.575,68.825,29.575,0.15,,,"WIFI_SPI_CLK|Pad U_WIFI1-28(50.965mm,54.016mm) on L1 TOP [Unplated]|Pad R_SPI_SCK-1(68.6mm,29.538mm) on L1 TOP",
VIA,R256:WIFI_SPI_CLK,WIFI_SPI_CLK,Multi Layer,52.775,51.975,,,,0.45,0.2,"WIFI_SPI_CLK|Pad U_WIFI1-28(50.965mm,54.016mm) on L1 TOP [Unplated]|Pad R_SPI_SCK-1(68.6mm,29.538mm) on L1 TOP",
VIA,R256:WIFI_SPI_CLK,WIFI_SPI_CLK,Multi Layer,69.175,29.575,,,,0.45,0.2,"WIFI_SPI_CLK|Pad U_WIFI1-28(50.965mm,54.016mm) on L1 TOP [Unplated]|Pad R_SPI_SCK-1(68.6mm,29.538mm) on L1 TOP",
TRACK,R257:WIFI_SPI_MOSI,WIFI_SPI_MOSI,Top Layer,52.625,53.625,52.625,53.025,0.15,,,"WIFI_SPI_MOSI|Pad U_WIFI1-27(52.235mm,54.016mm) on L1 TOP [Unplated]|Pad R_SPI_MOSI-1(70mm,29.538mm) on L1 TOP",
TRACK,R257:WIFI_SPI_MOSI,WIFI_SPI_MOSI,Top Layer,52.625,53.025,54.125,51.525,0.15,,,"WIFI_SPI_MOSI|Pad U_WIFI1-27(52.235mm,54.016mm) on L1 TOP [Unplated]|Pad R_SPI_MOSI-1(70mm,29.538mm) on L1 TOP",
TRACK,R257:WIFI_SPI_MOSI,WIFI_SPI_MOSI,Top Layer,54.125,51.525,54.125,45.225,0.15,,,"WIFI_SPI_MOSI|Pad U_WIFI1-27(52.235mm,54.016mm) on L1 TOP [Unplated]|Pad R_SPI_MOSI-1(70mm,29.538mm) on L1 TOP",
TRACK,R257:WIFI_SPI_MOSI,WIFI_SPI_MOSI,Mid Layer 2,54.125,45.225,59.575,39.775,0.15,,,"WIFI_SPI_MOSI|Pad U_WIFI1-27(52.235mm,54.016mm) on L1 TOP [Unplated]|Pad R_SPI_MOSI-1(70mm,29.538mm) on L1 TOP",
TRACK,R257:WIFI_SPI_MOSI,WIFI_SPI_MOSI,Mid Layer 2,59.575,39.775,59.575,36.975,0.15,,,"WIFI_SPI_MOSI|Pad U_WIFI1-27(52.235mm,54.016mm) on L1 TOP [Unplated]|Pad R_SPI_MOSI-1(70mm,29.538mm) on L1 TOP",
TRACK,R257:WIFI_SPI_MOSI,WIFI_SPI_MOSI,Mid Layer 2,59.575,36.975,61.5245,35.0255,0.15,,,"WIFI_SPI_MOSI|Pad U_WIFI1-27(52.235mm,54.016mm) on L1 TOP [Unplated]|Pad R_SPI_MOSI-1(70mm,29.538mm) on L1 TOP",
TRACK,R257:WIFI_SPI_MOSI,WIFI_SPI_MOSI,Mid Layer 2,61.5245,35.0255,66.5255,30.0245,0.15,,,"WIFI_SPI_MOSI|Pad U_WIFI1-27(52.235mm,54.016mm) on L1 TOP [Unplated]|Pad R_SPI_MOSI-1(70mm,29.538mm) on L1 TOP",
TRACK,R257:WIFI_SPI_MOSI,WIFI_SPI_MOSI,Mid Layer 2,66.5255,30.0245,67.525,29.025,0.15,,,"WIFI_SPI_MOSI|Pad U_WIFI1-27(52.235mm,54.016mm) on L1 TOP [Unplated]|Pad R_SPI_MOSI-1(70mm,29.538mm) on L1 TOP",
TRACK,R257:WIFI_SPI_MOSI,WIFI_SPI_MOSI,Mid Layer 2,67.525,29.025,70.025,29.025,0.15,,,"WIFI_SPI_MOSI|Pad U_WIFI1-27(52.235mm,54.016mm) on L1 TOP [Unplated]|Pad R_SPI_MOSI-1(70mm,29.538mm) on L1 TOP",
TRACK,R257:WIFI_SPI_MOSI,WIFI_SPI_MOSI,Mid Layer 2,70.025,29.025,70.575,29.575,0.15,,,"WIFI_SPI_MOSI|Pad U_WIFI1-27(52.235mm,54.016mm) on L1 TOP [Unplated]|Pad R_SPI_MOSI-1(70mm,29.538mm) on L1 TOP",
TRACK,R257:WIFI_SPI_MOSI,WIFI_SPI_MOSI,Top Layer,70.575,29.575,70.225,29.575,0.15,,,"WIFI_SPI_MOSI|Pad U_WIFI1-27(52.235mm,54.016mm) on L1 TOP [Unplated]|Pad R_SPI_MOSI-1(70mm,29.538mm) on L1 TOP",
VIA,R257:WIFI_SPI_MOSI,WIFI_SPI_MOSI,Multi Layer,54.125,45.225,,,,0.45,0.2,"WIFI_SPI_MOSI|Pad U_WIFI1-27(52.235mm,54.016mm) on L1 TOP [Unplated]|Pad R_SPI_MOSI-1(70mm,29.538mm) on L1 TOP",
VIA,R257:WIFI_SPI_MOSI,WIFI_SPI_MOSI,Multi Layer,70.575,29.575,,,,0.45,0.2,"WIFI_SPI_MOSI|Pad U_WIFI1-27(52.235mm,54.016mm) on L1 TOP [Unplated]|Pad R_SPI_MOSI-1(70mm,29.538mm) on L1 TOP",
TRACK,R75:INA_OUT_1,INA_OUT_1,Mid Layer 2,19.175,26.025,19.175,23.225,0.2,,,"INA_OUT_1|Pad Rservo_1-2(19.775mm,24.2mm) on L1 TOP|Pad RH_1-1(20.921mm,21.75mm) on L1 TOP",0
TRACK,R75:INA_OUT_1,INA_OUT_1,Mid Layer 2,19.175,23.225,19.475,22.925,0.2,,,"INA_OUT_1|Pad Rservo_1-2(19.775mm,24.2mm) on L1 TOP|Pad RH_1-1(20.921mm,21.75mm) on L1 TOP",0
TRACK,R75:INA_OUT_1,INA_OUT_1,Top Layer,19.475,22.925,20.575,21.825,0.2,,,"INA_OUT_1|Pad Rservo_1-2(19.775mm,24.2mm) on L1 TOP|Pad RH_1-1(20.921mm,21.75mm) on L1 TOP",0
VIA,R75:INA_OUT_1,INA_OUT_1,Multi Layer,19.475,22.925,,,,0.6,0.3,"INA_OUT_1|Pad Rservo_1-2(19.775mm,24.2mm) on L1 TOP|Pad RH_1-1(20.921mm,21.75mm) on L1 TOP",0
TRACK,R89:VREF_A,VREF_A,Top Layer,24.125,22.025,26.475,22.025,0.15,,,"VREF_A|Pad RL_1-2(23.9mm,22.3mm) on L1 TOP|Pad Free-TP_VREF_A(27.75mm,23.75mm) on L1 TOP",1
TRACK,R89:VREF_A,VREF_A,Mid Layer 2,26.475,22.025,27.775,22.025,0.15,,,"VREF_A|Pad RL_1-2(23.9mm,22.3mm) on L1 TOP|Pad Free-TP_VREF_A(27.75mm,23.75mm) on L1 TOP",1
TRACK,R89:VREF_A,VREF_A,Mid Layer 2,27.775,22.025,27.975,22.225,0.15,,,"VREF_A|Pad RL_1-2(23.9mm,22.3mm) on L1 TOP|Pad Free-TP_VREF_A(27.75mm,23.75mm) on L1 TOP",1
TRACK,R89:VREF_A,VREF_A,Top Layer,27.975,22.225,28.125,22.375,0.15,,,"VREF_A|Pad RL_1-2(23.9mm,22.3mm) on L1 TOP|Pad Free-TP_VREF_A(27.75mm,23.75mm) on L1 TOP",1
TRACK,R89:VREF_A,VREF_A,Top Layer,28.125,22.375,29.375,22.375,0.15,,,"VREF_A|Pad RL_1-2(23.9mm,22.3mm) on L1 TOP|Pad Free-TP_VREF_A(27.75mm,23.75mm) on L1 TOP",1
TRACK,R89:VREF_A,VREF_A,Top Layer,29.375,22.375,30.025,23.025,0.15,,,"VREF_A|Pad RL_1-2(23.9mm,22.3mm) on L1 TOP|Pad Free-TP_VREF_A(27.75mm,23.75mm) on L1 TOP",1
TRACK,R89:VREF_A,VREF_A,Mid Layer 2,30.025,23.025,29.625,23.425,0.15,,,"VREF_A|Pad RL_1-2(23.9mm,22.3mm) on L1 TOP|Pad Free-TP_VREF_A(27.75mm,23.75mm) on L1 TOP",1
TRACK,R89:VREF_A,VREF_A,Mid Layer 2,29.625,23.425,29.625,28.625,0.15,,,"VREF_A|Pad RL_1-2(23.9mm,22.3mm) on L1 TOP|Pad Free-TP_VREF_A(27.75mm,23.75mm) on L1 TOP",1
TRACK,R89:VREF_A,VREF_A,Top Layer,29.625,28.625,29.625,28.075,0.15,,,"VREF_A|Pad RL_1-2(23.9mm,22.3mm) on L1 TOP|Pad Free-TP_VREF_A(27.75mm,23.75mm) on L1 TOP",1
TRACK,R89:VREF_A,VREF_A,Top Layer,29.625,28.075,29.025,27.475,0.15,,,"VREF_A|Pad RL_1-2(23.9mm,22.3mm) on L1 TOP|Pad Free-TP_VREF_A(27.75mm,23.75mm) on L1 TOP",1
TRACK,R89:VREF_A,VREF_A,Top Layer,29.025,27.475,29.025,26.075,0.15,,,"VREF_A|Pad RL_1-2(23.9mm,22.3mm) on L1 TOP|Pad Free-TP_VREF_A(27.75mm,23.75mm) on L1 TOP",1
TRACK,R89:VREF_A,VREF_A,Top Layer,29.025,26.075,28.675,25.725,0.15,,,"VREF_A|Pad RL_1-2(23.9mm,22.3mm) on L1 TOP|Pad Free-TP_VREF_A(27.75mm,23.75mm) on L1 TOP",1
VIA,R89:VREF_A,VREF_A,Multi Layer,26.475,22.025,,,,0.45,0.2,"VREF_A|Pad RL_1-2(23.9mm,22.3mm) on L1 TOP|Pad Free-TP_VREF_A(27.75mm,23.75mm) on L1 TOP",1
VIA,R89:VREF_A,VREF_A,Multi Layer,27.975,22.225,,,,0.45,0.2,"VREF_A|Pad RL_1-2(23.9mm,22.3mm) on L1 TOP|Pad Free-TP_VREF_A(27.75mm,23.75mm) on L1 TOP",1
VIA,R89:VREF_A,VREF_A,Multi Layer,30.025,23.025,,,,0.45,0.2,"VREF_A|Pad RL_1-2(23.9mm,22.3mm) on L1 TOP|Pad Free-TP_VREF_A(27.75mm,23.75mm) on L1 TOP",1
VIA,R89:VREF_A,VREF_A,Multi Layer,29.625,28.625,,,,0.45,0.2,"VREF_A|Pad RL_1-2(23.9mm,22.3mm) on L1 TOP|Pad Free-TP_VREF_A(27.75mm,23.75mm) on L1 TOP",1
TRACK,R97:Vservo_4,Vservo_4,Top Layer,55.825,23.925,55.425,23.925,0.15,,,"Vservo_4|Pad Cservo_4-2(56.325mm,23.5mm) on L1 TOP [Unplated]|Pad U3-7(61.15mm,22.85mm) on L1 TOP",0
TRACK,R97:Vservo_4,Vservo_4,Mid Layer 2,55.425,23.925,55.425,23.075,0.15,,,"Vservo_4|Pad Cservo_4-2(56.325mm,23.5mm) on L1 TOP [Unplated]|Pad U3-7(61.15mm,22.85mm) on L1 TOP",0
TRACK,R97:Vservo_4,Vservo_4,Mid Layer 2,55.425,23.075,59.075,19.425,0.15,,,"Vservo_4|Pad Cservo_4-2(56.325mm,23.5mm) on L1 TOP [Unplated]|Pad U3-7(61.15mm,22.85mm) on L1 TOP",0
TRACK,R97:Vservo_4,Vservo_4,Top Layer,59.075,19.425,59.225,19.575,0.15,,,"Vservo_4|Pad Cservo_4-2(56.325mm,23.5mm) on L1 TOP [Unplated]|Pad U3-7(61.15mm,22.85mm) on L1 TOP",0
TRACK,R97:Vservo_4,Vservo_4,Top Layer,59.225,19.575,61.025,19.575,0.15,,,"Vservo_4|Pad Cservo_4-2(56.325mm,23.5mm) on L1 TOP [Unplated]|Pad U3-7(61.15mm,22.85mm) on L1 TOP",0
VIA,R97:Vservo_4,Vservo_4,Multi Layer,55.425,23.925,,,,0.45,0.2,"Vservo_4|Pad Cservo_4-2(56.325mm,23.5mm) on L1 TOP [Unplated]|Pad U3-7(61.15mm,22.85mm) on L1 TOP",0
VIA,R97:Vservo_4,Vservo_4,Multi Layer,59.075,19.425,,,,0.45,0.2,"Vservo_4|Pad Cservo_4-2(56.325mm,23.5mm) on L1 TOP [Unplated]|Pad U3-7(61.15mm,22.85mm) on L1 TOP",0
TRACK,R142:VBUS,VBUS,Top Layer,16.575,44.775,16.325,44.775,0.15,,,"VBUS|Pad J_USB_C-B4_A9(17.155mm,44.6mm) on L1 TOP|Pad C_VBUS-2(19.1mm,44.2mm) on L1 TOP",1
TRACK,R142:VBUS,VBUS,Top Layer,16.325,44.775,16.075,45.025,0.15,,,"VBUS|Pad J_USB_C-B4_A9(17.155mm,44.6mm) on L1 TOP|Pad C_VBUS-2(19.1mm,44.2mm) on L1 TOP",1
TRACK,R142:VBUS,VBUS,Mid Layer 2,16.075,45.025,18.625,45.025,0.15,,,"VBUS|Pad J_USB_C-B4_A9(17.155mm,44.6mm) on L1 TOP|Pad C_VBUS-2(19.1mm,44.2mm) on L1 TOP",1
TRACK,R142:VBUS,VBUS,Mid Layer 2,18.625,45.025,19.625,44.025,0.15,,,"VBUS|Pad J_USB_C-B4_A9(17.155mm,44.6mm) on L1 TOP|Pad C_VBUS-2(19.1mm,44.2mm) on L1 TOP",1
VIA,R142:VBUS,VBUS,Multi Layer,16.075,45.025,,,,0.45,0.2,"VBUS|Pad J_USB_C-B4_A9(17.155mm,44.6mm) on L1 TOP|Pad C_VBUS-2(19.1mm,44.2mm) on L1 TOP",1
VIA,R142:VBUS,VBUS,Multi Layer,19.625,44.025,,,,0.45,0.2,"VBUS|Pad J_USB_C-B4_A9(17.155mm,44.6mm) on L1 TOP|Pad C_VBUS-2(19.1mm,44.2mm) on L1 TOP",1
TRACK,R160:3V3_DIG,3V3_DIG,Top Layer,37.725,49.625,38.425,50.325,0.4,,,"3V3_DIG|Pad R_INT_PULLUP-1(37.376mm,49.3mm) on L1 TOP|Pad R_KILL_PU-2(37.376mm,53mm) on L1 TOP",0
TRACK,R160:3V3_DIG,3V3_DIG,Mid Layer 2,38.425,50.325,38.425,51.975,0.4,,,"3V3_DIG|Pad R_INT_PULLUP-1(37.376mm,49.3mm) on L1 TOP|Pad R_KILL_PU-2(37.376mm,53mm) on L1 TOP",0
TRACK,R160:3V3_DIG,3V3_DIG,Mid Layer 2,38.425,51.975,38.025,52.375,0.4,,,"3V3_DIG|Pad R_INT_PULLUP-1(37.376mm,49.3mm) on L1 TOP|Pad R_KILL_PU-2(37.376mm,53mm) on L1 TOP",0
TRACK,R160:3V3_DIG,3V3_DIG,Top Layer,38.025,52.375,37.675,52.725,0.4,,,"3V3_DIG|Pad R_INT_PULLUP-1(37.376mm,49.3mm) on L1 TOP|Pad R_KILL_PU-2(37.376mm,53mm) on L1 TOP",0
VIA,R160:3V3_DIG,3V3_DIG,Multi Layer,38.425,50.325,,,,0.6,0.3,"3V3_DIG|Pad R_INT_PULLUP-1(37.376mm,49.3mm) on L1 TOP|Pad R_KILL_PU-2(37.376mm,53mm) on L1 TOP",0
VIA,R160:3V3_DIG,3V3_DIG,Multi Layer,38.025,52.375,,,,0.6,0.3,"3V3_DIG|Pad R_INT_PULLUP-1(37.376mm,49.3mm) on L1 TOP|Pad R_KILL_PU-2(37.376mm,53mm) on L1 TOP",0
TRACK,R165:VBUS,VBUS,Top Layer,16.175,45.225,16.175,49.075,0.15,,,"VBUS|Pad J_USB_C-B4_A9(17.155mm,44.6mm) on L1 TOP|Pad J_USB_C-A4_B9(17.155mm,49.4mm) on L1 TOP",1
TRACK,R165:VBUS,VBUS,Top Layer,16.175,49.075,16.375,49.275,0.15,,,"VBUS|Pad J_USB_C-B4_A9(17.155mm,44.6mm) on L1 TOP|Pad J_USB_C-A4_B9(17.155mm,49.4mm) on L1 TOP",1
TRACK,R165:VBUS,VBUS,Top Layer,16.375,49.275,16.575,49.275,0.15,,,"VBUS|Pad J_USB_C-B4_A9(17.155mm,44.6mm) on L1 TOP|Pad J_USB_C-A4_B9(17.155mm,49.4mm) on L1 TOP",1
TRACK,R167:VBUS,VBUS,Mid Layer 2,18.325,45.075,18.325,47.425,0.4,,,"VBUS|Pad J_USB_C-A4_B9(17.155mm,49.4mm) on L1 TOP|Pad R_TS_TOP-2(22mm,50.025mm) on L1 TOP",0
TRACK,R167:VBUS,VBUS,Mid Layer 2,18.325,47.425,21.625,50.725,0.4,,,"VBUS|Pad J_USB_C-A4_B9(17.155mm,49.4mm) on L1 TOP|Pad R_TS_TOP-2(22mm,50.025mm) on L1 TOP",0
TRACK,R167:VBUS,VBUS,Mid Layer 2,21.625,50.725,21.625,52.325,0.4,,,"VBUS|Pad J_USB_C-A4_B9(17.155mm,49.4mm) on L1 TOP|Pad R_TS_TOP-2(22mm,50.025mm) on L1 TOP",0
TRACK,R167:VBUS,VBUS,Mid Layer 2,21.625,52.325,22.025,52.725,0.4,,,"VBUS|Pad J_USB_C-A4_B9(17.155mm,49.4mm) on L1 TOP|Pad R_TS_TOP-2(22mm,50.025mm) on L1 TOP",0
TRACK,R167:VBUS,VBUS,Mid Layer 2,22.025,52.725,22.875,52.725,0.4,,,"VBUS|Pad J_USB_C-A4_B9(17.155mm,49.4mm) on L1 TOP|Pad R_TS_TOP-2(22mm,50.025mm) on L1 TOP",0
TRACK,R167:VBUS,VBUS,Mid Layer 2,22.875,52.725,23.525,52.075,0.4,,,"VBUS|Pad J_USB_C-A4_B9(17.155mm,49.4mm) on L1 TOP|Pad R_TS_TOP-2(22mm,50.025mm) on L1 TOP",0
TRACK,R167:VBUS,VBUS,Top Layer,23.525,52.075,23.525,51.175,0.4,,,"VBUS|Pad J_USB_C-A4_B9(17.155mm,49.4mm) on L1 TOP|Pad R_TS_TOP-2(22mm,50.025mm) on L1 TOP",0
VIA,R167:VBUS,VBUS,Multi Layer,23.525,52.075,,,,0.6,0.3,"VBUS|Pad J_USB_C-A4_B9(17.155mm,49.4mm) on L1 TOP|Pad R_TS_TOP-2(22mm,50.025mm) on L1 TOP",0
TRACK,R178:3V0_ANA,3V0_ANA,Top Layer,32.375,12.825,32.375,16.225,0.4,,,"3V0_ANA|Track (32.88mm,13.23mm)(33.565mm,13.23mm) on L1 TOP|Pad INA2-5(35.975mm,20.55mm) on L1 TOP",0
TRACK,R178:3V0_ANA,3V0_ANA,Top Layer,32.375,16.225,35.075,18.925,0.4,,,"3V0_ANA|Track (32.88mm,13.23mm)(33.565mm,13.23mm) on L1 TOP|Pad INA2-5(35.975mm,20.55mm) on L1 TOP",0
TRACK,R178:3V0_ANA,3V0_ANA,Top Layer,35.075,18.925,35.275,18.925,0.4,,,"3V0_ANA|Track (32.88mm,13.23mm)(33.565mm,13.23mm) on L1 TOP|Pad INA2-5(35.975mm,20.55mm) on L1 TOP",0
TRACK,R178:3V0_ANA,3V0_ANA,Top Layer,35.275,18.925,36.025,19.675,0.4,,,"3V0_ANA|Track (32.88mm,13.23mm)(33.565mm,13.23mm) on L1 TOP|Pad INA2-5(35.975mm,20.55mm) on L1 TOP",0
TRACK,R178:3V0_ANA,3V0_ANA,Top Layer,36.025,19.675,36.025,20.025,0.4,,,"3V0_ANA|Track (32.88mm,13.23mm)(33.565mm,13.23mm) on L1 TOP|Pad INA2-5(35.975mm,20.55mm) on L1 TOP",0
TRACK,R179:3V0_ANA,3V0_ANA,Mid Layer 2,45.375,12.825,45.375,16.625,0.15,,,"3V0_ANA|Track (45.88mm,13.23mm)(46.565mm,13.23mm) on L1 TOP|Pad INA3-5(48.975mm,20.55mm) on L1 TOP",0
TRACK,R179:3V0_ANA,3V0_ANA,Mid Layer 2,45.375,16.625,47.625,18.875,0.15,,,"3V0_ANA|Track (45.88mm,13.23mm)(46.565mm,13.23mm) on L1 TOP|Pad INA3-5(48.975mm,20.55mm) on L1 TOP",0
TRACK,R179:3V0_ANA,3V0_ANA,Bottom Layer,47.625,18.875,48.975,20.225,0.15,,,"3V0_ANA|Track (45.88mm,13.23mm)(46.565mm,13.23mm) on L1 TOP|Pad INA3-5(48.975mm,20.55mm) on L1 TOP",0
TRACK,R179:3V0_ANA,3V0_ANA,Bottom Layer,48.975,20.225,49.475,20.225,0.15,,,"3V0_ANA|Track (45.88mm,13.23mm)(46.565mm,13.23mm) on L1 TOP|Pad INA3-5(48.975mm,20.55mm) on L1 TOP",0
TRACK,R179:3V0_ANA,3V0_ANA,Top Layer,49.475,20.225,49.475,20.425,0.15,,,"3V0_ANA|Track (45.88mm,13.23mm)(46.565mm,13.23mm) on L1 TOP|Pad INA3-5(48.975mm,20.55mm) on L1 TOP",0
VIA,R179:3V0_ANA,3V0_ANA,Multi Layer,47.625,18.875,,,,0.45,0.2,"3V0_ANA|Track (45.88mm,13.23mm)(46.565mm,13.23mm) on L1 TOP|Pad INA3-5(48.975mm,20.55mm) on L1 TOP",0
VIA,R179:3V0_ANA,3V0_ANA,Multi Layer,49.475,20.225,,,,0.45,0.2,"3V0_ANA|Track (45.88mm,13.23mm)(46.565mm,13.23mm) on L1 TOP|Pad INA3-5(48.975mm,20.55mm) on L1 TOP",0
TRACK,R180:3V0_ANA,3V0_ANA,Mid Layer 2,58.375,12.825,58.375,16.575,0.4,,,"3V0_ANA|Track (58.88mm,13.23mm)(59.565mm,13.23mm) on L1 TOP|Pad INA4-5(61.975mm,20.55mm) on L1 TOP",0
TRACK,R180:3V0_ANA,3V0_ANA,Mid Layer 2,58.375,16.575,59.925,18.125,0.4,,,"3V0_ANA|Track (58.88mm,13.23mm)(59.565mm,13.23mm) on L1 TOP|Pad INA4-5(61.975mm,20.55mm) on L1 TOP",0
TRACK,R180:3V0_ANA,3V0_ANA,Top Layer,59.925,18.125,60.525,18.725,0.4,,,"3V0_ANA|Track (58.88mm,13.23mm)(59.565mm,13.23mm) on L1 TOP|Pad INA4-5(61.975mm,20.55mm) on L1 TOP",0
TRACK,R180:3V0_ANA,3V0_ANA,Top Layer,60.525,18.725,61.575,18.725,0.4,,,"3V0_ANA|Track (58.88mm,13.23mm)(59.565mm,13.23mm) on L1 TOP|Pad INA4-5(61.975mm,20.55mm) on L1 TOP",0
TRACK,R180:3V0_ANA,3V0_ANA,Top Layer,61.575,18.725,61.725,18.875,0.4,,,"3V0_ANA|Track (58.88mm,13.23mm)(59.565mm,13.23mm) on L1 TOP|Pad INA4-5(61.975mm,20.55mm) on L1 TOP",0
TRACK,R180:3V0_ANA,3V0_ANA,Top Layer,61.725,18.875,61.825,18.875,0.4,,,"3V0_ANA|Track (58.88mm,13.23mm)(59.565mm,13.23mm) on L1 TOP|Pad INA4-5(61.975mm,20.55mm) on L1 TOP",0
TRACK,R180:3V0_ANA,3V0_ANA,Top Layer,61.825,18.875,62.775,19.825,0.4,,,"3V0_ANA|Track (58.88mm,13.23mm)(59.565mm,13.23mm) on L1 TOP|Pad INA4-5(61.975mm,20.55mm) on L1 TOP",0
VIA,R180:3V0_ANA,3V0_ANA,Multi Layer,59.925,18.125,,,,0.6,0.3,"3V0_ANA|Track (58.88mm,13.23mm)(59.565mm,13.23mm) on L1 TOP|Pad INA4-5(61.975mm,20.55mm) on L1 TOP",0
TRACK,R181:3V0_ANA,3V0_ANA,Mid Layer 2,71.375,12.825,71.375,16.225,0.4,,,"3V0_ANA|Track (71.88mm,13.23mm)(72.565mm,13.23mm) on L1 TOP|Pad INA5-5(74.975mm,20.55mm) on L1 TOP",0
TRACK,R181:3V0_ANA,3V0_ANA,Mid Layer 2,71.375,16.225,72.025,16.875,0.4,,,"3V0_ANA|Track (71.88mm,13.23mm)(72.565mm,13.23mm) on L1 TOP|Pad INA5-5(74.975mm,20.55mm) on L1 TOP",0
TRACK,R181:3V0_ANA,3V0_ANA,Top Layer,72.025,16.875,73.875,18.725,0.4,,,"3V0_ANA|Track (71.88mm,13.23mm)(72.565mm,13.23mm) on L1 TOP|Pad INA5-5(74.975mm,20.55mm) on L1 TOP",0
TRACK,R181:3V0_ANA,3V0_ANA,Top Layer,73.875,18.725,74.575,18.725,0.4,,,"3V0_ANA|Track (71.88mm,13.23mm)(72.565mm,13.23mm) on L1 TOP|Pad INA5-5(74.975mm,20.55mm) on L1 TOP",0
TRACK,R181:3V0_ANA,3V0_ANA,Top Layer,74.575,18.725,74.775,18.925,0.4,,,"3V0_ANA|Track (71.88mm,13.23mm)(72.565mm,13.23mm) on L1 TOP|Pad INA5-5(74.975mm,20.55mm) on L1 TOP",0
TRACK,R181:3V0_ANA,3V0_ANA,Top Layer,74.775,18.925,74.825,18.925,0.4,,,"3V0_ANA|Track (71.88mm,13.23mm)(72.565mm,13.23mm) on L1 TOP|Pad INA5-5(74.975mm,20.55mm) on L1 TOP",0
TRACK,R181:3V0_ANA,3V0_ANA,Top Layer,74.825,18.925,75.775,19.875,0.4,,,"3V0_ANA|Track (71.88mm,13.23mm)(72.565mm,13.23mm) on L1 TOP|Pad INA5-5(74.975mm,20.55mm) on L1 TOP",0
VIA,R181:3V0_ANA,3V0_ANA,Multi Layer,72.025,16.875,,,,0.6,0.3,"3V0_ANA|Track (71.88mm,13.23mm)(72.565mm,13.23mm) on L1 TOP|Pad INA5-5(74.975mm,20.55mm) on L1 TOP",0
TRACK,R182:3V0_ANA,3V0_ANA,Top Layer,19.375,12.825,19.375,16.225,0.4,,,"3V0_ANA|Track (19.88mm,13.23mm)(20.565mm,13.23mm) on L1 TOP|Pad INA1-5(22.975mm,20.55mm) on L1 TOP",0
TRACK,R182:3V0_ANA,3V0_ANA,Top Layer,19.375,16.225,21.875,18.725,0.4,,,"3V0_ANA|Track (19.88mm,13.23mm)(20.565mm,13.23mm) on L1 TOP|Pad INA1-5(22.975mm,20.55mm) on L1 TOP",0
TRACK,R182:3V0_ANA,3V0_ANA,Top Layer,21.875,18.725,22.575,18.725,0.4,,,"3V0_ANA|Track (19.88mm,13.23mm)(20.565mm,13.23mm) on L1 TOP|Pad INA1-5(22.975mm,20.55mm) on L1 TOP",0
TRACK,R182:3V0_ANA,3V0_ANA,Top Layer,22.575,18.725,22.725,18.875,0.4,,,"3V0_ANA|Track (19.88mm,13.23mm)(20.565mm,13.23mm) on L1 TOP|Pad INA1-5(22.975mm,20.55mm) on L1 TOP",0
TRACK,R182:3V0_ANA,3V0_ANA,Top Layer,22.725,18.875,22.825,18.875,0.4,,,"3V0_ANA|Track (19.88mm,13.23mm)(20.565mm,13.23mm) on L1 TOP|Pad INA1-5(22.975mm,20.55mm) on L1 TOP",0
TRACK,R182:3V0_ANA,3V0_ANA,Top Layer,22.825,18.875,23.775,19.825,0.4,,,"3V0_ANA|Track (19.88mm,13.23mm)(20.565mm,13.23mm) on L1 TOP|Pad INA1-5(22.975mm,20.55mm) on L1 TOP",0
TRACK,R192:3V0_ANA,3V0_ANA,Top Layer,32.525,15.175,33.425,15.175,0.4,,,"3V0_ANA|Track (32.88mm,13.23mm)(33.565mm,13.23mm) on L1 TOP|Via (45.25mm,12.55mm) from L1 TOP to L4 BOTTOM GND",0
TRACK,R192:3V0_ANA,3V0_ANA,Mid Layer 2,33.425,15.175,38.375,15.175,0.4,,,"3V0_ANA|Track (32.88mm,13.23mm)(33.565mm,13.23mm) on L1 TOP|Via (45.25mm,12.55mm) from L1 TOP to L4 BOTTOM GND",0
TRACK,R192:3V0_ANA,3V0_ANA,Mid Layer 2,38.375,15.175,40.725,12.825,0.4,,,"3V0_ANA|Track (32.88mm,13.23mm)(33.565mm,13.23mm) on L1 TOP|Via (45.25mm,12.55mm) from L1 TOP to L4 BOTTOM GND",0
TRACK,R192:3V0_ANA,3V0_ANA,Top Layer,40.725,12.825,45.075,12.825,0.4,,,"3V0_ANA|Track (32.88mm,13.23mm)(33.565mm,13.23mm) on L1 TOP|Via (45.25mm,12.55mm) from L1 TOP to L4 BOTTOM GND",0
VIA,R192:3V0_ANA,3V0_ANA,Multi Layer,33.425,15.175,,,,0.6,0.3,"3V0_ANA|Track (32.88mm,13.23mm)(33.565mm,13.23mm) on L1 TOP|Via (45.25mm,12.55mm) from L1 TOP to L4 BOTTOM GND",0
VIA,R192:3V0_ANA,3V0_ANA,Multi Layer,40.725,12.825,,,,0.6,0.3,"3V0_ANA|Track (32.88mm,13.23mm)(33.565mm,13.23mm) on L1 TOP|Via (45.25mm,12.55mm) from L1 TOP to L4 BOTTOM GND",0
TRACK,R193:3V0_ANA,3V0_ANA,Mid Layer 2,45.425,15.075,46.475,15.075,0.4,,,"3V0_ANA|Track (45.88mm,13.23mm)(46.565mm,13.23mm) on L1 TOP|Via (58.25mm,12.55mm) from L1 TOP to L4 BOTTOM GND",0
TRACK,R193:3V0_ANA,3V0_ANA,Bottom Layer,46.475,15.075,48.375,15.075,0.4,,,"3V0_ANA|Track (45.88mm,13.23mm)(46.565mm,13.23mm) on L1 TOP|Via (58.25mm,12.55mm) from L1 TOP to L4 BOTTOM GND",0
TRACK,R193:3V0_ANA,3V0_ANA,Bottom Layer,48.375,15.075,49.875,13.575,0.4,,,"3V0_ANA|Track (45.88mm,13.23mm)(46.565mm,13.23mm) on L1 TOP|Via (58.25mm,12.55mm) from L1 TOP to L4 BOTTOM GND",0
TRACK,R193:3V0_ANA,3V0_ANA,Bottom Layer,49.875,13.575,50.025,13.575,0.4,,,"3V0_ANA|Track (45.88mm,13.23mm)(46.565mm,13.23mm) on L1 TOP|Via (58.25mm,12.55mm) from L1 TOP to L4 BOTTOM GND",0
TRACK,R193:3V0_ANA,3V0_ANA,Bottom Layer,50.025,13.575,50.025,13.525,0.4,,,"3V0_ANA|Track (45.88mm,13.23mm)(46.565mm,13.23mm) on L1 TOP|Via (58.25mm,12.55mm) from L1 TOP to L4 BOTTOM GND",0
TRACK,R193:3V0_ANA,3V0_ANA,Bottom Layer,50.025,13.525,50.125,13.525,0.4,,,"3V0_ANA|Track (45.88mm,13.23mm)(46.565mm,13.23mm) on L1 TOP|Via (58.25mm,12.55mm) from L1 TOP to L4 BOTTOM GND",0
TRACK,R193:3V0_ANA,3V0_ANA,Bottom Layer,50.125,13.525,50.125,13.475,0.4,,,"3V0_ANA|Track (45.88mm,13.23mm)(46.565mm,13.23mm) on L1 TOP|Via (58.25mm,12.55mm) from L1 TOP to L4 BOTTOM GND",0
TRACK,R193:3V0_ANA,3V0_ANA,Bottom Layer,50.125,13.475,51.475,13.475,0.4,,,"3V0_ANA|Track (45.88mm,13.23mm)(46.565mm,13.23mm) on L1 TOP|Via (58.25mm,12.55mm) from L1 TOP to L4 BOTTOM GND",0
TRACK,R193:3V0_ANA,3V0_ANA,Bottom Layer,51.475,13.475,52.025,12.925,0.4,,,"3V0_ANA|Track (45.88mm,13.23mm)(46.565mm,13.23mm) on L1 TOP|Via (58.25mm,12.55mm) from L1 TOP to L4 BOTTOM GND",0
TRACK,R193:3V0_ANA,3V0_ANA,Top Layer,52.025,12.925,57.975,12.925,0.4,,,"3V0_ANA|Track (45.88mm,13.23mm)(46.565mm,13.23mm) on L1 TOP|Via (58.25mm,12.55mm) from L1 TOP to L4 BOTTOM GND",0
TRACK,R193:3V0_ANA,3V0_ANA,Top Layer,57.975,12.925,58.075,12.825,0.4,,,"3V0_ANA|Track (45.88mm,13.23mm)(46.565mm,13.23mm) on L1 TOP|Via (58.25mm,12.55mm) from L1 TOP to L4 BOTTOM GND",0
VIA,R193:3V0_ANA,3V0_ANA,Multi Layer,46.475,15.075,,,,0.6,0.3,"3V0_ANA|Track (45.88mm,13.23mm)(46.565mm,13.23mm) on L1 TOP|Via (58.25mm,12.55mm) from L1 TOP to L4 BOTTOM GND",0
VIA,R193:3V0_ANA,3V0_ANA,Multi Layer,52.025,12.925,,,,0.6,0.3,"3V0_ANA|Track (45.88mm,13.23mm)(46.565mm,13.23mm) on L1 TOP|Via (58.25mm,12.55mm) from L1 TOP to L4 BOTTOM GND",0
TRACK,R194:3V0_ANA,3V0_ANA,Mid Layer 2,58.525,15.175,59.425,15.175,0.4,,,"3V0_ANA|Track (58.88mm,13.23mm)(59.565mm,13.23mm) on L1 TOP|Via (71.25mm,12.55mm) from L1 TOP to L4 BOTTOM GND",0
TRACK,R194:3V0_ANA,3V0_ANA,Bottom Layer,59.425,15.175,63.825,15.175,0.4,,,"3V0_ANA|Track (58.88mm,13.23mm)(59.565mm,13.23mm) on L1 TOP|Via (71.25mm,12.55mm) from L1 TOP to L4 BOTTOM GND",0
TRACK,R194:3V0_ANA,3V0_ANA,Bottom Layer,63.825,15.175,65.625,13.375,0.4,,,"3V0_ANA|Track (58.88mm,13.23mm)(59.565mm,13.23mm) on L1 TOP|Via (71.25mm,12.55mm) from L1 TOP to L4 BOTTOM GND",0
TRACK,R194:3V0_ANA,3V0_ANA,Top Layer,65.625,13.375,70.525,13.375,0.4,,,"3V0_ANA|Track (58.88mm,13.23mm)(59.565mm,13.23mm) on L1 TOP|Via (71.25mm,12.55mm) from L1 TOP to L4 BOTTOM GND",0
TRACK,R194:3V0_ANA,3V0_ANA,Top Layer,70.525,13.375,71.075,12.825,0.4,,,"3V0_ANA|Track (58.88mm,13.23mm)(59.565mm,13.23mm) on L1 TOP|Via (71.25mm,12.55mm) from L1 TOP to L4 BOTTOM GND",0
VIA,R194:3V0_ANA,3V0_ANA,Multi Layer,59.425,15.175,,,,0.6,0.3,"3V0_ANA|Track (58.88mm,13.23mm)(59.565mm,13.23mm) on L1 TOP|Via (71.25mm,12.55mm) from L1 TOP to L4 BOTTOM GND",0
VIA,R194:3V0_ANA,3V0_ANA,Multi Layer,65.625,13.375,,,,0.6,0.3,"3V0_ANA|Track (58.88mm,13.23mm)(59.565mm,13.23mm) on L1 TOP|Via (71.25mm,12.55mm) from L1 TOP to L4 BOTTOM GND",0
TRACK,R219:VREF_A,VREF_A,Mid Layer 2,29.825,28.675,34.025,32.875,0.15,,,"VREF_A|Pad Free-TP_VREF_A(27.75mm,23.75mm) on L1 TOP|Pad RL_2-2(36.9mm,22.3mm) on L1 TOP",0
TRACK,R219:VREF_A,VREF_A,Mid Layer 2,34.025,32.875,40.875,32.875,0.15,,,"VREF_A|Pad Free-TP_VREF_A(27.75mm,23.75mm) on L1 TOP|Pad RL_2-2(36.9mm,22.3mm) on L1 TOP",0
TRACK,R219:VREF_A,VREF_A,Mid Layer 2,40.875,32.875,41.175,32.575,0.15,,,"VREF_A|Pad Free-TP_VREF_A(27.75mm,23.75mm) on L1 TOP|Pad RL_2-2(36.9mm,22.3mm) on L1 TOP",0
TRACK,R219:VREF_A,VREF_A,Mid Layer 2,41.175,32.575,41.175,27.375,0.15,,,"VREF_A|Pad Free-TP_VREF_A(27.75mm,23.75mm) on L1 TOP|Pad RL_2-2(36.9mm,22.3mm) on L1 TOP",0
TRACK,R219:VREF_A,VREF_A,Top Layer,41.175,27.375,41.725,26.825,0.15,,,"VREF_A|Pad Free-TP_VREF_A(27.75mm,23.75mm) on L1 TOP|Pad RL_2-2(36.9mm,22.3mm) on L1 TOP",0
VIA,R219:VREF_A,VREF_A,Multi Layer,41.175,27.375,,,,0.45,0.2,"VREF_A|Pad Free-TP_VREF_A(27.75mm,23.75mm) on L1 TOP|Pad RL_2-2(36.9mm,22.3mm) on L1 TOP",0
TRACK,R220:Vc_5,Vc_5,Mid Layer 2,67.825,13.875,72.775,18.825,0.2,,,"Vc_5|Track (73.3mm,10.88mm)(73.3mm,11.17mm) on L1 TOP|Pad RDD15-1(78.888mm,18.6mm) on L1 TOP",0
TRACK,R220:Vc_5,Vc_5,Mid Layer 2,72.775,18.825,74.725,18.825,0.2,,,"Vc_5|Track (73.3mm,10.88mm)(73.3mm,11.17mm) on L1 TOP|Pad RDD15-1(78.888mm,18.6mm) on L1 TOP",0
TRACK,R220:Vc_5,Vc_5,Mid Layer 2,74.725,18.825,77.225,21.325,0.2,,,"Vc_5|Track (73.3mm,10.88mm)(73.3mm,11.17mm) on L1 TOP|Pad RDD15-1(78.888mm,18.6mm) on L1 TOP",0
TRACK,R220:Vc_5,Vc_5,Mid Layer 2,77.225,21.325,77.925,21.325,0.2,,,"Vc_5|Track (73.3mm,10.88mm)(73.3mm,11.17mm) on L1 TOP|Pad RDD15-1(78.888mm,18.6mm) on L1 TOP",0
TRACK,R220:Vc_5,Vc_5,Mid Layer 2,77.925,21.325,78.775,20.475,0.2,,,"Vc_5|Track (73.3mm,10.88mm)(73.3mm,11.17mm) on L1 TOP|Pad RDD15-1(78.888mm,18.6mm) on L1 TOP",0
TRACK,R220:Vc_5,Vc_5,Mid Layer 2,78.775,20.475,78.775,19.325,0.2,,,"Vc_5|Track (73.3mm,10.88mm)(73.3mm,11.17mm) on L1 TOP|Pad RDD15-1(78.888mm,18.6mm) on L1 TOP",0
TRACK,R220:Vc_5,Vc_5,Top Layer,78.775,19.325,78.775,18.825,0.2,,,"Vc_5|Track (73.3mm,10.88mm)(73.3mm,11.17mm) on L1 TOP|Pad RDD15-1(78.888mm,18.6mm) on L1 TOP",0
VIA,R220:Vc_5,Vc_5,Multi Layer,78.775,19.325,,,,0.6,0.3,"Vc_5|Track (73.3mm,10.88mm)(73.3mm,11.17mm) on L1 TOP|Pad RDD15-1(78.888mm,18.6mm) on L1 TOP",0
TRACK,R221:Vc_4,Vc_4,Mid Layer 2,54.225,13.425,58.225,17.425,0.2,,,"Vc_4|Track (60.3mm,10.88mm)(60.3mm,11.17mm) on L1 TOP|Pad RDD12-1(66.288mm,18.6mm) on L1 TOP",0
TRACK,R221:Vc_4,Vc_4,Mid Layer 2,58.225,17.425,58.225,17.625,0.2,,,"Vc_4|Track (60.3mm,10.88mm)(60.3mm,11.17mm) on L1 TOP|Pad RDD12-1(66.288mm,18.6mm) on L1 TOP",0
TRACK,R221:Vc_4,Vc_4,Bottom Layer,58.225,17.625,59.475,18.875,0.2,,,"Vc_4|Track (60.3mm,10.88mm)(60.3mm,11.17mm) on L1 TOP|Pad RDD12-1(66.288mm,18.6mm) on L1 TOP",0
TRACK,R221:Vc_4,Vc_4,Bottom Layer,59.475,18.875,61.175,18.875,0.2,,,"Vc_4|Track (60.3mm,10.88mm)(60.3mm,11.17mm) on L1 TOP|Pad RDD12-1(66.288mm,18.6mm) on L1 TOP",0
TRACK,R221:Vc_4,Vc_4,Bottom Layer,61.175,18.875,62.525,17.525,0.2,,,"Vc_4|Track (60.3mm,10.88mm)(60.3mm,11.17mm) on L1 TOP|Pad RDD12-1(66.288mm,18.6mm) on L1 TOP",0
TRACK,R221:Vc_4,Vc_4,Bottom Layer,62.525,17.525,64.675,17.525,0.2,,,"Vc_4|Track (60.3mm,10.88mm)(60.3mm,11.17mm) on L1 TOP|Pad RDD12-1(66.288mm,18.6mm) on L1 TOP",0
TRACK,R221:Vc_4,Vc_4,Bottom Layer,64.675,17.525,65.425,18.275,0.2,,,"Vc_4|Track (60.3mm,10.88mm)(60.3mm,11.17mm) on L1 TOP|Pad RDD12-1(66.288mm,18.6mm) on L1 TOP",0
TRACK,R221:Vc_4,Vc_4,Top Layer,65.425,18.275,65.875,18.275,0.2,,,"Vc_4|Track (60.3mm,10.88mm)(60.3mm,11.17mm) on L1 TOP|Pad RDD12-1(66.288mm,18.6mm) on L1 TOP",0
TRACK,R221:Vc_4,Vc_4,Top Layer,65.875,18.275,66.075,18.475,0.2,,,"Vc_4|Track (60.3mm,10.88mm)(60.3mm,11.17mm) on L1 TOP|Pad RDD12-1(66.288mm,18.6mm) on L1 TOP",0
VIA,R221:Vc_4,Vc_4,Multi Layer,58.225,17.625,,,,0.6,0.3,"Vc_4|Track (60.3mm,10.88mm)(60.3mm,11.17mm) on L1 TOP|Pad RDD12-1(66.288mm,18.6mm) on L1 TOP",0
VIA,R221:Vc_4,Vc_4,Multi Layer,65.425,18.275,,,,0.6,0.3,"Vc_4|Track (60.3mm,10.88mm)(60.3mm,11.17mm) on L1 TOP|Pad RDD12-1(66.288mm,18.6mm) on L1 TOP",0
